0
8
18
31
47
50
52
67
68
76
81
83
85
100
101
102
109
113
114
115
136
152
164
165
193
199
200
208
210
225
226
227
235
236
245
247
247
256
257
260
272
276
277
278
281
282
295
306
306
308
309
318
329
353
354
355
358
358
368
379
382
383
389
398
399
411
413
414
416
419
426
432
434
435
449
451
451
454
477
484
486
487
489
491
492
496
496
497
497
502
506
511
528
532
537
538
540
542
547
548
548
550
555
557
559
560
569
570
580
588
594
597
607
610
613
616
617
617
618
627
632
649
650
652
652
654
655
658
662
662
662
663
678
683
697
706
709
716
716
718
720
722
730
730
747
750
767
770
781
788
793
798
799
803
804
816
825
832
835
838
840
851
852
854
854
855
859
865
867
871
877
878
879
879
882
882
885
895
897
905
907
908
913
926
959
974
978
981
984
984
991
1013
1016
1019
1020
1021
1022
1022
1037
1044
1050
1053
1053
1059
1068
1069
1071
1079
1079
1086
1091
1096
1102
1103
1109
1111
1112
1116
1133
1140
1141
1146
1146
1153
1161
1162
1162
1172
1179
1183
1186
1191
1213
1216
1219
1228
1229
1229
1230
1231
1236
1247
1255
1258
1262
1268
1274
1277
1278
1283
1284
1294
1307
1308
1313
1315
1318
1332
1335
1339
1355
1360
1362
1363
1364
1365
1370
1377
1381
1388
1388
1389
1389
1395
1402
1419
1428
1439
1444
1450
1452
1460
1461
1463
1463
1469
1473
1476
1480
1491
1497
1498
1505
1511
1513
1515
1517
1520
1527
1527
1532
1537
1538
1543
1561
1564
1566
1568
1577
1582
1600
1624
1632
1632
1636
1640
1641
1643
1649
1654
1654
1656
1670
1690
1692
1693
1696
1698
1713
1716
1720
1720
1733
1737
1738
1738
1738
1752
1754
1757
1761
1762
1776
1781
1784
1785
1794
1795
1810
1814
1816
1818
1827
1835
1835
1847
1850
1851
1855
1859
1872
1874
1886
1887
1895
1904
1904
1905
1921
1932
1939
1943
1943
1943
1949
1950
1951
1954
1973
1976
1979
1985
2003
2017
2021
2022
2028
2033
2038
2052
2052
2058
2063
2066
2081
2083
2091
2093
2097
2098
2103
2104
2105
2108
2120
2122
2125
2130
2132
2133
2136
2140
2144
2147
2152
2152
2157
2157
2159
2162
2166
2171
2193
2198
2201
2207
2214
2224
2227
2238
2241
2245
2249
2254
2257
2261
2282
2283
2294
2298
2300
2302
2307
2309
2338
2347
2349
2349
2351
2356
2360
2364
2366
2374
2385
2388
2391
2413
2415
2415
2415
2417
2422
2427
2428
2429
2432
2434
2436
2440
2453
2466
2471
2479
2481
2482
2483
2483
2490
2497
2502
2504
2504
2509
2512
2512
2520
2521
2521
2521
2522
2524
2532
2542
2542
2556
2561
2571
2581
2582
2583
2588
2588
2596
2607
2632
2640
2648
2663
2671
2674
2677
2680
2690
2697
2698
2699
2702
2713
2713
2713
2733
2733
2733
2734
2735
2753
2761
2767
2770
2778
2787
2792
2795
2803
2807
2808
2811
2819
2831
2833
2840
2845
2848
2850
2858
2862
2866
2869
2879
2880
2882
2882
2882
2885
2892
2892
2904
2905
2911
2912
2914
2924
2927
2932
2933
2935
2939
2942
2945
2954
2955
2960
2966
2970
2972
2978
2978
2983
2984
2992
2993
2996
3001
3007
3011
3016
3024
3047
3052
3053
3061
3063
3067
3074
3076
3078
3080
3091
3095
3108
3116
3121
3124
3126
3128
3133
3138
3144
3145
3154
3168
3172
3173
3176
3185
3187
3204
3227
3228
3229
3236
3236
3239
3241
3243
3252
3255
3256
3262
3262
3284
3288
3294
3297
3304
3304
3310
3313
3315
3325
3345
3352
3363
3363
3365
3367
3372
3374
3379
3382
3396
3397
3398
3400
3402
3418
3426
3430
3435
3457
3460
3461
3488
3494
3505
3511
3514
3515
3518
3520
3522
3544
3545
3563
3568
3568
3577
3593
3606
3614
3621
3629
3637
3653
3661
3664
3665
3683
3696
3700
3701
3702
3723
3729
3737
3738
3741
3749
3752
3763
3766
3770
3771
3784
3786
3790
3792
3793
3795
3801
3805
3807
3821
3828
3833
3840
3844
3858
3878
3883
3892
3898
3902
3906
3911
3912
3913
3920
3923
3924
3930
3938
3961
3965
3968
3970
3976
3976
3977
3999
4010
4019
4021
4022
4022
4025
4036
4046
4048
4051
4053
4055
4065
4067
4069
4071
4080
4083
4089
4092
4096
4103
4106
4108
4111
4112
4113
4122
4135
4143
4145
4150
4153
4153
4158
4161
4161
4169
4172
4174
4185
4191
4193
4204
4210
4213
4213
4218
4220
4223
4224
4228
4229
4229
4239
4241
4242
4244
4248
4250
4253
4253
4254
4274
4277
4278
4280
4285
4291
4292
4293
4301
4302
4305
4306
4308
4318
4320
4324
4326
4336
4339
4346
4347
4355
4357
4366
4368
4368
4369
4371
4376
4382
4384
4387
4388
4390
4391
4394
4397
4402
4408
4408
4411
4416
4424
4433
4438
4440
4442
4445
4446
4452
4461
4462
4464
4468
4479
4484
4488
4498
4504
4523
4526
4526
4526
4526
4526
4541
4543
4549
4553
4569
4570
4571
4601
4605
4606
4610
4614
4623
4629
4634
4635
4640
4650
4651
4654
4661
4664
4665
4668
4676
4677
4685
4689
4694
4696
4700
4700
4702
4703
4708
4709
4733
4751
4758
4760
4770
4773
4775
4779
4790
4792
4794
4794
4819
4821
4824
4830
4831
4836
4837
4839
4842
4844
4849
4866
4873
4891
4892
4893
4893
4897
4902
4906
4914
4915
4917
4920
4929
4931
4932
4940
4941
4941
4943
4947
4948
4952
4968
4968
4985
4990
4991
4995
4997
4999
5008
5021
5022
5064
5078
5081
5086
5091
5091
5100
5101
5105
5115
5116
5117
5127
5133
5141
5151
5151
5154
5156
5158
5159
5161
5166
5166
5166
5179
5197
5200
5214
5238
5249
5257
5258
5270
5271
5288
5290
5294
5298
5304
5307
5312
5318
5323
5331
5332
5338
5343
5348
5348
5352
5353
5357
5359
5377
5388
5408
5408
5409
5410
5414
5419
5432
5435
5449
5449
5450
5458
5460
5467
5480
5482
5497
5498
5505
5507
5511
5517
5522
5529
5535
5538
5540
5548
5566
5571
5571
5572
5578
5580
5583
5584
5592
5595
5609
5609
5611
5614
5615
5618
5621
5635
5645
5653
5660
5663
5678
5680
5681
5683
5706
5709
5712
5719
5719
5725
5733
5737
5746
5779
5781
5782
5783
5793
5794
5795
5796
5798
5800
5809
5810
5811
5813
5813
5816
5820
5830
5832
5838
5842
5853
5870
5874
5876
5887
5896
5899
5903
5903
5909
5910
5918
5932
5945
5948
5953
5954
5956
5965
5965
5970
5974
5982
5985
5985
5986
5997
6009
6014
6018
6024
6024
6027
6031
6037
6044
6055
6058
6064
6068
6071
6087
6102
6110
6117
6117
6121
6125
6126
6126
6137
6146
6147
6154
6156
6165
6166
6171
6171
6175
6178
6186
6195
6204
6204
6206
6208
6211
6215
6221
6229
6233
6235
6242
6242
6243
6246
6251
6259
6261
6271
6271
6273
6280
6288
6288
6289
6295
6295
6316
6322
6327
6331
6334
6338
6346
6348
6350
6354
6364
6366
6377
6389
6401
6404
6405
6409
6415
6418
6418
6419
6450
6455
6461
6471
6486
6492
6499
6499
6501
6501
6503
6505
6512
6516
6517
6524
6531
6536
6541
6545
6546
6551
6555
6556
6567
6568
6570
6574
6582
6586
6588
6591
6593
6601
6601
6603
6609
6609
6610
6614
6617
6629
6633
6638
6640
6650
6652
6656
6659
6659
6660
6662
6664
6665
6666
6670
6671
6683
6687
6688
6693
6695
6704
6710
6714
6717
6725
6734
6735
6740
6742
6746
6752
6755
6756
6781
6786
6798
6799
6806
6820
6824
6825
6826
6830
6831
6835
6838
6839
6842
6843
6846
6849
6850
6851
6860
6866
6881
6883
6885
6912
6913
6913
6922
6927
6927
6928
6943
6950
6954
6965
6967
6968
6973
6983
6986
6991
6991
6993
6996
7003
7007
7008
7014
7015
7018
7021
7024
7031
7032
7032
7033
7037
7039
7041
7044
7045
7056
7074
7079
7079
7090
7101
7103
7119
7119
7122
7130
7139
7146
7149
7151
7156
7161
7164
7165
7172
7179
7186
7187
7189
7192
7193
7210
7214
7220
7220
7231
7232
7238
7242
7247
7260
7261
7267
7269
7272
7275
7276
7282
7283
7285
7286
7293
7304
7312
7315
7331
7333
7353
7355
7356
7358
7368
7369
7372
7383
7386
7395
7395
7399
7401
7401
7403
7406
7409
7410
7411
7414
7416
7420
7431
7434
7445
7449
7451
7452
7457
7458
7458
7462
7475
7478
7478
7486
7489
7503
7504
7508
7509
7513
7519
7523
7527
7532
7533
7534
7537
7538
7544
7552
7556
7561
7572
7577
7582
7582
7592
7595
7602
7605
7608
7610
7613
7615
7620
7622
7626
7629
7635
7637
7644
7648
7649
7650
7650
7650
7650
7655
7656
7662
7664
7669
7670
7672
7683
7684
7684
7685
7690
7702
7705
7707
7722
7726
7729
7739
7742
7760
7761
7796
7800
7805
7808
7809
7813
7820
7836
7846
7852
7863
7867
7871
7879
7881
7881
7883
7892
7899
7899
7905
7908
7909
7910
7916
7922
7935
7939
7939
7948
7950
7954
7955
7955
7959
7960
7960
7977
7978
8002
8004
8007
8011
8017
8018
8020
8024
8028
8028
8029
8035
8039
8045
8052
8054
8073
8075
8083
8085
8087
8108
8129
8129
8133
8134
8142
8143
8152
8166
8174
8177
8177
8177
8180
8182
8207
8210
8215
8216
8219
8225
8227
8233
8244
8255
8258
8262
8282
8285
8295
8303
8307
8324
8345
8347
8348
8355
8357
8366
8373
8379
8381
8391
8399
8403
8404
8418
8420
8427
8428
8431
8442
8451
8455
8460
8461
8465
8468
8470
8486
8502
8508
8511
8529
8530
8535
8539
8548
8553
8563
8573
8587
8600
8602
8602
8613
8618
8620
8621
8623
8635
8635
8637
8638
8649
8660
8663
8674
8676
8695
8696
8700
8700
8712
8719
8725
8727
8729
8744
8761
8771
8774
8781
8781
8794
8794
8803
8803
8804
8806
8813
8818
8820
8833
8839
8850
8856
8856
8861
8862
8862
8863
8867
8869
8870
8874
8883
8888
8890
8890
8901
8902
8906
8910
8914
8921
8926
8927
8930
8943
8948
8949
8954
8954
8955
8956
8957
8961
8967
8973
8975
8976
8977
8983
8985
8987
8990
9005
9009
9015
9019
9021
9030
9031
9032
9033
9034
9036
9037
9044
9044
9045
9050
9063
9072
9075
9096
9096
9096
9104
9107
9110
9110
9113
9115
9118
9118
9123
9123
9131
9134
9136
9137
9143
9179
9180
9181
9187
9190
9191
9212
9228
9233
9244
9245
9249
9250
9252
9255
9269
9275
9277
9295
9301
9301
9312
9319
9331
9332
9333
9339
9355
9358
9368
9369
9385
9385
9386
9395
9396
9399
9401
9413
9415
9424
9424
9433
9439
9440
9444
9445
9445
9455
9456
9460
9461
9477
9483
9491
9506
9507
9509
9510
9521
9525
9525
9531
9534
9550
9555
9564
9571
9573
9580
9589
9591
9594
9600
9622
9630
9638
9640
9643
9643
9650
9660
9665
9668
9673
9674
9675
9676
9676
9677
9685
9685
9697
9702
9703
9707
9726
9739
9740
9744
9745
9754
9758
9760
9769
9780
9782
9790
9791
9798
9807
9811
9813
9815
9823
9830
9835
9836
9840
9847
9850
9852
9857
9858
9862
9864
9866
9874
9875
9875
9889
9890
9892
9898
9899
9907
9919
9924
9931
9935
9942
9942
9945
9951
9958
9959
9965
9972
9972
9980
9982
9982
9983
9989
9990
9999
10002
10006
10013
10017
10018
10022
10026
10027
10028
10038
10051
10052
10055
10056
10071
10076
10076
10081
10086
10090
10098
10099
10105
10117
10123
10126
10132
10132
10154
10160
10161
10165
10171
10172
10172
10172
10182
10183
10194
10195
10206
10216
10223
10223
10226
10229
10237
10239
10241
10242
10243
10249
10253
10260
10261
10263
10263
10268
10272
10274
10275
10314
10324
10341
10347
10355
10356
10358
10373
10376
10377
10381
10381
10382
10389
10392
10397
10400
10401
10409
10416
10426
10426
10427
10438
10440
10441
10446
10451
10464
10469
10476
10486
10491
10496
10501
10501
10506
10509
10516
10517
10529
10536
10539
10548
10551
10552
10552
10553
10554
10558
10594
10598
10601
10602
10607
10607
10608
10613
10616
10621
10624
10630
10632
10634
10636
10640
10640
10643
10654
10658
10659
10659
10660
10665
10670
10677
10685
10685
10685
10687
10688
10693
10695
10700
10703
10705
10730
10732
10737
10738
10740
10745
10748
10762
10765
10768
10769
10781
10782
10789
10800
10802
10806
10809
10809
10811
10813
10822
10825
10834
10836
10842
10851
10852
10859
10875
10882
10895
10900
10905
10923
10926
10934
10934
10937
10938
10942
10948
10961
10962
10964
10968
10970
10971
10979
10982
10986
10987
10989
10992
10994
10994
11000
11000
11005
11006
11012
11016
11018
11019
11024
11025
11026
11030
11032
11036
11041
11049
11058
11061
11074
11076
11078
11080
11082
11089
11099
11110
11112
11117
11125
11131
11133
11134
11145
11154
11154
11163
11165
11169
11175
11177
11181
11188
11189
11191
11195
11203
11204
11206
11211
11216
11221
11221
11232
11233
11236
11244
11248
11248
11249
11256
11264
11264
11268
11269
11269
11284
11286
11290
11292
11296
11299
11302
11303
11309
11310
11312
11317
11320
11323
11338
11339
11343
11344
11358
11364
11366
11367
11369
11371
11376
11391
11393
11395
11411
11411
11421
11422
11424
11424
11431
11437
11448
11449
11458
11459
11460
11460
11468
11468
11482
11482
11487
11500
11500
11507
11515
11524
11525
11530
11539
11544
11546
11550
11555
11566
11571
11574
11574
11587
11597
11597
11598
11603
11610
11612
11629
11631
11637
11659
11662
11663
11663
11666
11669
11671
11677
11677
11683
11689
11692
11693
11694
11695
11703
11705
11713
11714
11715
11715
11722
11723
11726
11732
11733
11736
11744
11745
11749
11759
11768
11777
11795
11799
11800
11806
11807
11811
11812
11817
11818
11818
11823
11827
11828
11834
11838
11839
11842
11845
11847
11853
11864
11879
11885
11889
11892
11895
11896
11897
11906
11921
11934
11935
11936
11943
11943
11944
11945
11951
11953
11961
11977
11977
11978
11978
11985
11987
11994
11994
11996
11997
12013
12018
12019
12022
12027
12035
12045
12050
12052
12055
12064
12066
12068
12071
12076
12082
12088
12094
12094
12098
12099
12110
12111
12113
12114
12115
12116
12121
12121
12121
12126
12128
12133
12135
12137
12144
12155
12162
12195
12196
12201
12202
12204
12206
12207
12213
12228
12230
12269
12274
12280
12282
12286
12292
12303
12317
12332
12344
12350
12350
12358
12367
12378
12378
12380
12386
12389
12392
12392
12393
12399
12410
12411
12411
12417
12419
12434
12443
12445
12446
12452
12453
12454
12457
12466
12467
12468
12469
12470
12471
12484
12493
12495
12497
12498
12498
12500
12508
12514
12523
12524
12525
12527
12535
12537
12557
12566
12574
12579
12582
12588
12588
12591
12592
12594
12595
12601
12608
12620
12642
12643
12647
12648
12650
12655
12657
12663
12672
12682
12691
12692
12693
12694
12703
12704
12707
12711
12718
12719
12727
12728
12728
12730
12734
12750
12752
12768
12778
12782
12788
12789
12791
12798
12799
12803
12806
12811
12840
12843
12845
12845
12848
12848
12848
12851
12857
12857
12860
12860
12871
12879
12882
12885
12890
12891
12893
12896
12897
12900
12900
12901
12910
12922
12923
12923
12925
12928
12945
12947
12950
12951
12960
12962
12972
12981
12984
12996
13002
13003
13005
13022
13037
13047
13047
13056
13056
13058
13062
13063
13066
13069
13077
13079
13080
13087
13094
13098
13102
13103
13114
13117
13118
13119
13122
13122
13139
13157
13158
13159
13173
13178
13179
13192
13201
13202
13208
13212
13229
13231
13238
13241
13241
13241
13264
13277
13280
13284
13287
13289
13291
13300
13304
13306
13307
13308
13308
13324
13327
13330
13333
13337
13343
13344
13347
13351
13351
13357
13360
13362
13362
13362
13365
13373
13382
13385
13387
13388
13388
13398
13399
13402
13405
13406
13408
13410
13414
13416
13417
13421
13432
13436
13453
13455
13455
13456
13459
13468
13473
13473
13475
13481
13482
13488
13492
13495
13495
13508
13514
13536
13538
13538
13540
13573
13573
13576
13576
13582
13586
13595
13601
13611
13618
13619
13621
13632
13636
13643
13654
13655
13665
13678
13679
13682
13686
13692
13693
13704
13707
13707
13708
13712
13719
13724
13726
13733
13736
13741
13762
13766
13767
13770
13774
13775
13781
13783
13793
13797
13800
13814
13817
13817
13817
13824
13825
13828
13832
13833
13834
13837
13838
13841
13844
13845
13845
13851
13864
13866
13873
13873
13884
13885
13901
13907
13911
13923
13930
13933
13935
13938
13953
13956
13962
13963
13971
13995
13997
14004
14016
14024
14026
14034
14048
14048
14060
14062
14069
14075
14076
14087
14088
14094
14098
14109
14110
14117
14125
14130
14142
14143
14145
14150
14152
14152
14164
14170
14172
14185
14190
14206
14206
14214
14217
14227
14230
14238
14242
14258
14270
14281
14285
14286
14295
14314
14315
14321
14331
14333
14339
14343
14343
14347
14363
14367
14388
14392
14393
14401
14401
14413
14423
14426
14428
14428
14435
14448
14449
14481
14484
14486
14486
14494
14497
14498
14499
14503
14503
14507
14511
14516
14528
14530
14543
14543
14544
14551
14554
14556
14560
14562
14563
14564
14569
14575
14578
14585
14585
14589
14595
14599
14605
14608
14612
14619
14626
14628
14630
14631
14633
14649
14650
14656
14663
14664
14664
14671
14681
14687
14687
14692
14695
14696
14714
14730
14745
14745
14752
14752
14757
14758
14761
14762
14771
14774
14778
14779
14780
14801
14803
14807
14813
14822
14822
14841
14844
14851
14855
14862
14865
14868
14875
14893
14893
14898
14899
14901
14904
14909
14915
14919
14931
14932
14933
14942
14948
14948
14949
14949
14960
14966
14973
14974
14974
14976
14976
14985
14986
14989
14996
14996
14998
15002
15004
15008
15018
15018
15019
15022
15023
15024
15024
15031
15032
15032
15036
15037
15039
15042
15043
15050
15055
15058
15070
15072
15073
15074
15093
15096
15098
15103
15104
15104
15110
15119
15119
15124
15134
15135
15139
15146
15146
15151
15152
15163
15170
15173
15179
15192
15192
15195
15198
15215
15219
15221
15224
15228
15234
15234
15238
15245
15250
15252
15256
15266
15272
15280
15286
15288
15289
15291
15305
15306
15307
15333
15339
15340
15340
15343
15355
15359
15359
15359
15361
15363
15365
15368
15379
15383
15400
15403
15406
15413
15418
15425
15439
15440
15450
15453
15454
15455
15463
15471
15474
15475
15476
15484
15490
15491
15503
15505
15505
15515
15522
15523
15527
15533
15533
15537
15544
15546
15558
15571
15574
15576
15579
15581
15585
15586
15590
15596
15597
15618
15619
15620
15624
15624
15628
15630
15633
15635
15643
15644
15646
15654
15656
15658
15662
15663
15664
15680
15681
15681
15684
15691
15692
15692
15698
15703
15705
15709
15712
15721
15730
15734
15745
15745
15747
15754
15756
15760
15760
15763
15765
15768
15769
15770
15773
15773
15781
15784
15795
15801
15802
15805
15807
15808
15813
15827
15828
15830
15835
15837
15838
15845
15851
15854
15856
15857
15863
15873
15880
15881
15892
15892
15896
15898
15900
15905
15915
15919
15925
15928
15933
15938
15944
15946
15951
15952
15955
15960
15962
15969
15972
15973
15975
15978
15981
15989
16001
16019
16020
16020
16026
16040
16046
16055
16060
16067
16067
16068
16069
16070
16071
16074
16076
16081
16084
16095
16106
16110
16111
16119
16125
16130
16135
16141
16143
16148
16149
16175
16177
16183
16196
16198
16207
16213
16215
16223
16228
16233
16234
16235
16239
16242
16248
16249
16251
16254
16273
16279
16279
16290
16298
16304
16310
16317
16320
16324
16324
16328
16329
16331
16338
16345
16356
16357
16363
16367
16367
16378
16383
16387
16387
16390
16422
16424
16424
16425
16428
16435
16436
16441
16443
16453
16462
16477
16480
16489
16489
16500
16503
16533
16534
16554
16554
16562
16565
16566
16570
16579
16584
16598
16601
16603
16611
16614
16629
16633
16643
16643
16649
16654
16661
16665
16668
16673
16681
16686
16687
16693
16694
16701
16702
16709
16712
16713
16717
16722
16724
16724
16725
16728
16735
16739
16755
16755
16760
16763
16770
16780
16780
16780
16788
16788
16790
16805
16810
16810
16812
16813
16819
16821
16822
16823
16825
16831
16834
16835
16838
16838
16846
16851
16855
16868
16871
16872
16873
16874
16875
16878
16884
16887
16892
16896
16897
16902
16905
16907
16918
16920
16924
16929
16935
16957
16960
16965
16967
16971
16972
16982
16986
17001
17006
17016
17024
17032
17032
17038
17043
17051
17052
17053
17053
17063
17068
17073
17074
17077
17092
17094
17095
17096
17097
17101
17106
17109
17111
17111
17122
17129
17131
17133
17138
17139
17143
17149
17168
17171
17177
17179
17189
17191
17202
17204
17209
17212
17214
17231
17233
17239
17243
17245
17251
17262
17263
17264
17265
17266
17271
17277
17286
17287
17287
17287
17292
17296
17297
17300
17320
17320
17326
17345
17350
17369
17377
17378
17382
17389
17399
17400
17420
17422
17426
17428
17434
17438
17462
17472
17472
17477
17477
17483
17490
17494
17494
17498
17498
17507
17513
17513
17516
17518
17518
17520
17524
17526
17529
17533
17544
17546
17546
17553
17562
17566
17569
17570
17582
17592
17593
17612
17621
17624
17627
17648
17652
17656
17662
17671
17676
17684
17686
17694
17701
17706
17710
17712
17715
17718
17728
17729
17730
17738
17751
17754
17757
17758
17759
17771
17774
17776
17782
17782
17785
17792
17795
17796
17800
17805
17820
17826
17827
17829
17837
17838
17841
17844
17849
17849
17851
17854
17864
17868
17869
17872
17878
17890
17899
17902
17911
17912
17921
17925
17929
17931
17932
17939
17941
17958
17964
17970
17970
17975
17983
17985
17989
17997
17998
18000
18001
18004
18005
18011
18012
18019
18023
18036
18057
18061
18063
18065
18072
18072
18110
18116
18116
18125
18130
18136
18141
18143
18145
18149
18149
18154
18161
18167
18188
18190
18194
18195
18198
18199
18203
18205
18211
18230
18233
18237
18239
18252
18259
18264
18267
18270
18272
18275
18285
18285
18287
18298
18305
18307
18308
18308
18310
18310
18311
18313
18323
18323
18332
18334
18338
18376
18379
18380
18383
18394
18395
18398
18408
18408
18412
18413
18427
18427
18427
18429
18432
18433
18442
18444
18447
18457
18460
18460
18461
18474
18474
18478
18478
18482
18483
18483
18491
18504
18507
18512
18523
18527
18534
18538
18546
18552
18557
18559
18571
18574
18576
18576
18581
18586
18589
18596
18611
18622
18623
18634
18638
18642
18647
18653
18658
18659
18673
18673
18677
18684
18684
18685
18688
18694
18697
18700
18702
18704
18709
18716
18718
18731
18734
18743
18762
18764
18767
18770
18775
18781
18789
18798
18802
18807
18809
18820
18822
18825
18827
18830
18838
18842
18848
18851
18864
18876
18891
18891
18893
18895
18904
18906
18913
18917
18918
18921
18922
18925
18935
18939
18942
18943
18949
18950
18955
18957
18959
18959
18962
18963
18964
18968
18974
18992
18992
18997
19005
19012
19013
19018
19027
19029
19029
19032
19039
19040
19053
19053
19053
19054
19056
19059
19064
19069
19072
19075
19077
19083
19083
19092
19094
19095
19095
19096
19101
19102
19118
19120
19122
19123
19128
19130
19131
19131
19144
19144
19146
19150
19152
19161
19165
19177
19181
19189
19199
19205
19221
19223
19228
19229
19234
19234
19237
19247
19249
19249
19251
19254
19256
19256
19268
19270
19279
19286
19300
19307
19311
19313
19326
19338
19339
19339
19341
19346
19347
19359
19372
19376
19381
19386
19391
19395
19401
19407
19409
19412
19426
19426
19431
19431
19432
19441
19442
19446
19448
19449
19454
19467
19468
19468
19470
19480
19480
19492
19498
19499
19505
19511
19526
19532
19534
19536
19537
19539
19547
19549
19559
19565
19577
19585
19594
19595
19610
19610
19614
19633
19648
19664
19672
19676
19685
19702
19703
19704
19706
19710
19713
19723
19726
19728
19732
19733
19738
19744
19745
19748
19761
19773
19778
19785
19787
19791
19791
19794
19796
19798
19800
19829
19833
19846
19846
19846
19851
19853
19858
19858
19879
19894
19900
19900
19903
19905
19914
19915
19920
19930
19931
19934
19945
19963
19966
19982
19984
19987
19994
20002
20009
20011
20016
20017
20018
20022
20036
20039
20041
20042
20048
20053
20054
20069
20074
20077
20079
20085
20087
20096
20103
20104
20106
20115
20118
20127
20130
20134
20139
20143
20151
20152
20158
20164
20169
20169
20171
20183
20183
20185
20190
20191
20196
20203
20203
20205
20211
20212
20217
20220
20225
20226
20230
20236
20257
20257
20261
20267
20272
20273
20274
20280
20282
20304
20309
20315
20317
20317
20321
20322
20328
20330
20332
20335
20340
20342
20343
20348
20350
20359
20363
20372
20374
20380
20392
20405
20410
20422
20430
20431
20434
20447
20447
20455
20457
20463
20465
20466
20472
20473
20480
20500
20503
20506
20507
20515
20521
20540
20546
20546
20548
20568
20579
20586
20587
20587
20588
20592
20593
20595
20603
20618
20618
20625
20629
20637
20638
20663
20663
20670
20675
20680
20680
20690
20691
20692
20703
20708
20710
20720
20725
20735
20737
20742
20748
20755
20762
20772
20775
20775
20784
20787
20790
20793
20794
20795
20796
20797
20798
20800
20802
20812
20817
20818
20821
20828
20830
20833
20840
20846
20854
20858
20860
20870
20887
20888
20892
20893
20897
20902
20912
20919
20920
20922
20922
20923
20930
20933
20935
20954
20975
20979
20994
21000
21002
21005
21005
21007
21026
21026
21029
21033
21035
21043
21048
21048
21059
21060
21067
21073
21076
21081
21082
21089
21097
21100
21104
21104
21109
21114
21114
21121
21122
21131
21132
21137
21139
21144
21152
21163
21163
21165
21169
21181
21183
21184
21189
21198
21206
21206
21214
21216
21219
21220
21224
21225
21226
21229
21232
21238
21246
21250
21253
21259
21260
21264
21271
21271
21282
21291
21294
21295
21304
21312
21316
21319
21320
21325
21329
21330
21332
21342
21344
21354
21355
21356
21361
21363
21364
21366
21372
21373
21374
21376
21379
21381
21390
21399
21399
21417
21417
21418
21447
21447
21463
21474
21480
21483
21502
21503
21504
21507
21508
21514
21517
21518
21520
21529
21541
21543
21545
21546
21546
21555
21562
21563
21565
21572
21573
21574
21577
21590
21591
21591
21601
21617
21623
21628
21628
21630
21636
21638
21644
21648
21649
21650
21682
21684
21687
21689
21694
21698
21704
21705
21708
21711
21719
21719
21720
21726
21727
21729
21740
21748
21751
21753
21759
21760
21762
21765
21770
21771
21773
21779
21785
21787
21787
21788
21804
21805
21808
21812
21819
21827
21827
21832
21834
21835
21842
21844
21847
21851
21852
21853
21860
21861
21861
21875
21885
21886
21889
21889
21890
21892
21894
21894
21901
21903
21912
21915
21917
21918
21927
21928
21932
21943
21944
21946
21949
21958
21974
21987
21994
21995
22001
22002
22002
22003
22006
22019
22023
22036
22037
22039
22049
22050
22057
22074
22074
22075
22077
22077
22080
22093
22097
22098
22111
22117
22120
22121
22122
22123
22134
22139
22142
22145
22149
22150
22153
22158
22158
22160
22180
22185
22188
22189
22191
22193
22200
22217
22222
22224
22225
22226
22240
22241
22247
22252
22253
22255
22260
22262
22267
22267
22267
22290
22294
22295
22306
22310
22314
22315
22316
22324
22324
22328
22330
22338
22339
22342
22347
22351
22352
22352
22356
22358
22358
22358
22360
22363
22367
22369
22374
22375
22384
22384
22389
22404
22404
22406
22408
22416
22423
22424
22424
22424
22427
22428
22429
22437
22447
22452
22455
22457
22461
22463
22467
22469
22494
22496
22496
22499
22500
22505
22510
22516
22521
22522
22525
22528
22531
22544
22545
22548
22550
22563
22567
22569
22570
22572
22573
22574
22578
22581
22586
22593
22594
22603
22610
22613
22623
22635
22640
22641
22645
22652
22675
22676
22678
22695
22700
22704
22705
22709
22724
22727
22729
22737
22737
22759
22764
22768
22769
22773
22781
22782
22782
22783
22785
22792
22801
22806
22807
22810
22814
22819
22828
22829
22839
22847
22852
22860
22861
22864
22879
22883
22889
22894
22895
22897
22899
22904
22907
22913
22921
22923
22923
22925
22929
22929
22933
22937
22945
22949
22951
22956
22970
22971
22980
22995
23004
23011
23017
23019
23022
23024
23032
23035
23036
23043
23044
23052
23063
23065
23067
23077
23083
23087
23087
23088
23093
23098
23101
23112
23112
23131
23135
23143
23151
23152
23157
23184
23196
23203
23211
23214
23217
23224
23235
23237
23241
23248
23255
23258
23259
23261
23263
23268
23273
23281
23294
23302
23308
23312
23324
23324
23335
23339
23348
23355
23363
23371
23372
23374
23377
23382
23383
23391
23394
23403
23410
23416
23417
23431
23436
23440
23446
23452
23461
23465
23471
23478
23484
23489
23490
23495
23497
23499
23506
23513
23514
23522
23524
23535
23539
23543
23546
23551
23554
23561
23565
23571
23572
23573
23578
23582
23595
23602
23604
23605
23609
23616
23619
23621
23626
23627
23634
23636
23643
23650
23652
23653
23671
23674
23680
23691
23694
23697
23698
23701
23703
23704
23704
23705
23705
23707
23707
23710
23713
23716
23720
23725
23729
23730
23731
23733
23735
23736
23751
23756
23764
23769
23770
23787
23789
23826
23834
23848
23850
23858
23858
23859
23859
23861
23872
23873
23877
23877
23901
23912
23916
23924
23924
23930
23932
23936
23937
23938
23939
23947
23951
23951
23953
23957
23962
23966
23966
23967
23970
23977
23987
24004
24016
24020
24024
24024
24025
24028
24036
24037
24043
24050
24050
24051
24056
24064
24070
24077
24083
24085
24114
24123
24123
24123
24123
24135
24148
24148
24148
24156
24159
24180
24185
24187
24188
24189
24199
24211
24214
24215
24218
24223
24240
24240
24262
24266
24270
24270
24271
24281
24290
24290
24292
24293
24294
24297
24301
24304
24308
24311
24313
24316
24317
24317
24320
24323
24329
24342
24346
24348
24349
24353
24355
24365
24365
24366
24372
24381
24389
24389
24390
24402
24405
24409
24409
24410
24411
24418
24429
24431
24439
24446
24448
24466
24479
24485
24489
24490
24493
24494
24498
24505
24512
24528
24537
24544
24555
24564
24566
24576
24577
24578
24591
24595
24605
24605
24606
24608
24609
24612
24616
24621
24627
24628
24632
24648
24648
24652
24659
24660
24667
24669
24671
24677
24678
24678
24680
24682
24683
24686
24690
24698
24704
24725
24727
24735
24756
24764
24766
24769
24792
24792
24799
24802
24812
24816
24817
24820
24826
24826
24827
24827
24828
24833
24840
24847
24864
24865
24878
24884
24887
24890
24892
24900
24904
24909
24911
24925
24933
24934
24935
24938
24942
24943
24946
24949
24964
24969
24975
24979
24988
24992
25004
25013
25018
25023
25024
25037
25049
25054
25058
25063
25064
25065
25069
25071
25082
25097
25100
25101
25104
25107
25107
25127
25131
25132
25134
25149
25157
25161
25162
25164
25167
25168
25169
25172
25178
25187
25190
25196
25197
25203
25213
25225
25229
25232
25234
25234
25235
25240
25248
25248
25252
25256
25269
25270
25290
25291
25291
25302
25305
25306
25311
25314
25315
25321
25337
25338
25339
25345
25357
25358
25363
25365
25366
25389
25393
25397
25410
25410
25413
25417
25418
25419
25422
25424
25427
25434
25435
25438
25448
25449
25453
25455
25456
25459
25461
25465
25469
25485
25496
25496
25501
25505
25515
25524
25527
25536
25537
25541
25546
25554
25563
25566
25567
25568
25579
25584
25596
25601
25602
25602
25607
25609
25613
25619
25622
25622
25627
25637
25645
25647
25648
25667
25669
25669
25673
25680
25685
25685
25687
25687
25693
25703
25705
25716
25716
25725
25726
25731
25732
25733
25740
25746
25747
25757
25757
25758
25765
25770
25782
25784
25786
25787
25793
25795
25798
25806
25807
25809
25810
25811
25817
25818
25818
25819
25827
25829
25837
25839
25845
25847
25853
25855
25857
25865
25867
25867
25869
25869
25872
25872
25876
25880
25894
25911
25913
25914
25915
25919
25922
25925
25930
25939
25953
25962
25962
25965
25994
25997
25998
26013
26016
26017
26017
26018
26023
26024
26032
26033
26056
26064
26065
26067
26084
26086
26091
26100
26116
26117
26118
26118
26123
26130
26137
26138
26139
26140
26141
26142
26147
26148
26152
26153
26155
26162
26174
26176
26177
26180
26182
26184
26185
26187
26191
26193
26194
26197
26210
26211
26216
26221
26222
26227
26231
26234
26239
26240
26243
26247
26253
26257
26270
26273
26275
26282
26287
26291
26299
26303
26306
26306
26309
26314
26316
26337
26342
26346
26358
26370
26388
26397
26406
26409
26414
26424
26445
26447
26447
26450
26450
26450
26452
26456
26460
26466
26468
26471
26484
26485
26489
26490
26492
26494
26497
26502
26523
26525
26531
26531
26535
26544
26553
26553
26553
26561
26563
26569
26579
26581
26596
26596
26603
26610
26618
26619
26624
26631
26632
26636
26636
26640
26641
26641
26648
26651
26653
26656
26662
26665
26666
26673
26678
26692
26693
26700
26702
26704
26705
26708
26720
26721
26725
26726
26726
26726
26729
26729
26731
26735
26739
26749
26752
26757
26762
26764
26766
26768
26768
26769
26775
26780
26781
26795
26812
26824
26828
26837
26850
26857
26857
26858
26868
26876
26876
26888
26893
26904
26912
26913
26923
26932
26934
26945
26948
26953
26956
26961
26967
26970
26971
26972
26977
26980
26981
26998
27000
27001
27008
27010
27013
27014
27028
27028
27035
27038
27045
27049
27050
27052
27053
27056
27058
27065
27082
27088
27107
27109
27111
27112
27121
27127
27132
27135
27137
27138
27140
27147
27156
27160
27168
27177
27184
27185
27191
27192
27194
27195
27197
27199
27207
27207
27213
27213
27216
27216
27228
27236
27238
27240
27246
27248
27248
27259
27261
27286
27315
27315
27318
27321
27323
27349
27349
27352
27356
27356
27359
27364
27364
27364
27371
27372
27373
27373
27377
27379
27380
27381
27382
27383
27387
27396
27397
27407
27410
27410
27412
27414
27414
27418
27421
27427
27433
27436
27441
27444
27449
27451
27454
27460
27477
27481
27486
27492
27493
27497
27505
27507
27523
27539
27541
27547
27553
27554
27566
27569
27578
27579
27579
27583
27591
27591
27592
27593
27595
27596
27598
27607
27608
27612
27614
27632
27639
27644
27647
27647
27655
27659
27666
27673
27682
27695
27695
27697
27705
27712
27713
27726
27730
27733
27740
27772
27775
27792
27792
27794
27800
27806
27810
27814
27814
27828
27829
27829
27840
27840
27841
27844
27845
27850
27851
27852
27859
27860
27867
27878
27879
27884
27884
27886
27899
27899
27906
27916
27916
27919
27924
27928
27929
27931
27933
27933
27934
27938
27961
27968
27969
27973
27976
27977
27986
27987
27988
27997
28016
28020
28026
28027
28029
28040
28044
28051
28051
28058
28067
28071
28088
28091
28097
28102
28113
28115
28117
28117
28132
28142
28144
28149
28153
28155
28157
28160
28164
28165
28172
28175
28181
28187
28194
28199
28214
28220
28224
28229
28233
28234
28239
28246
28258
28265
28271
28275
28278
28278
28287
28289
28293
28295
28304
28304
28334
28336
28338
28360
28362
28366
28376
28386
28391
28398
28399
28403
28422
28426
28430
28432
28433
28433
28434
28437
28439
28442
28446
28451
28452
28457
28460
28462
28464
28471
28475
28479
28483
28487
28490
28499
28505
28508
28508
28518
28518
28518
28520
28521
28523
28527
28531
28531
28532
28539
28540
28546
28548
28549
28554
28557
28560
28574
28578
28587
28588
28592
28598
28602
28608
28614
28626
28638
28639
28640
28648
28650
28654
28661
28666
28675
28697
28732
28738
28740
28742
28746
28747
28756
28762
28766
28768
28770
28775
28780
28782
28784
28797
28798
28799
28810
28822
28823
28838
28845
28848
28852
28857
28861
28861
28876
28879
28879
28881
28885
28888
28889
28891
28892
28893
28893
28894
28894
28899
28903
28910
28912
28918
28919
28941
28950
28954
28955
28955
28965
28966
28966
28975
28977
28979
28984
28991
28999
29002
29011
29016
29018
29030
29031
29047
29054
29057
29060
29062
29067
29071
29077
29080
29086
29088
29094
29096
29100
29100
29100
29102
29104
29107
29109
29129
29131
29131
29140
29141
29141
29148
29152
29154
29156
29166
29173
29184
29191
29197
29202
29206
29207
29217
29227
29227
29231
29233
29244
29246
29247
29249
29254
29257
29258
29260
29266
29268
29269
29273
29276
29280
29281
29288
29288
29289
29290
29297
29301
29316
29317
29322
29341
29343
29349
29371
29373
29374
29388
29389
29395
29395
29396
29404
29407
29428
29436
29441
29446
29454
29460
29475
29476
29482
29484
29487
29489
29499
29501
29504
29507
29515
29522
29532
29534
29539
29547
29557
29566
29566
29570
29573
29574
29574
29574
29584
29587
29590
29590
29590
29617
29631
29637
29640
29640
29641
29642
29648
29653
29669
29671
29676
29680
29696
29701
29702
29706
29707
29707
29724
29726
29727
29729
29731
29733
29746
29749
29754
29760
29770
29778
29789
29791
29792
29795
29797
29801
29813
29816
29817
29820
29832
29842
29844
29844
29846
29855
29859
29861
29865
29869
29869
29874
29887
29888
29898
29899
29901
29914
29915
29915
29916
29918
29919
29919
29920
29921
29938
29938
29938
29945
29957
29965
29980
29989
29999
30017
30035
30036
30038
30040
30048
30067
30069
30075
30084
30085
30086
30091
30115
30124
30132
30133
30133
30133
30134
30140
30149
30155
30156
30171
30174
30184
30197
30199
30199
30202
30208
30209
30209
30222
30225
30232
30233
30238
30242
30242
30258
30259
30262
30263
30263
30270
30285
30291
30304
30305
30307
30311
30311
30313
30314
30314
30329
30329
30331
30336
30338
30345
30348
30358
30358
30359
30367
30369
30370
30371
30375
30388
30388
30391
30393
30397
30398
30405
30406
30407
30412
30415
30426
30428
30429
30434
30434
30447
30448
30454
30463
30469
30476
30480
30481
30482
30524
30529
30530
30530
30536
30540
30543
30543
30544
30560
30564
30564
30572
30574
30574
30576
30577
30582
30590
30590
30600
30607
30608
30614
30625
30628
30631
30637
30638
30647
30660
30673
30674
30691
30693
30696
30706
30713
30716
30717
30723
30724
30732
30745
30746
30752
30755
30761
30763
30769
30772
30773
30781
30787
30795
30800
30801
30804
30811
30812
30821
30821
30826
30826
30828
30840
30841
30843
30843
30845
30845
30856
30863
30868
30874
30876
30890
30896
30910
30927
30929
30944
30952
30955
30956
30962
30962
30976
30991
30994
30998
30998
30999
31001
31010
31010
31019
31020
31033
31045
31047
31049
31054
31059
31060
31064
31066
31069
31070
31075
31084
31085
31089
31091
31098
31110
31116
31118
31119
31123
31124
31130
31132
31133
31134
31135
31141
31146
31153
31161
31161
31187
31193
31195
31199
31206
31207
31215
31219
31226
31228
31235
31237
31242
31244
31245
31252
31252
31257
31257
31265
31270
31273
31279
31289
31300
31305
31305
31307
31315
31319
31321
31323
31327
31331
31336
31339
31342
31344
31360
31366
31367
31369
31369
31392
31398
31434
31437
31437
31439
31440
31444
31448
31448
31450
31458
31463
31463
31467
31470
31472
31475
31478
31482
31486
31490
31508
31508
31514
31516
31518
31519
31520
31522
31527
31527
31528
31534
31535
31541
31541
31544
31553
31555
31556
31564
31570
31579
31581
31592
31602
31602
31604
31609
31611
31613
31613
31616
31618
31618
31625
31626
31628
31638
31639
31644
31644
31656
31656
31659
31664
31665
31669
31671
31673
31682
31685
31692
31694
31696
31700
31704
31712
31718
31720
31721
31725
31729
31731
31734
31741
31742
31742
31744
31746
31746
31763
31776
31788
31790
31793
31795
31801
31801
31805
31817
31827
31829
31835
31835
31838
31846
31853
31853
31855
31856
31859
31861
31864
31868
31868
31872
31876
31889
31889
31902
31910
31910
31922
31929
31930
31932
31932
31932
31934
31942
31952
31956
31973
31975
31990
31992
32016
32017
32023
32036
32039
32041
32046
32050
32067
32072
32074
32081
32086
32087
32087
32097
32097
32097
32103
32104
32105
32105
32107
32107
32119
32119
32119
32119
32122
32129
32142
32151
32153
32160
32164
32165
32181
32184
32189
32192
32194
32195
32207
32208
32213
32214
32214
32217
32221
32221
32224
32227
32228
32232
32234
32242
32243
32258
32261
32274
32278
32284
32284
32286
32292
32317
32318
32347
32352
32353
32355
32360
32360
32361
32364
32366
32371
32378
32379
32384
32390
32391
32394
32400
32404
32410
32415
32415
32419
32421
32424
32428
32438
32442
32449
32462
32463
32468
32480
32495
32504
32509
32511
32513
32532
32536
32539
32541
32548
32550
32553
32567
32571
32572
32575
32576
32576
32580
32586
32586
32594
32596
32616
32626
32632
32633
32636
32641
32648
32649
32654
32661
32663
32665
32670
32674
32685
32687
32699
32708
32712
32716
32717
32725
32726
32735
32743
32746
32759
32762
32768
32779
32780
32780
32781
32786
32789
32792
32796
32807
32809
32812
32820
32826
32836
32838
32844
32847
32848
32848
32849
32858
32862
32865
32889
32895
32897
32910
32911
32917
32928
32948
32950
32955
32956
32957
32967
32967
32968
32971
32979
32986
32990
32997
32997
33001
33008
33009
33010
33011
33034
33041
33043
33045
33046
33052
33052
33053
33054
33062
33062
33063
33065
33070
33077
33084
33084
33089
33112
33120
33123
33134
33146
33147
33150
33151
33154
33155
33157
33157
33163
33177
33179
33184
33184
33194
33194
33197
33203
33207
33210
33219
33222
33233
33247
33250
33251
33251
33253
33257
33257
33262
33270
33275
33285
33298
33310
33310
33315
33316
33319
33325
33327
33330
33334
33338
33342
33350
33351
33352
33360
33361
33368
33374
33385
33402
33405
33414
33416
33416
33424
33433
33438
33439
33439
33440
33441
33443
33443
33445
33446
33457
33458
33466
33476
33486
33487
33490
33490
33490
33492
33505
33506
33511
33514
33516
33523
33529
33529
33540
33541
33554
33563
33564
33575
33580
33581
33582
33583
33583
33591
33600
33603
33607
33609
33613
33623
33624
33631
33644
33645
33645
33645
33647
33648
33652
33654
33662
33668
33669
33672
33673
33679
33681
33681
33685
33690
33694
33696
33696
33700
33700
33701
33706
33709
33715
33715
33717
33718
33725
33728
33730
33732
33750
33754
33757
33764
33767
33770
33772
33775
33783
33784
33789
33791
33801
33803
33807
33809
33810
33811
33819
33840
33862
33876
33880
33894
33897
33897
33898
33912
33923
33923
33939
33941
33944
33946
33951
33954
33958
33959
33961
33961
33966
33968
33973
33991
33997
34001
34002
34005
34010
34011
34015
34020
34028
34029
34035
34042
34047
34049
34052
34058
34071
34072
34074
34074
34075
34077
34086
34089
34099
34112
34120
34120
34121
34126
34129
34144
34145
34158
34165
34171
34175
34189
34191
34194
34194
34200
34204
34204
34207
34208
34210
34211
34213
34213
34214
34216
34230
34238
34244
34246
34250
34261
34269
34271
34300
34302
34308
34308
34314
34315
34315
34327
34334
34336
34336
34336
34348
34354
34356
34359
34359
34369
34381
34393
34394
34397
34401
34402
34410
34417
34422
34445
34445
34446
34450
34454
34464
34470
34470
34472
34474
34474
34478
34486
34487
34505
34507
34526
34530
34531
34531
34547
34551
34552
34558
34560
34563
34570
34574
34581
34582
34590
34598
34598
34602
34603
34620
34633
34640
34642
34661
34662
34667
34678
34683
34687
34689
34697
34697
34707
34708
34721
34721
34725
34728
34731
34732
34739
34739
34768
34775
34776
34776
34781
34793
34793
34802
34806
34828
34830
34838
34846
34847
34849
34854
34861
34862
34863
34865
34868
34878
34887
34893
34894
34898
34911
34924
34927
34932
34934
34937
34948
34972
34975
34979
34982
34986
35002
35005
35007
35012
35012
35013
35019
35038
35043
35044
35049
35053
35059
35061
35076
35079
35081
35085
35085
35086
35089
35094
35098
35098
35098
35100
35101
35104
35108
35115
35120
35121
35122
35126
35128
35129
35129
35130
35135
35137
35141
35153
35159
35161
35163
35172
35172
35178
35179
35184
35205
35211
35211
35217
35224
35224
35228
35231
35232
35233
35241
35245
35259
35262
35264
35276
35285
35285
35296
35297
35297
35305
35306
35317
35320
35321
35329
35337
35338
35338
35338
35340
35348
35354
35360
35364
35366
35367
35370
35371
35378
35379
35381
35390
35393
35395
35400
35404
35417
35422
35423
35425
35427
35428
35428
35428
35432
35433
35436
35440
35446
35449
35450
35452
35453
35476
35476
35485
35489
35492
35505
35507
35513
35519
35529
35530
35530
35532
35536
35540
35544
35546
35552
35557
35561
35562
35563
35566
35573
35573
35579
35588
35588
35595
35601
35604
35633
35638
35645
35645
35661
35675
35676
35688
35694
35702
35713
35719
35720
35723
35728
35730
35740
35746
35747
35758
35766
35766
35770
35772
35777
35778
35786
35793
35796
35798
35805
35811
35821
35826
35827
35834
35856
35862
35866
35874
35883
35887
35898
35914
35917
35917
35919
35921
35922
35927
35927
35931
35939
35941
35942
35943
35949
35950
35952
35955
35958
35961
35968
35969
35970
35971
35974
35981
35988
35993
36001
36006
36027
36030
36032
36034
36034
36044
36057
36073
36082
36084
36087
36107
36107
36111
36114
36122
36135
36143
36149
36164
36172
36173
36175
36181
36181
36181
36188
36190
36195
36198
36201
36202
36207
36207
36209
36214
36223
36226
36226
36229
36232
36240
36247
36250
36251
36254
36256
36256
36257
36258
36258
36259
36279
36280
36287
36289
36290
36295
36297
36299
36299
36300
36306
36310
36315
36328
36335
36345
36347
36348
36350
36353
36354
36366
36377
36382
36389
36390
36391
36398
36399
36399
36401
36401
36402
36404
36404
36408
36418
36418
36429
36437
36452
36455
36465
36475
36475
36483
36484
36486
36491
36496
36504
36508
36512
36520
36523
36523
36526
36526
36532
36540
36542
36553
36556
36558
36561
36572
36578
36590
36593
36612
36614
36621
36626
36635
36642
36644
36645
36646
36649
36684
36688
36688
36695
36705
36709
36710
36710
36724
36729
36734
36740
36745
36748
36750
36757
36764
36765
36765
36765
36774
36789
36794
36797
36807
36807
36820
36822
36825
36830
36833
36840
36846
36849
36852
36861
36874
36882
36888
36889
36894
36903
36907
36909
36909
36909
36915
36918
36920
36920
36920
36928
36931
36939
36942
36944
36948
36952
36955
36962
36970
36971
36971
36973
36974
36977
36978
36982
36987
36991
36991
36992
36997
37001
37001
37004
37006
37017
37021
37023
37024
37027
37031
37042
37043
37047
37065
37072
37073
37073
37078
37083
37089
37101
37107
37107
37110
37111
37129
37131
37139
37141
37141
37147
37155
37156
37162
37180
37183
37192
37193
37196
37198
37200
37201
37207
37213
37218
37219
37220
37230
37231
37234
37234
37242
37248
37248
37254
37254
37255
37255
37263
37289
37289
37295
37310
37321
37323
37326
37327
37341
37353
37353
37357
37358
37361
37366
37368
37371
37372
37374
37383
37385
37389
37395
37399
37403
37407
37410
37424
37424
37430
37434
37436
37436
37445
37446
37458
37459
37462
37469
37472
37496
37499
37503
37507
37511
37522
37525
37528
37532
37539
37544
37570
37577
37579
37583
37588
37590
37600
37601
37603
37609
37631
37637
37651
37660
37663
37663
37685
37686
37692
37694
37695
37696
37699
37703
37705
37709
37719
37729
37735
37736
37739
37760
37764
37773
37785
37786
37789
37804
37805
37807
37807
37811
37811
37844
37848
37849
37858
37859
37868
37871
37882
37886
37889
37894
37894
37902
37903
37903
37903
37915
37925
37932
37934
37938
37945
37955
37955
37956
37962
37962
37967
37968
37972
37982
37991
37991
37997
37998
38001
38009
38012
38023
38028
38032
38034
38035
38038
38041
38045
38052
38058
38065
38073
38081
38083
38086
38096
38099
38103
38110
38116
38118
38122
38125
38137
38139
38139
38149
38152
38159
38161
38167
38171
38178
38185
38207
38212
38223
38224
38226
38232
38235
38236
38239
38245
38261
38268
38279
38282
38285
38286
38295
38300
38301
38325
38330
38339
38343
38346
38347
38348
38351
38355
38363
38366
38386
38386
38389
38393
38394
38397
38401
38407
38411
38423
38427
38432
38436
38439
38439
38442
38445
38446
38453
38455
38459
38461
38461
38464
38464
38465
38465
38485
38508
38526
38526
38530
38532
38541
38543
38544
38544
38546
38552
38561
38569
38570
38575
38580
38587
38587
38591
38599
38599
38601
38616
38622
38625
38630
38648
38648
38651
38660
38661
38663
38665
38667
38668
38674
38690
38692
38699
38703
38703
38707
38708
38712
38713
38716
38719
38719
38725
38734
38737
38739
38741
38747
38751
38751
38753
38754
38756
38758
38759
38766
38781
38796
38799
38802
38802
38811
38811
38812
38817
38817
38820
38822
38826
38831
38837
38838
38840
38843
38846
38846
38849
38852
38853
38855
38859
38865
38866
38886
38889
38891
38892
38893
38896
38898
38901
38902
38908
38913
38917
38926
38932
38956
38967
38969
38973
38975
38978
38987
38988
38995
38998
38999
39003
39011
39013
39019
39020
39021
39025
39029
39032
39032
39037
39039
39044
39044
39050
39051
39052
39052
39054
39055
39057
39058
39084
39090
39093
39098
39101
39110
39132
39133
39138
39149
39151
39152
39156
39159
39163
39167
39178
39181
39181
39202
39203
39212
39230
39235
39245
39246
39253
39256
39259
39260
39262
39264
39264
39269
39269
39280
39284
39294
39307
39310
39314
39318
39329
39330
39330
39332
39335
39337
39342
39347
39349
39351
39353
39355
39355
39367
39370
39380
39381
39381
39384
39386
39390
39393
39400
39406
39407
39408
39417
39420
39420
39421
39424
39431
39434
39445
39456
39457
39458
39459
39465
39466
39475
39475
39478
39480
39481
39481
39481
39498
39514
39516
39529
39529
39545
39550
39553
39564
39588
39593
39603
39606
39607
39613
39625
39627
39629
39640
39642
39643
39654
39656
39658
39669
39673
39676
39676
39683
39689
39708
39709
39718
39725
39728
39736
39752
39753
39756
39757
39771
39772
39775
39783
39790
39790
39798
39814
39815
39821
39825
39834
39838
39839
39842
39851
39854
39863
39866
39869
39876
39884
39891
39895
39906
39908
39908
39915
39918
39919
39920
39925
39932
39935
39939
39940
39945
39962
39965
39971
39977
39980
39982
39989
39995
40004
40007
40007
40018
40027
40040
40041
40044
40048
40050
40059
40071
40073
40078
40081
40087
40094
40095
40097
40118
40118
40118
40121
40123
40126
40129
40129
40134
40148
40156
40157
40157
40161
40165
40168
40176
40178
40179
40190
40193
40205
40218
40219
40220
40224
40225
40227
40230
40246
40252
40259
40264
40267
40278
40281
40283
40283
40292
40295
40295
40298
40312
40313
40315
40317
40325
40345
40348
40354
40364
40373
40382
40395
40402
40405
40406
40409
40421
40422
40425
40425
40430
40432
40434
40443
40446
40447
40452
40459
40474
40476
40478
40478
40479
40496
40498
40504
40504
40506
40509
40509
40509
40524
40530
40532
40537
40541
40550
40552
40560
40567
40571
40573
40576
40577
40584
40585
40591
40597
40598
40604
40615
40625
40626
40631
40643
40643
40644
40644
40648
40648
40655
40656
40666
40672
40672
40673
40684
40687
40696
40702
40710
40713
40742
40762
40772
40788
40789
40802
40804
40808
40813
40813
40818
40824
40824
40825
40840
40843
40851
40855
40857
40862
40866
40872
40873
40874
40879
40887
40888
40890
40898
40908
40910
40915
40920
40921
40931
40935
40941
40947
40949
40951
40965
40967
40968
40976
40977
40980
40983
40991
40992
40995
40997
40997
41009
41011
41024
41029
41036
41037
41040
41041
41044
41049
41055
41056
41068
41069
41074
41076
41078
41080
41082
41090
41105
41112
41113
41113
41115
41117
41119
41123
41124
41129
41131
41132
41134
41141
41148
41150
41150
41152
41155
41157
41161
41164
41164
41165
41172
41174
41179
41182
41199
41200
41207
41213
41225
41227
41240
41241
41241
41249
41249
41259
41261
41273
41277
41279
41285
41299
41302
41312
41312
41324
41329
41330
41331
41333
41334
41339
41339
41340
41341
41342
41346
41362
41365
41371
41371
41373
41374
41380
41380
41380
41385
41390
41395
41399
41417
41424
41425
41431
41441
41461
41464
41466
41466
41470
41474
41479
41481
41482
41488
41489
41511
41513
41522
41522
41526
41531
41548
41570
41575
41576
41576
41586
41589
41602
41603
41605
41606
41619
41620
41622
41625
41625
41627
41647
41651
41659
41672
41678
41690
41696
41699
41702
41704
41706
41710
41719
41720
41722
41729
41732
41739
41740
41745
41767
41776
41776
41783
41790
41798
41804
41805
41806
41821
41831
41833
41839
41839
41841
41843
41844
41846
41848
41850
41852
41856
41866
41901
41902
41910
41915
41918
41922
41929
41937
41939
41949
41955
41972
41980
41981
41985
41994
41994
41996
41998
41999
42003
42005
42013
42016
42022
42028
42035
42043
42048
42061
42070
42073
42076
42076
42111
42111
42111
42139
42142
42149
42157
42157
42170
42175
42178
42178
42181
42187
42192
42193
42194
42211
42214
42231
42235
42239
42242
42243
42244
42246
42247
42249
42254
42269
42286
42297
42299
42303
42308
42316
42319
42324
42345
42356
42360
42363
42363
42365
42366
42368
42395
42399
42406
42410
42413
42417
42419
42423
42428
42450
42462
42481
42489
42492
42498
42500
42506
42509
42512
42517
42520
42527
42536
42539
42551
42563
42568
42571
42575
42579
42580
42589
42591
42598
42599
42610
42613
42616
42619
42624
42631
42633
42637
42640
42647
42652
42654
42657
42664
42670
42678
42683
42685
42687
42688
42689
42693
42706
42706
42707
42707
42712
42715
42721
42740
42741
42744
42747
42748
42750
42755
42759
42760
42766
42768
42768
42783
42785
42787
42797
42802
42809
42819
42821
42822
42830
42833
42848
42860
42867
42867
42868
42870
42870
42877
42882
42884
42888
42902
42903
42908
42908
42925
42931
42933
42938
42939
42940
42946
42947
42952
42953
42953
42954
42956
42964
42964
42978
42983
42994
42995
43007
43011
43016
43018
43036
43038
43040
43044
43063
43066
43083
43090
43092
43093
43108
43121
43122
43123
43128
43135
43140
43141
43148
43150
43155
43156
43162
43163
43168
43171
43171
43181
43183
43197
43204
43209
43209
43209
43236
43242
43257
43257
43258
43263
43283
43288
43291
43314
43315
43318
43333
43341
43351
43351
43356
43359
43365
43368
43370
43371
43376
43391
43391
43393
43410
43410
43412
43417
43419
43424
43425
43427
43438
43442
43443
43448
43452
43457
43460
43461
43464
43465
43468
43478
43489
43489
43494
43499
43500
43504
43504
43517
43520
43520
43521
43524
43525
43528
43530
43536
43536
43537
43540
43544
43549
43551
43556
43557
43582
43587
43587
43597
43598
43603
43605
43640
43659
43660
43665
43675
43676
43679
43685
43693
43695
43703
43703
43704
43706
43712
43714
43715
43717
43735
43744
43752
43756
43758
43766
43770
43772
43775
43779
43781
43783
43783
43789
43789
43797
43799
43801
43807
43817
43821
43832
43840
43841
43846
43857
43857
43862
43878
43882
43882
43896
43900
43902
43904
43913
43931
43932
43941
43946
43947
43953
43956
43957
43960
43962
43964
43966
43980
43985
43989
43989
43991
43993
43998
43999
44004
44018
44020
44025
44047
44049
44051
44052
44067
44068
44068
44072
44075
44091
44100
44109
44111
44111
44113
44116
44118
44139
44141
44150
44155
44161
44161
44165
44167
44169
44174
44174
44177
44187
44190
44192
44207
44212
44217
44222
44225
44225
44227
44257
44264
44266
44275
44283
44295
44298
44300
44302
44308
44309
44310
44316
44323
44327
44333
44336
44340
44346
44352
44353
44357
44362
44367
44374
44383
44384
44387
44398
44399
44411
44420
44421
44435
44441
44441
44443
44454
44454
44454
44455
44456
44456
44468
44474
44476
44485
44492
44496
44496
44497
44509
44515
44518
44534
44535
44541
44543
44550
44559
44567
44568
44568
44572
44579
44597
44602
44608
44611
44621
44624
44634
44644
44647
44647
44649
44653
44654
44658
44663
44664
44666
44667
44670
44672
44672
44678
44681
44684
44693
44694
44704
44705
44707
44709
44715
44716
44718
44722
44725
44726
44730
44732
44738
44742
44746
44749
44749
44751
44760
44769
44770
44780
44793
44795
44798
44801
44805
44806
44815
44820
44821
44823
44828
44830
44830
44842
44851
44865
44875
44881
44881
44882
44887
44903
44906
44913
44916
44917
44918
44925
44937
44943
44952
44952
44952
44961
44983
44996
45010
45011
45012
45013
45015
45019
45020
45031
45034
45041
45048
45050
45051
45052
45064
45069
45078
45087
45088
45095
45097
45099
45107
45108
45108
45111
45113
45122
45125
45133
45134
45135
45136
45138
45141
45143
45144
45148
45149
45150
45152
45153
45156
45161
45168
45170
45174
45199
45201
45204
45216
45219
45221
45222
45231
45248
45249
45265
45270
45273
45275
45280
45297
45306
45315
45322
45337
45342
45353
45367
45377
45379
45389
45390
45400
45402
45404
45417
45420
45421
45421
45426
45429
45430
45435
45442
45445
45448
45449
45459
45466
45475
45484
45485
45488
45491
45494
45496
45497
45500
45507
45509
45529
45534
45536
45544
45550
45550
45554
45556
45557
45563
45567
45569
45573
45574
45587
45593
45606
45612
45615
45624
45627
45627
45633
45635
45655
45658
45658
45661
45671
45682
45687
45687
45689
45695
45696
45701
45701
45703
45708
45719
45725
45727
45738
45740
45741
45742
45748
45754
45757
45762
45780
45782
45786
45792
45808
45821
45835
45846
45847
45865
45866
45870
45872
45873
45880
45881
45885
45891
45892
45897
45922
45922
45923
45923
45923
45930
45930
45934
45936
45939
45940
45942
45950
45959
45969
45978
45986
45990
45995
45999
46001
46001
46006
46007
46013
46019
46029
46029
46040
46047
46052
46066
46072
46081
46089
46090
46092
46098
46098
46100
46100
46102
46102
46107
46112
46114
46120
46144
46158
46163
46164
46164
46170
46172
46177
46178
46181
46182
46185
46189
46193
46193
46206
46234
46236
46251
46255
46260
46261
46270
46272
46274
46276
46279
46281
46297
46316
46323
46328
46342
46348
46359
46360
46363
46370
46373
46378
46385
46387
46389
46394
46395
46403
46411
46417
46431
46433
46433
46436
46441
46443
46446
46446
46450
46456
46468
46469
46471
46478
46486
46493
46497
46499
46505
46507
46511
46515
46515
46522
46525
46530
46535
46537
46538
46542
46543
46546
46546
46549
46555
46559
46567
46568
46571
46573
46579
46579
46585
46590
46590
46591
46592
46601
46611
46614
46619
46626
46628
46640
46641
46648
46662
46666
46672
46683
46690
46694
46697
46701
46703
46703
46704
46710
46717
46717
46719
46727
46731
46738
46742
46744
46744
46749
46757
46760
46766
46776
46779
46789
46809
46813
46814
46815
46823
46823
46824
46834
46835
46836
46837
46840
46844
46844
46851
46853
46854
46858
46860
46868
46869
46870
46877
46880
46881
46882
46889
46890
46894
46894
46895
46895
46903
46905
46912
46915
46922
46925
46927
46928
46929
46940
46941
46942
46943
46946
46961
46963
46967
46970
46971
46973
46979
46980
46985
47002
47007
47018
47024
47024
47026
47039
47039
47042
47053
47053
47063
47071
47072
47080
47087
47092
47095
47112
47114
47118
47120
47136
47138
47145
47146
47149
47152
47160
47164
47165
47175
47177
47190
47199
47204
47204
47206
47214
47221
47225
47227
47227
47229
47230
47232
47236
47236
47240
47242
47245
47248
47249
47249
47256
47258
47267
47271
47286
47296
47297
47313
47328
47330
47331
47336
47348
47353
47355
47366
47367
47368
47373
47376
47381
47382
47386
47400
47409
47414
47428
47438
47439
47442
47445
47446
47449
47452
47454
47455
47459
47462
47464
47465
47473
47477
47478
47492
47496
47497
47497
47499
47505
47509
47516
47519
47533
47536
47539
47541
47543
47545
47545
47546
47547
47561
47575
47578
47581
47582
47597
47599
47600
47601
47603
47603
47606
47607
47608
47608
47610
47630
47641
47641
47642
47643
47644
47645
47646
47655
47657
47661
47663
47669
47671
47673
47675
47678
47680
47681
47686
47687
47690
47698
47701
47707
47707
47712
47713
47716
47718
47718
47718
47726
47733
47740
47759
47762
47766
47767
47771
47774
47778
47790
47796
47803
47804
47813
47817
47820
47826
47827
47829
47843
47843
47848
47850
47857
47864
47865
47867
47871
47876
47881
47884
47888
47888
47893
47895
47901
47908
47911
47912
47921
47922
47923
47931
47932
47934
47934
47935
47939
47943
47948
47955
47956
47960
47961
47961
47978
47992
47996
48008
48012
48013
48024
48026
48037
48046
48050
48051
48073
48108
48109
48111
48116
48120
48130
48144
48145
48146
48153
48161
48163
48164
48165
48167
48172
48178
48181
48183
48183
48185
48192
48204
48209
48227
48229
48239
48240
48241
48250
48252
48253
48254
48256
48258
48264
48268
48269
48269
48274
48274
48278
48289
48298
48316
48316
48328
48329
48331
48332
48334
48335
48337
48338
48338
48338
48339
48339
48344
48349
48350
48353
48354
48361
48363
48370
48373
48376
48380
48386
48388
48393
48399
48404
48419
48431
48432
48434
48437
48439
48450
48452
48453
48462
48463
48464
48467
48481
48488
48496
48501
48502
48504
48510
48510
48511
48513
48524
48526
48534
48536
48538
48561
48562
48562
48574
48579
48588
48590
48599
48615
48616
48616
48618
48618
48618
48627
48628
48638
48648
48653
48664
48671
48674
48677
48678
48680
48681
48683
48687
48694
48696
48724
48730
48731
48732
48737
48740
48741
48748
48750
48761
48773
48773
48775
48776
48782
48785
48792
48794
48797
48804
48810
48815
48817
48822
48824
48825
48826
48837
48843
48843
48844
48848
48848
48849
48855
48858
48862
48865
48867
48868
48876
48876
48878
48880
48886
48888
48890
48892
48893
48894
48895
48903
48909
48910
48913
48920
48921
48923
48933
48937
48942
48949
48958
48962
48963
48964
48967
48973
48982
48986
48987
48988
48996
49002
49005
49012
49013
49015
49028
49029
49034
49039
49042
49042
49044
49046
49056
49059
49063
49066
49077
49078
49081
49090
49093
49095
49110
49117
49127
49127
49129
49133
49139
49145
49150
49158
49161
49164
49170
49175
49197
49210
49221
49224
49224
49224
49227
49236
49239
49239
49241
49244
49265
49268
49269
49279
49280
49302
49305
49307
49312
49321
49323
49337
49340
49371
49377
49378
49385
49393
49400
49400
49408
49408
49408
49411
49412
49426
49433
49433
49442
49447
49447
49451
49459
49465
49470
49473
49481
49485
49485
49509
49519
49522
49529
49529
49531
49535
49546
49547
49549
49550
49553
49556
49567
49570
49573
49574
49575
49575
49577
49581
49583
49586
49587
49601
49609
49611
49612
49619
49620
49624
49630
49634
49634
49640
49649
49649
49654
49662
49670
49681
49681
49693
49695
49697
49701
49712
49719
49720
49739
49748
49749
49756
49758
49769
49770
49778
49788
49797
49803
49803
49813
49817
49829
49839
49840
49841
49843
49845
49847
49850
49850
49851
49853
49855
49864
49869
49870
49871
49879
49893
49899
49904
49936
49950
49961
49964
49973
49980
49986
49988
49992
49993
49994
50001
50015
50016
50017
50021
50031
50041
50057
50073
50077
50083
50100
50100
50110
50111
50113
50115
50117
50121
50134
50139
50146
50148
50153
50158
50162
50181
50183
50190
50193
50194
50194
50194
50194
50199
50206
50208
50217
50217
50219
50233
50243
50246
50248
50248
50261
50277
50282
50297
50299
50302
50313
50314
50316
50318
50326
50337
50337
50339
50341
50346
50374
50380
50382
50387
50394
50395
50403
50404
50406
50408
50408
50409
50410
50412
50419
50430
50436
50436
50439
50443
50444
50445
50446
50451
50454
50458
50459
50461
50463
50465
50465
50469
50479
50480
50487
50491
50499
50502
50504
50505
50506
50507
50507
50520
50525
50533
50540
50544
50545
50548
50552
50553
50557
50557
50564
50571
50575
50578
50582
50584
50586
50598
50599
50605
50607
50611
50613
50621
50630
50630
50633
50633
50634
50635
50637
50638
50663
50666
50669
50673
50676
50682
50684
50686
50693
50693
50700
50708
50712
50717
50723
50732
50732
50733
50734
50743
50758
50758
50769
50774
50778
50800
50807
50809
50812
50816
50816
50816
50827
50829
50831
50838
50850
50853
50859
50862
50862
50868
50869
50870
50870
50875
50885
50888
50900
50902
50902
50908
50908
50910
50919
50924
50926
50929
50948
50952
50960
50961
50967
50968
50974
50976
50980
50986
50991
50992
50993
50993
50995
51007
51016
51022
51034
51039
51045
51050
51051
51052
51057
51061
51066
51067
51070
51071
51075
51076
51085
51093
51096
51107
51114
51114
51123
51130
51137
51143
51144
51153
51161
51165
51169
51173
51174
51180
51183
51184
51187
51187
51202
51206
51206
51221
51222
51222
51226
51229
51230
51239
51242
51257
51264
51270
51271
51279
51293
51294
51296
51299
51312
51318
51321
51323
51331
51332
51332
51337
51337
51338
51345
51347
51359
51364
51364
51368
51369
51369
51375
51377
51378
51379
51382
51396
51398
51399
51406
51416
51417
51420
51422
51423
51428
51441
51442
51448
51461
51473
51477
51478
51478
51478
51479
51486
51491
51492
51498
51504
51512
51514
51526
51528
51533
51536
51536
51548
51549
51554
51562
51569
51570
51574
51576
51580
51585
51592
51597
51615
51618
51620
51623
51626
51629
51640
51646
51648
51650
51659
51671
51680
51688
51697
51702
51710
51711
51712
51714
51715
51721
51724
51724
51726
51729
51767
51776
51787
51790
51790
51792
51811
51814
51816
51826
51837
51843
51846
51854
51858
51862
51864
51865
51870
51878
51892
51895
51898
51898
51907
51912
51914
51924
51938
51938
51943
51947
51947
51947
51947
51966
51969
51970
51972
51977
51978
51987
52008
52008
52012
52015
52022
52026
52034
52041
52043
52058
52061
52070
52071
52073
52074
52079
52080
52081
52084
52094
52095
52099
52101
52107
52110
52111
52120
52137
52144
52155
52161
52161
52164
52166
52169
52178
52185
52188
52189
52194
52199
52205
52207
52213
52218
52220
52229
52231
52231
52235
52236
52236
52237
52240
52245
52251
52257
52259
52260
52266
52268
52272
52275
52284
52288
52288
52293
52295
52297
52307
52311
52314
52315
52318
52321
52327
52328
52329
52330
52331
52333
52335
52335
52343
52350
52352
52364
52370
52375
52384
52388
52392
52407
52408
52416
52418
52436
52440
52445
52449
52455
52459
52461
52462
52467
52470
52472
52474
52477
52483
52489
52495
52503
52510
52511
52512
52517
52519
52520
52529
52536
52540
52542
52546
52548
52558
52580
52581
52583
52586
52589
52593
52594
52602
52609
52612
52617
52617
52622
52624
52627
52633
52633
52635
52645
52659
52659
52661
52664
52670
52673
52678
52679
52685
52686
52712
52719
52723
52724
52729
52739
52740
52740
52742
52742
52742
52746
52748
52755
52761
52764
52775
52776
52776
52779
52779
52784
52790
52791
52799
52801
52801
52804
52819
52822
52835
52840
52844
52859
52862
52865
52870
52873
52890
52890
52893
52895
52900
52904
52912
52912
52914
52917
52921
52925
52948
52949
52952
52959
52970
52973
52976
52980
52986
52991
52997
53000
53011
53015
53016
53020
53022
53022
53026
53028
53034
53037
53041
53045
53050
53056
53056
53066
53071
53073
53075
53078
53081
53086
53088
53100
53100
53105
53106
53112
53116
53121
53127
53127
53169
53174
53189
53192
53196
53199
53202
53203
53204
53207
53215
53225
53236
53237
53249
53260
53262
53266
53272
53275
53276
53277
53281
53282
53284
53286
53287
53293
53300
53313
53315
53320
53334
53336
53338
53338
53345
53346
53348
53349
53351
53355
53366
53367
53369
53374
53376
53377
53381
53389
53395
53399
53399
53400
53401
53403
53404
53409
53411
53412
53434
53436
53441
53460
53463
53471
53477
53489
53501
53508
53511
53512
53512
53514
53515
53517
53526
53528
53529
53530
53546
53554
53555
53557
53559
53559
53559
53562
53569
53570
53573
53577
53579
53595
53604
53620
53624
53626
53630
53630
53637
53655
53658
53676
53679
53680
53682
53684
53684
53692
53692
53702
53705
53723
53725
53729
53731
53734
53738
53745
53756
53756
53766
53768
53771
53772
53774
53778
53780
53781
53793
53802
53804
53805
53805
53809
53810
53811
53814
53820
53820
53826
53827
53840
53841
53845
53852
53854
53859
53862
53873
53876
53881
53881
53890
53892
53895
53895
53895
53903
53906
53916
53923
53927
53927
53930
53932
53933
53951
53953
53957
53958
53959
53961
53968
53975
53993
53996
54000
54000
54003
54010
54015
54019
54019
54023
54026
54028
54029
54032
54032
54033
54034
54034
54041
54056
54067
54073
54104
54106
54109
54118
54122
54141
54147
54148
54155
54157
54165
54171
54171
54188
54193
54197
54204
54206
54206
54208
54215
54217
54227
54236
54241
54253
54255
54255
54255
54260
54264
54268
54273
54277
54277
54279
54288
54293
54294
54294
54295
54301
54307
54309
54310
54317
54325
54325
54329
54333
54339
54340
54345
54348
54358
54361
54365
54367
54368
54371
54376
54377
54377
54380
54380
54382
54383
54384
54385
54386
54388
54407
54409
54416
54422
54424
54427
54436
54442
54446
54452
54460
54466
54473
54474
54474
54474
54476
54479
54481
54482
54486
54493
54494
54498
54515
54521
54535
54537
54542
54543
54549
54552
54555
54563
54570
54571
54577
54582
54590
54596
54599
54604
54610
54622
54627
54628
54629
54636
54640
54646
54648
54655
54656
54671
54677
54679
54679
54683
54690
54695
54697
54701
54707
54708
54716
54719
54719
54734
54734
54736
54742
54743
54747
54753
54760
54775
54779
54786
54793
54807
54811
54815
54820
54827
54829
54831
54836
54838
54851
54851
54854
54857
54869
54872
54874
54875
54877
54879
54884
54891
54893
54894
54897
54898
54903
54911
54919
54923
54931
54935
54941
54942
54944
54949
54953
54954
54955
54959
54967
54976
54977
54978
54978
54983
54985
54988
54995
54997
54998
54999
55001
55005
55006
55009
55012
55019
55021
55022
55023
55029
55042
55043
55049
55052
55056
55060
55067
55068
55072
55075
55075
55086
55092
55093
55094
55094
55094
55098
55098
55100
55102
55103
55104
55108
55113
55118
55122
55125
55130
55138
55145
55150
55150
55154
55160
55164
55172
55178
55190
55193
55198
55199
55217
55231
55241
55243
55243
55251
55256
55264
55267
55268
55271
55279
55280
55283
55286
55288
55297
55299
55314
55329
55333
55333
55341
55341
55351
55354
55389
55395
55401
55403
55418
55425
55429
55430
55445
55446
55447
55452
55459
55461
55461
55463
55470
55474
55489
55491
55497
55504
55513
55525
55530
55533
55546
55547
55551
55562
55563
55563
55575
55577
55579
55582
55595
55600
55606
55606
55617
55626
55630
55631
55632
55635
55649
55650
55653
55655
55661
55664
55674
55683
55684
55692
55693
55699
55700
55703
55705
55707
55711
55717
55721
55732
55733
55735
55766
55767
55770
55771
55783
55785
55786
55791
55791
55792
55800
55809
55821
55832
55834
55845
55849
55852
55863
55864
55865
55868
55874
55875
55876
55880
55888
55891
55899
55906
55913
55922
55923
55923
55926
55942
55954
55966
55968
55968
55969
55970
55978
56008
56010
56012
56020
56025
56026
56028
56028
56054
56054
56054
56056
56057
56061
56067
56068
56070
56077
56084
56089
56093
56101
56104
56112
56113
56114
56115
56126
56133
56134
56135
56138
56139
56142
56158
56166
56184
56190
56194
56194
56194
56204
56204
56217
56222
56243
56247
56249
56251
56254
56266
56273
56274
56276
56277
56282
56283
56290
56298
56302
56305
56308
56317
56320
56333
56338
56343
56347
56353
56360
56364
56381
56399
56400
56404
56409
56411
56418
56418
56426
56435
56439
56446
56447
56448
56452
56465
56465
56465
56469
56476
56486
56486
56486
56489
56493
56494
56510
56514
56516
56521
56530
56534
56535
56541
56554
56570
56573
56579
56584
56592
56597
56601
56602
56602
56614
56617
56626
56628
56629
56630
56640
56647
56653
56658
56659
56674
56684
56697
56698
56700
56706
56706
56725
56727
56729
56734
56740
56741
56743
56745
56748
56755
56756
56757
56761
56765
56772
56778
56778
56778
56780
56789
56792
56797
56806
56818
56819
56819
56822
56832
56848
56848
56853
56858
56867
56867
56870
56873
56878
56884
56886
56890
56899
56903
56908
56912
56914
56915
56923
56927
56933
56936
56938
56939
56944
56945
56963
56965
56970
56973
56979
56983
56987
57008
57009
57012
57029
57031
57037
57042
57049
57051
57061
57063
57064
57072
57081
57084
57093
57106
57116
57118
57123
57137
57137
57142
57144
57144
57150
57151
57151
57155
57160
57165
57170
57175
57177
57180
57183
57188
57189
57192
57194
57196
57206
57209
57214
57220
57224
57225
57227
57244
57246
57246
57251
57261
57261
57267
57268
57272
57273
57277
57277
57282
57286
57291
57295
57301
57316
57318
57318
57323
57323
57335
57347
57348
57354
57356
57358
57359
57365
57390
57395
57397
57416
57416
57417
57421
57431
57432
57443
57449
57449
57457
57471
57475
57482
57489
57492
57498
57501
57501
57503
57511
57512
57512
57518
57518
57528
57532
57542
57545
57550
57553
57560
57564
57565
57573
57582
57582
57583
57584
57592
57594
57600
57605
57610
57617
57619
57623
57640
57645
57646
57649
57655
57664
57669
57670
57674
57676
57689
57691
57692
57694
57700
57703
57707
57708
57709
57723
57727
57728
57731
57731
57732
57732
57736
57756
57759
57765
57779
57780
57781
57782
57785
57786
57799
57804
57806
57807
57809
57812
57818
57833
57840
57843
57844
57845
57850
57862
57879
57880
57882
57886
57887
57888
57896
57900
57902
57906
57906
57907
57913
57923
57925
57926
57926
57927
57936
57956
57959
57964
57967
57967
57968
57969
57971
57973
57975
57977
57978
57981
57982
57986
57990
57990
57998
58012
58013
58015
58015
58019
58022
58023
58028
58043
58046
58048
58050
58054
58061
58065
58072
58077
58080
58084
58100
58103
58104
58108
58113
58115
58119
58119
58121
58124
58129
58148
58149
58154
58158
58175
58181
58191
58193
58196
58206
58209
58214
58224
58236
58239
58243
58245
58258
58264
58267
58276
58276
58277
58281
58283
58284
58291
58293
58293
58296
58297
58304
58312
58313
58326
58328
58331
58338
58338
58339
58339
58339
58344
58354
58376
58387
58388
58395
58396
58397
58397
58399
58400
58403
58405
58406
58407
58407
58407
58413
58424
58431
58439
58442
58443
58454
58455
58456
58459
58461
58461
58464
58466
58468
58468
58469
58475
58478
58479
58483
58492
58498
58502
58513
58516
58516
58522
58531
58534
58542
58562
58562
58565
58566
58568
58571
58574
58579
58588
58589
58598
58621
58622
58624
58627
58630
58634
58637
58641
58644
58651
58654
58656
58660
58673
58676
58679
58686
58689
58701
58708
58710
58723
58726
58728
58728
58734
58739
58759
58763
58763
58773
58775
58778
58781
58783
58783
58788
58791
58802
58803
58806
58807
58811
58817
58821
58825
58827
58833
58833
58834
58845
58846
58854
58859
58861
58864
58867
58870
58876
58877
58891
58905
58907
58916
58919
58920
58923
58925
58930
58936
58941
58948
58948
58948
58949
58959
58959
58964
58966
58966
58968
58979
58990
58994
59001
59005
59010
59019
59022
59024
59033
59034
59063
59065
59065
59073
59074
59084
59089
59092
59098
59100
59106
59109
59111
59111
59127
59130
59144
59146
59164
59171
59176
59176
59184
59188
59195
59196
59205
59210
59220
59223
59229
59234
59235
59244
59251
59255
59255
59255
59259
59260
59260
59261
59263
59263
59263
59270
59273
59273
59274
59276
59278
59281
59287
59287
59294
59301
59306
59319
59320
59322
59328
59330
59331
59337
59343
59358
59358
59361
59374
59376
59379
59379
59380
59381
59402
59408
59415
59416
59439
59441
59444
59457
59460
59465
59465
59477
59480
59494
59495
59508
59511
59516
59519
59528
59532
59557
59562
59563
59568
59574
59590
59592
59592
59609
59612
59613
59631
59632
59641
59657
59658
59658
59676
59677
59680
59680
59691
59699
59701
59703
59710
59714
59716
59717
59720
59722
59726
59732
59737
59739
59745
59748
59757
59761
59761
59764
59768
59774
59774
59777
59778
59778
59794
59802
59803
59805
59809
59809
59811
59819
59822
59824
59826
59831
59837
59837
59842
59846
59846
59846
59846
59853
59858
59864
59874
59882
59883
59889
59892
59901
59906
59909
59909
59912
59912
59915
59919
59919
59923
59929
59931
59934
59935
59947
59949
59953
59954
59970
59979
59989
59995
59995
60001
60025
60026
60043
60051
60058
60063
60070
60072
60076
60079
60080
60086
60090
60096
60105
60110
60114
60124
60132
60135
60136
60140
60159
60170
60174
60175
60179
60184
60184
60193
60198
60211
60213
60216
60217
60217
60230
60237
60244
60247
60249
60256
60263
60268
60271
60273
60277
60278
60278
60287
60293
60300
60311
60313
60317
60318
60326
60331
60338
60342
60347
60348
60352
60356
60358
60363
60364
60368
60375
60382
60388
60398
60409
60409
60411
60414
60414
60417
60420
60427
60442
60445
60467
60472
60474
60479
60480
60484
60487
60494
60503
60503
60504
60511
60512
60515
60520
60520
60529
60530
60530
60536
60536
60539
60543
60546
60557
60557
60557
60562
60568
60578
60581
60583
60585
60591
60595
60608
60621
60621
60621
60623
60625
60626
60627
60628
60631
60632
60632
60634
60635
60637
60647
60657
60662
60678
60683
60683
60700
60705
60717
60725
60732
60732
60739
60741
60743
60747
60751
60769
60770
60779
60780
60801
60830
60830
60832
60834
60837
60837
60845
60848
60852
60862
60868
60869
60877
60879
60886
60888
60899
60905
60906
60915
60923
60931
60937
60941
60945
60948
60949
60952
60955
60958
60964
60966
60978
60989
60991
60993
60994
60997
61006
61009
61010
61036
61038
61047
61064
61067
61070
61073
61073
61075
61077
61079
61086
61089
61096
61097
61100
61100
61103
61103
61114
61115
61118
61125
61129
61132
61134
61142
61144
61148
61150
61157
61170
61177
61180
61187
61189
61193
61200
61205
61209
61212
61223
61226
61228
61233
61238
61242
61244
61247
61247
61252
61255
61259
61262
61274
61287
61289
61304
61307
61308
61311
61327
61330
61332
61339
61343
61350
61361
61366
61378
61384
61385
61392
61395
61413
61421
61424
61433
61435
61438
61446
61448
61452
61452
61452
61462
61466
61473
61488
61492
61494
61495
61518
61522
61527
61535
61550
61556
61560
61560
61567
61576
61582
61585
61585
61586
61591
61598
61599
61600
61610
61612
61613
61615
61628
61636
61637
61639
61640
61642
61646
61657
61658
61664
61674
61678
61679
61681
61684
61689
61690
61702
61704
61708
61711
61713
61720
61720
61727
61727
61729
61732
61734
61734
61735
61738
61739
61740
61741
61741
61743
61744
61764
61771
61780
61790
61790
61795
61795
61798
61801
61809
61810
61814
61816
61818
61819
61822
61829
61830
61837
61843
61846
61860
61862
61867
61868
61872
61878
61879
61888
61888
61891
61907
61907
61919
61921
61922
61926
61928
61945
61946
61951
61953
61959
61959
61961
61963
61971
61980
61982
61995
62000
62006
62009
62013
62013
62017
62017
62019
62020
62020
62037
62041
62042
62050
62050
62051
62052
62057
62060
62074
62076
62077
62083
62094
62096
62102
62106
62108
62108
62109
62123
62123
62125
62130
62138
62139
62143
62149
62152
62153
62157
62164
62165
62167
62170
62171
62174
62180
62182
62189
62189
62195
62198
62198
62200
62208
62213
62218
62225
62228
62230
62237
62255
62257
62259
62265
62266
62269
62272
62274
62275
62280
62283
62288
62294
62296
62298
62305
62306
62308
62312
62321
62323
62323
62337
62341
62344
62352
62359
62361
62365
62366
62368
62377
62385
62390
62397
62397
62398
62403
62404
62410
62415
62415
62429
62432
62437
62442
62446
62464
62467
62469
62481
62482
62485
62490
62495
62496
62496
62510
62511
62518
62520
62521
62532
62548
62551
62553
62559
62559
62560
62564
62564
62573
62580
62587
62590
62591
62596
62596
62605
62606
62608
62615
62615
62620
62624
62634
62635
62637
62650
62653
62655
62658
62659
62666
62670
62678
62685
62692
62695
62699
62703
62712
62720
62730
62737
62739
62741
62755
62762
62763
62764
62769
62773
62777
62778
62783
62787
62793
62794
62795
62802
62818
62822
62825
62829
62833
62838
62843
62849
62853
62854
62861
62864
62871
62889
62891
62893
62905
62905
62911
62918
62918
62919
62919
62921
62921
62922
62924
62927
62934
62939
62943
62945
62955
62956
62956
62960
62962
62962
62964
62965
62973
62974
62978
62987
62991
63013
63014
63018
63032
63034
63038
63039
63041
63063
63079
63087
63087
63098
63112
63112
63116
63127
63128
63133
63139
63143
63152
63164
63164
63180
63183
63183
63184
63193
63193
63194
63196
63211
63214
63214
63214
63215
63217
63221
63222
63224
63228
63230
63233
63233
63242
63243
63251
63260
63267
63270
63271
63274
63277
63299
63305
63306
63321
63327
63328
63356
63361
63362
63363
63364
63371
63374
63389
63391
63394
63410
63420
63420
63426
63431
63434
63449
63457
63461
63463
63464
63474
63476
63494
63497
63501
63507
63510
63517
63524
63536
63538
63547
63549
63562
63562
63571
63578
63580
63580
63598
63600
63601
63617
63618
63621
63628
63630
63630
63632
63641
63642
63643
63645
63655
63662
63663
63666
63679
63680
63680
63692
63700
63703
63709
63710
63716
63723
63726
63729
63735
63738
63739
63741
63744
63750
63750
63754
63754
63755
63761
63770
63771
63773
63777
63778
63784
63785
63787
63788
63790
63791
63792
63807
63809
63812
63820
63822
63823
63823
63825
63834
63835
63838
63841
63844
63846
63852
63858
63863
63866
63888
63888
63897
63912
63919
63927
63930
63935
63940
63941
63943
63944
63947
63951
63956
63984
63984
63995
64024
64024
64032
64037
64041
64043
64044
64044
64048
64051
64051
64054
64059
64059
64072
64073
64074
64081
64082
64088
64095
64099
64104
64111
64111
64112
64124
64125
64132
64136
64139
64141
64145
64153
64174
64179
64180
64192
64195
64197
64201
64206
64206
64208
64211
64217
64222
64222
64230
64231
64234
64234
64236
64246
64248
64268
64278
64281
64285
64287
64299
64301
64311
64324
64340
64341
64344
64364
64376
64380
64403
64409
64412
64420
64426
64430
64430
64432
64432
64434
64440
64443
64457
64462
64469
64470
64470
64473
64479
64484
64485
64486
64486
64491
64496
64506
64516
64526
64530
64544
64545
64553
64554
64556
64567
64573
64583
64586
64587
64588
64589
64591
64595
64595
64598
64606
64616
64617
64618
64625
64626
64634
64642
64652
64652
64656
64664
64666
64667
64668
64669
64670
64671
64701
64703
64705
64709
64710
64711
64712
64718
64720
64723
64734
64738
64741
64743
64745
64748
64752
64762
64763
64765
64766
64766
64773
64781
64782
64787
64790
64803
64806
64810
64814
64816
64822
64822
64825
64833
64835
64848
64853
64854
64865
64866
64870
64874
64878
64880
64885
64893
64899
64903
64904
64904
64907
64908
64908
64928
64930
64943
64943
64944
64945
64953
64955
64956
64960
64961
64961
64974
64974
64975
64991
64995
64999
65002
65010
65014
65019
65026
65051
65053
65056
65059
65064
65076
65077
65078
65085
65087
65093
65095
65101
65104
65106
65117
65133
65150
65177
65178
65182
65191
65193
65195
65196
65196
65197
65202
65205
65208
65208
65208
65209
65215
65217
65223
65228
65236
65245
65246
65253
65254
65255
65259
65270
65274
65274
65277
65281
65288
65293
65298
65299
65301
65303
65310
65328
65331
65334
65336
65336
65347
65348
65348
65352
65359
65366
65374
65374
65375
65382
65387
65395
65401
65404
65405
65414
65417
65427
65429
65434
65441
65442
65445
65458
65461
65468
65469
65470
65471
65483
65483
65489
65491
65504
65505
65506
65509
65513
65517
65521
65526
65537
65538
65539
65539
65541
65545
65546
65554
65572
65578
65591
65603
65607
65610
65611
65611
65620
65630
65633
65635
65639
65642
65648
65648
65649
65652
65653
65661
65671
65675
65677
65682
65685
65688
65692
65692
65696
65696
65702
65702
65704
65711
65720
65722
65726
65733
65757
65761
65762
65777
65780
65781
65782
65782
65784
65794
65798
65803
65812
65834
65837
65842
65845
65852
65852
65861
65861
65862
65862
65863
65865
65870
65879
65884
65893
65896
65907
65911
65913
65920
65921
65927
65932
65932
65935
65945
65949
65956
65986
65990
65995
65995
65998
66008
66008
66012
66020
66021
66022
66028
66029
66059
66059
66059
66060
66065
66072
66079
66080
66081
66099
66105
66105
66122
66131
66132
66139
66139
66141
66149
66152
66153
66161
66180
66188
66189
66191
66205
66216
66220
66221
66225
66232
66235
66239
66242
66243
66244
66248
66251
66251
66259
66269
66273
66286
66286
66288
66299
66305
66312
66315
66317
66317
66319
66328
66336
66336
66339
66348
66357
66360
66361
66362
66364
66376
66379
66382
66392
66395
66398
66400
66415
66420
66420
66423
66430
66436
66451
66454
66455
66456
66460
66477
66488
66490
66492
66508
66513
66514
66516
66522
66535
66536
66537
66539
66540
66554
66561
66565
66570
66570
66572
66581
66586
66587
66594
66601
66603
66612
66616
66619
66620
66620
66624
66624
66630
66632
66632
66639
66642
66645
66646
66647
66652
66666
66670
66678
66679
66682
66683
66684
66686
66686
66687
66689
66693
66695
66695
66696
66708
66711
66713
66714
66720
66722
66724
66730
66742
66743
66746
66762
66773
66775
66777
66777
66779
66779
66781
66785
66790
66794
66801
66817
66820
66822
66836
66841
66843
66844
66844
66852
66858
66861
66866
66874
66878
66882
66886
66887
66887
66891
66901
66901
66902
66903
66904
66916
66926
66933
66941
66945
66951
66953
66955
66957
66960
66966
66973
66986
66988
66993
66995
67012
67022
67025
67028
67029
67050
67051
67053
67058
67062
67064
67076
67079
67086
67087
67090
67097
67110
67112
67120
67121
67124
67145
67150
67153
67154
67163
67164
67171
67171
67175
67177
67178
67182
67183
67187
67188
67195
67196
67197
67203
67205
67206
67210
67212
67217
67218
67235
67239
67245
67261
67262
67273
67280
67285
67289
67292
67296
67299
67304
67312
67317
67318
67327
67331
67331
67335
67336
67338
67339
67344
67348
67350
67351
67353
67355
67357
67374
67380
67381
67382
67394
67396
67402
67406
67416
67420
67425
67426
67428
67429
67431
67432
67433
67434
67440
67442
67442
67447
67449
67452
67464
67465
67465
67466
67467
67475
67488
67494
67500
67500
67502
67512
67516
67526
67534
67534
67543
67552
67564
67570
67571
67575
67577
67583
67589
67591
67591
67593
67601
67604
67608
67613
67614
67615
67618
67623
67628
67631
67637
67637
67639
67646
67649
67650
67651
67656
67658
67666
67667
67669
67675
67682
67691
67696
67697
67698
67703
67705
67710
67710
67711
67712
67719
67725
67735
67742
67744
67751
67764
67770
67779
67787
67787
67789
67801
67811
67813
67814
67820
67824
67824
67825
67826
67830
67833
67841
67843
67855
67856
67856
67861
67866
67869
67881
67883
67884
67885
67902
67902
67907
67911
67917
67920
67922
67924
67929
67932
67933
67937
67938
67942
67950
67958
67962
67965
67967
67970
67972
67972
67973
67978
67981
67987
67994
67994
68002
68006
68009
68012
68012
68014
68018
68019
68028
68037
68037
68048
68052
68057
68059
68064
68073
68083
68089
68090
68095
68097
68101
68101
68106
68107
68108
68114
68122
68126
68126
68127
68148
68166
68177
68181
68187
68193
68197
68212
68219
68232
68239
68240
68243
68247
68250
68254
68255
68255
68258
68263
68281
68286
68287
68288
68296
68309
68318
68328
68330
68332
68335
68338
68345
68347
68356
68358
68379
68381
68381
68386
68395
68395
68416
68417
68420
68423
68425
68429
68434
68438
68451
68452
68465
68475
68477
68490
68496
68500
68504
68510
68529
68531
68531
68541
68544
68551
68561
68574
68581
68582
68584
68585
68599
68599
68600
68600
68601
68606
68611
68620
68622
68629
68638
68650
68652
68655
68666
68671
68686
68709
68709
68709
68722
68723
68725
68728
68731
68737
68741
68745
68770
68771
68771
68772
68774
68775
68779
68781
68784
68784
68788
68795
68799
68813
68817
68818
68820
68821
68827
68833
68837
68841
68855
68861
68861
68872
68873
68893
68901
68904
68905
68912
68921
68944
68949
68954
68966
68973
68973
68980
68982
68990
68992
68995
68999
69001
69001
69008
69017
69018
69024
69027
69030
69032
69035
69037
69044
69046
69049
69049
69055
69062
69063
69065
69066
69067
69070
69072
69075
69080
69099
69099
69103
69104
69109
69114
69116
69127
69144
69148
69149
69151
69151
69153
69163
69168
69176
69179
69192
69195
69198
69199
69202
69207
69208
69218
69225
69237
69244
69248
69249
69254
69255
69255
69257
69267
69270
69282
69287
69291
69293
69295
69297
69305
69319
69320
69341
69343
69343
69350
69358
69358
69365
69373
69374
69384
69388
69395
69397
69398
69405
69411
69414
69414
69420
69420
69422
69429
69434
69448
69450
69452
69457
69459
69461
69461
69464
69475
69481
69490
69495
69497
69499
69508
69517
69518
69523
69527
69528
69535
69543
69546
69546
69550
69569
69571
69574
69579
69583
69597
69603
69608
69611
69623
69632
69637
69640
69642
69644
69650
69650
69651
69652
69654
69657
69665
69677
69683
69685
69694
69695
69702
69703
69703
69716
69717
69718
69718
69723
69727
69734
69737
69737
69740
69741
69741
69753
69766
69770
69770
69774
69777
69779
69790
69791
69801
69806
69811
69811
69811
69811
69812
69819
69831
69835
69854
69856
69862
69862
69866
69867
69878
69889
69890
69890
69905
69906
69906
69923
69925
69929
69930
69938
69939
69939
69941
69941
69944
69949
69950
69954
69956
69963
69964
69974
69978
69986
69987
69993
69994
70013
70021
70023
70029
70032
70041
70046
70053
70059
70064
70079
70080
70088
70092
70094
70098
70105
70107
70109
70110
70114
70118
70122
70125
70130
70133
70140
70144
70146
70149
70152
70164
70164
70167
70180
70189
70191
70194
70201
70214
70217
70226
70227
70234
70248
70249
70252
70260
70275
70280
70280
70283
70295
70305
70309
70326
70326
70330
70331
70331
70332
70332
70334
70342
70350
70355
70356
70372
70387
70391
70400
70401
70402
70415
70418
70426
70426
70432
70433
70434
70443
70453
70477
70479
70486
70493
70497
70498
70507
70508
70520
70523
70524
70527
70530
70536
70538
70541
70542
70544
70545
70553
70560
70561
70562
70564
70566
70574
70577
70578
70579
70585
70587
70594
70596
70596
70599
70600
70605
70607
70609
70610
70618
70619
70624
70636
70639
70643
70644
70650
70650
70654
70664
70665
70674
70684
70689
70690
70692
70703
70709
70723
70740
70746
70765
70770
70770
70779
70782
70785
70786
70787
70800
70804
70816
70816
70819
70823
70829
70831
70831
70837
70851
70858
70862
70871
70873
70874
70883
70885
70890
70891
70891
70892
70898
70900
70902
70907
70909
70912
70924
70926
70932
70939
70946
70948
70950
70964
70973
70975
70985
70989
70992
70994
71003
71012
71015
71019
71027
71028
71035
71044
71050
71052
71055
71055
71059
71068
71069
71074
71077
71082
71083
71085
71090
71096
71098
71102
71107
71111
71111
71116
71122
71131
71138
71149
71153
71157
71166
71167
71175
71180
71183
71185
71187
71191
71191
71200
71204
71204
71205
71208
71208
71215
71218
71219
71221
71229
71241
71241
71244
71250
71252
71256
71256
71281
71285
71285
71295
71296
71297
71308
71308
71311
71313
71315
71319
71325
71331
71333
71334
71336
71357
71379
71385
71387
71403
71406
71408
71414
71417
71422
71422
71428
71445
71448
71472
71485
71488
71492
71498
71501
71503
71503
71504
71511
71518
71523
71528
71532
71537
71540
71550
71556
71561
71561
71570
71572
71574
71575
71575
71581
71586
71599
71599
71602
71603
71610
71610
71611
71614
71621
71623
71627
71632
71637
71638
71646
71654
71657
71661
71664
71666
71670
71671
71676
71695
71696
71707
71711
71714
71717
71718
71727
71745
71747
71755
71763
71763
71770
71771
71775
71775
71783
71786
71786
71790
71794
71804
71811
71819
71824
71828
71839
71847
71848
71848
71850
71855
71862
71862
71864
71865
71866
71880
71892
71901
71911
71919
71919
71922
71931
71931
71937
71941
71943
71947
71955
71967
71974
71979
71980
71984
71989
71995
71997
71999
71999
72024
72038
72041
72044
72044
72046
72054
72064
72075
72078
72080
72090
72105
72110
72133
72134
72136
72144
72147
72155
72155
72159
72159
72160
72166
72169
72172
72173
72174
72175
72176
72178
72204
72216
72221
72226
72227
72230
72232
72233
72237
72243
72243
72249
72253
72254
72262
72262
72266
72268
72274
72284
72289
72291
72294
72295
72304
72321
72331
72339
72344
72344
72344
72346
72356
72356
72362
72363
72367
72376
72378
72378
72385
72387
72393
72405
72405
72409
72424
72429
72432
72433
72435
72437
72439
72451
72457
72462
72464
72480
72482
72484
72486
72486
72490
72492
72494
72495
72496
72502
72505
72506
72507
72512
72514
72516
72518
72526
72532
72537
72542
72549
72552
72557
72559
72559
72569
72573
72583
72586
72593
72595
72610
72621
72624
72626
72631
72635
72635
72639
72646
72646
72651
72652
72653
72655
72660
72660
72673
72680
72682
72682
72687
72692
72699
72715
72719
72723
72724
72745
72758
72759
72765
72776
72781
72782
72784
72785
72798
72801
72807
72809
72811
72815
72817
72819
72820
72826
72839
72844
72846
72863
72866
72873
72876
72876
72880
72894
72902
72904
72909
72911
72916
72918
72921
72922
72924
72925
72925
72929
72929
72933
72933
72952
72953
72978
73000
73001
73007
73008
73016
73017
73019
73024
73025
73032
73050
73065
73065
73065
73068
73074
73077
73085
73097
73105
73115
73119
73141
73146
73170
73176
73184
73185
73188
73194
73200
73201
73207
73213
73216
73224
73225
73233
73233
73235
73246
73248
73251
73270
73271
73274
73275
73284
73289
73292
73300
73306
73311
73321
73334
73334
73338
73342
73342
73343
73344
73352
73360
73360
73363
73370
73372
73372
73373
73380
73382
73387
73387
73396
73403
73421
73424
73440
73449
73463
73465
73470
73475
73475
73476
73478
73479
73479
73483
73490
73504
73506
73529
73530
73540
73546
73546
73547
73555
73559
73565
73568
73571
73572
73575
73576
73576
73579
73583
73601
73602
73608
73614
73615
73617
73622
73624
73631
73633
73636
73654
73654
73665
73671
73674
73675
73677
73678
73681
73690
73692
73694
73709
73711
73717
73723
73733
73743
73744
73752
73759
73764
73767
73770
73775
73781
73784
73790
73796
73800
73810
73811
73814
73818
73819
73822
73823
73824
73826
73841
73852
73853
73855
73856
73858
73861
73867
73875
73876
73884
73896
73910
73910
73914
73923
73926
73927
73934
73937
73937
73945
73951
73955
73957
73967
73968
73970
73978
74001
74003
74009
74011
74012
74016
74021
74028
74031
74031
74038
74041
74041
74045
74047
74056
74062
74069
74070
74080
74088
74099
74106
74117
74120
74127
74128
74138
74143
74153
74158
74158
74159
74165
74166
74168
74171
74175
74178
74183
74193
74195
74208
74230
74249
74261
74262
74277
74281
74281
74295
74297
74304
74309
74324
74325
74326
74331
74335
74336
74349
74355
74359
74362
74380
74382
74402
74403
74407
74411
74411
74426
74427
74443
74449
74449
74458
74464
74481
74483
74486
74491
74493
74497
74498
74501
74509
74522
74523
74525
74526
74529
74533
74537
74538
74542
74545
74549
74550
74554
74555
74555
74556
74557
74561
74571
74576
74579
74586
74596
74597
74605
74609
74612
74615
74618
74624
74626
74634
74637
74642
74648
74660
74661
74661
74664
74665
74666
74668
74669
74671
74683
74688
74694
74695
74701
74702
74712
74717
74718
74733
74733
74737
74743
74743
74751
74751
74758
74761
74763
74764
74764
74770
74774
74779
74779
74782
74784
74793
74806
74810
74810
74811
74813
74816
74826
74835
74836
74847
74848
74852
74893
74896
74898
74900
74902
74906
74907
74910
74911
74911
74915
74921
74928
74933
74933
74934
74934
74936
74936
74938
74942
74947
74952
74954
74963
74966
74966
74969
74969
74980
74990
74996
75003
75006
75011
75012
75015
75017
75019
75025
75032
75034
75036
75037
75050
75051
75059
75059
75068
75076
75085
75088
75089
75092
75116
75118
75138
75139
75142
75149
75150
75150
75157
75158
75158
75173
75181
75182
75188
75195
75200
75218
75219
75222
75222
75231
75233
75234
75242
75249
75250
75251
75253
75267
75270
75276
75284
75285
75293
75294
75295
75298
75302
75310
75313
75317
75326
75326
75347
75353
75357
75360
75377
75394
75396
75402
75411
75413
75415
75417
75431
75433
75437
75438
75441
75448
75448
75451
75460
75460
75466
75481
75484
75496
75498
75501
75511
75512
75513
75514
75514
75519
75519
75523
75531
75531
75539
75541
75549
75553
75557
75563
75569
75570
75571
75577
75580
75584
75589
75592
75595
75600
75605
75608
75610
75621
75625
75645
75646
75647
75647
75649
75662
75670
75672
75681
75685
75686
75689
75701
75706
75708
75717
75718
75720
75727
75732
75735
75737
75748
75749
75751
75757
75758
75782
75791
75801
75805
75805
75806
75811
75817
75819
75820
75825
75832
75842
75843
75846
75854
75857
75858
75868
75880
75888
75894
75897
75904
75907
75907
75907
75910
75912
75916
75923
75931
75947
75951
75956
75961
75969
75985
75988
75990
75995
76018
76028
76029
76032
76035
76040
76040
76048
76048
76056
76067
76075
76078
76081
76100
76110
76120
76121
76125
76129
76132
76143
76143
76147
76150
76154
76155
76155
76156
76158
76163
76169
76178
76181
76184
76191
76203
76206
76217
76228
76232
76232
76234
76236
76238
76242
76243
76249
76262
76270
76271
76278
76278
76279
76283
76288
76298
76303
76307
76316
76321
76326
76327
76330
76333
76337
76341
76344
76348
76350
76355
76358
76360
76374
76378
76378
76378
76379
76379
76391
76394
76400
76401
76410
76420
76425
76431
76436
76443
76450
76451
76461
76471
76487
76489
76491
76494
76496
76505
76513
76513
76518
76523
76527
76536
76538
76542
76553
76554
76556
76562
76562
76563
76564
76570
76577
76584
76591
76593
76617
76629
76633
76634
76637
76646
76648
76649
76652
76653
76654
76660
76668
76689
76690
76695
76696
76697
76700
76711
76719
76719
76721
76732
76737
76743
76748
76750
76756
76759
76759
76760
76761
76762
76762
76777
76782
76787
76789
76791
76800
76817
76822
76823
76831
76835
76846
76847
76850
76854
76854
76861
76884
76887
76894
76898
76905
76906
76908
76909
76915
76919
76928
76929
76930
76935
76940
76946
76947
76947
76954
76957
76960
76961
76962
76967
76967
76969
76969
76975
76976
76982
76983
76988
76991
76995
76995
76999
77005
77007
77008
77012
77014
77018
77020
77020
77022
77026
77028
77029
77033
77034
77036
77038
77046
77049
77050
77051
77052
77057
77059
77070
77072
77073
77075
77082
77088
77097
77102
77103
77105
77106
77107
77114
77115
77116
77119
77129
77130
77133
77141
77141
77146
77163
77178
77193
77199
77202
77202
77202
77204
77208
77210
77217
77217
77227
77228
77230
77232
77244
77244
77247
77251
77254
77260
77265
77266
77267
77267
77273
77274
77281
77285
77286
77313
77320
77321
77322
77329
77333
77334
77339
77358
77361
77373
77375
77385
77397
77400
77415
77416
77423
77439
77449
77457
77458
77460
77462
77477
77482
77486
77499
77500
77504
77507
77510
77512
77512
77513
77517
77531
77532
77533
77534
77539
77541
77544
77545
77553
77556
77560
77569
77571
77571
77575
77576
77585
77596
77600
77603
77609
77611
77613
77614
77618
77621
77626
77629
77629
77631
77634
77637
77638
77638
77639
77642
77643
77650
77651
77653
77666
77676
77676
77679
77683
77691
77696
77700
77703
77705
77707
77707
77730
77733
77743
77745
77752
77753
77754
77756
77766
77770
77774
77786
77789
77802
77806
77811
77814
77818
77826
77834
77835
77838
77846
77847
77849
77857
77860
77861
77869
77869
77872
77877
77883
77886
77888
77896
77903
77906
77910
77917
77920
77922
77925
77928
77931
77935
77940
77944
77956
77957
77958
77959
77959
77960
77963
77968
77981
78002
78002
78007
78008
78009
78016
78017
78019
78022
78027
78034
78036
78038
78038
78044
78045
78055
78055
78058
78063
78080
78084
78086
78089
78095
78104
78108
78114
78114
78115
78118
78120
78130
78143
78144
78154
78156
78170
78185
78187
78191
78194
78208
78209
78212
78220
78233
78236
78237
78239
78246
78254
78255
78258
78258
78270
78282
78284
78287
78296
78308
78308
78311
78317
78317
78324
78327
78334
78335
78337
78338
78346
78356
78360
78360
78363
78369
78372
78380
78382
78383
78384
78386
78387
78388
78393
78397
78398
78399
78403
78409
78417
78420
78420
78423
78426
78432
78440
78445
78459
78464
78471
78472
78479
78488
78502
78505
78506
78509
78513
78517
78520
78528
78535
78537
78539
78543
78559
78564
78566
78574
78581
78585
78591
78621
78626
78630
78637
78641
78643
78645
78649
78653
78656
78661
78672
78677
78693
78702
78704
78706
78718
78719
78723
78724
78727
78728
78729
78731
78740
78751
78754
78755
78758
78760
78761
78776
78782
78790
78795
78799
78801
78807
78812
78821
78826
78846
78847
78852
78855
78856
78858
78860
78862
78868
78871
78878
78883
78885
78891
78892
78895
78900
78902
78903
78932
78933
78953
78953
78967
78972
78973
78980
78983
78990
78990
78994
78996
79010
79012
79023
79026
79028
79034
79037
79040
79042
79047
79050
79054
79054
79056
79057
79062
79062
79065
79066
79075
79081
79084
79085
79090
79097
79099
79100
79103
79107
79111
79113
79114
79140
79141
79144
79145
79146
79148
79156
79158
79160
79168
79170
79170
79172
79177
79178
79179
79183
79186
79189
79201
79210
79210
79213
79219
79219
79229
79245
79257
79271
79308
79312
79319
79320
79325
79331
79339
79342
79344
79347
79352
79371
79373
79385
79385
79387
79388
79393
79395
79396
79399
79407
79418
79419
79423
79424
79425
79426
79440
79441
79445
79449
79451
79453
79464
79466
79469
79471
79473
79481
79483
79488
79491
79491
79492
79509
79512
79513
79515
79522
79523
79523
79526
79530
79531
79534
79537
79537
79544
79547
79549
79554
79554
79557
79564
79567
79573
79578
79591
79591
79597
79597
79602
79602
79612
79634
79639
79660
79663
79674
79679
79690
79695
79714
79719
79739
79745
79752
79757
79772
79783
79784
79806
79819
79821
79821
79831
79833
79834
79837
79840
79843
79844
79846
79851
79851
79851
79856
79862
79865
79865
79867
79883
79884
79892
79903
79907
79910
79919
79920
79923
79924
79924
79926
79935
79937
79941
79943
79948
79951
79951
79952
79952
79955
79956
79958
79959
79978
79980
79981
79989
79992
79992
79993
80000
80004
80012
80016
80018
80018
80024
80025
80029
80038
80041
80044
80046
80050
80050
80052
80056
80066
80066
80107
80119
80121
80123
80136
80137
80138
80140
80146
80149
80158
80170
80171
80183
80191
80205
80235
80249
80254
80258
80260
80270
80274
80275
80280
80281
80283
80284
80299
80299
80305
80308
80312
80313
80322
80326
80326
80327
80331
80333
80333
80344
80345
80345
80347
80356
80359
80369
80374
80394
80397
80398
80405
80406
80407
80411
80411
80414
80418
80423
80424
80424
80425
80432
80436
80446
80452
80466
80469
80470
80480
80482
80493
80498
80501
80504
80514
80516
80517
80519
80520
80522
80524
80529
80529
80530
80532
80537
80544
80552
80553
80553
80559
80561
80563
80566
80569
80580
80583
80590
80595
80608
80611
80627
80632
80639
80653
80654
80655
80656
80662
80663
80666
80669
80672
80679
80686
80687
80700
80708
80709
80711
80715
80718
80724
80731
80732
80736
80737
80747
80748
80749
80754
80754
80758
80760
80760
80761
80762
80766
80771
80776
80781
80783
80802
80820
80824
80825
80836
80845
80848
80850
80854
80859
80877
80881
80886
80894
80910
80912
80922
80924
80931
80932
80938
80941
80942
80945
80949
80951
80951
80952
80955
80957
80962
80962
80966
80977
80978
80989
80994
80994
80995
80997
80998
81010
81011
81020
81020
81034
81036
81039
81047
81048
81054
81062
81066
81072
81076
81084
81084
81084
81092
81097
81101
81102
81102
81103
81117
81125
81125
81130
81132
81136
81148
81149
81150
81152
81154
81162
81163
81174
81177
81184
81196
81197
81198
81211
81218
81224
81231
81237
81239
81265
81267
81276
81278
81278
81281
81284
81284
81292
81292
81295
81332
81334
81334
81341
81343
81343
81357
81366
81369
81374
81389
81391
81393
81400
81409
81416
81421
81426
81440
81461
81466
81466
81469
81471
81491
81497
81498
81500
81503
81508
81508
81510
81513
81521
81522
81533
81537
81538
81539
81540
81540
81543
81548
81550
81558
81560
81566
81566
81568
81571
81572
81572
81573
81579
81585
81608
81609
81613
81619
81624
81638
81647
81654
81655
81658
81662
81664
81665
81669
81674
81674
81674
81676
81679
81680
81694
81704
81706
81712
81720
81721
81723
81733
81734
81739
81743
81751
81765
81766
81772
81777
81778
81781
81785
81788
81790
81792
81798
81811
81811
81817
81817
81832
81847
81850
81858
81862
81864
81864
81864
81867
81870
81871
81887
81889
81892
81903
81912
81926
81926
81928
81931
81940
81946
81970
81975
81978
81979
81981
81984
81990
81993
81998
82002
82003
82015
82017
82018
82019
82024
82026
82028
82033
82034
82040
82041
82042
82046
82050
82065
82072
82080
82090
82097
82111
82121
82125
82132
82133
82133
82139
82146
82152
82153
82157
82169
82171
82173
82179
82181
82183
82183
82186
82193
82205
82209
82236
82237
82239
82240
82269
82270
82272
82274
82276
82277
82281
82283
82285
82294
82302
82302
82311
82337
82337
82344
82347
82349
82370
82376
82382
82400
82403
82406
82407
82410
82415
82418
82420
82433
82437
82440
82461
82465
82472
82479
82487
82496
82496
82498
82500
82511
82511
82521
82527
82528
82530
82532
82532
82544
82552
82557
82557
82558
82559
82561
82564
82566
82569
82579
82590
82595
82602
82607
82610
82612
82620
82656
82667
82670
82677
82703
82712
82716
82725
82729
82743
82746
82753
82755
82758
82771
82778
82783
82796
82800
82800
82805
82806
82807
82807
82808
82811
82826
82829
82836
82837
82839
82845
82852
82852
82854
82861
82868
82874
82876
82882
82886
82886
82891
82895
82896
82904
82914
82916
82919
82920
82927
82940
82946
82946
82948
82950
82950
82952
82961
82963
82966
82966
82977
82989
82989
82998
83004
83013
83014
83015
83019
83021
83030
83043
83044
83047
83047
83048
83049
83054
83054
83058
83071
83073
83084
83089
83089
83098
83104
83111
83121
83130
83135
83153
83160
83164
83171
83171
83176
83179
83180
83181
83182
83194
83197
83200
83214
83216
83220
83221
83221
83222
83228
83230
83236
83241
83241
83242
83253
83264
83271
83272
83273
83275
83279
83285
83293
83297
83298
83316
83321
83322
83345
83355
83365
83367
83368
83368
83371
83371
83380
83382
83384
83393
83394
83399
83408
83409
83413
83421
83442
83445
83448
83451
83452
83457
83458
83462
83469
83469
83480
83482
83492
83496
83501
83520
83520
83542
83545
83546
83549
83554
83559
83568
83571
83572
83572
83584
83593
83613
83624
83626
83627
83628
83628
83633
83635
83638
83640
83643
83656
83657
83657
83659
83680
83686
83691
83692
83692
83700
83707
83708
83713
83717
83721
83721
83725
83726
83726
83731
83733
83738
83746
83748
83751
83772
83772
83773
83778
83789
83791
83791
83819
83822
83834
83836
83842
83849
83854
83854
83864
83867
83875
83876
83879
83881
83884
83892
83895
83910
83913
83916
83917
83919
83922
83932
83932
83932
83949
83956
83959
83963
83966
83969
83970
83973
83973
83982
83988
83988
83989
83993
84001
84004
84014
84016
84018
84022
84023
84025
84029
84033
84035
84036
84039
84040
84047
84058
84063
84065
84066
84069
84070
84079
84080
84083
84088
84092
84093
84100
84101
84102
84117
84122
84124
84141
84144
84148
84151
84153
84154
84163
84169
84179
84180
84184
84189
84190
84191
84193
84197
84204
84207
84212
84216
84222
84223
84226
84228
84238
84244
84246
84248
84251
84255
84264
84266
84266
84268
84281
84290
84299
84301
84305
84308
84312
84315
84317
84329
84332
84339
84343
84350
84352
84352
84365
84365
84377
84380
84381
84387
84387
84388
84403
84403
84406
84408
84409
84415
84422
84422
84425
84432
84433
84435
84446
84451
84457
84457
84457
84460
84464
84468
84478
84479
84486
84490
84505
84515
84528
84529
84531
84532
84532
84557
84560
84562
84564
84566
84570
84574
84577
84582
84587
84589
84593
84608
84608
84617
84621
84639
84644
84644
84654
84662
84665
84670
84680
84684
84685
84694
84708
84708
84719
84721
84723
84733
84747
84764
84769
84770
84770
84776
84782
84785
84791
84800
84800
84804
84805
84812
84818
84820
84825
84826
84844
84845
84852
84858
84859
84859
84863
84879
84891
84894
84896
84897
84899
84899
84903
84904
84918
84921
84926
84939
84954
84956
84959
84960
84962
84974
84983
85002
85008
85015
85019
85019
85020
85036
85037
85039
85051
85053
85053
85054
85057
85061
85065
85070
85075
85088
85094
85101
85111
85111
85120
85121
85140
85150
85157
85157
85167
85173
85176
85194
85197
85200
85207
85211
85213
85215
85219
85220
85220
85226
85227
85243
85246
85253
85261
85272
85272
85277
85285
85286
85288
85290
85291
85294
85299
85301
85311
85313
85313
85317
85323
85329
85331
85351
85352
85354
85354
85358
85363
85364
85370
85383
85386
85386
85386
85391
85397
85402
85405
85406
85407
85421
85421
85422
85442
85442
85459
85476
85481
85489
85494
85495
85503
85512
85525
85531
85533
85549
85550
85553
85562
85566
85569
85583
85588
85589
85592
85594
85600
85602
85605
85611
85615
85618
85625
85635
85648
85651
85653
85659
85662
85671
85677
85686
85687
85692
85697
85703
85718
85728
85730
85736
85737
85742
85745
85750
85751
85754
85761
85764
85768
85768
85768
85772
85783
85784
85791
85796
85801
85804
85805
85806
85809
85810
85813
85834
85836
85840
85844
85859
85873
85876
85883
85889
85893
85894
85895
85898
85901
85901
85903
85908
85909
85911
85928
85930
85932
85937
85941
85946
85947
85950
85954
85958
85960
85969
85981
85986
85986
85988
85989
85994
86001
86003
86005
86007
86008
86014
86019
86019
86021
86026
86030
86033
86044
86045
86046
86047
86063
86070
86071
86071
86074
86079
86081
86083
86085
86086
86088
86090
86093
86095
86101
86105
86108
86113
86113
86121
86123
86130
86139
86139
86141
86143
86148
86172
86175
86183
86208
86210
86217
86229
86230
86232
86232
86237
86240
86246
86249
86251
86254
86263
86263
86269
86270
86271
86272
86279
86281
86288
86299
86312
86313
86322
86327
86338
86343
86349
86349
86352
86354
86354
86356
86364
86367
86387
86398
86402
86406
86407
86407
86410
86421
86427
86433
86434
86437
86440
86444
86444
86447
86456
86458
86460
86465
86468
86485
86487
86488
86491
86501
86505
86511
86513
86521
86531
86531
86535
86542
86558
86559
86561
86568
86569
86572
86575
86578
86581
86586
86595
86595
86603
86607
86610
86618
86640
86644
86655
86655
86655
86663
86665
86670
86671
86680
86680
86686
86688
86689
86694
86697
86715
86719
86724
86727
86728
86735
86736
86745
86750
86750
86755
86758
86760
86766
86777
86793
86794
86798
86798
86808
86808
86811
86818
86822
86823
86825
86832
86835
86836
86839
86845
86845
86847
86847
86848
86850
86855
86858
86859
86864
86867
86867
86869
86873
86874
86874
86875
86877
86887
86892
86892
86897
86898
86899
86902
86907
86907
86914
86919
86919
86920
86931
86932
86933
86959
86969
86971
86986
86992
87008
87013
87015
87021
87025
87025
87031
87035
87044
87058
87058
87062
87067
87069
87100
87102
87118
87119
87128
87140
87142
87142
87148
87148
87148
87154
87161
87170
87172
87172
87177
87177
87179
87184
87196
87197
87206
87208
87218
87230
87232
87233
87236
87241
87241
87241
87250
87256
87258
87283
87287
87290
87295
87299
87301
87302
87308
87315
87315
87318
87323
87324
87324
87325
87328
87333
87337
87344
87356
87361
87364
87364
87364
87375
87375
87382
87391
87395
87399
87403
87414
87416
87417
87423
87425
87429
87430
87430
87431
87433
87441
87442
87447
87449
87458
87459
87462
87464
87475
87477
87485
87487
87487
87489
87490
87490
87496
87506
87507
87512
87514
87521
87523
87525
87542
87568
87571
87585
87591
87597
87598
87609
87614
87615
87617
87617
87621
87628
87630
87649
87650
87651
87657
87659
87666
87668
87672
87685
87686
87688
87694
87699
87702
87707
87714
87715
87715
87720
87722
87734
87749
87755
87755
87759
87774
87783
87785
87786
87789
87790
87795
87803
87805
87812
87820
87821
87827
87829
87832
87832
87833
87836
87857
87858
87859
87859
87860
87862
87865
87868
87868
87870
87872
87874
87887
87896
87896
87917
87928
87933
87936
87945
87946
87951
87958
87960
87964
87978
87979
87980
87984
87988
87998
88015
88018
88019
88020
88021
88023
88025
88029
88030
88032
88040
88049
88050
88057
88067
88094
88112
88115
88121
88124
88136
88139
88143
88144
88149
88151
88152
88155
88162
88166
88176
88207
88234
88249
88250
88258
88259
88260
88261
88264
88265
88265
88274
88282
88289
88290
88290
88297
88299
88299
88302
88307
88317
88323
88326
88342
88347
88347
88350
88359
88373
88374
88379
88391
88392
88408
88410
88410
88412
88416
88420
88422
88432
88433
88439
88452
88456
88467
88477
88480
88481
88488
88492
88492
88506
88507
88521
88528
88530
88535
88536
88536
88542
88544
88549
88550
88552
88556
88572
88575
88576
88581
88583
88583
88586
88587
88591
88592
88593
88611
88611
88615
88618
88622
88626
88628
88630
88632
88637
88639
88641
88643
88646
88651
88660
88662
88673
88676
88684
88685
88707
88730
88732
88745
88751
88752
88755
88791
88792
88792
88806
88817
88819
88819
88829
88842
88852
88854
88864
88865
88868
88868
88880
88883
88893
88893
88904
88910
88919
88920
88925
88933
88935
88936
88940
88953
88965
88971
88972
88972
88975
88986
88989
88989
89002
89004
89013
89022
89028
89038
89038
89039
89043
89051
89052
89053
89056
89056
89058
89060
89060
89063
89065
89067
89069
89069
89073
89074
89076
89090
89099
89100
89110
89117
89121
89127
89127
89141
89142
89145
89146
89154
89167
89168
89174
89178
89184
89187
89199
89200
89201
89214
89214
89217
89220
89225
89228
89229
89229
89242
89244
89246
89258
89260
89263
89267
89274
89275
89275
89276
89290
89290
89294
89304
89305
89315
89324
89325
89341
89342
89343
89348
89354
89355
89366
89369
89369
89372
89376
89379
89381
89392
89394
89397
89401
89410
89416
89418
89422
89423
89427
89430
89438
89449
89455
89461
89461
89472
89475
89475
89479
89479
89481
89495
89504
89506
89508
89516
89522
89547
89556
89559
89559
89561
89562
89581
89584
89585
89587
89590
89611
89620
89623
89623
89626
89638
89650
89650
89652
89667
89673
89680
89685
89688
89696
89697
89707
89707
89714
89715
89717
89723
89740
89751
89752
89759
89763
89768
89769
89772
89788
89795
89803
89803
89812
89815
89818
89828
89838
89840
89853
89859
89859
89859
89870
89876
89881
89883
89889
89893
89906
89910
89922
89935
89936
89937
89939
89942
89943
89949
89951
89972
89973
89976
89987
90005
90009
90013
90017
90032
90033
90034
90034
90045
90046
90050
90051
90051
90059
90065
90071
90074
90079
90082
90087
90097
90102
90110
90111
90130
90132
90132
90135
90140
90141
90143
90144
90146
90148
90158
90173
90174
90174
90176
90187
90215
90222
90228
90233
90234
90238
90239
90240
90245
90245
90253
90255
90258
90262
90263
90271
90271
90278
90285
90288
90289
90291
90297
90300
90305
90316
90317
90318
90329
90329
90331
90332
90338
90344
90350
90351
90355
90362
90373
90378
90382
90383
90388
90390
90399
90407
90410
90413
90418
90421
90430
90433
90434
90440
90441
90444
90445
90446
90450
90454
90461
90468
90470
90473
90473
90475
90481
90486
90489
90492
90495
90502
90519
90528
90537
90541
90558
90565
90572
90586
90590
90591
90594
90595
90596
90601
90616
90619
90622
90627
90630
90631
90631
90638
90642
90650
90659
90670
90670
90674
90680
90684
90686
90691
90692
90702
90708
90715
90717
90727
90731
90732
90745
90747
90748
90749
90756
90769
90772
90777
90784
90793
90796
90799
90805
90808
90812
90818
90822
90844
90852
90857
90862
90872
90881
90889
90897
90900
90903
90906
90909
90909
90911
90913
90917
90921
90923
90926
90926
90943
90944
90944
90947
90951
90965
90966
90966
90966
90973
90975
90976
90982
90987
90995
91003
91005
91010
91013
91014
91017
91023
91023
91027
91031
91031
91043
91045
91047
91049
91055
91066
91071
91072
91078
91084
91088
91093
91096
91099
91101
91103
91104
91111
91115
91115
91117
91127
91127
91133
91134
91150
91152
91161
91162
91169
91173
91174
91175
91179
91179
91183
91218
91232
91232
91240
91253
91256
91267
91267
91267
91275
91281
91284
91286
91288
91299
91301
91309
91310
91321
91324
91338
91343
91346
91360
91364
91370
91378
91380
91388
91403
91403
91403
91424
91425
91429
91429
91431
91442
91453
91457
91462
91462
91462
91462
91465
91473
91476
91477
91486
91488
91488
91494
91498
91505
91523
91537
91539
91540
91541
91542
91543
91544
91549
91550
91554
91554
91559
91561
91561
91564
91569
91575
91579
91580
91582
91590
91591
91603
91604
91604
91612
91619
91621
91624
91629
91637
91638
91640
91649
91651
91653
91655
91655
91660
91668
91680
91691
91691
91695
91700
91713
91715
91720
91721
91721
91726
91727
91730
91731
91732
91733
91737
91744
91747
91750
91753
91775
91790
91791
91798
91801
91807
91808
91815
91818
91822
91830
91834
91836
91842
91845
91848
91849
91865
91868
91878
91879
91882
91887
91902
91905
91908
91909
91911
91911
91914
91947
91951
91952
91953
91956
91958
91958
91963
91967
91975
91983
91987
91997
92003
92011
92012
92024
92050
92054
92056
92062
92068
92072
92075
92080
92085
92087
92098
92113
92114
92123
92139
92147
92147
92151
92152
92157
92159
92167
92176
92178
92181
92183
92185
92191
92198
92199
92210
92212
92220
92221
92233
92236
92237
92237
92241
92244
92245
92249
92251
92252
92258
92269
92271
92272
92280
92290
92290
92292
92294
92294
92294
92297
92298
92307
92312
92314
92316
92324
92326
92329
92333
92358
92359
92362
92369
92371
92372
92373
92373
92380
92382
92385
92385
92400
92401
92402
92407
92409
92412
92413
92419
92423
92442
92445
92446
92447
92458
92458
92459
92464
92464
92468
92469
92480
92484
92489
92496
92501
92513
92529
92533
92538
92545
92549
92550
92558
92564
92570
92572
92578
92592
92592
92597
92597
92604
92621
92626
92633
92652
92653
92653
92668
92680
92689
92690
92690
92691
92715
92723
92723
92729
92733
92735
92735
92737
92745
92754
92755
92761
92762
92763
92764
92766
92767
92778
92787
92792
92796
92798
92799
92800
92801
92807
92809
92820
92825
92828
92831
92835
92841
92841
92846
92852
92860
92865
92865
92894
92896
92902
92903
92916
92916
92918
92918
92919
92927
92939
92942
92957
92959
92980
92988
93004
93008
93008
93029
93031
93032
93046
93057
93067
93069
93074
93075
93089
93090
93093
93098
93101
93107
93118
93118
93118
93118
93125
93128
93133
93134
93136
93142
93143
93144
93147
93159
93160
93161
93163
93170
93173
93179
93179
93186
93187
93201
93204
93205
93209
93220
93224
93230
93232
93234
93240
93243
93243
93245
93245
93255
93256
93261
93265
93266
93267
93296
93311
93324
93333
93339
93360
93370
93370
93383
93393
93400
93414
93415
93418
93418
93421
93421
93429
93429
93436
93444
93455
93470
93473
93475
93478
93484
93491
93498
93500
93501
93507
93516
93522
93525
93529
93531
93539
93543
93543
93554
93563
93564
93574
93576
93578
93581
93583
93591
93596
93604
93605
93607
93610
93620
93625
93633
93633
93638
93638
93657
93657
93660
93663
93663
93672
93682
93691
93696
93698
93702
93706
93708
93715
93720
93727
93738
93741
93742
93745
93746
93752
93752
93755
93766
93774
93776
93798
93800
93813
93815
93818
93823
93828
93846
93849
93849
93856
93857
93859
93870
93876
93883
93890
93897
93899
93900
93912
93916
93919
93922
93928
93929
93930
93932
93945
93946
93949
93949
93966
93971
93973
93976
93980
93982
93987
93989
93996
94000
94000
94011
94011
94021
94025
94028
94037
94039
94039
94048
94052
94054
94058
94065
94066
94071
94075
94076
94079
94080
94089
94095
94105
94112
94117
94121
94121
94131
94132
94132
94134
94135
94135
94136
94136
94142
94144
94145
94147
94153
94156
94158
94158
94158
94163
94166
94167
94169
94169
94183
94188
94190
94192
94194
94197
94203
94208
94212
94212
94214
94214
94220
94232
94235
94249
94258
94262
94262
94263
94266
94272
94275
94277
94280
94285
94292
94293
94296
94300
94311
94320
94328
94331
94336
94338
94340
94342
94344
94346
94352
94352
94353
94355
94358
94360
94372
94372
94376
94377
94382
94386
94387
94388
94390
94397
94398
94399
94407
94412
94413
94415
94415
94421
94424
94431
94437
94445
94446
94451
94453
94458
94458
94477
94479
94486
94488
94489
94492
94494
94498
94504
94507
94507
94510
94511
94518
94537
94538
94555
94558
94564
94583
94583
94583
94589
94594
94606
94621
94622
94624
94626
94633
94637
94653
94671
94673
94673
94679
94687
94697
94700
94700
94701
94711
94713
94715
94742
94742
94748
94749
94753
94755
94768
94768
94786
94794
94794
94797
94802
94804
94805
94806
94807
94809
94826
94845
94850
94852
94857
94872
94890
94892
94893
94894
94902
94911
94917
94919
94926
94927
94927
94933
94942
94944
94952
94957
94963
94969
94971
94981
94986
94988
94989
94993
95000
95000
95003
95023
95034
95038
95045
95048
95050
95051
95052
95053
95061
95068
95074
95077
95083
95087
95087
95088
95089
95090
95094
95096
95102
95103
95106
95113
95113
95123
95131
95140
95151
95151
95154
95157
95158
95160
95163
95171
95175
95198
95198
95215
95220
95221
95225
95233
95239
95243
95247
95248
95249
95257
95258
95260
95285
95290
95291
95292
95299
95313
95316
95320
95322
95330
95339
95343
95346
95348
95351
95365
95365
95378
95388
95397
95397
95426
95429
95435
95437
95442
95451
95453
95454
95455
95458
95466
95474
95477
95478
95479
95490
95500
95501
95516
95517
95525
95529
95531
95538
95544
95545
95546
95558
95559
95559
95561
95564
95573
95574
95576
95577
95581
95583
95594
95605
95609
95609
95611
95617
95619
95637
95638
95643
95646
95648
95649
95683
95689
95702
95704
95706
95727
95729
95729
95733
95734
95734
95739
95752
95757
95761
95765
95770
95772
95773
95773
95776
95777
95784
95805
95812
95813
95819
95819
95821
95824
95830
95849
95852
95854
95856
95858
95859
95866
95869
95873
95876
95878
95885
95887
95890
95898
95911
95915
95917
95928
95928
95937
95939
95945
95953
95955
95958
95959
95959
95965
95965
95977
95993
95995
95997
95999
96005
96017
96020
96021
96024
96024
96030
96038
96039
96043
96046
96065
96069
96071
96075
96077
96094
96108
96110
96114
96121
96122
96125
96127
96127
96131
96134
96135
96142
96152
96153
96162
96171
96184
96195
96200
96201
96211
96211
96223
96223
96223
96230
96233
96243
96250
96259
96261
96264
96270
96274
96279
96285
96290
96299
96303
96309
96313
96313
96315
96318
96321
96323
96333
96345
96358
96360
96364
96371
96391
96408
96426
96426
96431
96437
96438
96439
96442
96457
96459
96460
96463
96465
96466
96474
96478
96480
96493
96494
96510
96515
96516
96525
96525
96528
96532
96541
96549
96550
96552
96565
96567
96570
96571
96575
96576
96577
96582
96585
96595
96620
96633
96633
96637
96640
96650
96653
96661
96667
96668
96672
96676
96685
96687
96687
96689
96697
96697
96698
96698
96705
96714
96714
96715
96715
96722
96725
96730
96731
96736
96737
96740
96745
96747
96753
96754
96763
96764
96767
96779
96787
96796
96800
96801
96802
96804
96813
96818
96822
96828
96832
96841
96841
96849
96852
96855
96880
96891
96892
96893
96894
96895
96895
96904
96907
96911
96917
96931
96933
96937
96950
96952
96958
96964
96966
96974
96978
96979
96990
96994
96998
97001
97003
97013
97015
97019
97020
97021
97027
97032
97034
97035
97036
97037
97049
97063
97071
97073
97078
97081
97103
97107
97111
97115
97123
97129
97135
97142
97152
97162
97167
97169
97175
97176
97177
97181
97182
97189
97202
97205
97205
97209
97220
97240
97242
97252
97263
97266
97268
97270
97272
97275
97278
97280
97283
97285
97285
97286
97297
97298
97304
97304
97304
97326
97332
97334
97338
97342
97346
97348
97350
97352
97355
97356
97358
97363
97373
97373
97379
97386
97391
97406
97407
97408
97409
97415
97416
97425
97432
97444
97460
97461
97481
97485
97485
97489
97491
97491
97495
97500
97500
97501
97518
97523
97527
97528
97530
97544
97558
97558
97566
97568
97571
97577
97580
97581
97581
97584
97586
97590
97603
97613
97628
97632
97637
97640
97644
97644
97647
97647
97670
97678
97685
97688
97689
97689
97693
97701
97701
97704
97708
97714
97715
97721
97729
97738
97760
97770
97777
97791
97793
97793
97800
97801
97805
97814
97816
97823
97824
97825
97831
97831
97834
97836
97842
97847
97847
97851
97853
97853
97860
97865
97868
97874
97881
97881
97888
97894
97897
97920
97922
97926
97926
97936
97945
97953
97956
97960
97962
97965
97972
97974
97975
97976
97984
97987
98007
98010
98014
98018
98021
98022
98028
98036
98042
98043
98043
98048
98048
98050
98052
98054
98058
98064
98067
98069
98072
98078
98080
98086
98086
98087
98093
98108
98108
98111
98112
98114
98116
98123
98126
98135
98141
98141
98152
98153
98154
98156
98160
98163
98170
98171
98177
98190
98197
98209
98212
98215
98222
98223
98224
98226
98227
98231
98244
98245
98245
98254
98254
98255
98260
98284
98284
98297
98298
98298
98307
98311
98313
98317
98319
98338
98345
98345
98346
98354
98361
98361
98372
98374
98374
98376
98378
98380
98382
98391
98392
98392
98394
98394
98395
98401
98402
98402
98402
98405
98407
98407
98418
98423
98434
98450
98453
98455
98458
98460
98462
98467
98475
98475
98476
98480
98481
98484
98484
98495
98499
98510
98511
98512
98517
98517
98518
98519
98522
98537
98540
98541
98549
98549
98549
98551
98562
98563
98565
98566
98567
98568
98589
98590
98592
98600
98601
98606
98611
98620
98632
98636
98637
98643
98645
98645
98647
98648
98655
98656
98662
98663
98664
98666
98673
98674
98682
98683
98688
98690
98691
98703
98718
98723
98725
98725
98735
98753
98759
98760
98761
98763
98763
98769
98771
98776
98790
98794
98796
98809
98810
98812
98813
98814
98818
98837
98841
98843
98850
98850
98850
98860
98861
98861
98866
98867
98867
98871
98875
98878
98881
98885
98894
98895
98899
98900
98901
98911
98913
98919
98925
98925
98925
98928
98929
98935
98950
98952
98962
98966
98970
98987
98990
99007
99009
99018
99021
99023
99027
99036
99040
99043
99056
99061
99066
99067
99073
99084
99086
99087
99092
99093
99094
99095
99101
99113
99125
99126
99126
99128
99137
99137
99141
99142
99143
99146
99155
99156
99162
99163
99164
99168
99171
99174
99183
99189
99204
99208
99208
99211
99216
99218
99227
99230
99230
99237
99254
99263
99273
99274
99282
99287
99298
99300
99301
99302
99312
99313
99322
99336
99338
99344
99346
99348
99349
99352
99369
99369
99371
99375
99375
99377
99390
99398
99406
99417
99417
99418
99421
99423
99425
99427
99430
99438
99440
99442
99455
99456
99456
99463
99469
99470
99472
99474
99497
99500
99501
99504
99528
99533
99535
99535
99553
99554
99556
99557
99558
99563
99569
99589
99593
99595
99600
99606
99612
99613
99613
99623
99624
99624
99625
99630
99636
99647
99661
99663
99666
99677
99679
99680
99687
99687
99697
99698
99699
99700
99707
99712
99719
99721
99727
99727
99728
99729
99731
99732
99743
99744
99746
99752
99752
99752
99755
99759
99761
99763
99766
99773
99779
99782
99783
99783
99785
99787
99797
99797
99800
99803
99803
99812
99812
99814
99817
99818
99823
99827
99828
99833
99840
99843
99845
99850
99857
99868
99875
99875
99876
99877
99885
99888
99890
99893
99897
99901
99902
99909
99911
99927
99927
99927
99928
99931
99935
99939
99941
99942
99956
99962
99967
99974
99977
99991
99995
99997
100000
100001
100004
100007
100023
100028
100031
100033
100036
100040
100041
100044
100047
100060
100062
100063
100064
100064
100072
100075
100086
100087
100099
100104
100111
100124
100143
100154
100154
100155
100157
100166
100168
100170
100175
100187
100189
100192
100192
100196
100204
100208
100217
100224
100225
100232
100238
100250
100250
100253
100254
100258
100259
100268
100281
100284
100286
100286
100290
100298
100308
100314
100322
100329
100332
100338
100342
100342
100350
100351
100357
100361
100366
100378
100381
100382
100384
100384
100386
100391
100400
100408
100413
100417
100420
100424
100424
100428
100431
100446
100455
100456
100457
100459
100476
100483
100493
100509
100513
100519
100526
100527
100532
100539
100558
100559
100566
100566
100567
100578
100587
100589
100589
100589
100594
100621
100626
100629
100631
100632
100633
100634
100639
100639
100643
100645
100651
100651
100652
100652
100656
100665
100668
100676
100684
100690
100701
100713
100719
100723
100725
100728
100728
100729
100736
100744
100746
100747
100752
100760
100778
100785
100787
100798
100815
100817
100818
100820
100820
100821
100827
100832
100836
100843
100844
100848
100856
100858
100860
100869
100875
100878
100878
100886
100887
100896
100897
100911
100916
100917
100919
100925
100929
100931
100953
100956
100958
100958
100961
100966
100966
100985
100989
100993
101016
101018
101020
101021
101022
101024
101031
101034
101037
101044
101048
101048
101051
101055
101056
101064
101068
101071
101075
101076
101080
101087
101088
101094
101100
101109
101113
101115
101120
101123
101131
101132
101134
101135
101139
101155
101157
101165
101165
101166
101174
101183
101186
101189
101196
101206
101210
101212
101225
101232
101238
101245
101247
101251
101255
101268
101268
101270
101279
101286
101293
101295
101297
101299
101300
101301
101302
101309
101311
101315
101319
101322
101326
101330
101331
101348
101366
101388
101390
101395
101397
101403
101407
101411
101422
101422
101423
101428
101431
101433
101434
101443
101454
101458
101461
101473
101477
101478
101481
101485
101496
101497
101503
101506
101513
101525
101540
101541
101555
101561
101562
101563
101565
101566
101571
101571
101575
101577
101586
101591
101598
101600
101604
101604
101610
101614
101618
101625
101627
101630
101645
101648
101648
101651
101652
101653
101658
101673
101679
101687
101695
101695
101701
101703
101705
101706
101711
101722
101729
101730
101739
101745
101746
101750
101751
101753
101755
101759
101775
101783
101791
101799
101801
101821
101822
101835
101836
101840
101841
101844
101857
101868
101872
101885
101890
101890
101894
101898
101899
101900
101904
101919
101920
101926
101933
101935
101941
101949
101950
101952
101959
101970
101971
101975
101979
101979
101990
101993
101998
102014
102015
102019
102021
102025
102027
102033
102037
102041
102052
102054
102057
102066
102069
102073
102074
102081
102087
102088
102092
102103
102105
102119
102120
102125
102129
102129
102135
102141
102143
102144
102153
102154
102156
102164
102165
102167
102169
102171
102186
102202
102211
102213
102216
102219
102229
102233
102233
102235
102238
102240
102242
102245
102247
102250
102255
102259
102260
102265
102266
102269
102273
102283
102291
102304
102308
102309
102317
102335
102337
102360
102366
102366
102372
102373
102377
102381
102381
102383
102390
102410
102416
102416
102420
102426
102430
102431
102437
102441
102442
102466
102467
102469
102470
102473
102476
102480
102485
102486
102486
102486
102494
102496
102497
102499
102510
102516
102518
102522
102523
102525
102533
102534
102535
102538
102542
102546
102564
102580
102584
102585
102596
102597
102610
102617
102619
102620
102621
102630
102634
102637
102644
102644
102645
102651
102655
102669
102672
102683
102683
102684
102684
102693
102700
102707
102708
102716
102718
102722
102725
102726
102728
102732
102737
102743
102753
102755
102756
102757
102764
102781
102787
102788
102789
102792
102795
102802
102805
102807
102808
102813
102816
102816
102824
102824
102828
102837
102839
102855
102861
102863
102869
102870
102875
102876
102876
102886
102887
102897
102897
102897
102897
102901
102905
102906
102909
102913
102918
102921
102924
102928
102939
102946
102951
102960
102966
102970
102986
102993
102997
102997
102997
102999
103013
103024
103026
103028
103031
103032
103034
103035
103039
103042
103046
103057
103069
103073
103074
103077
103084
103085
103085
103089
103091
103094
103095
103096
103099
103103
103130
103131
103138
103139
103140
103143
103148
103152
103162
103163
103165
103169
103173
103182
103197
103212
103218
103220
103240
103244
103245
103257
103259
103261
103266
103282
103293
103295
103299
103305
103311
103319
103322
103326
103329
103348
103357
103363
103376
103383
103391
103392
103404
103407
103410
103416
103426
103427
103428
103437
103441
103452
103454
103458
103463
103468
103469
103483
103486
103488
103498
103510
103522
103523
103530
103533
103542
103554
103557
103559
103568
103572
103580
103583
103603
103604
103625
103627
103633
103634
103639
103649
103653
103655
103658
103672
103673
103683
103688
103693
103694
103695
103705
103714
103721
103727
103728
103735
103735
103736
103761
103767
103769
103786
103792
103805
103819
103823
103828
103830
103833
103835
103835
103838
103842
103844
103848
103856
103859
103863
103867
103873
103878
103879
103885
103897
103897
103904
103911
103930
103931
103937
103941
103950
103954
103962
103963
103966
103974
103974
103976
103982
103997
104000
104003
104005
104013
104020
104021
104024
104025
104036
104039
104041
104044
104045
104047
104051
104052
104052
104059
104060
104062
104069
104074
104078
104083
104087
104095
104099
104116
104120
104128
104128
104129
104135
104136
104136
104141
104153
104166
104166
104167
104168
104175
104178
104181
104181
104182
104185
104186
104187
104189
104195
104196
104198
104200
104207
104210
104218
104220
104227
104228
104234
104243
104243
104247
104247
104249
104252
104256
104264
104275
104277
104280
104281
104287
104288
104291
104305
104307
104314
104322
104323
104326
104326
104341
104353
104359
104359
104367
104373
104374
104375
104383
104385
104385
104391
104397
104397
104398
104401
104405
104415
104446
104455
104461
104472
104483
104485
104488
104493
104498
104516
104517
104538
104544
104559
104560
104568
104571
104579
104581
104583
104591
104611
104623
104630
104649
104658
104660
104665
104677
104679
104690
104692
104702
104710
104713
104719
104727
104730
104742
104744
104753
104768
104773
104777
104779
104782
104791
104804
104804
104805
104809
104811
104813
104814
104819
104822
104822
104826
104831
104834
104835
104838
104841
104844
104844
104856
104865
104870
104875
104876
104877
104884
104885
104905
104910
104914
104919
104921
104921
104926
104930
104934
104938
104939
104945
104952
104956
104959
104973
104976
104977
104990
104991
104996
105003
105003
105007
105008
105011
105014
105021
105023
105023
105026
105027
105029
105031
105031
105036
105051
105064
105068
105077
105082
105083
105085
105094
105094
105097
105097
105099
105105
105107
105108
105119
105127
105132
105136
105139
105139
105150
105157
105162
105174
105174
105181
105187
105188
105195
105197
105200
105225
105229
105229
105256
105256
105259
105266
105277
105283
105286
105295
105306
105306
105309
105315
105316
105319
105325
105328
105328
105341
105343
105345
105351
105354
105357
105372
105372
105373
105376
105378
105383
105385
105401
105402
105404
105412
105412
105425
105425
105433
105440
105440
105442
105446
105452
105462
105466
105467
105489
105517
105524
105526
105527
105527
105535
105544
105545
105554
105556
105558
105560
105563
105566
105576
105591
105594
105599
105603
105610
105619
105628
105634
105658
105659
105667
105671
105680
105687
105692
105697
105698
105699
105712
105713
105715
105721
105722
105725
105731
105745
105748
105749
105750
105758
105759
105761
105762
105763
105769
105778
105779
105779
105780
105781
105785
105809
105810
105814
105814
105831
105835
105842
105847
105850
105853
105854
105870
105883
105886
105889
105894
105895
105897
105898
105904
105921
105922
105924
105926
105928
105937
105945
105948
105951
105957
105962
105971
105984
105993
105994
105995
106000
106005
106009
106015
106024
106027
106027
106034
106038
106042
106046
106048
106050
106057
106063
106072
106076
106079
106081
106087
106090
106091
106095
106100
106100
106112
106112
106115
106115
106119
106120
106121
106128
106129
106133
106134
106138
106145
106145
106151
106152
106160
106163
106166
106184
106185
106188
106189
106209
106210
106217
106222
106224
106225
106226
106227
106233
106238
106241
106243
106248
106251
106256
106263
106267
106273
106277
106285
106298
106329
106338
106349
106354
106364
106364
106367
106378
106396
106401
106409
106412
106413
106416
106418
106429
106433
106437
106444
106446
106447
106447
106448
106452
106452
106453
106473
106475
106487
106496
106496
106515
106517
106522
106530
106531
106538
106539
106548
106568
106568
106573
106575
106577
106581
106582
106593
106594
106595
106599
106604
106610
106613
106616
106617
106619
106632
106636
106642
106643
106658
106666
106668
106668
106672
106675
106675
106677
106685
106690
106711
106712
106712
106713
106715
106723
106725
106728
106731
106731
106732
106733
106747
106750
106760
106762
106763
106764
106770
106777
106779
106786
106803
106805
106834
106836
106845
106848
106859
106859
106868
106875
106884
106897
106909
106918
106935
106940
106948
106951
106953
106953
106960
106965
106969
106975
106976
106986
106996
107003
107008
107010
107010
107011
107012
107014
107014
107022
107028
107034
107040
107049
107051
107062
107070
107075
107090
107093
107098
107100
107111
107117
107119
107123
107127
107131
107142
107146
107146
107149
107152
107153
107155
107159
107178
107185
107186
107188
107202
107215
107221
107227
107231
107232
107239
107245
107264
107267
107272
107278
107291
107295
107296
107296
107304
107306
107307
107312
107313
107330
107347
107350
107352
107355
107356
107361
107366
107373
107379
107380
107382
107383
107387
107391
107394
107410
107413
107413
107421
107421
107425
107441
107472
107473
107485
107488
107489
107507
107515
107516
107517
107536
107544
107545
107560
107564
107567
107567
107581
107582
107598
107617
107617
107618
107621
107628
107630
107635
107637
107643
107648
107648
107653
107655
107656
107657
107658
107663
107667
107668
107677
107680
107687
107694
107700
107709
107712
107713
107715
107719
107725
107727
107728
107743
107746
107747
107749
107778
107781
107782
107789
107796
107799
107803
107815
107815
107830
107833
107840
107855
107858
107862
107867
107868
107868
107880
107884
107887
107891
107909
107910
107932
107935
107935
107938
107953
107969
107977
107980
107981
107986
107986
107990
107990
107991
107994
107996
108002
108003
108015
108020
108038
108039
108041
108043
108051
108052
108056
108056
108058
108063
108065
108100
108100
108102
108110
108118
108124
108132
108133
108141
108147
108148
108152
108156
108156
108159
108163
108164
108174
108175
108181
108188
108189
108191
108193
108193
108195
108204
108204
108206
108217
108226
108237
108237
108241
108250
108256
108256
108256
108257
108263
108267
108269
108271
108277
108282
108288
108293
108294
108307
108309
108310
108338
108346
108349
108353
108356
108375
108379
108381
108384
108387
108388
108390
108394
108404
108410
108412
108424
108425
108435
108443
108445
108449
108453
108455
108456
108463
108464
108466
108468
108476
108488
108489
108489
108491
108498
108501
108504
108510
108516
108517
108524
108534
108538
108545
108552
108567
108572
108572
108572
108578
108581
108596
108597
108598
108605
108606
108608
108610
108612
108615
108620
108625
108627
108627
108628
108628
108632
108635
108636
108642
108644
108649
108651
108653
108654
108656
108658
108659
108665
108674
108678
108687
108688
108690
108692
108697
108723
108725
108732
108733
108737
108739
108745
108754
108755
108756
108759
108760
108764
108767
108767
108783
108788
108795
108802
108819
108821
108822
108844
108845
108845
108847
108858
108864
108867
108869
108889
108891
108893
108902
108903
108906
108925
108931
108945
108949
108959
108961
108971
108974
108976
108981
108994
108998
108998
109000
109006
109021
109026
109030
109041
109041
109047
109059
109066
109070
109071
109072
109073
109082
109098
109098
109106
109111
109114
109120
109125
109134
109134
109139
109140
109151
109153
109159
109161
109173
109183
109184
109185
109197
109200
109211
109213
109215
109225
109232
109242
109242
109246
109249
109251
109251
109253
109260
109261
109269
109269
109273
109278
109280
109285
109290
109301
109305
109318
109319
109319
109323
109330
109331
109335
109339
109345
109346
109348
109349
109351
109361
109361
109378
109378
109386
109388
109390
109394
109400
109405
109415
109417
109418
109422
109425
109427
109428
109429
109449
109450
109451
109452
109470
109471
109476
109478
109486
109491
109498
109498
109513
109516
109521
109523
109523
109527
109532
109533
109539
109543
109546
109546
109552
109553
109554
109554
109557
109570
109571
109571
109572
109575
109578
109582
109583
109584
109584
109586
109590
109596
109596
109603
109604
109605
109607
109609
109609
109618
109620
109620
109624
109642
109644
109648
109652
109653
109656
109661
109667
109668
109680
109682
109684
109685
109685
109687
109690
109698
109705
109713
109715
109717
109720
109721
109726
109726
109726
109730
109731
109736
109737
109738
109742
109750
109773
109778
109779
109781
109783
109794
109797
109817
109826
109828
109849
109849
109856
109864
109866
109872
109874
109874
109886
109887
109887
109895
109896
109906
109911
109913
109914
109920
109920
109923
109924
109927
109928
109929
109935
109941
109948
109951
109952
109962
109962
109967
109970
109978
109982
109992
109992
110002
110005
110011
110024
110025
110025
110040
110042
110053
110055
110055
110059
110062
110062
110075
110079
110079
110080
110082
110083
110086
110088
110107
110122
110134
110138
110150
110153
110154
110154
110155
110157
110162
110173
110179
110198
110201
110204
110209
110217
110221
110223
110231
110244
110248
110252
110263
110272
110279
110284
110285
110286
110286
110288
110304
110308
110309
110311
110313
110320
110321
110323
110324
110324
110331
110333
110333
110333
110334
110335
110336
110338
110349
110351
110354
110356
110359
110365
110368
110369
110371
110376
110393
110398
110403
110408
110409
110414
110419
110429
110436
110438
110442
110445
110452
110456
110459
110463
110474
110500
110509
110510
110510
110527
110533
110536
110543
110549
110555
110555
110558
110560
110563
110566
110567
110570
110572
110578
110586
110591
110592
110592
110593
110600
110601
110603
110610
110615
110618
110628
110628
110633
110635
110637
110645
110646
110648
110649
110656
110657
110661
110662
110663
110665
110668
110683
110687
110688
110698
110701
110703
110711
110721
110723
110724
110732
110734
110737
110743
110749
110752
110760
110762
110765
110771
110771
110776
110778
110781
110793
110800
110802
110802
110802
110808
110809
110825
110826
110850
110850
110853
110853
110854
110858
110859
110862
110865
110877
110883
110885
110886
110888
110889
110889
110893
110898
110898
110908
110912
110918
110923
110931
110932
110936
110954
110956
110959
110979
110987
110992
111001
111001
111003
111006
111007
111008
111009
111031
111033
111043
111044
111049
111049
111049
111052
111053
111053
111057
111067
111080
111080
111082
111092
111099
111102
111113
111115
111116
111122
111124
111127
111137
111142
111162
111165
111207
111213
111224
111228
111238
111242
111244
111245
111260
111263
111266
111267
111268
111269
111273
111281
111285
111290
111292
111300
111301
111304
111310
111310
111321
111327
111329
111330
111331
111339
111343
111353
111357
111358
111366
111377
111383
111392
111393
111396
111403
111404
111410
111414
111419
111421
111430
111432
111438
111444
111462
111470
111474
111478
111481
111483
111486
111499
111500
111503
111505
111506
111511
111514
111514
111518
111518
111521
111522
111525
111526
111528
111529
111533
111534
111538
111547
111548
111551
111556
111561
111563
111572
111577
111578
111578
111581
111582
111584
111587
111591
111593
111593
111593
111609
111610
111612
111613
111622
111623
111625
111633
111638
111639
111642
111642
111646
111648
111649
111652
111657
111662
111664
111664
111666
111667
111669
111670
111686
111690
111700
111708
111712
111717
111719
111720
111725
111735
111745
111746
111748
111753
111760
111763
111774
111775
111788
111793
111798
111813
111816
111816
111819
111837
111844
111845
111846
111848
111851
111856
111876
111887
111891
111896
111905
111908
111912
111914
111917
111919
111919
111921
111936
111964
111965
111969
111975
111976
111978
111982
111988
111989
111997
111997
112001
112016
112020
112020
112025
112041
112050
112061
112067
112069
112071
112072
112073
112076
112078
112087
112090
112098
112102
112103
112107
112112
112112
112115
112133
112137
112148
112167
112172
112173
112180
112194
112194
112194
112212
112215
112218
112222
112223
112229
112231
112233
112237
112243
112249
112254
112257
112261
112263
112269
112270
112275
112277
112282
112284
112288
112290
112291
112298
112299
112303
112314
112324
112338
112349
112353
112355
112364
112368
112378
112379
112388
112397
112398
112405
112406
112410
112410
112415
112420
112424
112436
112441
112452
112456
112458
112461
112472
112488
112495
112500
112508
112511
112511
112521
112521
112527
112528
112533
112552
112553
112559
112561
112563
112564
112588
112591
112601
112603
112605
112612
112618
112619
112628
112632
112633
112636
112638
112641
112645
112647
112647
112649
112659
112661
112673
112675
112685
112688
112688
112692
112695
112702
112717
112719
112721
112722
112722
112724
112728
112735
112740
112741
112757
112770
112775
112781
112781
112787
112796
112796
112801
112810
112818
112822
112824
112839
112839
112843
112848
112851
112851
112852
112870
112874
112891
112896
112904
112923
112932
112940
112945
112954
112964
112967
112969
112975
112984
112990
112998
113001
113002
113007
113010
113014
113016
113019
113019
113031
113037
113039
113043
113045
113055
113056
113067
113080
113106
113119
113121
113121
113127
113129
113135
113141
113145
113154
113156
113160
113162
113167
113169
113177
113185
113190
113195
113204
113205
113214
113219
113232
113248
113275
113280
113280
113281
113297
113300
113305
113308
113309
113318
113319
113322
113324
113331
113333
113335
113338
113344
113351
113359
113362
113363
113366
113371
113375
113382
113389
113390
113392
113403
113406
113410
113412
113413
113416
113418
113423
113429
113433
113435
113438
113441
113441
113445
113447
113451
113454
113455
113457
113461
113481
113483
113499
113519
113520
113521
113534
113556
113563
113563
113580
113583
113584
113586
113588
113591
113612
113625
113626
113641
113647
113647
113648
113648
113652
113656
113666
113669
113676
113679
113680
113690
113692
113700
113703
113707
113710
113715
113728
113739
113747
113757
113760
113762
113767
113775
113782
113791
113792
113792
113795
113795
113803
113806
113807
113811
113828
113831
113831
113837
113839
113842
113843
113843
113855
113859
113873
113876
113880
113888
113890
113896
113911
113919
113919
113919
113924
113930
113936
113940
113941
113956
113958
113961
113967
113972
113974
113988
113989
113994
114002
114002
114007
114008
114011
114013
114020
114022
114022
114026
114032
114043
114045
114045
114060
114061
114072
114075
114076
114080
114081
114090
114094
114096
114102
114107
114111
114111
114112
114119
114121
114122
114143
114143
114143
114146
114147
114149
114149
114154
114157
114158
114160
114166
114167
114167
114170
114174
114175
114176
114186
114192
114194
114204
114206
114212
114218
114222
114233
114235
114245
114247
114269
114275
114283
114289
114298
114299
114301
114306
114308
114318
114324
114328
114329
114332
114337
114337
114338
114340
114340
114343
114345
114351
114355
114358
114360
114360
114365
114366
114370
114373
114376
114380
114380
114386
114394
114394
114400
114400
114415
114418
114425
114426
114428
114433
114434
114456
114458
114459
114460
114462
114465
114467
114469
114477
114480
114488
114490
114494
114494
114495
114512
114517
114518
114519
114527
114528
114531
114533
114540
114541
114558
114561
114563
114564
114569
114569
114570
114570
114584
114589
114589
114595
114596
114597
114600
114602
114613
114618
114621
114627
114628
114634
114638
114644
114645
114666
114693
114696
114700
114702
114706
114712
114717
114732
114736
114738
114743
114744
114751
114759
114765
114767
114779
114781
114786
114816
114820
114823
114825
114829
114837
114874
114883
114884
114886
114889
114896
114897
114897
114900
114903
114904
114910
114914
114915
114916
114935
114937
114940
114958
114960
114961
114966
114966
114968
114968
114969
114977
114979
114987
114990
114991
114992
114997
115000
115004
115005
115005
115007
115009
115015
115026
115026
115037
115050
115074
115075
115080
115083
115086
115094
115094
115096
115103
115113
115118
115124
115125
115126
115126
115132
115134
115140
115141
115168
115172
115177
115190
115202
115205
115209
115210
115229
115230
115231
115232
115233
115241
115242
115244
115246
115249
115258
115262
115264
115268
115270
115273
115274
115282
115289
115295
115297
115304
115320
115334
115339
115348
115352
115364
115365
115366
115366
115370
115374
115374
115374
115375
115390
115399
115403
115406
115409
115410
115412
115417
115419
115419
115421
115427
115431
115432
115435
115439
115462
115475
115475
115476
115479
115483
115495
115500
115512
115527
115527
115529
115530
115536
115544
115549
115552
115559
115562
115566
115569
115579
115586
115593
115594
115599
115604
115610
115612
115634
115638
115641
115643
115644
115644
115644
115645
115650
115651
115664
115668
115675
115678
115679
115681
115683
115691
115692
115693
115700
115703
115710
115717
115719
115727
115730
115733
115735
115746
115754
115757
115761
115763
115764
115776
115778
115784
115789
115806
115822
115830
115838
115846
115847
115848
115849
115850
115855
115856
115859
115869
115879
115882
115888
115893
115899
115902
115914
115921
115924
115925
115929
115941
115945
115950
115952
115959
115968
115969
115976
115979
115982
115984
115987
116004
116007
116010
116011
116017
116024
116033
116039
116049
116056
116057
116060
116062
116065
116069
116070
116080
116084
116094
116096
116100
116104
116105
116107
116108
116114
116120
116120
116122
116125
116131
116138
116140
116143
116145
116147
116151
116158
116164
116178
116182
116185
116186
116188
116191
116200
116202
116211
116216
116216
116221
116228
116239
116240
116246
116248
116258
116275
116281
116282
116291
116294
116304
116315
116318
116319
116321
116325
116329
116330
116331
116331
116335
116336
116349
116350
116352
116355
116356
116356
116357
116358
116366
116369
116370
116372
116373
116373
116374
116377
116385
116389
116392
116395
116401
116413
116416
116417
116420
116420
116421
116433
116434
116434
116440
116441
116441
116450
116452
116454
116454
116454
116455
116463
116471
116472
116472
116490
116493
116496
116499
116501
116505
116508
116511
116514
116521
116528
116537
116539
116541
116542
116552
116554
116559
116564
116570
116573
116578
116581
116582
116588
116589
116590
116592
116598
116599
116614
116614
116615
116618
116628
116629
116629
116630
116630
116639
116640
116643
116644
116651
116658
116659
116677
116680
116701
116702
116704
116705
116711
116727
116728
116731
116735
116742
116743
116744
116747
116750
116755
116762
116764
116769
116769
116772
116775
116776
116784
116786
116791
116792
116797
116800
116802
116805
116810
116811
116812
116813
116820
116838
116839
116853
116853
116858
116859
116859
116862
116866
116869
116869
116873
116875
116882
116886
116886
116889
116889
116890
116892
116895
116899
116899
116901
116906
116910
116911
116916
116916
116917
116917
116921
116922
116932
116934
116940
116944
116945
116947
116947
116951
116954
116957
116961
116971
116973
116974
116978
116990
116990
116995
116997
117003
117006
117012
117015
117015
117028
117029
117037
117038
117038
117043
117048
117061
117062
117071
117075
117076
117078
117083
117088
117101
117109
117112
117113
117118
117118
117119
117147
117152
117160
117163
117182
117199
117205
117206
117231
117234
117236
117238
117252
117261
117274
117275
117282
117294
117294
117299
117299
117307
117311
117314
117316
117320
117322
117322
117325
117331
117332
117333
117339
117343
117344
117346
117355
117355
117356
117356
117358
117359
117371
117377
117380
117389
117392
117393
117405
117406
117410
117416
117421
117422
117425
117426
117429
117461
117475
117478
117481
117487
117493
117494
117496
117506
117507
117539
117543
117544
117544
117546
117550
117552
117564
117577
117578
117583
117590
117592
117593
117594
117595
117595
117601
117602
117607
117612
117614
117626
117632
117634
117641
117645
117646
117654
117656
117660
117661
117668
117686
117688
117689
117696
117703
117712
117721
117723
117726
117727
117742
117743
117746
117747
117754
117760
117761
117762
117763
117765
117771
117773
117774
117776
117782
117795
117796
117801
117807
117809
117815
117815
117816
117824
117828
117830
117830
117845
117848
117864
117864
117867
117867
117872
117874
117874
117875
117877
117885
117892
117892
117905
117912
117914
117918
117925
117926
117929
117932
117933
117937
117939
117948
117951
117951
117957
117965
117967
117970
117971
117974
117978
117978
117980
117980
117981
118015
118022
118025
118026
118028
118037
118041
118058
118060
118069
118071
118076
118085
118089
118091
118106
118119
118123
118130
118135
118138
118142
118149
118157
118160
118163
118167
118168
118169
118170
118176
118178
118188
118189
118192
118195
118207
118217
118222
118223
118225
118226
118231
118231
118231
118242
118257
118267
118270
118278
118283
118289
118301
118317
118326
118330
118337
118350
118353
118356
118359
118365
118366
118366
118369
118369
118369
118370
118376
118386
118404
118408
118413
118419
118429
118431
118432
118436
118441
118464
118465
118468
118472
118474
118481
118483
118490
118490
118494
118501
118507
118510
118515
118519
118534
118537
118539
118545
118554
118567
118571
118572
118586
118587
118589
118593
118594
118599
118609
118618
118631
118642
118643
118644
118653
118655
118661
118664
118668
118669
118672
118675
118675
118677
118678
118690
118695
118700
118734
118742
118747
118751
118752
118756
118758
118764
118764
118770
118780
118783
118784
118785
118787
118792
118795
118795
118799
118811
118815
118818
118824
118827
118828
118832
118839
118845
118848
118849
118855
118855
118856
118857
118858
118870
118872
118875
118880
118882
118893
118895
118902
118907
118918
118925
118931
118932
118933
118935
118937
118940
118947
118951
118957
118967
118979
118987
118994
119004
119010
119016
119026
119029
119035
119041
119047
119053
119053
119056
119059
119075
119076
119077
119093
119096
119099
119100
119104
119107
119114
119114
119118
119126
119129
119136
119137
119159
119162
119164
119166
119177
119181
119192
119197
119199
119203
119206
119230
119232
119235
119235
119243
119243
119247
119249
119249
119257
119257
119258
119259
119259
119263
119266
119267
119273
119282
119284
119287
119289
119292
119296
119306
119315
119321
119327
119334
119339
119341
119344
119350
119355
119360
119363
119380
119386
119394
119395
119397
119397
119398
119406
119408
119416
119417
119421
119424
119427
119428
119429
119441
119452
119457
119459
119465
119466
119474
119476
119477
119484
119487
119493
119496
119499
119507
119508
119509
119510
119514
119520
119521
119522
119528
119538
119539
119549
119557
119557
119559
119569
119570
119570
119581
119585
119591
119597
119598
119614
119617
119625
119626
119633
119634
119643
119649
119675
119687
119687
119687
119717
119717
119718
119734
119735
119738
119747
119751
119755
119761
119762
119764
119767
119788
119793
119795
119799
119808
119808
119834
119835
119849
119851
119855
119872
119875
119877
119879
119883
119883
119895
119901
119904
119913
119914
119915
119922
119922
119927
119930
119931
119931
119935
119937
119938
119939
119940
119953
119971
119977
119979
119990
119993
119999
120014
120041
120044
120049
120053
120056
120068
120076
120080
120084
120088
120099
120106
120111
120113
120119
120120
120129
120132
120137
120141
120149
120151
120163
120166
120172
120175
120176
120181
120186
120186
120186
120193
120196
120197
120209
120210
120212
120218
120222
120227
120244
120245
120248
120253
120256
120258
120259
120280
120281
120281
120286
120290
120296
120316
120332
120340
120354
120365
120371
120372
120373
120392
120401
120402
120411
120412
120418
120421
120432
120433
120439
120444
120449
120450
120454
120454
120457
120470
120471
120479
120480
120482
120484
120488
120495
120498
120501
120502
120503
120510
120517
120526
120527
120529
120537
120542
120554
120571
120575
120579
120579
120587
120604
120610
120611
120616
120619
120620
120621
120627
120631
120637
120643
120647
120647
120669
120674
120692
120694
120695
120696
120698
120698
120700
120702
120704
120707
120708
120715
120718
120718
120731
120732
120733
120733
120735
120736
120747
120753
120757
120760
120761
120765
120775
120778
120796
120802
120823
120825
120826
120830
120841
120843
120851
120857
120858
120865
120870
120878
120881
120889
120892
120892
120892
120899
120899
120900
120906
120914
120930
120934
120949
120950
120955
120955
120962
120964
120965
120965
120969
120971
120975
120985
120989
120994
120997
121000
121005
121005
121008
121009
121018
121023
121024
121028
121029
121032
121058
121064
121073
121076
121078
121091
121094
121095
121100
121113
121118
121123
121127
121130
121133
121135
121146
121147
121156
121161
121163
121168
121174
121175
121175
121180
121180
121181
121185
121192
121194
121194
121196
121197
121201
121207
121209
121222
121225
121227
121229
121233
121247
121248
121250
121251
121259
121259
121279
121287
121288
121289
121310
121312
121314
121336
121341
121345
121350
121352
121356
121358
121368
121374
121379
121379
121381
121389
121392
121395
121396
121397
121405
121417
121418
121422
121424
121430
121431
121437
121447
121453
121462
121466
121472
121473
121473
121474
121487
121489
121492
121498
121500
121501
121501
121502
121503
121505
121512
121524
121530
121539
121540
121554
121554
121557
121559
121561
121566
121571
121572
121577
121588
121590
121594
121594
121599
121602
121604
121604
121622
121631
121632
121636
121636
121641
121645
121651
121653
121657
121663
121667
121669
121677
121677
121683
121696
121698
121704
121704
121705
121711
121714
121725
121727
121731
121732
121757
121759
121775
121783
121785
121787
121794
121796
121801
121808
121810
121826
121830
121837
121842
121844
121850
121851
121852
121854
121869
121872
121874
121881
121894
121911
121912
121917
121921
121924
121924
121924
121928
121940
121943
121945
121955
121955
121956
121967
121969
121981
122005
122017
122018
122020
122026
122027
122056
122058
122074
122077
122080
122093
122094
122099
122104
122115
122122
122127
122133
122134
122134
122138
122141
122142
122148
122154
122155
122158
122159
122160
122162
122165
122167
122177
122180
122181
122185
122198
122199
122204
122206
122222
122230
122253
122260
122265
122268
122277
122277
122284
122285
122285
122287
122294
122301
122309
122316
122317
122322
122324
122331
122342
122343
122345
122361
122365
122371
122378
122383
122385
122388
122394
122395
122395
122404
122419
122423
122427
122428
122430
122433
122441
122453
122463
122478
122483
122484
122491
122509
122517
122519
122519
122520
122522
122524
122525
122530
122533
122540
122540
122546
122552
122561
122564
122568
122573
122581
122584
122590
122596
122601
122602
122618
122626
122627
122629
122631
122639
122640
122640
122649
122660
122680
122682
122684
122685
122689
122690
122691
122692
122692
122695
122697
122712
122716
122732
122752
122760
122765
122766
122771
122772
122780
122783
122787
122799
122805
122806
122807
122810
122813
122820
122825
122828
122830
122837
122854
122860
122868
122871
122873
122874
122876
122878
122888
122892
122892
122900
122903
122903
122908
122908
122909
122911
122914
122915
122920
122932
122933
122937
122948
122966
122968
122972
122978
122982
122984
122988
122988
123009
123009
123010
123014
123020
123021
123024
123041
123043
123044
123050
123053
123060
123062
123063
123072
123073
123088
123095
123102
123107
123121
123122
123124
123126
123135
123136
123139
123139
123152
123171
123178
123179
123179
123181
123189
123190
123191
123192
123201
123230
123236
123266
123270
123297
123305
123318
123322
123335
123335
123335
123336
123340
123340
123347
123353
123354
123356
123360
123362
123379
123381
123387
123395
123399
123405
123409
123409
123422
123423
123424
123431
123431
123433
123434
123438
123439
123446
123458
123458
123460
123464
123464
123466
123470
123470
123471
123476
123476
123490
123491
123505
123517
123528
123532
123535
123537
123542
123547
123547
123547
123548
123549
123550
123556
123557
123559
123580
123601
123631
123643
123645
123647
123649
123651
123658
123658
123659
123664
123667
123674
123678
123679
123682
123682
123683
123691
123692
123702
123704
123709
123717
123718
123719
123724
123734
123739
123744
123747
123748
123748
123752
123764
123766
123777
123778
123779
123785
123806
123808
123811
123815
123819
123826
123846
123846
123852
123864
123865
123878
123882
123882
123884
123885
123898
123905
123920
123921
123923
123923
123924
123925
123927
123928
123930
123935
123936
123942
123942
123950
123974
123974
123981
123996
124002
124003
124008
124013
124019
124025
124026
124029
124031
124031
124032
124032
124032
124033
124035
124039
124040
124041
124047
124049
124061
124063
124064
124066
124067
124076
124078
124082
124091
124101
124105
124113
124116
124116
124123
124124
124129
124138
124149
124158
124158
124162
124162
124165
124172
124172
124176
124183
124191
124197
124209
124210
124211
124218
124220
124224
124231
124234
124242
124245
124246
124249
124259
124277
124288
124290
124290
124293
124294
124299
124299
124317
124318
124322
124324
124326
124328
124346
124351
124357
124358
124359
124368
124374
124380
124387
124393
124399
124414
124434
124438
124441
124447
124452
124452
124462
124464
124465
124465
124469
124482
124482
124500
124506
124516
124516
124523
124530
124530
124534
124538
124541
124541
124542
124555
124563
124571
124572
124577
124578
124580
124593
124604
124608
124609
124623
124626
124631
124634
124640
124640
124642
124656
124661
124665
124668
124669
124670
124670
124672
124677
124677
124677
124684
124690
124691
124693
124706
124708
124710
124718
124721
124722
124739
124745
124747
124750
124753
124768
124769
124772
124778
124780
124787
124795
124803
124806
124806
124807
124817
124826
124830
124833
124833
124853
124862
124865
124870
124872
124895
124895
124897
124915
124917
124923
124929
124931
124933
124941
124943
124959
124969
124978
124988
125005
125007
125012
125032
125037
125041
125041
125048
125058
125065
125067
125069
125071
125075
125081
125085
125085
125092
125092
125096
125098
125102
125102
125105
125108
125117
125134
125135
125142
125145
125147
125152
125152
125161
125163
125166
125169
125179
125193
125199
125214
125215
125219
125228
125232
125233
125235
125235
125241
125245
125253
125260
125267
125273
125273
125278
125289
125289
125290
125303
125306
125313
125318
125318
125323
125330
125331
125332
125334
125335
125351
125357
125358
125363
125369
125372
125373
125383
125384
125385
125388
125394
125399
125403
125404
125410
125420
125424
125430
125431
125432
125433
125433
125437
125438
125454
125471
125473
125484
125500
125515
125520
125522
125528
125530
125535
125535
125536
125543
125552
125553
125555
125559
125565
125578
125578
125580
125582
125585
125586
125591
125593
125604
125607
125608
125613
125620
125622
125625
125626
125627
125629
125631
125632
125635
125638
125651
125655
125662
125662
125664
125679
125680
125683
125684
125691
125704
125721
125724
125725
125726
125728
125730
125734
125741
125743
125743
125748
125749
125768
125771
125775
125782
125792
125797
125800
125806
125816
125818
125832
125838
125839
125846
125860
125864
125870
125873
125877
125883
125893
125895
125895
125895
125913
125923
125923
125926
125926
125927
125928
125938
125940
125957
125962
125968
125971
125986
125993
125993
125996
125999
126000
126006
126017
126020
126020
126020
126028
126031
126032
126039
126041
126046
126046
126058
126062
126063
126068
126076
126087
126092
126093
126107
126114
126115
126117
126119
126120
126124
126125
126127
126130
126132
126136
126138
126138
126145
126150
126154
126155
126158
126169
126173
126181
126183
126190
126195
126200
126202
126203
126203
126204
126214
126216
126234
126237
126238
126241
126247
126247
126250
126254
126256
126280
126282
126286
126294
126299
126313
126315
126316
126319
126320
126320
126344
126350
126355
126357
126385
126395
126400
126402
126418
126419
126420
126421
126422
126425
126428
126429
126444
126449
126453
126458
126461
126462
126463
126465
126480
126481
126488
126493
126497
126503
126508
126510
126510
126522
126535
126536
126540
126549
126555
126558
126562
126565
126566
126567
126567
126570
126575
126581
126587
126593
126596
126599
126610
126614
126615
126618
126619
126620
126625
126635
126643
126648
126650
126653
126661
126663
126670
126680
126686
126689
126690
126690
126692
126693
126699
126699
126700
126717
126728
126728
126730
126739
126739
126741
126744
126745
126751
126755
126755
126761
126764
126771
126785
126791
126800
126805
126805
126812
126813
126831
126835
126840
126842
126851
126852
126858
126858
126862
126865
126866
126867
126870
126878
126882
126883
126884
126894
126909
126910
126915
126915
126923
126923
126927
126930
126935
126940
126944
126948
126949
126963
126966
126970
126970
126975
126976
126979
126987
126999
127000
127000
127014
127014
127023
127033
127035
127036
127037
127040
127040
127060
127068
127072
127075
127081
127084
127085
127088
127089
127090
127095
127109
127111
127114
127118
127128
127141
127143
127144
127157
127158
127165
127174
127176
127179
127191
127192
127202
127205
127213
127219
127223
127229
127240
127241
127243
127246
127246
127250
127252
127260
127264
127268
127272
127273
127277
127282
127286
127301
127324
127328
127331
127335
127343
127345
127345
127347
127349
127358
127361
127363
127365
127382
127383
127384
127386
127391
127391
127391
127399
127402
127405
127405
127421
127421
127421
127424
127429
127429
127433
127463
127467
127491
127500
127504
127507
127510
127513
127515
127515
127518
127520
127520
127526
127533
127545
127549
127551
127557
127566
127568
127569
127577
127578
127579
127579
127583
127596
127601
127601
127606
127608
127617
127618
127620
127621
127621
127623
127626
127629
127631
127641
127652
127656
127666
127671
127673
127683
127690
127695
127696
127696
127697
127698
127703
127716
127727
127727
127727
127728
127728
127728
127734
127737
127741
127753
127756
127794
127797
127799
127801
127806
127810
127811
127825
127826
127831
127843
127846
127854
127858
127861
127866
127875
127880
127880
127883
127884
127890
127890
127892
127895
127901
127908
127911
127916
127923
127924
127931
127937
127938
127950
127951
127954
127955
127962
127964
127965
127966
127968
127972
127984
127989
127991
127994
128012
128013
128014
128017
128028
128031
128034
128038
128043
128045
128055
128062
128063
128063
128066
128066
128067
128069
128091
128091
128095
128097
128101
128104
128109
128109
128109
128119
128124
128125
128139
128142
128142
128165
128170
128174
128175
128178
128179
128181
128184
128188
128188
128194
128194
128197
128201
128205
128213
128218
128222
128237
128238
128242
128246
128252
128261
128261
128261
128265
128268
128273
128274
128274
128277
128277
128290
128294
128298
128305
128315
128316
128329
128329
128336
128339
128340
128342
128345
128347
128348
128349
128357
128357
128359
128361
128362
128365
128367
128368
128368
128374
128387
128389
128390
128395
128398
128404
128404
128412
128413
128413
128427
128432
128432
128433
128439
128443
128444
128446
128453
128461
128467
128471
128489
128498
128501
128508
128511
128511
128514
128515
128523
128535
128561
128573
128585
128587
128595
128596
128603
128604
128615
128618
128623
128624
128634
128634
128641
128650
128651
128651
128651
128654
128655
128664
128669
128675
128682
128684
128690
128696
128703
128706
128709
128727
128730
128733
128739
128749
128751
128752
128753
128758
128758
128763
128765
128771
128776
128783
128787
128793
128793
128798
128803
128804
128806
128812
128816
128821
128822
128824
128829
128829
128837
128848
128863
128868
128871
128872
128878
128881
128881
128884
128888
128890
128890
128891
128895
128897
128905
128910
128917
128921
128921
128927
128931
128932
128953
128956
128961
128965
128967
128968
128977
128978
128979
128991
128996
128997
129003
129007
129015
129022
129028
129030
129034
129037
129037
129038
129040
129041
129043
129049
129057
129059
129081
129083
129098
129099
129101
129101
129103
129109
129111
129114
129115
129115
129122
129123
129123
129124
129124
129125
129125
129128
129134
129135
129160
129160
129162
129170
129174
129177
129191
129196
129196
129198
129203
129203
129209
129220
129223
129224
129225
129228
129236
129242
129249
129249
129254
129261
129267
129268
129273
129276
129276
129290
129294
129295
129295
129301
129314
129320
129332
129332
129334
129338
129341
129348
129348
129354
129365
129368
129375
129378
129384
129384
129390
129396
129399
129401
129403
129404
129411
129413
129416
129421
129431
129432
129450
129454
129467
129469
129477
129486
129492
129494
129495
129515
129528
129529
129538
129538
129540
129540
129540
129555
129565
129569
129577
129581
129604
129612
129629
129632
129636
129636
129642
129643
129650
129656
129675
129676
129682
129688
129690
129691
129703
129712
129713
129721
129725
129725
129735
129735
129742
129746
129750
129753
129761
129766
129771
129771
129772
129776
129787
129792
129793
129793
129795
129801
129801
129802
129803
129807
129808
129809
129821
129821
129823
129828
129841
129844
129848
129863
129877
129882
129888
129888
129889
129896
129910
129914
129929
129929
129934
129937
129941
129948
129953
129954
129959
129965
129966
129967
129975
129977
129977
129992
130018
130018
130021
130024
130026
130030
130036
130039
130042
130043
130045
130050
130053
130053
130055
130057
130058
130061
130065
130066
130069
130070
130072
130073
130075
130091
130093
130094
130103
130104
130110
130112
130119
130139
130145
130152
130173
130182
130206
130206
130209
130213
130214
130218
130222
130224
130224
130225
130227
130230
130233
130235
130241
130244
130249
130251
130266
130271
130273
130274
130277
130286
130294
130302
130303
130306
130308
130308
130337
130340
130346
130356
130361
130362
130382
130389
130391
130393
130394
130397
130409
130410
130410
130421
130423
130427
130429
130430
130431
130436
130442
130450
130452
130455
130460
130461
130462
130471
130473
130478
130484
130485
130489
130496
130496
130502
130502
130507
130514
130515
130527
130533
130536
130550
130553
130566
130567
130585
130589
130591
130592
130597
130603
130610
130630
130630
130632
130637
130639
130645
130647
130652
130661
130662
130665
130667
130669
130687
130701
130704
130705
130712
130729
130736
130740
130753
130757
130764
130771
130777
130788
130789
130794
130802
130812
130818
130823
130823
130836
130838
130847
130851
130855
130863
130866
130867
130871
130876
130888
130890
130891
130896
130902
130902
130906
130912
130913
130914
130915
130919
130931
130932
130935
130938
130942
130943
130945
130949
130952
130963
130967
130970
130973
130974
130980
130981
130990
130992
131005
131007
131008
131010
131018
131018
131020
131020
131022
131022
131025
131031
131040
131046
131054
131062
131062
131063
131068
131068
131091
131098
131102
131111
131118
131120
131142
131143
131143
131146
131153
131160
131170
131178
131185
131188
131193
131194
131196
131201
131203
131207
131207
131213
131230
131231
131234
131251
131252
131256
131258
131277
131282
131287
131289
131291
131293
131312
131317
131321
131337
131338
131338
131339
131339
131341
131343
131344
131351
131354
131355
131357
131359
131366
131367
131369
131378
131380
131387
131390
131396
131399
131403
131407
131407
131422
131427
131428
131432
131433
131437
131441
131447
131452
131456
131458
131469
131480
131484
131484
131485
131492
131494
131500
131500
131520
131520
131529
131530
131533
131544
131550
131555
131563
131565
131568
131577
131580
131587
131588
131600
131606
131607
131613
131613
131617
131628
131635
131636
131642
131645
131651
131654
131657
131660
131660
131662
131663
131664
131669
131673
131677
131679
131680
131685
131685
131685
131688
131690
131694
131697
131702
131718
131720
131731
131732
131736
131737
131752
131758
131765
131771
131771
131785
131793
131803
131810
131817
131821
131826
131831
131833
131836
131837
131844
131847
131858
131864
131877
131880
131887
131898
131904
131906
131910
131915
131920
131920
131922
131924
131925
131926
131927
131931
131935
131940
131941
131943
131950
131953
131968
131974
131977
131980
131982
131990
131999
132008
132019
132020
132022
132026
132032
132032
132033
132036
132036
132051
132052
132052
132054
132072
132072
132080
132085
132089
132091
132097
132100
132105
132106
132108
132115
132125
132130
132132
132134
132135
132140
132143
132146
132154
132164
132167
132173
132175
132183
132184
132189
132190
132192
132192
132200
132202
132213
132215
132224
132230
132230
132231
132238
132238
132240
132241
132244
132244
132250
132250
132252
132252
132257
132259
132266
132268
132271
132275
132278
132280
132281
132283
132286
132288
132291
132292
132296
132298
132307
132309
132309
132310
132315
132317
132322
132325
132330
132333
132340
132344
132345
132348
132364
132370
132374
132376
132388
132392
132392
132395
132405
132410
132415
132420
132422
132423
132429
132439
132440
132451
132473
132473
132474
132483
132491
132492
132502
132515
132520
132520
132521
132523
132529
132529
132538
132540
132541
132543
132548
132551
132554
132554
132563
132563
132565
132567
132579
132579
132583
132595
132599
132605
132607
132612
132623
132626
132635
132637
132641
132644
132646
132646
132649
132655
132664
132665
132671
132671
132675
132678
132680
132684
132687
132690
132692
132693
132694
132695
132698
132706
132717
132720
132720
132720
132723
132730
132733
132741
132743
132752
132755
132757
132770
132770
132771
132774
132784
132784
132784
132791
132798
132799
132811
132827
132840
132841
132843
132847
132866
132870
132883
132886
132895
132895
132904
132904
132909
132909
132911
132922
132924
132927
132930
132939
132939
132941
132945
132956
132959
132973
132974
132974
132976
132977
132995
133009
133010
133013
133014
133017
133022
133025
133025
133029
133029
133039
133046
133053
133054
133058
133059
133065
133068
133076
133089
133092
133102
133109
133111
133114
133121
133128
133128
133129
133132
133143
133145
133147
133154
133157
133163
133163
133164
133170
133173
133176
133179
133192
133192
133194
133196
133201
133209
133215
133221
133226
133242
133244
133246
133247
133250
133264
133275
133278
133287
133293
133299
133300
133306
133309
133310
133312
133313
133316
133347
133355
133356
133356
133360
133362
133362
133366
133367
133375
133386
133387
133388
133402
133405
133407
133422
133427
133428
133429
133430
133434
133442
133443
133443
133443
133444
133444
133446
133446
133452
133461
133464
133467
133473
133476
133480
133481
133483
133497
133498
133500
133501
133502
133506
133506
133508
133528
133529
133532
133552
133559
133576
133579
133581
133583
133584
133589
133594
133603
133621
133626
133649
133655
133666
133675
133679
133680
133682
133682
133683
133683
133686
133687
133700
133716
133736
133738
133742
133747
133750
133757
133762
133767
133779
133781
133782
133786
133797
133798
133801
133810
133815
133823
133829
133834
133835
133837
133845
133845
133846
133849
133858
133865
133869
133874
133874
133875
133875
133881
133881
133891
133891
133896
133928
133932
133939
133941
133949
133955
133956
133959
133961
133961
133966
133968
133970
133971
133982
133982
133982
133984
133999
134010
134012
134013
134020
134021
134023
134030
134038
134067
134079
134086
134086
134093
134095
134101
134103
134105
134105
134109
134121
134122
134133
134146
134147
134148
134152
134159
134167
134168
134171
134188
134191
134195
134205
134212
134213
134230
134234
134235
134235
134237
134243
134246
134252
134254
134263
134264
134270
134275
134278
134284
134291
134292
134300
134301
134305
134310
134312
134313
134314
134317
134319
134321
134331
134331
134332
134334
134334
134336
134339
134343
134343
134350
134350
134352
134357
134366
134369
134370
134371
134384
134384
134388
134389
134394
134396
134399
134401
134412
134415
134425
134426
134427
134428
134430
134430
134435
134440
134440
134443
134446
134447
134452
134460
134462
134464
134467
134468
134479
134497
134497
134505
134510
134511
134520
134522
134526
134532
134535
134539
134540
134543
134543
134552
134555
134558
134572
134576
134577
134589
134595
134603
134612
134614
134614
134630
134633
134634
134638
134643
134658
134685
134685
134692
134692
134695
134699
134702
134702
134704
134705
134709
134711
134732
134743
134754
134757
134758
134767
134768
134772
134774
134782
134791
134794
134796
134797
134799
134803
134804
134806
134809
134812
134814
134822
134826
134827
134831
134833
134833
134833
134834
134840
134840
134840
134843
134845
134847
134849
134865
134879
134886
134892
134893
134899
134906
134911
134920
134922
134924
134929
134938
134962
134966
134967
134968
134970
134976
134978
134983
134989
134998
135006
135006
135009
135014
135015
135018
135024
135024
135026
135026
135027
135028
135029
135042
135046
135047
135048
135049
135057
135060
135063
135065
135071
135072
135077
135081
135091
135103
135106
135128
135130
135130
135130
135143
135145
135147
135159
135164
135167
135168
135170
135170
135177
135177
135179
135185
135204
135207
135215
135217
135217
135221
135237
135239
135247
135250
135256
135257
135258
135259
135259
135267
135268
135277
135278
135286
135301
135304
135310
135320
135322
135324
135326
135329
135330
135332
135356
135361
135365
135367
135367
135372
135373
135381
135382
135382
135384
135386
135392
135398
135405
135405
135407
135417
135436
135458
135460
135472
135472
135484
135490
135507
135508
135518
135520
135522
135526
135529
135539
135540
135551
135554
135554
135568
135574
135574
135576
135576
135589
135603
135610
135612
135625
135641
135656
135660
135670
135672
135680
135680
135682
135686
135691
135691
135697
135698
135706
135711
135713
135715
135716
135717
135723
135726
135729
135743
135744
135751
135764
135767
135776
135778
135780
135781
135789
135797
135800
135804
135804
135805
135814
135826
135827
135831
135835
135839
135840
135847
135848
135851
135858
135873
135876
135878
135882
135887
135899
135906
135914
135915
135916
135932
135938
135941
135945
135950
135959
135963
135964
135966
135974
135976
135980
135984
135985
135987
136002
136008
136017
136030
136045
136047
136059
136060
136069
136071
136074
136074
136083
136084
136097
136097
136098
136107
136109
136137
136137
136153
136154
136156
136172
136175
136176
136178
136179
136183
136191
136194
136198
136199
136201
136203
136212
136213
136214
136215
136236
136251
136252
136253
136259
136264
136270
136272
136280
136284
136302
136305
136309
136332
136338
136339
136358
136360
136362
136364
136383
136391
136397
136405
136407
136412
136415
136422
136435
136439
136441
136441
136442
136444
136446
136446
136447
136449
136461
136464
136469
136476
136476
136480
136481
136486
136489
136494
136495
136499
136499
136500
136504
136513
136516
136522
136522
136525
136531
136533
136539
136539
136543
136560
136568
136569
136570
136574
136579
136595
136599
136602
136603
136618
136619
136620
136625
136626
136629
136633
136641
136653
136654
136654
136662
136666
136670
136672
136702
136702
136705
136716
136719
136724
136726
136726
136726
136727
136728
136729
136734
136734
136734
136737
136748
136748
136749
136750
136770
136776
136786
136789
136792
136799
136801
136803
136806
136806
136806
136809
136812
136816
136818
136828
136833
136834
136841
136845
136851
136855
136866
136868
136872
136880
136882
136887
136888
136895
136896
136898
136900
136902
136905
136909
136911
136911
136912
136914
136918
136923
136929
136930
136933
136938
136944
136952
136955
136957
136957
136962
136962
136964
136974
136977
136977
136981
136994
137004
137010
137023
137026
137031
137033
137034
137038
137042
137050
137057
137061
137067
137070
137079
137095
137096
137101
137102
137105
137105
137108
137108
137115
137123
137125
137125
137129
137130
137131
137133
137139
137141
137155
137160
137164
137166
137182
137190
137196
137198
137201
137208
137211
137217
137229
137233
137238
137242
137244
137268
137273
137281
137283
137287
137291
137295
137297
137297
137303
137306
137308
137320
137322
137323
137325
137348
137351
137355
137357
137363
137370
137370
137379
137381
137389
137390
137395
137397
137400
137401
137406
137413
137416
137417
137421
137428
137430
137430
137446
137448
137452
137470
137473
137478
137495
137498
137511
137514
137516
137518
137519
137520
137530
137543
137550
137556
137557
137563
137570
137585
137591
137605
137608
137611
137614
137620
137635
137636
137645
137679
137690
137692
137697
137699
137700
137712
137731
137733
137736
137741
137743
137750
137755
137765
137772
137775
137777
137780
137785
137787
137788
137790
137790
137795
137795
137807
137811
137828
137828
137839
137843
137855
137855
137856
137858
137863
137871
137885
137886
137887
137893
137896
137897
137903
137904
137907
137916
137924
137928
137934
137937
137938
137945
137945
137946
137949
137953
137971
137974
137976
137978
137996
137997
137997
138002
138010
138010
138011
138011
138011
138020
138025
138037
138040
138041
138042
138046
138054
138061
138069
138071
138072
138080
138082
138088
138089
138095
138095
138099
138099
138107
138113
138114
138115
138117
138119
138125
138131
138131
138145
138146
138148
138151
138153
138154
138155
138163
138166
138179
138200
138219
138223
138224
138230
138232
138243
138257
138260
138262
138267
138267
138276
138282
138284
138290
138294
138297
138301
138302
138308
138313
138316
138317
138320
138321
138321
138329
138335
138346
138351
138361
138369
138373
138376
138383
138389
138390
138392
138395
138396
138397
138399
138404
138406
138410
138433
138434
138439
138453
138460
138461
138480
138482
138483
138486
138487
138487
138491
138495
138495
138496
138497
138501
138505
138506
138508
138522
138527
138547
138548
138555
138565
138568
138570
138571
138575
138577
138583
138593
138595
138600
138601
138613
138614
138620
138625
138627
138631
138635
138642
138643
138648
138648
138648
138650
138655
138655
138662
138664
138668
138672
138686
138686
138687
138687
138689
138690
138696
138699
138699
138708
138722
138725
138728
138733
138736
138737
138743
138745
138748
138750
138756
138770
138788
138800
138806
138808
138811
138812
138813
138819
138820
138821
138827
138835
138836
138840
138842
138859
138864
138873
138885
138902
138911
138912
138917
138918
138920
138925
138926
138933
138942
138945
138947
138948
138948
138948
138951
138962
138972
138978
138985
138992
138993
138995
139008
139009
139013
139016
139016
139020
139021
139024
139034
139035
139036
139047
139049
139052
139059
139061
139072
139078
139081
139082
139084
139094
139094
139105
139109
139110
139116
139121
139122
139129
139130
139130
139133
139139
139157
139161
139167
139167
139170
139171
139173
139173
139174
139189
139203
139211
139220
139233
139237
139239
139240
139243
139245
139255
139267
139270
139281
139288
139289
139290
139294
139297
139300
139302
139305
139309
139322
139336
139340
139340
139341
139344
139348
139349
139354
139356
139360
139364
139369
139383
139385
139387
139391
139404
139407
139410
139411
139429
139429
139429
139436
139452
139459
139462
139469
139471
139477
139490
139502
139527
139532
139536
139536
139537
139540
139554
139565
139565
139567
139573
139575
139578
139578
139581
139581
139589
139598
139612
139623
139625
139626
139628
139638
139641
139644
139650
139652
139654
139660
139669
139674
139683
139685
139688
139689
139702
139704
139711
139718
139723
139725
139751
139760
139762
139763
139774
139777
139786
139794
139803
139806
139808
139810
139819
139819
139823
139831
139831
139835
139842
139843
139857
139863
139864
139869
139872
139880
139880
139880
139885
139889
139889
139904
139916
139916
139924
139928
139945
139945
139947
139958
139958
139960
139967
139971
139979
139980
139980
139985
139991
139993
140000
140015
140021
140024
140024
140029
140033
140038
140048
140070
140070
140073
140073
140081
140088
140089
140091
140091
140092
140099
140105
140108
140108
140122
140126
140139
140139
140142
140143
140161
140162
140174
140177
140178
140186
140187
140188
140196
140198
140200
140204
140204
140205
140209
140217
140220
140221
140221
140225
140228
140231
140234
140234
140244
140247
140247
140253
140254
140257
140260
140262
140275
140277
140293
140296
140302
140306
140310
140312
140316
140320
140329
140333
140334
140335
140337
140338
140339
140339
140341
140343
140343
140345
140373
140374
140389
140398
140405
140406
140409
140410
140413
140418
140421
140423
140424
140424
140433
140439
140443
140444
140452
140454
140455
140455
140456
140457
140464
140471
140475
140506
140514
140518
140525
140529
140541
140543
140543
140558
140561
140565
140567
140574
140581
140596
140599
140601
140609
140614
140618
140630
140633
140641
140643
140644
140647
140654
140658
140660
140667
140668
140674
140674
140676
140678
140679
140686
140688
140690
140692
140696
140700
140701
140703
140713
140714
140726
140728
140728
140735
140739
140740
140743
140759
140760
140773
140776
140779
140781
140784
140785
140786
140790
140792
140792
140802
140805
140808
140820
140820
140821
140825
140828
140831
140836
140837
140840
140842
140843
140850
140863
140875
140879
140885
140886
140888
140893
140896
140902
140909
140919
140922
140922
140928
140952
140953
140957
140958
140959
140963
140967
140968
140974
140977
140977
140979
140979
140985
140985
140988
140988
140989
140992
140995
140998
141001
141002
141010
141011
141012
141020
141031
141032
141039
141043
141050
141054
141069
141069
141072
141086
141086
141088
141089
141096
141101
141103
141105
141120
141122
141133
141141
141146
141147
141153
141171
141173
141178
141187
141189
141195
141198
141217
141218
141219
141220
141226
141250
141253
141256
141266
141273
141280
141281
141281
141281
141282
141282
141284
141285
141294
141308
141313
141325
141328
141328
141335
141335
141336
141343
141346
141350
141352
141353
141354
141354
141365
141367
141374
141382
141388
141389
141392
141394
141396
141397
141406
141406
141408
141415
141424
141431
141435
141436
141439
141455
141461
141462
141465
141469
141471
141475
141493
141496
141499
141509
141512
141514
141521
141523
141530
141531
141533
141539
141552
141562
141565
141569
141571
141575
141577
141578
141584
141586
141588
141596
141604
141617
141618
141630
141630
141639
141640
141650
141652
141663
141667
141669
141674
141682
141684
141684
141689
141690
141700
141705
141707
141724
141726
141747
141759
141763
141773
141774
141778
141779
141783
141786
141797
141802
141808
141817
141825
141831
141842
141842
141849
141853
141863
141863
141876
141878
141882
141895
141896
141899
141899
141906
141915
141918
141919
141921
141923
141931
141934
141935
141938
141938
141944
141945
141951
141953
141956
141956
141961
141961
141966
141969
141973
141980
141983
141986
141997
141999
142001
142001
142004
142005
142007
142012
142019
142021
142036
142036
142049
142050
142060
142066
142066
142068
142075
142077
142080
142087
142095
142095
142099
142101
142111
142113
142125
142125
142127
142137
142141
142146
142152
142154
142164
142170
142176
142180
142182
142188
142189
142190
142199
142200
142202
142210
142216
142218
142224
142224
142225
142227
142227
142237
142245
142245
142246
142250
142253
142257
142259
142265
142265
142270
142272
142273
142275
142282
142288
142294
142299
142302
142302
142305
142310
142312
142314
142324
142331
142334
142338
142346
142347
142347
142352
142353
142357
142364
142365
142376
142379
142381
142416
142417
142427
142431
142435
142443
142450
142452
142452
142459
142463
142466
142471
142475
142481
142486
142489
142491
142491
142492
142494
142501
142517
142522
142525
142528
142542
142543
142543
142544
142549
142553
142566
142568
142573
142594
142594
142602
142606
142607
142611
142612
142612
142615
142630
142634
142641
142646
142646
142649
142652
142655
142661
142662
142665
142669
142671
142671
142673
142675
142681
142688
142689
142690
142695
142697
142697
142699
142702
142707
142715
142716
142718
142723
142728
142730
142731
142731
142733
142738
142761
142763
142767
142768
142769
142770
142771
142773
142776
142779
142782
142782
142784
142786
142794
142794
142795
142804
142805
142806
142809
142815
142822
142826
142829
142850
142852
142855
142863
142866
142883
142886
142887
142888
142898
142906
142908
142910
142911
142913
142917
142920
142921
142922
142922
142932
142938
142939
142942
142948
142949
142963
142968
142971
142982
142990
142993
142996
143001
143012
143017
143022
143026
143030
143033
143036
143037
143037
143041
143045
143046
143048
143052
143054
143055
143059
143059
143062
143064
143073
143086
143088
143092
143097
143103
143106
143107
143121
143128
143134
143140
143172
143176
143178
143182
143188
143193
143202
143203
143211
143217
143259
143260
143261
143271
143275
143288
143294
143298
143308
143315
143326
143328
143328
143343
143350
143351
143365
143365
143376
143379
143380
143383
143388
143393
143401
143408
143410
143422
143422
143422
143422
143423
143427
143430
143432
143435
143438
143444
143448
143450
143461
143473
143476
143477
143479
143486
143495
143499
143500
143510
143521
143522
143526
143528
143529
143533
143540
143557
143558
143559
143561
143564
143569
143575
143579
143596
143598
143601
143618
143618
143624
143625
143630
143636
143654
143657
143660
143661
143661
143663
143671
143681
143681
143685
143689
143694
143709
143711
143712
143712
143714
143716
143721
143724
143724
143724
143750
143753
143756
143762
143764
143764
143765
143768
143768
143770
143771
143775
143775
143779
143784
143788
143793
143795
143796
143797
143803
143808
143816
143821
143822
143833
143833
143837
143838
143847
143848
143849
143851
143855
143856
143857
143863
143876
143879
143879
143880
143883
143889
143894
143898
143900
143901
143902
143912
143916
143921
143925
143927
143929
143942
143942
143945
143945
143950
143956
143958
143966
143972
143981
143989
143990
143990
144001
144008
144022
144025
144026
144027
144036
144044
144044
144047
144049
144052
144059
144071
144072
144086
144088
144090
144091
144094
144095
144107
144109
144114
144119
144123
144129
144131
144137
144140
144141
144141
144143
144146
144149
144155
144156
144161
144162
144165
144168
144183
144184
144185
144189
144193
144199
144210
144214
144222
144227
144236
144238
144241
144248
144253
144258
144260
144268
144270
144274
144286
144294
144298
144298
144299
144302
144303
144322
144325
144335
144341
144355
144360
144362
144362
144364
144368
144382
144384
144387
144400
144402
144409
144426
144445
144445
144445
144462
144469
144470
144474
144477
144480
144485
144485
144489
144499
144503
144503
144504
144520
144531
144534
144535
144549
144554
144560
144578
144580
144581
144586
144594
144597
144598
144608
144608
144610
144611
144615
144626
144631
144634
144634
144634
144640
144641
144645
144647
144656
144658
144662
144666
144666
144669
144673
144684
144684
144699
144701
144704
144705
144706
144708
144711
144723
144733
144739
144743
144743
144745
144747
144749
144749
144749
144752
144755
144759
144762
144767
144777
144789
144793
144796
144799
144807
144811
144832
144836
144847
144855
144858
144862
144863
144868
144872
144877
144878
144884
144896
144900
144903
144906
144913
144917
144921
144931
144938
144939
144941
144943
144955
144955
144960
144971
144971
144978
144981
144981
144988
144996
145004
145007
145007
145010
145011
145015
145016
145020
145024
145028
145029
145034
145035
145040
145040
145050
145050
145050
145058
145066
145067
145072
145080
145091
145091
145092
145098
145103
145103
145107
145118
145120
145123
145124
145125
145127
145136
145138
145142
145143
145144
145144
145149
145150
145155
145160
145164
145177
145177
145182
145185
145194
145198
145207
145210
145223
145236
145243
145248
145250
145257
145260
145260
145275
145280
145304
145319
145320
145321
145324
145325
145332
145333
145337
145337
145339
145344
145354
145355
145361
145362
145388
145395
145408
145408
145410
145413
145422
145432
145437
145437
145439
145440
145443
145460
145483
145489
145493
145496
145496
145497
145497
145510
145512
145519
145520
145524
145525
145526
145535
145539
145541
145541
145547
145561
145564
145570
145575
145576
145578
145582
145582
145585
145585
145600
145618
145623
145624
145624
145625
145629
145631
145632
145654
145655
145656
145657
145660
145662
145668
145669
145673
145673
145691
145695
145700
145706
145711
145722
145722
145727
145731
145737
145740
145750
145751
145759
145770
145777
145781
145782
145788
145793
145799
145807
145812
145826
145833
145841
145843
145851
145857
145864
145864
145870
145871
145881
145902
145909
145913
145917
145919
145921
145925
145926
145933
145937
145940
145949
145950
145953
145955
145957
145968
145974
145979
145983
145984
145989
145993
145995
145998
146000
146001
146011
146017
146029
146032
146034
146038
146048
146050
146055
146056
146081
146093
146099
146100
146103
146109
146115
146119
146121
146124
146131
146133
146134
146160
146160
146164
146168
146191
146196
146201
146215
146219
146231
146233
146239
146253
146258
146268
146268
146269
146277
146278
146279
146280
146284
146284
146287
146295
146302
146309
146319
146332
146338
146339
146347
146355
146361
146364
146367
146368
146370
146381
146384
146384
146387
146388
146389
146389
146396
146399
146400
146400
146405
146408
146409
146425
146425
146426
146427
146428
146432
146435
146436
146444
146445
146448
146462
146465
146466
146469
146471
146477
146478
146481
146488
146492
146499
146499
146511
146517
146523
146526
146528
146545
146548
146549
146550
146558
146566
146584
146587
146587
146594
146598
146610
146614
146618
146629
146631
146637
146637
146638
146640
146641
146646
146647
146664
146672
146679
146680
146687
146688
146690
146694
146695
146700
146700
146705
146712
146719
146737
146742
146750
146756
146757
146759
146773
146782
146784
146799
146799
146807
146812
146813
146817
146832
146838
146843
146852
146853
146853
146854
146857
146869
146873
146875
146876
146880
146882
146884
146885
146912
146912
146914
146921
146922
146922
146931
146944
146951
146971
146974
146985
146987
146989
146992
146999
147000
147019
147020
147022
147028
147034
147039
147042
147043
147052
147053
147063
147071
147088
147090
147093
147094
147100
147104
147109
147109
147114
147116
147117
147124
147129
147133
147134
147136
147139
147139
147149
147151
147157
147159
147186
147189
147192
147197
147198
147199
147205
147206
147217
147218
147218
147220
147221
147226
147230
147251
147260
147261
147276
147285
147291
147300
147302
147314
147321
147321
147349
147354
147358
147379
147379
147383
147388
147400
147400
147414
147414
147421
147428
147430
147444
147445
147452
147452
147459
147462
147464
147478
147482
147487
147491
147491
147506
147509
147514
147516
147517
147521
147532
147533
147533
147547
147551
147554
147558
147566
147569
147572
147576
147579
147594
147611
147613
147618
147637
147639
147641
147650
147652
147656
147671
147671
147673
147675
147675
147678
147681
147682
147696
147698
147700
147707
147712
147715
147735
147739
147742
147744
147744
147746
147750
147758
147770
147774
147776
147777
147780
147782
147796
147805
147808
147809
147810
147814
147830
147831
147834
147849
147856
147865
147873
147875
147876
147878
147885
147888
147889
147891
147893
147897
147899
147905
147918
147919
147925
147925
147926
147930
147942
147950
147951
147952
147952
147953
147981
147997
148002
148009
148016
148018
148021
148028
148032
148044
148047
148049
148055
148057
148060
148069
148084
148085
148086
148091
148093
148094
148099
148108
148116
148118
148123
148125
148128
148134
148135
148141
148141
148142
148150
148158
148169
148172
148179
148180
148184
148186
148188
148198
148204
148206
148207
148208
148215
148218
148219
148226
148252
148260
148269
148275
148283
148284
148285
148288
148289
148289
148297
148310
148310
148317
148318
148338
148342
148347
148349
148351
148366
148370
148373
148379
148380
148381
148382
148390
148392
148393
148394
148396
148400
148406
148413
148431
148432
148440
148441
148447
148450
148453
148460
148466
148471
148471
148489
148502
148509
148516
148517
148520
148528
148529
148530
148540
148546
148549
148551
148553
148559
148563
148564
148568
148570
148579
148593
148600
148600
148605
148606
148611
148612
148613
148617
148617
148632
148634
148635
148641
148643
148652
148653
148653
148659
148663
148668
148678
148680
148687
148688
148690
148696
148706
148708
148711
148714
148717
148721
148722
148733
148742
148751
148754
148755
148762
148767
148769
148778
148781
148790
148800
148801
148817
148822
148827
148831
148839
148852
148856
148858
148859
148863
148868
148873
148875
148879
148890
148902
148903
148914
148915
148921
148922
148922
148926
148928
148934
148935
148943
148943
148944
148952
148957
148968
148974
148989
148998
149005
149009
149010
149012
149015
149021
149021
149024
149028
149033
149033
149035
149041
149042
149045
149057
149058
149063
149069
149076
149077
149083
149088
149089
149092
149093
149102
149106
149110
149115
149117
149123
149125
149130
149134
149139
149147
149148
149152
149158
149166
149183
149189
149192
149204
149211
149216
149217
149220
149222
149225
149226
149227
149228
149228
149230
149231
149232
149246
149247
149251
149253
149271
149275
149280
149281
149281
149282
149284
149293
149321
149322
149329
149330
149333
149335
149344
149364
149368
149369
149370
149374
149378
149382
149382
149388
149388
149405
149410
149418
149431
149432
149432
149434
149435
149437
149440
149444
149445
149446
149451
149453
149457
149458
149459
149461
149466
149466
149468
149472
149475
149483
149488
149489
149498
149503
149506
149508
149510
149535
149543
149551
149560
149565
149567
149580
149584
149586
149588
149589
149594
149606
149607
149608
149623
149627
149630
149631
149633
149636
149641
149655
149658
149659
149662
149669
149671
149673
149681
149688
149706
149715
149716
149717
149718
149720
149730
149731
149741
149742
149742
149749
149750
149755
149759
149761
149762
149763
149769
149772
149778
149778
149785
149802
149808
149811
149811
149811
149811
149812
149812
149815
149820
149830
149835
149837
149838
149845
149846
149851
149858
149860
149861
149864
149866
149866
149873
149877
149877
149878
149882
149882
149885
149893
149894
149899
149903
149908
149912
149919
149919
149921
149922
149933
149937
149941
149948
149951
149955
149968
149975
149978
149980
149981
149983
149985
149989
149995
149996
150001
150005
150014
150015
150017
150017
150023
150028
150029
150034
150040
150044
150060
150061
150062
150063
150065
150065
150072
150079
150081
150084
150084
150086
150087
150089
150096
150097
150101
150106
150107
150110
150112
150122
150126
150129
150134
150138
150151
150157
150163
150174
150176
150176
150179
150181
150183
150183
150189
150193
150199
150203
150208
150213
150213
150217
150218
150223
150223
150226
150232
150234
150238
150242
150252
150255
150256
150259
150261
150264
150275
150275
150277
150281
150282
150283
150285
150288
150288
150297
150297
150302
150305
150308
150310
150310
150312
150312
150313
150316
150318
150321
150326
150343
150348
150358
150365
150377
150403
150405
150413
150413
150414
150423
150427
150442
150451
150455
150455
150456
150461
150463
150464
150472
150481
150481
150486
150488
150497
150497
150510
150520
150523
150524
150524
150535
150538
150543
150545
150557
150564
150567
150567
150590
150600
150601
150602
150603
150603
150603
150607
150611
150612
150613
150615
150620
150627
150630
150635
150640
150666
150668
150674
150676
150689
150693
150698
150702
150703
150704
150710
150716
150717
150724
150724
150726
150730
150735
150743
150745
150773
150774
150787
150787
150795
150808
150814
150819
150837
150842
150844
150845
150848
150849
150864
150865
150872
150874
150878
150879
150886
150888
150894
150897
150898
150899
150901
150907
150908
150911
150914
150925
150925
150936
150938
150939
150940
150941
150950
150963
150968
150976
150977
150978
150979
150997
150998
151002
151003
151009
151012
151016
151018
151019
151037
151037
151037
151044
151059
151071
151081
151082
151087
151100
151105
151107
151118
151119
151127
151130
151131
151135
151138
151147
151152
151155
151158
151159
151166
151171
151181
151191
151201
151214
151216
151221
151229
151240
151242
151244
151245
151267
151274
151280
151282
151282
151283
151290
151294
151295
151296
151300
151307
151320
151338
151341
151349
151351
151353
151353
151355
151361
151374
151377
151378
151386
151388
151392
151395
151396
151399
151402
151402
151409
151409
151415
151416
151422
151427
151428
151448
151453
151456
151467
151480
151480
151490
151492
151497
151497
151498
151513
151514
151525
151533
151536
151537
151539
151543
151544
151552
151559
151559
151562
151564
151574
151590
151593
151595
151599
151603
151608
151610
151610
151614
151622
151630
151651
151656
151661
151685
151685
151696
151696
151697
151709
151711
151712
151714
151722
151722
151723
151730
151730
151733
151742
151745
151746
151750
151756
151767
151771
151786
151802
151804
151807
151811
151812
151828
151834
151835
151838
151842
151847
151849
151851
151859
151860
151868
151868
151868
151870
151875
151876
151877
151879
151881
151885
151892
151894
151895
151895
151899
151900
151920
151921
151927
151927
151933
151934
151936
151952
151960
151964
151992
151993
151994
151999
152005
152008
152013
152025
152046
152050
152053
152079
152080
152094
152110
152112
152117
152120
152122
152130
152132
152134
152154
152156
152164
152165
152167
152172
152172
152175
152180
152181
152181
152187
152198
152209
152219
152235
152247
152251
152253
152257
152260
152260
152263
152263
152276
152283
152284
152285
152293
152317
152318
152320
152328
152333
152341
152341
152346
152346
152354
152355
152357
152357
152359
152371
152374
152380
152391
152397
152403
152407
152410
152411
152411
152414
152417
152422
152429
152431
152432
152433
152441
152445
152447
152447
152449
152470
152474
152477
152480
152482
152492
152493
152499
152502
152506
152508
152515
152521
152525
152526
152527
152541
152549
152554
152557
152560
152561
152579
152594
152595
152598
152599
152603
152618
152620
152620
152622
152628
152631
152631
152636
152644
152644
152653
152664
152674
152690
152700
152701
152702
152710
152714
152717
152719
152724
152726
152729
152729
152738
152746
152751
152752
152756
152762
152763
152768
152768
152772
152777
152786
152794
152794
152799
152800
152804
152808
152810
152815
152816
152818
152819
152820
152824
152833
152837
152838
152848
152850
152850
152862
152869
152873
152874
152878
152880
152883
152883
152885
152890
152892
152893
152903
152909
152914
152924
152925
152928
152934
152942
152948
152959
152964
152966
152966
152970
152975
152979
152979
152980
152983
152986
152988
152990
152990
153002
153018
153025
153027
153029
153044
153046
153049
153052
153052
153063
153063
153064
153068
153075
153076
153084
153085
153088
153089
153095
153097
153100
153103
153106
153120
153123
153124
153133
153138
153144
153144
153154
153159
153167
153169
153172
153182
153187
153189
153193
153200
153200
153211
153212
153217
153219
153220
153228
153231
153237
153241
153242
153247
153251
153252
153252
153252
153255
153257
153264
153264
153269
153270
153274
153275
153279
153282
153285
153286
153286
153293
153297
153298
153309
153322
153323
153332
153340
153342
153350
153357
153365
153381
153383
153389
153417
153421
153433
153434
153452
153455
153461
153463
153465
153467
153469
153472
153473
153475
153476
153482
153483
153488
153495
153495
153496
153497
153501
153508
153510
153515
153519
153523
153526
153528
153535
153538
153541
153541
153544
153555
153556
153559
153560
153561
153561
153563
153565
153572
153575
153581
153590
153595
153596
153608
153615
153617
153618
153619
153620
153622
153629
153632
153634
153636
153648
153648
153656
153657
153667
153715
153722
153725
153725
153737
153742
153744
153746
153754
153764
153766
153768
153771
153781
153781
153795
153796
153797
153798
153807
153813
153816
153820
153824
153828
153835
153837
153837
153839
153856
153858
153859
153865
153875
153877
153882
153883
153886
153892
153895
153900
153901
153911
153932
153944
153950
153950
153955
153956
153958
153969
153970
153970
153971
153975
153979
153982
153986
153993
154005
154013
154015
154022
154026
154040
154044
154044
154060
154061
154071
154076
154077
154078
154087
154090
154095
154095
154100
154106
154108
154110
154120
154121
154125
154135
154145
154150
154150
154152
154155
154161
154169
154176
154183
154195
154208
154217
154219
154222
154222
154234
154249
154259
154264
154265
154269
154273
154280
154281
154282
154283
154301
154305
154311
154322
154324
154339
154344
154354
154358
154360
154375
154376
154378
154395
154395
154406
154411
154433
154436
154445
154454
154457
154458
154461
154461
154465
154466
154468
154472
154475
154481
154494
154495
154506
154507
154514
154529
154535
154536
154537
154540
154545
154551
154551
154553
154554
154555
154562
154565
154565
154569
154570
154574
154575
154581
154582
154587
154588
154593
154593
154597
154600
154607
154617
154617
154617
154621
154624
154637
154658
154658
154659
154663
154666
154670
154677
154682
154684
154691
154694
154695
154697
154698
154706
154710
154719
154721
154727
154728
154729
154730
154744
154760
154761
154761
154769
154771
154774
154775
154777
154796
154798
154801
154804
154809
154817
154823
154826
154827
154831
154836
154840
154852
154853
154857
154883
154909
154910
154911
154912
154919
154920
154922
154923
154931
154932
154941
154942
154943
154943
154956
154963
154965
154967
154971
154979
154990
154994
154997
155003
155011
155011
155024
155031
155041
155043
155044
155053
155063
155067
155067
155085
155088
155091
155092
155100
155108
155118
155125
155139
155141
155144
155154
155157
155159
155166
155177
155178
155180
155203
155206
155214
155217
155226
155229
155234
155238
155252
155254
155257
155258
155263
155264
155268
155287
155289
155289
155291
155302
155306
155311
155317
155330
155341
155345
155348
155351
155351
155353
155358
155388
155396
155408
155410
155411
155416
155418
155418
155418
155424
155434
155436
155437
155438
155438
155441
155445
155455
155457
155467
155472
155479
155494
155494
155494
155498
155516
155532
155534
155535
155538
155540
155554
155554
155555
155567
155569
155578
155583
155597
155609
155610
155613
155617
155621
155632
155655
155656
155657
155660
155666
155669
155678
155690
155695
155699
155702
155708
155709
155720
155721
155726
155726
155732
155743
155746
155758
155762
155764
155777
155787
155789
155791
155811
155811
155816
155817
155822
155834
155842
155844
155848
155853
155856
155857
155880
155882
155883
155883
155897
155919
155923
155927
155929
155941
155958
155960
155969
155969
155993
156000
156003
156015
156019
156028
156031
156032
156036
156037
156040
156043
156045
156045
156047
156048
156051
156054
156061
156064
156069
156074
156075
156081
156083
156096
156098
156101
156104
156109
156115
156120
156134
156140
156140
156141
156149
156152
156154
156155
156158
156160
156160
156169
156190
156190
156196
156205
156208
156209
156214
156215
156215
156218
156221
156224
156234
156236
156237
156241
156248
156255
156259
156278
156283
156284
156294
156294
156295
156311
156320
156323
156328
156333
156343
156344
156345
156346
156347
156347
156348
156354
156359
156363
156376
156379
156386
156387
156390
156404
156407
156411
156412
156416
156434
156434
156434
156442
156449
156451
156453
156454
156458
156466
156468
156474
156476
156477
156478
156483
156492
156498
156501
156503
156505
156506
156512
156518
156526
156528
156530
156535
156536
156539
156546
156546
156550
156586
156588
156595
156596
156606
156613
156613
156616
156619
156619
156621
156629
156632
156637
156638
156640
156644
156662
156665
156677
156677
156683
156685
156686
156696
156699
156703
156703
156707
156708
156711
156714
156724
156729
156732
156739
156741
156744
156745
156750
156754
156755
156756
156759
156772
156773
156777
156780
156787
156788
156790
156793
156793
156798
156798
156799
156802
156806
156810
156811
156811
156813
156818
156826
156832
156836
156839
156842
156845
156847
156855
156863
156869
156872
156874
156874
156880
156883
156884
156890
156893
156895
156907
156914
156921
156926
156940
156952
156962
156966
156972
156984
156984
156988
157001
157001
157011
157013
157015
157018
157019
157038
157057
157062
157062
157064
157065
157067
157075
157077
157079
157085
157094
157102
157104
157105
157108
157115
157121
157123
157124
157125
157129
157136
157137
157139
157141
157146
157152
157153
157154
157158
157163
157173
157174
157185
157192
157194
157196
157200
157215
157221
157235
157241
157242
157242
157246
157247
157254
157266
157268
157269
157269
157270
157281
157289
157289
157290
157290
157299
157302
157303
157317
157318
157330
157336
157343
157344
157345
157347
157356
157358
157368
157371
157373
157380
157394
157397
157400
157408
157416
157416
157418
157420
157422
157432
157442
157444
157446
157447
157447
157449
157462
157466
157469
157473
157479
157483
157483
157493
157499
157513
157524
157557
157562
157580
157583
157587
157591
157613
157614
157620
157621
157621
157628
157629
157631
157638
157641
157641
157642
157647
157652
157668
157678
157678
157680
157684
157684
157699
157706
157723
157730
157731
157733
157741
157750
157756
157759
157761
157762
157768
157777
157777
157784
157790
157794
157799
157806
157811
157814
157816
157822
157828
157836
157839
157845
157856
157859
157875
157881
157883
157884
157884
157887
157892
157902
157916
157927
157928
157929
157937
157951
157959
157970
157971
157972
157973
157977
157981
157986
157992
157994
157998
157999
157999
158003
158005
158005
158011
158019
158028
158036
158036
158039
158044
158046
158051
158052
158059
158062
158064
158064
158065
158074
158075
158080
158081
158082
158084
158086
158101
158106
158118
158122
158128
158139
158145
158152
158159
158162
158172
158180
158186
158190
158195
158197
158198
158198
158211
158227
158231
158234
158236
158238
158253
158258
158260
158262
158263
158267
158276
158277
158299
158301
158303
158308
158310
158320
158322
158329
158331
158333
158343
158343
158349
158359
158360
158363
158376
158381
158387
158391
158393
158396
158401
158404
158405
158417
158418
158420
158428
158429
158437
158437
158446
158447
158451
158452
158459
158482
158489
158492
158496
158501
158520
158524
158527
158532
158540
158543
158546
158554
158557
158560
158562
158562
158563
158564
158568
158571
158572
158575
158590
158595
158595
158598
158599
158612
158613
158616
158621
158642
158645
158649
158651
158655
158657
158668
158679
158680
158684
158707
158715
158716
158720
158744
158765
158770
158770
158770
158771
158774
158779
158787
158789
158795
158796
158803
158805
158808
158809
158816
158824
158827
158829
158833
158835
158836
158839
158843
158851
158862
158868
158872
158883
158888
158889
158889
158895
158905
158906
158914
158916
158921
158922
158923
158928
158930
158936
158939
158948
158953
158955
158956
158959
158959
158962
158965
158966
158984
158985
158994
158999
159010
159019
159020
159026
159030
159033
159043
159045
159049
159050
159056
159059
159067
159069
159078
159089
159111
159112
159115
159116
159117
159123
159139
159141
159144
159149
159157
159159
159164
159190
159193
159193
159199
159204
159206
159206
159207
159210
159216
159229
159233
159246
159246
159246
159247
159251
159254
159261
159268
159278
159282
159283
159284
159284
159285
159288
159288
159291
159296
159298
159322
159326
159332
159338
159338
159346
159349
159352
159354
159362
159366
159378
159381
159388
159390
159394
159413
159416
159417
159427
159430
159438
159441
159443
159454
159457
159468
159470
159471
159471
159471
159479
159487
159489
159492
159492
159510
159511
159515
159523
159530
159533
159534
159544
159567
159573
159576
159578
159582
159598
159603
159612
159613
159615
159615
159634
159636
159638
159638
159639
159648
159656
159664
159664
159665
159672
159672
159675
159676
159688
159691
159699
159702
159702
159703
159708
159709
159727
159728
159734
159740
159741
159743
159743
159748
159749
159758
159764
159765
159781
159784
159784
159787
159788
159792
159798
159806
159817
159820
159832
159843
159844
159850
159856
159858
159860
159873
159875
159880
159893
159916
159916
159930
159943
159946
159958
159961
159965
159967
159973
159976
159977
159980
159981
160000
160001
160005
160013
160027
160028
160031
160033
160041
160043
160094
160095
160095
160102
160104
160127
160127
160128
160132
160135
160137
160138
160142
160156
160162
160165
160167
160167
160168
160174
160174
160178
160183
160188
160193
160200
160206
160213
160215
160226
160230
160233
160235
160251
160254
160263
160266
160275
160276
160276
160279
160288
160288
160293
160303
160319
160320
160321
160326
160332
160333
160335
160336
160340
160343
160345
160345
160348
160355
160357
160363
160366
160370
160389
160395
160402
160405
160410
160410
160413
160414
160422
160426
160427
160430
160435
160442
160443
160445
160450
160474
160480
160486
160496
160512
160515
160516
160519
160520
160523
160523
160526
160530
160533
160548
160549
160556
160557
160560
160561
160563
160564
160567
160568
160578
160608
160613
160613
160615
160615
160617
160625
160628
160629
160635
160635
160637
160646
160648
160650
160664
160669
160670
160674
160685
160692
160695
160713
160718
160728
160728
160730
160733
160737
160741
160750
160754
160755
160766
160784
160786
160787
160791
160794
160800
160811
160815
160817
160817
160822
160822
160823
160824
160825
160832
160849
160860
160861
160862
160865
160867
160867
160870
160876
160877
160877
160887
160893
160893
160901
160901
160902
160904
160911
160927
160932
160932
160940
160942
160943
160945
160945
160947
160950
160962
160973
160976
160985
160995
161003
161010
161017
161018
161021
161022
161025
161027
161036
161037
161040
161041
161067
161068
161083
161085
161092
161093
161102
161108
161111
161114
161116
161123
161130
161130
161151
161154
161160
161160
161164
161170
161171
161177
161182
161186
161188
161196
161202
161207
161209
161209
161214
161217
161220
161220
161221
161222
161223
161228
161230
161234
161263
161266
161273
161277
161288
161289
161291
161294
161299
161300
161305
161313
161314
161320
161328
161335
161338
161341
161357
161359
161362
161363
161378
161394
161421
161428
161430
161430
161435
161444
161445
161453
161461
161464
161465
161471
161475
161479
161485
161493
161502
161506
161508
161518
161520
161525
161535
161550
161550
161554
161554
161565
161578
161579
161589
161590
161594
161599
161605
161611
161615
161621
161621
161624
161626
161629
161637
161640
161645
161652
161653
161659
161671
161675
161676
161685
161686
161687
161708
161709
161715
161722
161723
161726
161728
161729
161730
161735
161738
161741
161743
161758
161760
161766
161766
161766
161770
161772
161773
161779
161782
161784
161787
161787
161790
161795
161799
161802
161812
161818
161822
161822
161823
161825
161837
161841
161842
161843
161874
161875
161876
161880
161887
161892
161900
161909
161911
161914
161918
161928
161937
161945
161948
161950
161951
161954
161960
161961
161969
161973
161974
161980
161980
161991
161995
161996
161996
162017
162018
162022
162031
162045
162049
162049
162050
162053
162063
162065
162082
162084
162085
162093
162097
162102
162113
162129
162131
162135
162138
162142
162162
162164
162167
162170
162175
162175
162179
162187
162187
162187
162192
162201
162202
162207
162212
162218
162218
162220
162235
162237
162244
162246
162251
162253
162266
162268
162270
162273
162275
162285
162287
162298
162306
162307
162317
162320
162325
162335
162344
162349
162358
162360
162361
162361
162366
162377
162377
162384
162386
162402
162407
162408
162419
162433
162434
162441
162443
162452
162461
162462
162463
162465
162465
162467
162472
162479
162488
162488
162488
162490
162494
162494
162498
162499
162500
162508
162508
162517
162517
162524
162526
162530
162536
162538
162555
162561
162566
162569
162573
162580
162583
162610
162622
162629
162631
162641
162646
162650
162668
162672
162681
162684
162686
162688
162695
162706
162707
162708
162713
162721
162721
162722
162723
162725
162757
162764
162769
162782
162785
162801
162804
162810
162814
162821
162821
162826
162839
162842
162851
162863
162865
162879
162882
162883
162894
162894
162906
162906
162906
162916
162917
162919
162928
162930
162938
162939
162941
162945
162945
162947
162951
162955
162964
162973
162989
162993
163000
163000
163002
163003
163023
163030
163032
163063
163066
163083
163083
163089
163095
163105
163108
163110
163123
163125
163140
163148
163159
163163
163168
163170
163173
163174
163175
163184
163188
163189
163204
163214
163214
163216
163223
163227
163229
163244
163248
163259
163260
163262
163266
163268
163273
163274
163276
163298
163299
163302
163304
163309
163309
163331
163334
163350
163354
163354
163354
163355
163364
163366
163375
163385
163391
163401
163413
163414
163417
163418
163418
163420
163421
163427
163430
163431
163435
163435
163436
163441
163446
163450
163462
163464
163465
163465
163465
163466
163470
163475
163475
163482
163490
163494
163498
163502
163511
163513
163516
163518
163527
163530
163555
163558
163562
163571
163584
163588
163591
163591
163598
163612
163618
163624
163624
163625
163625
163627
163630
163634
163635
163646
163651
163661
163662
163665
163670
163674
163680
163692
163693
163693
163698
163698
163706
163723
163726
163728
163735
163743
163767
163772
163773
163779
163779
163788
163788
163791
163806
163824
163825
163826
163828
163831
163831
163833
163834
163841
163845
163856
163862
163865
163866
163868
163878
163883
163890
163892
163895
163895
163901
163902
163907
163908
163919
163931
163934
163935
163936
163956
163961
163976
163993
163995
163997
163998
164000
164001
164015
164015
164024
164028
164038
164046
164050
164054
164055
164057
164064
164066
164071
164072
164078
164091
164091
164106
164109
164110
164113
164117
164123
164126
164126
164141
164142
164144
164150
164161
164167
164177
164182
164186
164199
164203
164204
164206
164209
164217
164227
164237
164240
164247
164254
164262
164268
164270
164273
164281
164281
164291
164303
164306
164308
164309
164316
164338
164339
164352
164359
164370
164385
164392
164398
164403
164406
164413
164424
164428
164429
164436
164436
164446
164458
164458
164467
164469
164471
164478
164480
164490
164491
164494
164497
164504
164506
164509
164516
164523
164526
164529
164530
164534
164540
164542
164543
164546
164547
164549
164552
164553
164558
164561
164574
164579
164589
164599
164603
164611
164614
164621
164621
164621
164622
164624
164628
164635
164636
164645
164661
164661
164667
164669
164673
164677
164679
164681
164682
164692
164700
164717
164717
164718
164719
164726
164729
164735
164736
164737
164741
164742
164746
164747
164756
164762
164773
164779
164787
164788
164788
164794
164800
164801
164811
164811
164815
164819
164820
164837
164844
164845
164846
164846
164865
164866
164868
164883
164903
164909
164911
164914
164918
164920
164922
164932
164937
164944
164956
164959
164960
164961
164965
164966
164971
164978
164978
164979
164988
164991
164999
165023
165038
165038
165040
165053
165055
165056
165057
165059
165061
165062
165068
165073
165074
165080
165083
165083
165097
165102
165103
165104
165105
165110
165115
165115
165118
165126
165131
165131
165136
165137
165142
165147
165149
165153
165154
165154
165166
165176
165180
165196
165201
165209
165213
165216
165216
165228
165233
165252
165265
165269
165272
165275
165279
165281
165284
165285
165287
165299
165304
165306
165306
165317
165320
165323
165329
165330
165332
165332
165340
165345
165346
165352
165354
165355
165358
165361
165365
165367
165368
165368
165375
165379
165379
165383
165383
165393
165398
165410
165414
165415
165419
165419
165424
165426
165429
165431
165433
165443
165447
165453
165454
165456
165458
165459
165461
165468
165472
165479
165483
165484
165488
165489
165502
165503
165510
165515
165525
165527
165532
165533
165550
165553
165562
165564
165564
165568
165573
165575
165575
165576
165578
165583
165591
165593
165606
165615
165616
165620
165620
165622
165635
165646
165646
165648
165651
165658
165665
165674
165682
165688
165702
165703
165708
165710
165710
165717
165723
165724
165729
165733
165734
165735
165740
165743
165755
165766
165775
165779
165780
165781
165793
165801
165805
165815
165815
165835
165835
165838
165842
165846
165850
165851
165855
165858
165860
165860
165872
165875
165876
165878
165886
165894
165895
165898
165900
165901
165905
165914
165926
165936
165943
165946
165946
165950
165959
165964
165973
165979
165982
165984
165993
165993
165996
165998
166011
166018
166022
166029
166029
166030
166032
166033
166045
166045
166057
166060
166061
166066
166069
166082
166085
166085
166089
166096
166096
166102
166106
166112
166126
166129
166132
166134
166134
166141
166144
166153
166156
166163
166166
166167
166172
166174
166188
166190
166195
166197
166202
166207
166208
166208
166213
166218
166227
166234
166241
166247
166250
166254
166257
166257
166258
166269
166276
166281
166292
166294
166306
166318
166319
166330
166338
166344
166357
166368
166374
166376
166386
166392
166395
166399
166402
166406
166417
166418
166418
166420
166424
166426
166427
166437
166437
166437
166438
166443
166451
166452
166452
166454
166454
166463
166468
166469
166471
166474
166475
166478
166479
166482
166482
166488
166497
166502
166502
166504
166509
166510
166517
166531
166533
166539
166540
166547
166547
166548
166549
166553
166555
166563
166568
166569
166571
166581
166592
166592
166594
166601
166605
166609
166624
166624
166629
166630
166630
166635
166637
166640
166640
166641
166653
166653
166660
166676
166680
166680
166693
166702
166710
166711
166714
166725
166734
166749
166749
166751
166753
166757
166757
166758
166758
166760
166762
166765
166779
166788
166789
166798
166803
166804
166806
166809
166817
166817
166820
166822
166826
166845
166862
166862
166871
166876
166881
166886
166886
166895
166905
166910
166922
166939
166941
166964
166966
166969
166973
166976
166977
166977
166984
167006
167015
167015
167017
167018
167020
167047
167057
167060
167067
167068
167075
167077
167078
167080
167085
167090
167092
167092
167095
167097
167107
167108
167114
167116
167120
167132
167133
167134
167137
167145
167152
167170
167186
167196
167197
167211
167217
167221
167226
167230
167232
167233
167241
167243
167245
167247
167252
167258
167260
167262
167266
167279
167284
167285
167286
167296
167298
167299
167305
167319
167321
167339
167346
167351
167352
167360
167371
167374
167381
167383
167389
167391
167394
167395
167397
167398
167400
167407
167425
167427
167430
167433
167435
167438
167448
167471
167478
167481
167488
167509
167510
167521
167526
167528
167533
167536
167542
167545
167551
167553
167554
167568
167568
167571
167572
167572
167575
167586
167589
167599
167604
167612
167615
167615
167618
167624
167625
167627
167630
167634
167638
167644
167652
167653
167660
167666
167674
167678
167683
167684
167684
167686
167687
167691
167696
167701
167703
167703
167703
167712
167715
167745
167753
167758
167760
167764
167765
167767
167769
167772
167772
167777
167778
167785
167793
167796
167796
167797
167804
167808
167811
167824
167825
167828
167837
167844
167845
167846
167850
167856
167860
167860
167860
167868
167872
167885
167885
167893
167910
167914
167918
167929
167931
167942
167944
167948
167959
167961
167966
167966
167971
167990
168001
168001
168007
168013
168017
168024
168027
168036
168038
168042
168048
168048
168057
168058
168062
168062
168065
168071
168075
168081
168088
168088
168096
168103
168104
168109
168110
168115
168122
168134
168136
168137
168142
168148
168149
168150
168155
168159
168185
168192
168199
168206
168207
168215
168216
168221
168226
168235
168235
168248
168248
168248
168250
168254
168258
168273
168282
168287
168311
168312
168314
168314
168321
168322
168328
168348
168358
168361
168362
168366
168373
168378
168380
168383
168384
168385
168390
168393
168396
168405
168410
168412
168413
168418
168426
168442
168446
168447
168447
168459
168472
168486
168491
168493
168494
168498
168508
168509
168518
168520
168526
168531
168539
168543
168543
168555
168564
168569
168586
168588
168598
168608
168611
168611
168613
168614
168617
168623
168626
168632
168638
168639
168641
168641
168644
168646
168658
168661
168664
168667
168669
168678
168683
168689
168690
168696
168703
168727
168732
168741
168744
168747
168747
168752
168753
168754
168761
168767
168767
168769
168773
168778
168781
168803
168803
168815
168818
168822
168829
168832
168833
168836
168848
168869
168875
168884
168885
168899
168900
168900
168908
168911
168917
168926
168927
168941
168943
168947
168947
168952
168954
168969
168981
168988
168990
168995
169003
169003
169017
169020
169022
169027
169030
169038
169040
169044
169044
169049
169059
169059
169062
169083
169083
169091
169093
169095
169107
169118
169127
169138
169141
169145
169147
169154
169155
169160
169162
169163
169165
169175
169176
169177
169180
169181
169183
169193
169209
169212
169222
169225
169231
169233
169238
169241
169242
169246
169250
169256
169269
169270
169280
169282
169295
169328
169337
169345
169346
169347
169347
169356
169365
169366
169367
169378
169381
169382
169384
169385
169388
169404
169407
169419
169420
169424
169428
169435
169436
169441
169461
169465
169471
169477
169482
169483
169494
169500
169521
169524
169525
169530
169534
169545
169552
169555
169569
169572
169574
169578
169580
169583
169591
169593
169596
169597
169597
169603
169619
169620
169621
169628
169628
169628
169629
169639
169642
169644
169646
169657
169660
169671
169672
169675
169684
169685
169693
169699
169707
169721
169722
169727
169728
169729
169737
169738
169751
169751
169772
169772
169782
169783
169783
169785
169795
169796
169804
169804
169810
169812
169819
169822
169837
169838
169838
169839
169844
169845
169846
169848
169850
169853
169857
169859
169859
169862
169863
169868
169871
169872
169877
169909
169913
169919
169929
169942
169943
169945
169971
169979
169983
169985
169994
169996
170010
170012
170020
170027
170029
170030
170030
170041
170064
170065
170065
170082
170087
170090
170098
170104
170109
170110
170113
170116
170117
170119
170129
170131
170133
170136
170137
170138
170144
170145
170147
170148
170159
170172
170176
170178
170180
170180
170182
170183
170202
170211
170214
170214
170217
170219
170221
170221
170222
170228
170228
170229
170230
170234
170235
170235
170236
170244
170253
170253
170257
170274
170280
170288
170294
170298
170301
170310
170311
170322
170324
170330
170334
170342
170344
170353
170357
170361
170366
170371
170372
170372
170380
170387
170389
170390
170392
170395
170414
170417
170422
170429
170432
170433
170439
170445
170449
170455
170469
170472
170478
170479
170488
170490
170493
170500
170504
170505
170506
170511
170511
170518
170519
170520
170523
170527
170532
170539
170547
170550
170551
170561
170562
170563
170568
170580
170582
170582
170587
170602
170609
170616
170619
170620
170624
170625
170627
170628
170629
170631
170638
170639
170643
170652
170653
170657
170665
170678
170690
170697
170706
170709
170713
170716
170716
170718
170719
170724
170724
170726
170739
170746
170748
170748
170752
170754
170765
170772
170779
170783
170787
170795
170810
170810
170814
170823
170826
170833
170838
170840
170843
170847
170848
170848
170863
170863
170865
170883
170884
170886
170891
170893
170897
170902
170906
170910
170911
170916
170922
170922
170926
170936
170948
170954
170954
170959
170966
170966
170971
170974
170990
170995
170996
170998
171001
171026
171033
171034
171035
171041
171049
171050
171062
171067
171068
171075
171107
171119
171121
171122
171124
171131
171133
171141
171142
171150
171156
171165
171173
171182
171184
171193
171194
171211
171213
171218
171219
171222
171223
171224
171224
171225
171230
171235
171245
171245
171248
171254
171261
171272
171294
171306
171306
171317
171319
171325
171346
171347
171348
171350
171352
171354
171357
171363
171364
171370
171374
171377
171383
171383
171387
171391
171394
171401
171410
171416
171430
171434
171435
171440
171448
171452
171456
171457
171465
171477
171480
171482
171491
171493
171493
171503
171506
171506
171523
171527
171528
171531
171532
171533
171542
171554
171557
171561
171562
171566
171585
171591
171597
171600
171602
171604
171611
171613
171620
171623
171623
171645
171649
171653
171653
171656
171658
171661
171670
171672
171675
171676
171677
171683
171684
171685
171697
171704
171705
171718
171731
171737
171739
171745
171754
171758
171761
171767
171768
171777
171796
171797
171818
171819
171819
171831
171832
171832
171833
171835
171838
171843
171845
171845
171859
171864
171876
171877
171890
171896
171899
171902
171906
171913
171914
171916
171918
171931
171934
171936
171941
171943
171957
171964
171972
171975
171979
171983
172009
172010
172013
172037
172053
172058
172066
172066
172070
172070
172083
172089
172095
172123
172128
172128
172137
172137
172138
172140
172149
172158
172175
172180
172196
172212
172213
172223
172233
172249
172250
172259
172260
172262
172273
172273
172278
172296
172298
172303
172304
172305
172308
172316
172318
172326
172331
172337
172345
172348
172361
172363
172366
172377
172387
172389
172390
172394
172396
172398
172400
172401
172401
172404
172408
172412
172413
172420
172425
172427
172434
172440
172452
172452
172457
172457
172457
172458
172459
172462
172470
172484
172490
172491
172500
172501
172503
172515
172518
172527
172542
172546
172549
172550
172554
172555
172561
172564
172565
172567
172568
172574
172576
172580
172585
172588
172592
172594
172596
172600
172604
172609
172619
172629
172633
172635
172635
172649
172653
172659
172666
172667
172675
172678
172679
172683
172689
172699
172705
172707
172713
172734
172740
172744
172749
172752
172756
172759
172762
172766
172770
172773
172773
172778
172779
172787
172788
172793
172803
172810
172813
172815
172815
172816
172817
172820
172822
172825
172828
172828
172829
172843
172848
172868
172870
172873
172873
172881
172884
172890
172895
172907
172913
172919
172923
172927
172939
172941
172956
172962
172965
172965
172966
172969
172980
172983
173010
173014
173015
173015
173015
173020
173022
173023
173030
173031
173040
173047
173047
173054
173070
173071
173075
173081
173081
173083
173083
173085
173087
173094
173096
173111
173122
173124
173125
173125
173129
173134
173140
173140
173141
173144
173151
173154
173158
173162
173162
173165
173173
173174
173179
173179
173180
173185
173201
173204
173215
173218
173225
173230
173231
173231
173236
173242
173244
173250
173261
173268
173277
173283
173293
173301
173304
173311
173316
173316
173324
173332
173337
173341
173351
173351
173361
173361
173368
173369
173369
173373
173377
173388
173391
173403
173412
173419
173421
173422
173427
173429
173443
173461
173479
173490
173500
173500
173506
173520
173521
173522
173525
173529
173530
173531
173541
173545
173549
173554
173555
173557
173558
173564
173570
173572
173577
173606
173610
173614
173615
173622
173623
173639
173640
173641
173644
173655
173655
173669
173678
173679
173682
173686
173698
173698
173713
173715
173717
173724
173736
173739
173742
173746
173758
173763
173766
173776
173781
173785
173786
173787
173790
173799
173811
173821
173828
173839
173840
173850
173851
173852
173854
173859
173861
173870
173879
173885
173888
173893
173897
173900
173902
173918
173920
173924
173931
173931
173933
173938
173943
173952
173952
173953
173967
173984
174013
174029
174029
174031
174032
174036
174037
174054
174070
174071
174083
174083
174086
174094
174106
174109
174118
174119
174128
174137
174145
174149
174159
174161
174165
174167
174168
174172
174180
174182
174184
174189
174198
174198
174208
174210
174216
174221
174222
174243
174247
174271
174274
174274
174280
174298
174301
174305
174309
174310
174313
174314
174319
174343
174344
174350
174353
174357
174358
174362
174363
174370
174370
174380
174387
174388
174392
174393
174412
174413
174417
174420
174421
174421
174424
174425
174426
174430
174432
174440
174443
174444
174445
174446
174455
174461
174465
174476
174488
174488
174490
174490
174491
174493
174498
174503
174510
174511
174522
174527
174536
174537
174542
174543
174547
174551
174558
174560
174560
174567
174568
174570
174570
174570
174574
174574
174586
174598
174603
174607
174609
174613
174619
174622
174627
174629
174637
174642
174646
174647
174652
174664
174666
174676
174681
174698
174716
174726
174726
174727
174733
174735
174735
174742
174743
174743
174744
174744
174754
174761
174764
174767
174774
174784
174787
174787
174789
174805
174811
174822
174826
174836
174841
174842
174852
174863
174868
174869
174873
174879
174880
174891
174893
174899
174899
174904
174914
174918
174921
174922
174922
174923
174934
174935
174937
174943
174944
174946
174948
174950
174958
174963
174963
174992
174995
175001
175014
175020
175022
175026
175030
175033
175038
175041
175044
175048
175055
175061
175064
175077
175083
175089
175090
175091
175103
175110
175118
175119
175129
175135
175141
175149
175152
175152
175153
175163
175166
175167
175168
175174
175179
175201
175202
175207
175212
175221
175230
175233
175237
175240
175242
175247
175255
175266
175269
175287
175303
175309
175310
175312
175317
175322
175324
175336
175341
175341
175342
175348
175350
175351
175359
175365
175366
175368
175371
175371
175381
175383
175385
175386
175387
175391
175395
175416
175419
175421
175425
175426
175427
175434
175434
175437
175438
175446
175461
175461
175463
175468
175482
175484
175502
175512
175513
175514
175527
175538
175538
175546
175547
175555
175572
175591
175601
175607
175611
175618
175619
175624
175629
175630
175638
175649
175649
175651
175656
175657
175662
175663
175667
175671
175671
175675
175677
175684
175693
175696
175703
175708
175710
175711
175712
175715
175716
175717
175717
175718
175722
175724
175734
175749
175752
175759
175760
175761
175770
175776
175783
175784
175785
175790
175794
175796
175797
175798
175800
175805
175809
175810
175817
175829
175833
175855
175869
175872
175875
175881
175890
175891
175907
175919
175923
175927
175928
175929
175939
175959
175960
175960
175972
175979
175984
175986
175987
175997
176002
176002
176005
176013
176021
176029
176030
176036
176036
176038
176041
176047
176052
176053
176060
176061
176067
176071
176074
176084
176084
176095
176095
176098
176105
176107
176113
176118
176122
176142
176146
176148
176151
176160
176163
176168
176170
176171
176172
176176
176192
176214
176214
176239
176260
176269
176281
176282
176282
176283
176284
176302
176302
176305
176314
176316
176335
176337
176340
176349
176350
176355
176361
176363
176365
176368
176369
176372
176379
176382
176393
176403
176406
176410
176413
176424
176430
176431
176437
176443
176446
176448
176452
176470
176473
176476
176485
176488
176501
176510
176512
176516
176518
176525
176537
176541
176549
176556
176564
176568
176569
176571
176572
176576
176576
176579
176587
176589
176590
176592
176596
176612
176622
176623
176627
176634
176674
176680
176688
176694
176702
176714
176722
176722
176725
176727
176734
176739
176740
176740
176748
176760
176764
176774
176796
176799
176799
176809
176813
176819
176826
176830
176830
176838
176842
176845
176859
176869
176871
176873
176873
176873
176878
176881
176881
176882
176884
176886
176891
176906
176913
176916
176920
176927
176933
176949
176950
176950
176952
176965
176973
176974
176974
176975
176982
176985
176989
176989
176998
177003
177017
177020
177022
177026
177026
177027
177028
177029
177033
177043
177048
177059
177063
177065
177069
177070
177072
177073
177077
177077
177079
177080
177081
177083
177086
177089
177091
177092
177095
177096
177101
177122
177138
177138
177139
177140
177145
177147
177151
177152
177156
177162
177164
177165
177173
177174
177190
177194
177201
177204
177211
177215
177218
177222
177223
177225
177230
177237
177239
177251
177251
177264
177274
177280
177293
177296
177299
177301
177311
177312
177316
177333
177334
177344
177346
177360
177363
177364
177376
177378
177382
177390
177391
177396
177397
177398
177399
177406
177417
177433
177435
177436
177438
177441
177450
177453
177458
177458
177461
177467
177478
177482
177483
177485
177495
177496
177501
177502
177505
177506
177507
177512
177514
177514
177516
177525
177526
177541
177550
177555
177566
177569
177570
177576
177576
177581
177587
177593
177597
177606
177607
177609
177615
177621
177642
177651
177652
177660
177660
177664
177669
177670
177671
177674
177680
177682
177686
177690
177706
177710
177713
177719
177721
177729
177737
177741
177742
177743
177748
177755
177756
177757
177767
177767
177777
177777
177779
177780
177788
177793
177797
177799
177800
177808
177812
177831
177833
177834
177839
177849
177853
177860
177863
177876
177879
177881
177884
177889
177889
177895
177898
177900
177904
177905
177910
177920
177920
177927
177929
177939
177970
177973
177986
177989
177990
178001
178005
178029
178057
178061
178067
178070
178077
178080
178081
178085
178086
178092
178102
178107
178109
178113
178114
178118
178124
178138
178142
178145
178147
178147
178147
178147
178152
178154
178167
178168
178177
178178
178180
178183
178196
178197
178197
178204
178208
178215
178216
178221
178246
178249
178255
178270
178272
178274
178309
178316
178321
178328
178335
178339
178356
178364
178375
178376
178377
178378
178379
178382
178383
178386
178387
178402
178403
178403
178406
178415
178427
178427
178430
178431
178433
178442
178442
178448
178448
178453
178459
178462
178467
178482
178486
178496
178502
178503
178513
178513
178528
178538
178545
178557
178557
178564
178572
178574
178576
178585
178590
178591
178598
178598
178602
178611
178618
178618
178619
178624
178624
178626
178636
178640
178653
178655
178655
178670
178671
178690
178695
178699
178703
178711
178712
178721
178722
178726
178727
178730
178730
178733
178734
178739
178746
178755
178774
178775
178778
178784
178791
178795
178796
178801
178813
178827
178832
178839
178840
178848
178853
178868
178879
178879
178888
178894
178900
178903
178912
178916
178919
178921
178925
178927
178927
178933
178938
178942
178949
178954
178958
178971
178972
178979
178980
178991
178992
178997
178997
179003
179016
179016
179041
179045
179048
179054
179061
179063
179064
179075
179082
179089
179091
179093
179101
179105
179106
179108
179110
179110
179113
179122
179128
179129
179131
179137
179138
179141
179142
179147
179154
179155
179158
179169
179170
179180
179180
179188
179216
179218
179219
179230
179231
179231
179231
179232
179233
179233
179234
179239
179256
179266
179268
179271
179283
179283
179286
179304
179308
179316
179326
179333
179334
179335
179337
179345
179361
179370
179371
179382
179383
179383
179387
179391
179422
179427
179429
179430
179431
179431
179442
179448
179448
179452
179455
179463
179466
179473
179473
179476
179481
179484
179491
179496
179497
179498
179512
179512
179528
179530
179535
179540
179545
179555
179562
179568
179577
179581
179583
179584
179586
179588
179593
179594
179595
179601
179603
179603
179639
179646
179651
179654
179663
179667
179678
179678
179680
179681
179681
179683
179693
179694
179696
179702
179702
179705
179708
179729
179730
179732
179750
179754
179757
179759
179759
179761
179763
179771
179774
179777
179779
179781
179793
179796
179796
179797
179797
179805
179808
179810
179813
179815
179828
179829
179838
179840
179845
179845
179847
179855
179862
179868
179871
179881
179885
179915
179919
179920
179933
179940
179940
179943
179952
179955
179955
179958
179968
179972
179983
179986
179990
179994
179995
179996
180000
180001
180003
180020
180027
180033
180034
180036
180039
180043
180044
180049
180056
180059
180061
180061
180069
180074
180077
180087
180089
180113
180118
180121
180132
180138
180146
180148
180151
180153
180155
180158
180159
180159
180163
180163
180167
180170
180170
180173
180174
180191
180206
180214
180219
180227
180232
180235
180242
180245
180255
180257
180266
180273
180274
180289
180293
180298
180302
180305
180308
180309
180318
180318
180320
180321
180323
180324
180337
180340
180353
180354
180355
180360
180365
180368
180373
180375
180386
180389
180392
180400
180401
180408
180409
180410
180412
180422
180431
180439
180440
180444
180445
180445
180446
180447
180447
180454
180463
180473
180480
180485
180490
180495
180511
180518
180528
180545
180547
180562
180563
180565
180567
180567
180567
180580
180587
180605
180611
180612
180613
180616
180624
180627
180628
180651
180658
180664
180678
180679
180703
180704
180708
180729
180730
180732
180734
180737
180744
180745
180750
180758
180761
180766
180771
180780
180790
180793
180793
180796
180797
180816
180817
180823
180826
180830
180836
180840
180841
180856
180871
180873
180875
180879
180882
180886
180893
180893
180900
180907
180911
180919
180932
180952
180963
180968
180974
180975
181000
181004
181004
181006
181012
181015
181040
181046
181049
181055
181060
181060
181069
181069
181073
181074
181077
181082
181082
181088
181090
181098
181102
181103
181105
181115
181116
181120
181129
181130
181132
181132
181134
181142
181142
181145
181147
181148
181150
181152
181153
181155
181156
181156
181159
181160
181167
181171
181183
181188
181189
181189
181191
181199
181201
181218
181219
181219
181241
181242
181247
181250
181251
181252
181264
181265
181266
181266
181267
181269
181270
181276
181276
181279
181282
181288
181294
181298
181298
181300
181321
181324
181327
181328
181337
181338
181338
181343
181343
181348
181354
181354
181361
181362
181372
181372
181379
181409
181414
181418
181424
181425
181430
181437
181443
181450
181470
181472
181483
181484
181489
181507
181509
181514
181514
181514
181522
181523
181526
181529
181531
181532
181535
181537
181549
181552
181553
181554
181561
181564
181567
181567
181569
181571
181583
181597
181597
181598
181606
181615
181616
181620
181630
181631
181633
181636
181638
181642
181644
181647
181650
181664
181665
181667
181670
181672
181673
181678
181678
181679
181680
181686
181687
181690
181694
181701
181702
181705
181710
181712
181712
181724
181727
181729
181733
181740
181755
181756
181758
181761
181767
181773
181776
181787
181789
181796
181797
181797
181810
181816
181826
181832
181832
181834
181835
181838
181848
181849
181852
181868
181875
181875
181876
181877
181878
181884
181887
181889
181892
181894
181904
181905
181914
181915
181944
181945
181945
181945
181951
181951
181956
181961
181962
181963
181964
181966
181966
181980
181982
181982
181991
181992
181996
181999
182002
182004
182009
182012
182014
182019
182019
182026
182027
182032
182035
182037
182038
182040
182048
182055
182060
182073
182081
182083
182093
182095
182097
182105
182109
182115
182115
182128
182128
182136
182136
182138
182141
182146
182157
182167
182168
182170
182176
182178
182193
182196
182203
182205
182217
182236
182237
182240
182242
182252
182260
182270
182275
182282
182284
182286
182292
182293
182296
182300
182306
182311
182312
182315
182317
182318
182328
182331
182331
182334
182335
182336
182337
182338
182340
182346
182346
182354
182355
182364
182368
182369
182388
182398
182403
182407
182408
182409
182412
182420
182421
182422
182428
182433
182441
182442
182445
182447
182448
182449
182450
182472
182473
182481
182481
182483
182492
182496
182499
182511
182517
182518
182519
182525
182527
182530
182535
182545
182561
182563
182574
182577
182577
182590
182593
182595
182596
182605
182606
182609
182616
182624
182626
182629
182631
182637
182645
182647
182667
182669
182673
182676
182681
182690
182691
182692
182716
182717
182732
182739
182740
182745
182759
182761
182765
182766
182766
182771
182775
182778
182778
182785
182801
182807
182809
182815
182815
182819
182827
182835
182836
182847
182852
182852
182866
182871
182871
182876
182877
182877
182922
182925
182925
182935
182936
182937
182940
182940
182946
182949
182950
182954
182958
182981
182982
182994
182998
183001
183008
183010
183012
183018
183027
183029
183031
183036
183044
183045
183046
183052
183053
183055
183061
183063
183070
183072
183075
183087
183093
183094
183096
183101
183112
183123
183126
183127
183131
183136
183141
183142
183146
183149
183151
183152
183161
183163
183164
183165
183165
183167
183178
183183
183184
183186
183186
183189
183198
183200
183201
183202
183203
183215
183216
183216
183220
183221
183238
183242
183242
183257
183262
183262
183266
183267
183270
183272
183281
183282
183284
183309
183315
183320
183326
183326
183347
183349
183352
183354
183357
183363
183363
183371
183372
183378
183384
183407
183418
183422
183428
183459
183470
183481
183484
183485
183486
183502
183503
183508
183508
183514
183516
183519
183525
183525
183531
183536
183536
183540
183542
183551
183551
183553
183562
183563
183566
183568
183575
183590
183593
183596
183599
183612
183614
183616
183617
183620
183622
183626
183628
183634
183635
183636
183645
183645
183648
183662
183663
183686
183700
183700
183718
183726
183729
183736
183737
183745
183748
183755
183757
183759
183760
183760
183765
183768
183769
183771
183772
183781
183784
183786
183788
183797
183808
183823
183828
183830
183832
183843
183849
183850
183850
183855
183860
183860
183862
183869
183878
183882
183882
183884
183887
183893
183894
183901
183904
183908
183910
183912
183915
183916
183916
183926
183932
183938
183946
183952
183959
183960
183961
183965
183971
183975
183982
183985
183986
183989
183989
184005
184007
184011
184016
184016
184017
184020
184026
184032
184032
184036
184040
184049
184065
184071
184071
184082
184092
184098
184103
184104
184107
184115
184119
184123
184125
184127
184127
184138
184139
184148
184152
184157
184158
184160
184166
184171
184184
184185
184192
184197
184198
184206
184217
184219
184220
184220
184224
184224
184228
184230
184234
184235
184247
184247
184258
184262
184264
184269
184285
184286
184289
184291
184315
184319
184323
184339
184341
184342
184353
184364
184369
184379
184382
184389
184389
184390
184395
184396
184399
184408
184409
184420
184431
184432
184432
184437
184446
184448
184461
184462
184468
184481
184485
184489
184493
184498
184507
184507
184508
184510
184515
184520
184521
184522
184522
184523
184536
184540
184546
184552
184559
184562
184579
184579
184583
184592
184592
184597
184617
184618
184618
184622
184626
184626
184636
184657
184657
184658
184665
184665
184668
184669
184669
184674
184676
184680
184685
184689
184691
184694
184700
184706
184715
184717
184717
184719
184723
184727
184730
184732
184750
184755
184767
184778
184793
184804
184813
184814
184815
184818
184822
184830
184831
184844
184846
184851
184869
184875
184877
184879
184884
184886
184890
184895
184896
184929
184935
184936
184942
184947
184949
184949
184952
184952
184956
184957
184958
184958
184969
184973
184978
184979
184998
185006
185021
185026
185039
185043
185043
185046
185063
185066
185069
185079
185082
185089
185091
185092
185102
185102
185104
185108
185112
185113
185116
185116
185117
185120
185127
185128
185128
185130
185132
185142
185144
185150
185160
185161
185162
185170
185180
185192
185197
185199
185200
185201
185209
185228
185233
185241
185244
185250
185260
185267
185268
185269
185271
185299
185301
185301
185302
185324
185325
185328
185328
185328
185331
185332
185336
185344
185357
185359
185360
185363
185367
185368
185373
185379
185381
185382
185383
185392
185395
185401
185419
185424
185427
185427
185428
185430
185432
185439
185444
185463
185465
185466
185469
185469
185473
185476
185478
185490
185491
185500
185508
185513
185518
185522
185529
185530
185532
185548
185558
185568
185572
185572
185577
185578
185579
185584
185584
185593
185600
185605
185613
185613
185617
185620
185633
185635
185638
185655
185656
185661
185665
185672
185673
185677
185684
185686
185686
185690
185700
185709
185710
185711
185719
185723
185725
185746
185749
185753
185758
185769
185770
185771
185777
185788
185789
185793
185794
185796
185800
185803
185804
185806
185806
185813
185818
185818
185821
185821
185824
185826
185830
185830
185832
185841
185850
185864
185869
185879
185885
185893
185896
185897
185899
185901
185904
185905
185908
185909
185928
185928
185931
185937
185946
185952
185959
185981
185982
185984
185995
185999
186004
186005
186007
186008
186008
186020
186020
186036
186042
186048
186052
186054
186074
186079
186088
186095
186098
186105
186117
186120
186141
186147
186152
186162
186165
186170
186182
186188
186195
186197
186198
186200
186201
186211
186213
186215
186219
186223
186226
186226
186227
186238
186254
186256
186262
186269
186269
186274
186274
186275
186285
186286
186289
186290
186293
186299
186301
186305
186309
186312
186316
186322
186327
186337
186337
186338
186339
186340
186341
186350
186354
186356
186365
186381
186384
186390
186391
186400
186401
186417
186423
186428
186436
186443
186443
186445
186445
186445
186447
186450
186450
186453
186455
186459
186460
186462
186464
186477
186482
186495
186507
186525
186552
186554
186557
186558
186560
186568
186574
186577
186579
186586
186587
186600
186605
186616
186617
186619
186621
186628
186631
186639
186641
186656
186660
186662
186670
186670
186677
186690
186690
186691
186691
186695
186704
186711
186713
186716
186726
186728
186737
186746
186747
186749
186753
186755
186767
186781
186787
186792
186793
186799
186813
186815
186831
186835
186848
186853
186857
186861
186875
186876
186882
186885
186887
186888
186888
186892
186892
186894
186900
186907
186916
186925
186929
186932
186940
186956
186960
186965
186980
186981
186982
186991
186992
186997
187012
187015
187023
187028
187033
187034
187035
187041
187042
187049
187062
187068
187070
187071
187081
187081
187084
187084
187086
187086
187093
187098
187099
187104
187106
187107
187109
187109
187117
187121
187124
187125
187131
187135
187137
187141
187142
187153
187156
187157
187163
187163
187165
187168
187170
187177
187182
187190
187191
187192
187197
187197
187199
187204
187213
187214
187221
187228
187229
187230
187231
187231
187249
187250
187252
187258
187259
187271
187275
187279
187280
187297
187297
187299
187303
187312
187314
187315
187317
187321
187324
187339
187344
187346
187364
187369
187385
187388
187388
187397
187409
187411
187412
187428
187429
187433
187448
187451
187452
187461
187470
187471
187481
187481
187482
187483
187489
187497
187498
187503
187506
187512
187515
187521
187531
187549
187549
187552
187557
187564
187569
187570
187579
187584
187585
187586
187594
187595
187597
187627
187632
187650
187650
187656
187660
187662
187663
187667
187668
187684
187690
187693
187715
187723
187725
187728
187737
187742
187746
187750
187758
187759
187762
187763
187772
187773
187776
187778
187780
187781
187794
187795
187798
187804
187812
187826
187832
187844
187848
187850
187851
187859
187864
187872
187873
187874
187881
187884
187885
187886
187887
187887
187888
187891
187891
187894
187895
187915
187916
187916
187926
187929
187932
187933
187941
187944
187944
187947
187968
187971
187972
187989
187997
188001
188004
188020
188020
188025
188026
188028
188032
188036
188037
188046
188048
188051
188053
188066
188074
188075
188076
188082
188097
188099
188110
188112
188113
188115
188119
188124
188140
188143
188143
188143
188145
188154
188155
188161
188163
188167
188170
188178
188183
188184
188186
188198
188198
188204
188211
188214
188215
188215
188220
188230
188233
188238
188270
188271
188272
188274
188279
188283
188288
188295
188297
188300
188302
188317
188317
188319
188320
188321
188330
188334
188348
188350
188358
188369
188370
188370
188385
188398
188406
188410
188421
188423
188439
188442
188445
188450
188454
188457
188458
188458
188458
188460
188460
188466
188475
188482
188484
188494
188502
188508
188508
188512
188514
188516
188516
188523
188524
188535
188535
188542
188545
188550
188554
188556
188560
188567
188573
188580
188584
188585
188591
188610
188612
188613
188622
188624
188628
188630
188631
188631
188632
188641
188641
188642
188644
188649
188653
188671
188675
188681
188693
188700
188716
188719
188722
188722
188722
188725
188726
188728
188730
188734
188735
188742
188744
188746
188753
188759
188759
188763
188769
188773
188777
188777
188779
188780
188788
188790
188790
188794
188796
188796
188803
188807
188807
188815
188819
188823
188824
188829
188830
188834
188834
188836
188841
188841
188849
188850
188855
188856
188861
188863
188864
188869
188871
188879
188891
188894
188902
188913
188935
188938
188945
188953
188959
188963
188977
188977
188981
188981
188982
188984
188996
188997
188999
189000
189001
189008
189012
189014
189016
189022
189030
189032
189037
189039
189044
189047
189053
189054
189064
189072
189079
189085
189086
189088
189089
189096
189096
189101
189111
189111
189117
189134
189135
189143
189144
189145
189145
189152
189160
189175
189177
189177
189183
189187
189191
189202
189205
189207
189209
189209
189210
189213
189215
189221
189221
189235
189242
189251
189252
189255
189256
189256
189258
189267
189277
189284
189291
189312
189323
189323
189325
189331
189335
189359
189363
189364
189365
189385
189388
189396
189408
189409
189414
189415
189418
189420
189423
189425
189427
189434
189441
189444
189445
189448
189452
189458
189480
189490
189490
189501
189506
189510
189513
189513
189515
189533
189540
189541
189548
189557
189573
189580
189580
189581
189588
189610
189615
189622
189624
189627
189628
189630
189633
189635
189640
189646
189652
189658
189662
189665
189667
189672
189674
189676
189695
189699
189700
189702
189705
189708
189708
189713
189722
189741
189748
189760
189764
189769
189771
189777
189778
189779
189780
189784
189788
189788
189795
189797
189802
189806
189815
189825
189837
189839
189840
189851
189852
189869
189869
189869
189870
189882
189883
189883
189904
189905
189907
189908
189910
189913
189913
189913
189914
189918
189923
189923
189932
189940
189944
189947
189951
189966
189967
189967
189970
189972
189973
189978
189995
189997
190002
190006
190010
190021
190026
190027
190029
190046
190047
190058
190064
190066
190080
190081
190081
190085
190087
190091
190095
190095
190096
190097
190102
190109
190112
190113
190116
190119
190121
190127
190128
190128
190132
190133
190148
190158
190159
190171
190174
190174
190221
190224
190226
190228
190234
190244
190258
190259
190259
190260
190261
190265
190274
190275
190277
190279
190285
190297
190297
190300
190317
190319
190327
190334
190335
190343
190345
190350
190353
190356
190356
190357
190362
190364
190365
190371
190381
190385
190390
190392
190398
190419
190422
190425
190428
190438
190453
190461
190468
190471
190472
190474
190476
190486
190489
190490
190495
190505
190507
190519
190523
190536
190541
190543
190544
190545
190549
190555
190555
190563
190564
190565
190566
190569
190570
190571
190583
190590
190595
190596
190599
190607
190612
190613
190617
190618
190630
190648
190653
190656
190662
190666
190667
190670
190680
190683
190685
190686
190692
190692
190693
190698
190700
190702
190704
190706
190711
190734
190737
190741
190747
190752
190756
190756
190757
190760
190764
190765
190773
190783
190796
190800
190807
190817
190820
190833
190844
190845
190845
190846
190849
190856
190871
190871
190873
190873
190874
190878
190883
190893
190902
190911
190920
190921
190926
190932
190934
190937
190947
190947
190951
190955
190957
190961
190961
190967
190975
190977
190979
190982
190984
190987
190994
190995
190997
190998
191012
191020
191028
191029
191030
191032
191034
191035
191039
191044
191046
191054
191056
191058
191064
191064
191065
191070
191079
191080
191085
191088
191096
191097
191099
191118
191122
191126
191127
191130
191132
191133
191133
191146
191148
191150
191158
191159
191162
191164
191167
191171
191172
191173
191179
191186
191195
191197
191207
191210
191216
191226
191228
191239
191243
191247
191252
191257
191272
191274
191296
191298
191301
191304
191313
191324
191324
191342
191348
191352
191354
191355
191357
191358
191372
191391
191392
191397
191411
191415
191416
191419
191427
191429
191431
191442
191445
191447
191451
191451
191458
191459
191474
191477
191481
191481
191482
191483
191488
191489
191490
191498
191499
191501
191503
191515
191526
191529
191532
191537
191548
191555
191559
191562
191567
191573
191582
191590
191592
191596
191606
191610
191614
191615
191615
191616
191617
191621
191623
191626
191628
191628
191633
191637
191644
191644
191649
191654
191657
191659
191661
191667
191670
191673
191681
191686
191693
191695
191698
191698
191701
191701
191703
191703
191705
191713
191724
191726
191729
191735
191740
191743
191750
191751
191753
191755
191755
191762
191765
191765
191767
191768
191777
191778
191783
191794
191800
191806
191808
191813
191816
191818
191819
191826
191833
191838
191841
191841
191841
191843
191847
191850
191861
191863
191875
191885
191886
191891
191892
191896
191898
191908
191918
191920
191930
191931
191931
191940
191945
191954
191970
191977
191984
191994
191999
191999
192001
192001
192006
192008
192011
192011
192022
192036
192041
192044
192061
192061
192070
192071
192072
192078
192082
192085
192092
192095
192099
192104
192112
192115
192115
192120
192121
192122
192124
192131
192134
192138
192138
192141
192158
192174
192176
192176
192183
192185
192186
192194
192197
192201
192208
192212
192214
192218
192220
192222
192228
192241
192241
192243
192247
192256
192260
192265
192266
192267
192278
192283
192288
192289
192289
192291
192307
192311
192320
192324
192326
192326
192350
192356
192363
192363
192363
192367
192371
192376
192380
192380
192383
192395
192398
192408
192412
192422
192426
192427
192438
192442
192443
192450
192459
192468
192475
192476
192478
192479
192480
192489
192490
192508
192509
192511
192516
192519
192521
192524
192524
192525
192527
192529
192535
192540
192541
192544
192547
192550
192551
192575
192576
192577
192581
192583
192592
192602
192603
192609
192611
192614
192614
192615
192617
192624
192639
192641
192649
192649
192649
192661
192662
192662
192674
192680
192685
192693
192694
192695
192697
192698
192700
192706
192707
192713
192713
192717
192721
192724
192724
192727
192728
192732
192739
192739
192740
192746
192746
192752
192763
192763
192763
192768
192773
192780
192787
192792
192804
192809
192809
192821
192826
192831
192832
192833
192834
192836
192838
192842
192844
192847
192859
192880
192887
192889
192889
192895
192898
192900
192915
192922
192926
192936
192938
192943
192949
192952
192956
192958
192961
192965
192969
192971
192971
192983
192986
192989
192998
192999
193003
193006
193019
193030
193033
193041
193062
193067
193071
193077
193095
193098
193108
193117
193117
193133
193147
193147
193153
193156
193173
193185
193186
193188
193194
193203
193205
193214
193214
193221
193223
193231
193231
193233
193234
193235
193241
193247
193250
193250
193267
193276
193276
193279
193282
193291
193292
193296
193297
193298
193301
193305
193317
193318
193320
193324
193325
193330
193336
193339
193340
193342
193342
193348
193352
193357
193358
193359
193368
193371
193372
193390
193399
193402
193402
193404
193412
193414
193414
193415
193419
193425
193426
193428
193444
193446
193451
193452
193480
193480
193480
193481
193482
193486
193487
193495
193506
193507
193510
193517
193518
193520
193520
193528
193529
193534
193535
193539
193549
193549
193557
193564
193573
193574
193578
193582
193590
193591
193597
193597
193597
193600
193611
193612
193614
193628
193633
193642
193647
193653
193659
193669
193683
193685
193692
193693
193694
193710
193711
193711
193711
193718
193722
193725
193732
193736
193749
193749
193760
193762
193763
193773
193773
193775
193783
193783
193792
193795
193800
193803
193806
193808
193810
193811
193812
193818
193832
193855
193857
193858
193861
193871
193875
193877
193877
193894
193900
193904
193909
193911
193912
193917
193918
193918
193923
193924
193934
193937
193940
193945
193963
193967
193967
193976
193976
193980
193986
193988
193990
193990
193998
193999
193999
194003
194004
194006
194019
194031
194033
194040
194044
194048
194054
194064
194064
194065
194070
194072
194080
194083
194093
194095
194099
194103
194127
194137
194138
194138
194143
194153
194168
194171
194173
194183
194187
194192
194194
194213
194216
194219
194220
194223
194235
194236
194238
194241
194251
194251
194256
194268
194277
194302
194305
194317
194323
194327
194327
194328
194329
194335
194350
194360
194364
194364
194367
194369
194377
194379
194386
194391
194397
194407
194409
194409
194422
194423
194424
194443
194458
194460
194465
194474
194476
194478
194480
194483
194496
194498
194502
194504
194504
194506
194512
194514
194515
194517
194522
194523
194523
194533
194538
194539
194544
194547
194547
194548
194560
194561
194569
194570
194571
194578
194579
194591
194593
194601
194605
194609
194612
194614
194618
194620
194620
194621
194621
194622
194622
194626
194634
194637
194643
194645
194647
194655
194662
194663
194669
194675
194684
194688
194688
194690
194693
194705
194713
194713
194713
194741
194745
194747
194752
194753
194754
194762
194764
194765
194768
194769
194770
194772
194782
194793
194805
194809
194813
194814
194824
194826
194836
194849
194849
194852
194852
194856
194859
194860
194861
194872
194873
194877
194877
194878
194878
194879
194879
194882
194898
194905
194909
194917
194921
194921
194922
194925
194929
194931
194933
194940
194942
194946
194947
194957
194961
194984
194990
194993
194994
194999
195001
195006
195012
195014
195019
195021
195021
195022
195030
195037
195048
195052
195052
195057
195058
195061
195063
195065
195075
195080
195083
195086
195089
195098
195101
195104
195106
195114
195114
195116
195126
195133
195133
195136
195137
195140
195146
195147
195149
195164
195165
195169
195179
195188
195198
195203
195204
195206
195209
195210
195217
195220
195221
195223
195229
195238
195239
195244
195245
195246
195247
195248
195273
195281
195288
195308
195316
195332
195345
195356
195360
195365
195366
195377
195401
195415
195418
195418
195422
195423
195430
195435
195441
195441
195442
195443
195449
195452
195457
195458
195459
195463
195469
195471
195473
195476
195482
195485
195487
195496
195497
195499
195513
195520
195522
195532
195535
195566
195569
195572
195578
195580
195581
195582
195582
195601
195607
195615
195616
195618
195620
195628
195630
195631
195632
195639
195640
195645
195648
195651
195656
195670
195682
195688
195690
195692
195697
195707
195712
195717
195729
195729
195731
195739
195744
195748
195748
195754
195770
195782
195785
195787
195803
195810
195836
195846
195860
195860
195860
195863
195866
195870
195872
195881
195881
195908
195910
195912
195914
195914
195933
195938
195939
195943
195947
195958
195959
195966
195971
195972
195984
195989
195991
195998
196001
196006
196014
196018
196033
196039
196041
196045
196047
196048
196053
196058
196060
196062
196066
196066
196070
196070
196071
196075
196084
196100
196106
196109
196121
196125
196139
196148
196150
196150
196168
196170
196170
196170
196183
196188
196191
196191
196197
196197
196203
196205
196215
196220
196222
196235
196239
196248
196261
196262
196274
196280
196285
196291
196293
196294
196296
196298
196301
196324
196330
196335
196335
196343
196345
196348
196354
196359
196376
196378
196382
196382
196389
196392
196392
196394
196398
196406
196415
196424
196426
196427
196429
196430
196432
196434
196443
196454
196456
196465
196468
196470
196473
196473
196488
196497
196499
196500
196505
196505
196509
196524
196524
196537
196538
196540
196542
196542
196546
196550
196553
196554
196555
196561
196564
196565
196566
196569
196572
196579
196581
196581
196582
196594
196595
196601
196604
196610
196615
196616
196622
196623
196625
196626
196628
196638
196643
196643
196653
196672
196683
196693
196693
196703
196711
196713
196729
196731
196732
196742
196743
196744
196744
196751
196752
196754
196761
196767
196774
196778
196787
196792
196804
196807
196813
196816
196816
196818
196820
196825
196830
196831
196832
196832
196836
196838
196844
196847
196847
196855
196863
196864
196866
196875
196879
196882
196886
196897
196906
196912
196918
196933
196935
196940
196941
196951
196954
196957
196964
196975
196979
196985
196988
196988
197000
197001
197002
197010
197010
197016
197016
197017
197022
197026
197027
197037
197038
197041
197042
197045
197047
197058
197058
197062
197066
197069
197070
197074
197076
197085
197098
197106
197110
197114
197115
197117
197120
197123
197124
197129
197133
197143
197150
197160
197163
197165
197166
197168
197171
197173
197173
197176
197182
197189
197191
197199
197202
197208
197215
197216
197223
197232
197234
197235
197238
197259
197259
197265
197266
197277
197285
197289
197311
197317
197325
197344
197368
197376
197383
197388
197394
197396
197406
197406
197415
197425
197429
197437
197439
197441
197446
197447
197450
197465
197474
197475
197482
197496
197504
197509
197512
197512
197513
197522
197526
197538
197545
197546
197553
197556
197557
197559
197565
197567
197576
197577
197581
197589
197589
197598
197600
197602
197605
197606
197609
197614
197619
197621
197626
197633
197634
197634
197641
197653
197657
197658
197660
197672
197672
197673
197674
197692
197696
197700
197702
197702
197713
197713
197726
197741
197744
197747
197748
197749
197759
197762
197762
197767
197769
197769
197783
197788
197806
197814
197821
197836
197838
197847
197849
197852
197873
197875
197883
197889
197894
197904
197912
197913
197913
197922
197923
197924
197934
197937
197942
197953
197961
197961
197963
197969
197975
197985
198000
198003
198006
198017
198025
198030
198042
198053
198054
198058
198078
198079
198081
198082
198091
198093
198103
198106
198111
198121
198136
198137
198154
198155
198159
198159
198159
198164
198190
198193
198194
198201
198201
198201
198207
198220
198230
198232
198236
198243
198248
198259
198262
198266
198269
198270
198271
198305
198315
198320
198326
198330
198331
198336
198344
198348
198351
198357
198357
198358
198359
198361
198374
198378
198380
198382
198385
198388
198392
198395
198399
198412
198412
198414
198425
198432
198432
198440
198441
198441
198460
198463
198478
198479
198487
198487
198488
198496
198509
198510
198515
198520
198544
198551
198555
198559
198559
198571
198574
198591
198592
198601
198604
198608
198613
198659
198661
198662
198677
198679
198679
198680
198686
198692
198697
198702
198703
198704
198710
198713
198722
198729
198729
198730
198735
198752
198765
198773
198777
198783
198784
198790
198792
198805
198811
198812
198813
198816
198819
198826
198835
198837
198839
198839
198842
198844
198853
198857
198862
198871
198873
198875
198880
198881
198883
198894
198896
198905
198907
198921
198929
198930
198931
198935
198944
198944
198948
198949
198959
198959
198959
198972
198980
198986
198994
199005
199008
199010
199021
199021
199032
199032
199033
199046
199047
199056
199064
199070
199077
199077
199080
199087
199090
199108
199115
199120
199140
199143
199148
199162
199173
199174
199189
199191
199197
199197
199201
199201
199202
199206
199213
199218
199227
199242
199243
199245
199250
199252
199263
199274
199277
199282
199284
199307
199311
199317
199322
199329
199332
199332
199332
199334
199340
199358
199360
199361
199363
199365
199366
199376
199384
199386
199410
199412
199414
199419
199432
199432
199435
199437
199440
199451
199465
199475
199477
199479
199489
199503
199507
199519
199530
199559
199571
199576
199583
199589
199594
199603
199617
199621
199622
199630
199637
199638
199640
199644
199649
199652
199654
199664
199664
199667
199669
199670
199677
199678
199679
199689
199690
199692
199694
199718
199719
199723
199723
199725
199727
199732
199736
199737
199747
199747
199750
199751
199760
199773
199774
199784
199793
199797
199798
199800
199805
199810
199814
199819
199829
199840
199842
199849
199850
199852
199855
199879
199886
199887
199893
199895
199907
199909
199919
199920
199920
199930
199931
199935
199943
199950
199970
199974
199978
199978
199987
199991
200001
200020
200021
200025
200029
200030
200032
200045
200051
200068
200074
200074
200095
200106
200110
200112
200116
200128
200133
200150
200161
200165
200168
200168
200170
200171
200177
200182
200182
200190
200192
200204
200205
200210
200211
200215
200218
200218
200219
200224
200237
200246
200260
200266
200268
200269
200271
200275
200280
200282
200290
200292
200293
200294
200299
200302
200303
200305
200311
200314
200317
200319
200319
200325
200326
200329
200335
200336
200339
200344
200352
200354
200360
200364
200365
200368
200369
200391
200392
200399
200402
200403
200416
200419
200421
200427
200440
200457
200471
200477
200490
200490
200499
200504
200504
200513
200515
200518
200523
200526
200530
200534
200536
200550
200560
200567
200571
200590
200600
200602
200604
200612
200615
200615
200623
200626
200628
200629
200636
200637
200637
200644
200648
200659
200663
200663
200664
200668
200669
200672
200674
200675
200676
200677
200702
200702
200710
200716
200725
200727
200736
200751
200756
200761
200762
200764
200764
200776
200781
200790
200798
200808
200808
200817
200820
200827
200836
200836
200837
200853
200854
200859
200860
200869
200879
200884
200885
200885
200886
200894
200904
200950
200953
200959
200961
200966
200970
200974
200974
200976
200984
200991
200991
200992
200993
201015
201025
201061
201063
201066
201067
201068
201069
201079
201082
201088
201092
201095
201100
201100
201102
201107
201108
201109
201112
201114
201118
201124
201129
201131
201139
201141
201141
201144
201147
201151
201157
201159
201159
201160
201170
201171
201172
201177
201192
201194
201195
201197
201200
201201
201201
201210
201211
201231
201242
201242
201258
201272
201277
201279
201280
201285
201289
201292
201302
201307
201310
201311
201318
201319
201321
201331
201333
201336
201341
201353
201355
201368
201370
201373
201375
201380
201387
201389
201394
201394
201398
201410
201424
201437
201440
201443
201454
201459
201460
201482
201483
201493
201495
201496
201502
201510
201517
201520
201526
201531
201532
201539
201541
201547
201560
201561
201570
201590
201597
201604
201610
201614
201618
201619
201624
201625
201626
201630
201639
201654
201656
201656
201658
201666
201673
201677
201678
201684
201688
201688
201692
201693
201699
201705
201707
201715
201725
201725
201726
201732
201740
201742
201762
201763
201764
201776
201779
201781
201783
201788
201792
201795
201804
201813
201813
201820
201821
201840
201844
201850
201852
201863
201876
201886
201910
201939
201940
201941
201942
201955
201962
201964
201968
201981
201984
201991
201992
202003
202010
202013
202017
202031
202034
202038
202046
202046
202051
202051
202058
202059
202075
202078
202079
202083
202090
202092
202093
202094
202096
202099
202106
202110
202116
202123
202124
202133
202142
202142
202143
202144
202149
202154
202156
202163
202166
202167
202173
202182
202186
202193
202194
202203
202205
202212
202217
202219
202224
202224
202225
202231
202244
202244
202245
202256
202264
202277
202279
202282
202286
202289
202308
202310
202320
202327
202327
202338
202348
202363
202372
202373
202381
202399
202401
202405
202413
202419
202423
202428
202432
202433
202436
202436
202444
202445
202449
202451
202455
202456
202470
202470
202471
202478
202480
202492
202493
202506
202509
202524
202525
202526
202526
202527
202531
202533
202533
202535
202541
202557
202562
202565
202565
202579
202585
202586
202588
202610
202611
202615
202632
202635
202642
202654
202655
202656
202660
202664
202666
202670
202670
202672
202675
202679
202683
202696
202700
202702
202705
202707
202708
202710
202711
202713
202737
202740
202741
202747
202749
202751
202776
202788
202790
202794
202801
202811
202819
202821
202824
202835
202840
202844
202857
202859
202863
202865
202867
202870
202873
202875
202878
202879
202881
202883
202883
202886
202892
202895
202903
202906
202922
202922
202927
202927
202933
202940
202941
202970
202973
202974
202976
202976
202980
202980
202984
202987
202989
202991
202996
202999
203010
203011
203015
203019
203022
203024
203025
203027
203029
203035
203037
203041
203042
203046
203047
203047
203059
203062
203065
203071
203075
203077
203078
203080
203088
203105
203115
203118
203118
203123
203128
203132
203142
203147
203149
203151
203151
203156
203157
203170
203178
203179
203181
203195
203201
203201
203206
203210
203211
203214
203214
203215
203215
203220
203222
203222
203225
203228
203235
203249
203251
203258
203258
203259
203262
203278
203294
203296
203305
203315
203338
203341
203343
203353
203357
203359
203367
203371
203378
203380
203387
203388
203389
203398
203406
203408
203410
203423
203430
203439
203444
203456
203459
203469
203473
203477
203482
203482
203486
203496
203497
203507
203516
203524
203530
203531
203533
203534
203535
203543
203568
203573
203586
203589
203590
203598
203600
203614
203619
203625
203641
203642
203647
203648
203648
203655
203656
203679
203690
203692
203700
203702
203702
203703
203704
203705
203707
203710
203711
203744
203751
203754
203758
203761
203762
203764
203764
203766
203768
203772
203783
203788
203796
203799
203804
203804
203808
203811
203813
203815
203820
203826
203834
203835
203842
203844
203853
203854
203858
203863
203863
203876
203876
203883
203892
203900
203908
203909
203910
203910
203915
203920
203932
203935
203936
203938
203940
203942
203942
203947
203952
203956
203957
203961
203970
203978
203978
203993
203995
203999
204006
204009
204021
204034
204041
204046
204046
204049
204051
204051
204054
204057
204063
204075
204080
204107
204111
204116
204119
204134
204135
204141
204143
204146
204146
204146
204152
204160
204162
204174
204178
204183
204191
204197
204197
204201
204211
204228
204241
204249
204254
204265
204270
204274
204288
204302
204307
204308
204315
204321
204322
204325
204326
204328
204328
204344
204344
204347
204358
204367
204369
204373
204375
204397
204400
204410
204415
204418
204418
204418
204426
204434
204436
204437
204441
204442
204479
204480
204482
204489
204495
204496
204497
204498
204502
204502
204503
204512
204512
204528
204530
204530
204534
204537
204537
204538
204541
204545
204545
204545
204546
204549
204554
204561
204582
204589
204596
204600
204607
204612
204620
204621
204624
204628
204629
204632
204642
204651
204656
204661
204668
204669
204672
204673
204676
204687
204693
204694
204698
204699
204703
204711
204723
204725
204728
204735
204736
204736
204749
204752
204762
204762
204772
204773
204775
204780
204783
204804
204805
204806
204818
204821
204825
204831
204852
204853
204861
204869
204875
204876
204881
204884
204892
204894
204894
204897
204901
204907
204909
204913
204929
204930
204932
204946
204963
204972
204977
204994
204995
204998
205000
205001
205006
205010
205011
205015
205017
205028
205046
205057
205066
205066
205091
205093
205101
205102
205107
205113
205123
205124
205132
205135
205141
205143
205146
205158
205170
205174
205176
205178
205180
205181
205185
205191
205192
205195
205196
205197
205204
205206
205206
205207
205209
205215
205216
205218
205221
205225
205229
205230
205231
205238
205241
205244
205245
205247
205248
205251
205252
205254
205257
205258
205262
205277
205281
205284
205290
205292
205296
205301
205303
205312
205319
205321
205324
205325
205339
205340
205341
205346
205348
205375
205377
205380
205383
205393
205396
205403
205404
205406
205406
205409
205413
205414
205416
205416
205421
205421
205422
205423
205430
205433
205434
205436
205439
205448
205466
205485
205486
205490
205490
205491
205497
205499
205500
205501
205510
205510
205516
205516
205517
205521
205528
205568
205569
205572
205574
205576
205576
205576
205579
205584
205586
205594
205598
205605
205607
205607
205617
205618
205619
205620
205621
205626
205631
205642
205645
205645
205647
205649
205650
205650
205652
205655
205658
205662
205669
205673
205678
205681
205682
205686
205694
205704
205719
205730
205730
205733
205737
205740
205741
205750
205754
205755
205755
205759
205760
205763
205763
205764
205767
205771
205777
205783
205783
205783
205806
205819
205820
205838
205843
205853
205867
205884
205891
205897
205899
205900
205900
205904
205914
205917
205918
205920
205926
205926
205927
205932
205934
205957
205960
205964
205972
205981
205984
205994
206004
206011
206014
206015
206019
206019
206025
206025
206028
206028
206036
206037
206042
206057
206059
206059
206061
206066
206082
206087
206087
206089
206091
206094
206096
206099
206100
206100
206109
206117
206119
206119
206126
206132
206135
206138
206138
206139
206140
206145
206158
206159
206164
206175
206179
206184
206191
206195
206200
206204
206205
206213
206217
206218
206219
206229
206231
206234
206253
206256
206258
206258
206259
206262
206266
206267
206270
206270
206272
206277
206282
206293
206302
206313
206321
206323
206323
206327
206331
206332
206340
206341
206343
206361
206375
206384
206385
206386
206389
206393
206393
206406
206406
206410
206416
206443
206455
206468
206475
206476
206487
206494
206495
206499
206502
206508
206525
206527
206528
206535
206545
206545
206548
206550
206560
206562
206570
206577
206579
206581
206585
206587
206587
206591
206592
206595
206598
206603
206612
206616
206619
206644
206655
206669
206671
206675
206686
206691
206695
206704
206704
206705
206726
206730
206738
206746
206748
206758
206765
206781
206790
206795
206798
206806
206812
206822
206826
206830
206836
206841
206841
206841
206843
206848
206852
206853
206855
206861
206861
206870
206874
206879
206879
206882
206888
206902
206913
206914
206914
206933
206934
206936
206939
206940
206957
206959
206959
206960
206964
206976
206979
206980
206983
206984
206991
207004
207012
207015
207017
207019
207027
207029
207054
207063
207066
207070
207071
207078
207079
207085
207087
207091
207102
207107
207112
207114
207130
207131
207132
207134
207138
207148
207149
207150
207151
207155
207157
207164
207165
207168
207172
207179
207182
207183
207188
207197
207197
207198
207200
207201
207201
207211
207214
207230
207230
207232
207234
207237
207241
207243
207251
207265
207266
207271
207275
207278
207299
207305
207315
207317
207335
207337
207337
207356
207357
207361
207362
207363
207366
207367
207367
207371
207382
207390
207391
207399
207400
207404
207405
207406
207415
207420
207423
207423
207424
207424
207446
207446
207450
207468
207480
207481
207483
207484
207485
207493
207494
207498
207504
207504
207512
207519
207533
207533
207543
207549
207577
207578
207582
207583
207585
207596
207598
207607
207622
207622
207625
207634
207635
207650
207650
207653
207656
207663
207674
207679
207680
207681
207690
207697
207703
207704
207707
207714
207716
207719
207726
207749
207757
207759
207763
207776
207806
207811
207812
207818
207818
207825
207831
207844
207856
207860
207861
207863
207873
207884
207886
207886
207887
207887
207896
207899
207911
207913
207921
207934
207936
207936
207937
207939
207940
207941
207941
207948
207952
207953
207968
207974
207977
207982
208011
208016
208018
208021
208024
208025
208025
208043
208049
208064
208064
208065
208067
208070
208071
208074
208074
208074
208075
208075
208077
208084
208090
208091
208093
208098
208105
208110
208114
208116
208117
208117
208119
208129
208140
208147
208148
208151
208158
208159
208159
208166
208177
208182
208185
208189
208194
208197
208202
208229
208233
208234
208236
208247
208250
208254
208260
208271
208273
208277
208279
208283
208288
208289
208293
208308
208313
208324
208331
208343
208354
208360
208363
208375
208376
208377
208381
208382
208388
208395
208402
208406
208408
208420
208420
208421
208426
208430
208451
208451
208458
208465
208478
208480
208492
208509
208509
208509
208512
208515
208516
208517
208517
208520
208522
208535
208537
208540
208541
208545
208550
208562
208564
208569
208577
208583
208585
208589
208597
208626
208631
208635
208641
208643
208643
208660
208660
208671
208673
208676
208679
208695
208695
208698
208699
208703
208707
208718
208723
208727
208735
208740
208740
208742
208747
208755
208771
208777
208785
208790
208812
208815
208821
208847
208848
208853
208859
208859
208864
208870
208872
208906
208908
208914
208916
208916
208919
208920
208921
208924
208929
208957
208965
208966
208972
208975
208978
208987
208988
208988
208993
208996
208998
209006
209014
209015
209025
209028
209032
209039
209043
209053
209058
209061
209061
209063
209065
209068
209069
209077
209079
209082
209087
209087
209089
209105
209106
209112
209122
209123
209129
209134
209139
209141
209147
209147
209150
209156
209162
209165
209174
209186
209190
209193
209194
209194
209200
209209
209214
209215
209215
209216
209221
209221
209229
209229
209238
209242
209247
209248
209250
209261
209264
209265
209271
209271
209278
209279
209291
209298
209301
209313
209314
209316
209320
209325
209327
209327
209333
209334
209340
209342
209342
209347
209348
209353
209366
209376
209388
209392
209394
209398
209403
209405
209410
209436
209437
209439
209443
209444
209451
209454
209459
209461
209467
209470
209478
209483
209489
209490
209494
209497
209503
209518
209525
209526
209541
209541
209546
209550
209553
209565
209570
209579
209584
209589
209590
209598
209602
209604
209614
209617
209624
209633
209636
209637
209648
209648
209651
209653
209653
209672
209673
209674
209680
209681
209689
209694
209701
209715
209723
209725
209727
209736
209747
209755
209764
209768
209775
209786
209800
209801
209801
209801
209807
209811
209818
209818
209819
209820
209820
209838
209840
209848
209848
209855
209870
209873
209874
209878
209878
209887
209897
209903
209903
209903
209916
209919
209920
209923
209925
209930
209932
209933
209934
209938
209939
209948
209949
209954
209954
209959
209967
209977
209982
209984
209995
209998
210004
210007
210029
210042
210050
210052
210054
210055
210055
210061
210069
210073
210073
210086
210090
210098
210113
210128
210130
210130
210132
210132
210132
210141
210144
210144
210145
210146
210152
210156
210157
210173
210176
210180
210180
210194
210194
210195
210196
210202
210208
210208
210209
210213
210219
210226
210228
210238
210243
210244
210251
210253
210290
210305
210308
210311
210314
210315
210320
210322
210330
210338
210339
210342
210342
210343
210344
210344
210347
210347
210348
210352
210356
210362
210367
210371
210376
210379
210385
210393
210398
210401
210405
210407
210407
210411
210416
210416
210426
210433
210434
210434
210439
210441
210446
210447
210451
210452
210454
210455
210457
210457
210458
210461
210461
210464
210465
210472
210484
210497
210500
210500
210516
210520
210535
210543
210566
210569
210570
210590
210591
210592
210595
210599
210602
210609
210610
210619
210619
210624
210630
210641
210650
210652
210657
210669
210669
210670
210678
210683
210695
210696
210727
210748
210752
210772
210773
210773
210776
210782
210787
210788
210792
210794
210799
210804
210807
210813
210815
210816
210826
210841
210844
210845
210851
210857
210859
210859
210863
210864
210879
210881
210886
210887
210889
210892
210894
210895
210899
210906
210908
210909
210914
210920
210923
210933
210938
210943
210954
210963
210972
210976
210977
210978
210980
210989
211004
211006
211010
211018
211024
211029
211030
211031
211042
211048
211049
211051
211051
211053
211063
211064
211071
211080
211087
211101
211102
211102
211105
211117
211117
211124
211128
211133
211141
211155
211156
211172
211172
211196
211197
211200
211201
211205
211206
211208
211210
211213
211214
211214
211214
211215
211218
211219
211229
211253
211263
211270
211274
211276
211292
211296
211298
211299
211303
211306
211310
211321
211322
211324
211349
211361
211373
211374
211374
211378
211379
211385
211390
211400
211401
211404
211406
211409
211411
211413
211415
211417
211417
211425
211426
211429
211429
211429
211434
211440
211444
211446
211447
211451
211453
211458
211465
211466
211466
211468
211471
211484
211492
211494
211500
211505
211526
211535
211536
211545
211550
211556
211566
211574
211575
211587
211588
211593
211595
211596
211602
211605
211606
211613
211617
211617
211622
211625
211641
211641
211642
211642
211646
211652
211662
211664
211669
211681
211683
211685
211689
211702
211702
211703
211707
211713
211717
211738
211740
211752
211754
211756
211767
211768
211781
211782
211785
211789
211791
211800
211802
211809
211809
211827
211833
211837
211837
211838
211842
211843
211845
211847
211861
211864
211865
211868
211874
211876
211884
211887
211898
211898
211905
211909
211916
211922
211922
211923
211925
211933
211936
211942
211950
211951
211954
211984
211986
211998
211999
212018
212018
212022
212030
212041
212049
212053
212058
212060
212062
212065
212066
212073
212083
212085
212097
212098
212101
212104
212109
212110
212113
212114
212117
212117
212120
212122
212124
212125
212130
212139
212140
212141
212146
212158
212176
212178
212178
212179
212180
212182
212184
212184
212188
212195
212198
212207
212213
212216
212217
212226
212235
212238
212240
212242
212246
212246
212258
212261
212263
212264
212268
212277
212279
212284
212293
212297
212306
212312
212323
212325
212334
212337
212337
212359
212359
212372
212378
212378
212398
212413
212422
212423
212430
212431
212435
212454
212455
212455
212461
212470
212494
212496
212507
212508
212517
212518
212531
212533
212535
212536
212544
212544
212545
212553
212554
212557
212565
212570
212575
212577
212591
212593
212605
212623
212632
212645
212650
212658
212658
212662
212673
212679
212680
212682
212690
212701
212701
212704
212711
212712
212712
212723
212724
212726
212732
212736
212747
212748
212753
212777
212783
212805
212826
212826
212832
212833
212833
212846
212851
212855
212858
212862
212863
212864
212878
212879
212880
212881
212887
212888
212889
212901
212905
212923
212923
212924
212927
212929
212930
212933
212936
212939
212945
212949
212962
212963
212978
212990
212992
212994
212995
212996
212999
213001
213009
213023
213036
213036
213040
213051
213052
213059
213070
213076
213082
213083
213083
213095
213098
213102
213109
213121
213122
213127
213131
213131
213133
213133
213136
213143
213147
213152
213155
213158
213166
213168
213168
213174
213178
213187
213198
213201
213203
213210
213218
213225
213229
213231
213237
213244
213245
213268
213269
213273
213274
213276
213285
213289
213300
213318
213321
213322
213326
213328
213330
213334
213344
213344
213347
213355
213359
213361
213367
213373
213381
213382
213422
213427
213434
213437
213438
213438
213447
213448
213453
213478
213482
213486
213489
213496
213497
213500
213509
213521
213523
213526
213530
213540
213542
213550
213553
213558
213568
213571
213571
213573
213576
213584
213591
213592
213600
213603
213606
213613
213616
213619
213621
213622
213624
213624
213627
213635
213635
213648
213658
213660
213663
213672
213674
213674
213676
213682
213690
213693
213696
213696
213697
213702
213710
213717
213719
213725
213736
213737
213737
213739
213752
213755
213765
213766
213778
213782
213782
213782
213789
213799
213807
213808
213809
213830
213835
213835
213845
213852
213853
213859
213860
213864
213890
213902
213903
213910
213928
213930
213942
213952
213955
213958
213960
213961
213965
213976
213976
213983
213984
213987
213992
214004
214004
214004
214007
214014
214024
214027
214032
214032
214036
214053
214061
214061
214064
214065
214070
214077
214084
214085
214088
214089
214098
214099
214124
214128
214135
214140
214148
214150
214168
214169
214174
214179
214181
214183
214183
214198
214199
214213
214213
214221
214226
214229
214251
214260
214260
214260
214260
214267
214275
214279
214283
214286
214290
214309
214309
214313
214315
214316
214318
214322
214325
214335
214338
214342
214343
214347
214354
214367
214372
214373
214375
214376
214378
214383
214391
214395
214398
214399
214402
214402
214412
214422
214422
214431
214432
214434
214438
214450
214453
214455
214459
214463
214467
214476
214480
214495
214496
214498
214512
214514
214516
214520
214521
214522
214526
214527
214531
214537
214539
214542
214547
214554
214555
214556
214560
214564
214573
214596
214597
214597
214600
214604
214605
214610
214615
214615
214620
214627
214631
214636
214636
214639
214648
214654
214655
214666
214666
214674
214679
214685
214691
214692
214693
214718
214725
214730
214730
214732
214758
214762
214767
214768
214769
214772
214780
214780
214782
214794
214794
214796
214797
214807
214829
214838
214838
214848
214859
214864
214866
214866
214867
214875
214881
214891
214892
214895
214896
214897
214897
214915
214924
214925
214929
214936
214937
214937
214939
214940
214945
214966
214973
214978
214979
214981
214981
214982
215000
215003
215005
215006
215007
215016
215016
215022
215028
215030
215031
215045
215046
215048
215051
215056
215056
215060
215068
215070
215073
215074
215079
215083
215087
215088
215104
215117
215120
215121
215124
215128
215130
215137
215138
215140
215150
215155
215160
215165
215166
215167
215169
215172
215173
215188
215193
215195
215202
215206
215210
215213
215214
215219
215230
215232
215239
215241
215244
215245
215249
215254
215257
215258
215263
215267
215268
215275
215284
215290
215297
215299
215301
215308
215319
215326
215327
215332
215336
215339
215340
215340
215347
215354
215366
215368
215368
215369
215380
215382
215401
215401
215401
215402
215409
215409
215415
215438
215442
215447
215447
215448
215449
215456
215459
215469
215474
215484
215494
215495
215500
215504
215507
215509
215515
215516
215522
215530
215530
215532
215533
215542
215542
215545
215557
215559
215565
215569
215575
215576
215581
215583
215584
215585
215592
215604
215610
215616
215621
215630
215632
215633
215640
215657
215659
215661
215667
215672
215672
215677
215679
215679
215684
215686
215696
215709
215710
215712
215712
215714
215719
215721
215726
215730
215733
215734
215735
215738
215738
215740
215741
215748
215750
215753
215756
215761
215778
215778
215780
215788
215796
215800
215801
215803
215805
215812
215835
215839
215850
215851
215851
215859
215860
215864
215867
215869
215870
215871
215875
215879
215887
215888
215898
215900
215903
215906
215907
215908
215926
215942
215943
215944
215949
215953
215953
215959
215962
215965
215965
215972
215976
215978
215978
215978
215978
215987
215991
215991
215993
215994
215996
215997
216003
216009
216019
216020
216022
216027
216029
216030
216039
216058
216063
216064
216070
216071
216073
216078
216080
216084
216085
216088
216094
216095
216105
216112
216116
216128
216129
216133
216148
216155
216159
216164
216172
216179
216181
216181
216181
216182
216186
216195
216207
216215
216224
216226
216228
216229
216232
216251
216256
216257
216259
216260
216267
216268
216282
216298
216298
216304
216310
216312
216313
216314
216315
216334
216338
216339
216339
216344
216346
216352
216352
216360
216367
216379
216392
216395
216405
216406
216408
216422
216425
216426
216432
216435
216438
216442
216447
216470
216473
216476
216478
216480
216485
216485
216485
216491
216495
216500
216504
216506
216512
216514
216523
216532
216541
216541
216545
216553
216564
216574
216583
216595
216600
216600
216608
216611
216615
216636
216640
216649
216650
216650
216656
216660
216661
216664
216671
216674
216675
216676
216683
216693
216695
216699
216701
216712
216712
216713
216718
216719
216721
216722
216724
216739
216742
216750
216750
216763
216766
216773
216773
216776
216780
216790
216796
216798
216799
216804
216817
216828
216832
216834
216842
216850
216859
216863
216865
216870
216872
216875
216877
216877
216879
216890
216901
216906
216913
216917
216924
216928
216928
216929
216937
216939
216946
216953
216957
216959
216968
216977
216977
216982
216982
216987
216993
216993
216999
217000
217006
217016
217017
217052
217052
217053
217054
217060
217064
217064
217070
217084
217086
217093
217095
217120
217121
217122
217124
217126
217135
217139
217144
217152
217152
217153
217162
217166
217175
217188
217196
217200
217203
217207
217220
217223
217232
217234
217235
217237
217240
217241
217243
217246
217248
217260
217260
217264
217265
217269
217269
217272
217274
217281
217296
217297
217306
217308
217316
217326
217327
217334
217335
217348
217348
217351
217353
217356
217358
217362
217364
217369
217372
217373
217373
217384
217385
217391
217394
217401
217405
217410
217417
217418
217429
217438
217440
217453
217466
217468
217474
217476
217485
217490
217493
217494
217494
217495
217498
217506
217508
217512
217514
217515
217521
217522
217524
217526
217531
217535
217535
217538
217539
217543
217545
217547
217555
217559
217565
217572
217576
217586
217608
217610
217610
217620
217626
217645
217658
217664
217667
217668
217672
217695
217701
217707
217713
217721
217723
217737
217753
217758
217763
217769
217775
217776
217789
217802
217803
217803
217803
217805
217807
217808
217809
217812
217815
217816
217819
217822
217823
217827
217828
217847
217864
217867
217871
217882
217887
217890
217891
217899
217904
217911
217915
217916
217920
217921
217928
217930
217931
217935
217937
217941
217943
217951
217954
217954
217954
217965
217968
217969
217988
217991
217993
217995
217996
217998
218005
218010
218026
218028
218033
218035
218041
218047
218050
218060
218064
218065
218070
218071
218077
218080
218081
218086
218087
218103
218121
218123
218124
218143
218151
218165
218171
218176
218178
218186
218191
218196
218206
218208
218221
218221
218224
218238
218240
218247
218252
218261
218264
218269
218272
218277
218284
218295
218305
218309
218328
218332
218332
218335
218338
218342
218343
218344
218351
218357
218358
218361
218361
218363
218363
218378
218400
218402
218407
218408
218409
218417
218421
218426
218427
218435
218435
218454
218455
218468
218472
218475
218475
218476
218477
218480
218483
218487
218499
218500
218510
218512
218514
218515
218522
218532
218540
218547
218551
218556
218563
218564
218565
218571
218572
218577
218585
218587
218603
218606
218607
218608
218614
218617
218619
218635
218639
218651
218653
218655
218661
218662
218672
218673
218676
218679
218681
218694
218701
218710
218716
218720
218731
218733
218736
218742
218747
218753
218754
218759
218761
218762
218764
218780
218784
218787
218841
218843
218844
218848
218850
218858
218869
218875
218881
218883
218883
218883
218888
218890
218897
218897
218901
218922
218924
218924
218927
218929
218942
218945
218945
218948
218959
218964
218965
218968
218972
218973
218975
218982
218983
218993
218999
219011
219019
219024
219026
219029
219033
219034
219035
219042
219055
219060
219065
219068
219072
219075
219077
219086
219094
219116
219121
219128
219130
219131
219136
219142
219156
219160
219160
219162
219164
219170
219175
219203
219206
219217
219217
219219
219220
219225
219245
219252
219254
219258
219260
219264
219269
219278
219279
219281
219281
219293
219299
219303
219307
219317
219326
219328
219332
219338
219339
219343
219348
219351
219352
219358
219364
219365
219373
219380
219383
219383
219408
219408
219408
219413
219420
219429
219432
219436
219440
219450
219463
219469
219473
219473
219474
219481
219481
219483
219484
219488
219495
219500
219504
219535
219536
219547
219554
219556
219557
219559
219562
219564
219566
219566
219573
219577
219577
219590
219593
219596
219604
219607
219611
219613
219617
219622
219622
219629
219640
219658
219670
219676
219686
219702
219703
219707
219710
219725
219732
219736
219742
219743
219744
219745
219757
219759
219760
219771
219791
219792
219793
219798
219805
219812
219819
219821
219821
219847
219853
219853
219858
219875
219884
219891
219894
219909
219914
219916
219923
219926
219928
219930
219933
219937
219937
219937
219947
219953
219954
219957
219958
219960
219964
219964
219969
219979
219987
219997
219999
220001
220001
220030
220031
220038
220040
220048
220058
220061
220063
220077
220083
220085
220086
220088
220094
220101
220113
220143
220156
220156
220157
220165
220166
220180
220182
220184
220184
220185
220186
220196
220198
220201
220206
220207
220209
220213
220213
220213
220217
220229
220230
220243
220246
220250
220266
220291
220296
220298
220301
220306
220325
220352
220356
220357
220361
220363
220372
220390
220399
220399
220400
220404
220404
220404
220407
220417
220424
220425
220435
220439
220440
220440
220442
220443
220446
220455
220460
220472
220472
220475
220477
220478
220481
220483
220484
220488
220489
220490
220491
220496
220502
220503
220518
220520
220524
220532
220534
220535
220551
220555
220555
220555
220556
220558
220571
220572
220584
220591
220603
220612
220612
220612
220614
220615
220615
220619
220628
220628
220633
220640
220643
220644
220644
220647
220650
220652
220662
220668
220668
220676
220679
220691
220691
220696
220716
220724
220727
220729
220731
220741
220745
220746
220747
220750
220754
220764
220767
220771
220773
220775
220781
220787
220789
220790
220792
220800
220807
220817
220819
220822
220825
220829
220836
220838
220839
220842
220844
220850
220855
220860
220867
220868
220877
220879
220881
220885
220895
220898
220898
220899
220899
220903
220909
220913
220917
220917
220925
220927
220928
220930
220938
220939
220949
220952
220953
220956
220966
220966
220975
220984
220996
221000
221004
221015
221015
221017
221019
221031
221031
221050
221053
221056
221058
221060
221063
221064
221064
221067
221072
221076
221080
221102
221102
221103
221105
221108
221109
221130
221132
221142
221144
221158
221171
221176
221182
221186
221191
221201
221201
221204
221209
221220
221222
221222
221227
221229
221234
221238
221239
221241
221247
221247
221251
221259
221263
221265
221278
221283
221307
221310
221315
221321
221328
221329
221332
221336
221336
221339
221339
221345
221345
221346
221353
221361
221365
221372
221372
221372
221377
221386
221398
221399
221401
221417
221424
221432
221435
221438
221439
221443
221455
221459
221461
221466
221468
221479
221479
221501
221514
221518
221519
221528
221540
221543
221546
221546
221554
221556
221559
221565
221572
221574
221576
221583
221584
221586
221592
221594
221596
221597
221605
221609
221611
221642
221644
221648
221660
221660
221662
221662
221669
221669
221672
221677
221680
221682
221686
221688
221688
221692
221698
221702
221717
221719
221724
221731
221731
221733
221740
221747
221756
221763
221767
221769
221771
221779
221783
221785
221789
221803
221808
221812
221819
221823
221829
221840
221846
221850
221854
221862
221863
221867
221875
221884
221899
221900
221909
221918
221921
221922
221926
221936
221940
221944
221945
221946
221948
221949
221960
221977
221986
222007
222011
222012
222014
222019
222023
222023
222025
222030
222034
222037
222044
222046
222054
222055
222067
222079
222079
222085
222087
222092
222092
222095
222105
222109
222130
222130
222131
222141
222143
222149
222151
222154
222157
222158
222159
222159
222164
222168
222169
222172
222179
222183
222193
222194
222200
222203
222214
222222
222227
222230
222231
222233
222237
222240
222255
222256
222260
222272
222280
222284
222285
222287
222289
222289
222291
222293
222303
222311
222313
222320
222331
222336
222338
222342
222351
222361
222373
222377
222378
222380
222381
222384
222387
222388
222392
222393
222394
222399
222399
222402
222407
222408
222410
222415
222424
222442
222450
222452
222466
222470
222478
222481
222484
222485
222493
222500
222510
222512
222514
222518
222527
222527
222532
222536
222538
222543
222544
222548
222549
222554
222560
222588
222600
222601
222607
222610
222620
222638
222639
222648
222653
222654
222654
222656
222660
222667
222674
222674
222674
222683
222683
222687
222693
222697
222703
222707
222709
222716
222732
222737
222746
222764
222768
222778
222783
222787
222795
222798
222802
222804
222805
222810
222822
222828
222829
222837
222839
222841
222846
222847
222848
222858
222876
222880
222884
222886
222891
222894
222908
222911
222922
222930
222930
222930
222932
222934
222939
222940
222941
222941
222945
222955
222960
222969
222970
222980
222980
222987
222988
222989
222996
222996
222999
223001
223002
223003
223010
223021
223035
223036
223037
223041
223044
223049
223055
223057
223062
223063
223067
223067
223074
223074
223080
223086
223088
223093
223093
223098
223100
223101
223101
223111
223112
223117
223119
223140
223160
223170
223170
223183
223188
223197
223198
223202
223204
223211
223218
223219
223223
223227
223229
223230
223234
223238
223241
223265
223268
223269
223282
223283
223283
223290
223293
223294
223296
223311
223313
223314
223334
223335
223343
223344
223345
223351
223358
223358
223369
223374
223374
223377
223379
223380
223386
223387
223391
223392
223395
223397
223402
223405
223405
223407
223413
223415
223425
223427
223430
223430
223432
223432
223434
223438
223442
223445
223446
223448
223455
223460
223471
223484
223487
223492
223501
223503
223505
223506
223520
223520
223527
223536
223539
223547
223554
223563
223567
223586
223587
223605
223607
223615
223621
223638
223639
223643
223643
223649
223655
223656
223660
223666
223670
223689
223690
223690
223693
223696
223696
223700
223710
223711
223730
223733
223736
223737
223737
223738
223739
223747
223753
223756
223761
223778
223781
223781
223790
223793
223802
223803
223808
223812
223816
223822
223828
223834
223838
223849
223878
223881
223890
223891
223891
223912
223912
223917
223920
223923
223924
223924
223932
223937
223938
223939
223939
223948
223952
223960
223961
223965
223966
223971
223988
223991
223992
223993
223999
223999
224004
224006
224008
224008
224016
224018
224023
224027
224043
224052
224069
224083
224085
224098
224104
224109
224114
224117
224118
224125
224125
224128
224133
224138
224140
224144
224165
224168
224172
224178
224181
224183
224194
224198
224210
224210
224211
224221
224222
224229
224230
224241
224243
224243
224244
224253
224253
224254
224255
224255
224270
224277
224285
224296
224296
224304
224305
224305
224309
224311
224314
224325
224328
224331
224341
224344
224354
224354
224365
224367
224373
224384
224387
224389
224390
224393
224395
224396
224401
224407
224410
224420
224422
224422
224426
224426
224427
224435
224439
224440
224446
224449
224451
224454
224469
224469
224469
224478
224486
224490
224500
224506
224507
224515
224516
224518
224537
224543
224548
224552
224554
224555
224579
224588
224590
224598
224601
224603
224608
224628
224650
224653
224654
224657
224677
224682
224690
224725
224728
224736
224742
224746
224748
224752
224752
224755
224758
224760
224763
224767
224771
224776
224780
224783
224787
224796
224804
224806
224811
224815
224816
224828
224833
224835
224841
224843
224844
224850
224850
224851
224855
224857
224859
224865
224867
224872
224880
224880
224881
224889
224902
224905
224908
224909
224909
224913
224914
224918
224920
224925
224936
224944
224949
224954
224966
224977
224980
224986
224987
224991
224993
225013
225017
225019
225021
225039
225040
225043
225052
225056
225057
225058
225062
225069
225082
225082
225083
225084
225094
225098
225108
225111
225126
225127
225129
225152
225158
225159
225161
225176
225190
225192
225193
225196
225198
225204
225208
225218
225219
225220
225225
225228
225233
225237
225239
225240
225248
225257
225262
225264
225275
225284
225286
225298
225302
225308
225314
225316
225317
225317
225326
225327
225330
225331
225335
225339
225342
225346
225354
225356
225359
225369
225373
225374
225374
225376
225377
225378
225387
225389
225390
225390
225395
225397
225404
225413
225420
225423
225429
225430
225433
225434
225440
225444
225448
225449
225451
225452
225463
225466
225467
225470
225476
225478
225495
225496
225504
225505
225509
225510
225511
225519
225521
225523
225533
225539
225553
225558
225560
225563
225564
225565
225567
225575
225580
225581
225581
225589
225591
225602
225603
225610
225619
225629
225632
225639
225641
225643
225648
225654
225655
225656
225677
225684
225686
225705
225707
225719
225725
225732
225733
225735
225741
225749
225752
225765
225767
225771
225773
225776
225781
225787
225803
225804
225813
225815
225815
225815
225817
225817
225834
225835
225837
225841
225841
225843
225849
225850
225866
225868
225872
225873
225877
225878
225890
225893
225911
225924
225925
225928
225938
225941
225942
225943
225948
225951
225956
225960
225971
225977
225985
225990
225990
225992
225997
226001
226007
226018
226021
226023
226026
226029
226034
226034
226042
226045
226052
226054
226054
226067
226069
226071
226072
226079
226081
226090
226099
226104
226106
226111
226115
226124
226125
226130
226133
226134
226138
226140
226141
226147
226148
226148
226149
226153
226154
226154
226160
226164
226173
226179
226187
226187
226189
226196
226203
226206
226206
226210
226211
226215
226217
226220
226220
226232
226250
226254
226257
226265
226269
226270
226272
226272
226278
226279
226289
226295
226300
226301
226304
226312
226324
226329
226331
226333
226336
226343
226349
226349
226353
226357
226359
226362
226365
226371
226374
226377
226378
226380
226383
226391
226397
226415
226418
226422
226424
226429
226431
226432
226433
226434
226451
226457
226457
226457
226472
226477
226480
226502
226506
226515
226538
226541
226544
226558
226560
226566
226572
226572
226573
226583
226586
226586
226597
226601
226601
226601
226605
226610
226611
226611
226612
226613
226613
226615
226618
226623
226625
226654
226655
226657
226665
226689
226691
226708
226709
226711
226715
226719
226728
226729
226739
226740
226742
226746
226751
226753
226754
226757
226761
226763
226766
226772
226780
226781
226784
226787
226791
226793
226795
226808
226818
226818
226822
226825
226827
226829
226829
226835
226840
226844
226844
226850
226850
226860
226862
226869
226876
226880
226884
226887
226890
226894
226899
226919
226926
226932
226938
226939
226953
226954
226957
226965
226966
226974
226975
226981
226990
226992
226996
227002
227003
227012
227015
227020
227022
227025
227025
227036
227040
227048
227052
227052
227055
227057
227058
227060
227066
227066
227081
227085
227087
227094
227099
227101
227102
227103
227106
227117
227117
227123
227127
227128
227133
227137
227143
227149
227150
227152
227152
227153
227156
227170
227184
227187
227188
227200
227205
227211
227212
227215
227217
227222
227222
227225
227226
227227
227229
227234
227236
227239
227244
227246
227247
227248
227251
227251
227260
227266
227268
227269
227276
227281
227286
227289
227292
227293
227293
227297
227298
227302
227312
227315
227318
227323
227324
227325
227325
227332
227338
227352
227357
227372
227382
227384
227393
227395
227404
227404
227413
227415
227417
227420
227420
227424
227425
227427
227428
227430
227432
227434
227434
227437
227437
227443
227454
227456
227458
227470
227471
227471
227477
227479
227486
227488
227496
227499
227504
227512
227513
227517
227521
227526
227529
227536
227539
227545
227546
227547
227548
227551
227552
227554
227558
227574
227575
227576
227579
227580
227581
227585
227590
227591
227598
227600
227605
227617
227617
227622
227628
227629
227631
227631
227634
227639
227641
227645
227648
227649
227652
227654
227657
227663
227671
227674
227677
227687
227693
227713
227713
227718
227726
227729
227749
227749
227752
227752
227753
227754
227760
227766
227773
227774
227774
227778
227778
227781
227786
227793
227818
227821
227823
227834
227836
227837
227848
227854
227856
227856
227866
227873
227875
227876
227881
227882
227886
227887
227890
227892
227902
227915
227917
227919
227919
227923
227931
227932
227935
227943
227944
227952
227952
227953
227954
227954
227956
227958
227958
227959
227961
227968
227977
227978
228001
228005
228011
228019
228035
228037
228041
228042
228048
228055
228059
228064
228070
228077
228081
228093
228095
228099
228103
228103
228110
228115
228119
228121
228124
228124
228129
228134
228136
228138
228143
228143
228146
228150
228152
228154
228167
228167
228170
228171
228186
228188
228188
228193
228200
228200
228204
228207
228208
228212
228215
228235
228236
228241
228241
228242
228243
228254
228260
228270
228270
228290
228294
228297
228300
228309
228311
228312
228315
228318
228321
228342
228358
228359
228362
228369
228371
228371
228378
228383
228386
228390
228397
228397
228398
228399
228408
228413
228419
228419
228423
228428
228436
228451
228457
228459
228477
228478
228483
228488
228494
228494
228506
228524
228532
228534
228535
228543
228552
228554
228572
228574
228578
228583
228583
228587
228591
228592
228592
228593
228595
228596
228599
228605
228613
228614
228617
228622
228636
228639
228640
228644
228644
228648
228673
228678
228679
228692
228694
228699
228714
228718
228719
228720
228723
228726
228737
228738
228738
228739
228742
228745
228747
228755
228756
228759
228771
228777
228781
228787
228791
228792
228796
228810
228811
228826
228828
228834
228856
228858
228859
228865
228869
228873
228875
228877
228879
228883
228884
228888
228912
228919
228924
228925
228925
228929
228930
228939
228943
228952
228955
228986
228986
228988
228998
229002
229010
229013
229014
229019
229024
229026
229032
229034
229036
229041
229043
229054
229058
229064
229067
229075
229076
229079
229080
229086
229103
229108
229108
229109
229110
229110
229112
229126
229131
229134
229142
229147
229151
229155
229157
229162
229168
229172
229172
229179
229181
229191
229195
229198
229207
229209
229214
229216
229216
229222
229233
229236
229237
229248
229262
229265
229266
229268
229270
229282
229296
229297
229297
229304
229309
229314
229316
229316
229322
229326
229334
229336
229340
229343
229346
229352
229353
229355
229359
229378
229386
229392
229396
229397
229397
229398
229399
229416
229416
229418
229420
229424
229436
229437
229442
229449
229475
229476
229478
229485
229492
229495
229496
229505
229517
229527
229538
229541
229555
229556
229562
229566
229568
229584
229586
229590
229594
229600
229617
229622
229623
229624
229624
229642
229642
229652
229659
229664
229678
229683
229684
229686
229690
229695
229697
229697
229707
229709
229709
229712
229717
229717
229722
229739
229739
229740
229741
229742
229748
229752
229763
229766
229766
229771
229773
229782
229794
229796
229815
229818
229819
229820
229825
229826
229826
229832
229841
229845
229854
229860
229863
229879
229883
229894
229895
229906
229909
229915
229921
229923
229929
229930
229939
229951
229960
229962
229964
229968
229969
229972
229979
229983
229985
229998
229999
230006
230015
230020
230031
230032
230040
230041
230045
230045
230048
230053
230054
230057
230066
230067
230071
230079
230086
230086
230103
230113
230119
230127
230129
230136
230143
230144
230146
230163
230175
230176
230179
230180
230188
230199
230200
230207
230218
230220
230221
230231
230231
230232
230233
230235
230241
230243
230243
230246
230256
230259
230269
230278
230279
230279
230280
230285
230289
230292
230302
230313
230315
230321
230327
230327
230341
230346
230352
230357
230361
230385
230390
230391
230394
230401
230403
230403
230404
230406
230409
230423
230432
230434
230435
230452
230454
230459
230472
230478
230482
230482
230483
230486
230487
230490
230497
230497
230503
230504
230506
230507
230518
230524
230525
230538
230542
230544
230561
230565
230567
230568
230569
230569
230570
230579
230588
230600
230609
230614
230617
230618
230619
230622
230624
230626
230636
230639
230644
230646
230650
230650
230651
230652
230652
230671
230672
230675
230683
230694
230699
230704
230704
230706
230710
230713
230723
230750
230750
230751
230771
230773
230779
230784
230784
230788
230798
230799
230802
230806
230811
230812
230818
230819
230828
230829
230833
230834
230845
230847
230865
230886
230889
230915
230933
230934
230936
230952
230952
230959
230960
230963
230973
230984
230999
231000
231002
231007
231008
231008
231009
231012
231018
231025
231029
231040
231041
231043
231048
231051
231054
231056
231056
231057
231060
231069
231073
231078
231087
231090
231093
231116
231117
231120
231120
231123
231126
231132
231135
231140
231140
231141
231142
231144
231146
231146
231149
231149
231160
231161
231161
231163
231168
231174
231176
231181
231185
231192
231194
231203
231215
231226
231234
231234
231238
231247
231250
231250
231253
231264
231268
231268
231268
231274
231274
231277
231279
231283
231285
231289
231292
231296
231300
231304
231305
231309
231318
231319
231322
231324
231326
231342
231354
231354
231357
231357
231376
231381
231382
231382
231385
231394
231396
231404
231407
231408
231410
231412
231414
231430
231455
231462
231463
231474
231480
231488
231490
231492
231497
231498
231500
231502
231503
231513
231517
231521
231526
231526
231528
231528
231530
231530
231534
231537
231540
231542
231546
231548
231553
231567
231568
231594
231605
231612
231617
231618
231619
231639
231639
231641
231642
231643
231650
231657
231661
231668
231670
231670
231673
231675
231676
231677
231680
231681
231687
231687
231690
231696
231706
231707
231708
231711
231714
231716
231721
231723
231725
231727
231728
231730
231730
231739
231747
231753
231757
231764
231768
231776
231779
231783
231784
231786
231787
231793
231804
231805
231808
231815
231834
231841
231861
231863
231865
231866
231870
231879
231881
231884
231891
231894
231914
231914
231915
231915
231920
231921
231938
231943
231945
231945
231953
231961
231963
231964
231966
231970
231977
231978
231979
231983
231990
231991
231998
231999
231999
232001
232012
232015
232017
232022
232022
232023
232026
232034
232045
232049
232049
232058
232061
232068
232069
232069
232073
232077
232079
232100
232101
232105
232105
232107
232108
232109
232109
232111
232118
232120
232126
232129
232140
232149
232151
232151
232154
232158
232159
232161
232162
232168
232170
232179
232179
232179
232183
232187
232187
232188
232192
232195
232195
232206
232206
232214
232217
232217
232224
232225
232245
232261
232274
232274
232282
232283
232294
232301
232302
232313
232324
232324
232325
232332
232359
232366
232370
232377
232384
232408
232411
232413
232424
232427
232428
232439
232442
232444
232449
232450
232451
232453
232461
232475
232478
232487
232495
232495
232503
232503
232507
232510
232511
232513
232514
232516
232516
232536
232547
232549
232550
232557
232559
232561
232566
232567
232586
232589
232596
232600
232600
232602
232609
232614
232617
232619
232623
232632
232636
232640
232653
232660
232660
232661
232663
232672
232676
232680
232682
232701
232703
232724
232725
232727
232733
232740
232741
232741
232745
232752
232754
232756
232759
232760
232762
232767
232768
232793
232799
232805
232817
232828
232829
232829
232829
232840
232845
232849
232857
232857
232858
232858
232872
232877
232886
232889
232891
232893
232901
232906
232910
232911
232912
232922
232927
232929
232943
232949
232953
232957
232960
232967
232986
232988
232993
233001
233004
233007
233010
233019
233024
233031
233033
233035
233036
233043
233044
233055
233058
233061
233066
233078
233080
233081
233083
233085
233095
233102
233103
233123
233123
233128
233130
233132
233138
233147
233157
233165
233186
233188
233188
233198
233200
233205
233205
233211
233221
233235
233240
233246
233246
233252
233256
233258
233265
233277
233285
233287
233290
233292
233295
233304
233305
233308
233309
233312
233313
233315
233318
233318
233331
233336
233339
233342
233352
233353
233358
233359
233375
233376
233382
233391
233395
233397
233410
233423
233426
233430
233433
233438
233439
233440
233450
233454
233456
233460
233466
233477
233483
233485
233492
233492
233498
233502
233504
233505
233506
233509
233516
233519
233521
233527
233530
233537
233544
233545
233553
233554
233561
233561
233567
233570
233573
233574
233583
233583
233584
233592
233596
233597
233598
233601
233601
233602
233604
233605
233612
233612
233620
233620
233636
233649
233653
233657
233662
233668
233671
233671
233675
233686
233690
233699
233705
233710
233717
233725
233727
233739
233743
233751
233757
233758
233762
233768
233770
233773
233781
233786
233791
233796
233804
233804
233807
233810
233816
233817
233824
233826
233838
233848
233853
233853
233855
233861
233863
233869
233874
233884
233889
233892
233895
233897
233914
233914
233917
233918
233918
233920
233936
233938
233940
233949
233949
233951
233957
233961
233964
233966
233987
233995
233996
234001
234004
234020
234025
234027
234035
234040
234043
234044
234073
234089
234100
234110
234125
234128
234138
234141
234153
234166
234172
234173
234187
234189
234190
234195
234198
234199
234219
234220
234222
234223
234226
234228
234229
234231
234235
234242
234244
234246
234248
234253
234255
234256
234262
234279
234290
234291
234293
234303
234306
234310
234326
234328
234331
234350
234350
234362
234362
234373
234378
234379
234385
234392
234400
234400
234408
234412
234414
234421
234422
234425
234426
234429
234432
234434
234437
234442
234443
234447
234448
234448
234449
234452
234452
234453
234455
234469
234472
234473
234473
234477
234484
234489
234494
234499
234502
234504
234506
234508
234508
234508
234509
234522
234534
234535
234546
234548
234551
234553
234556
234558
234579
234590
234595
234603
234608
234616
234623
234629
234638
234644
234647
234652
234653
234664
234664
234681
234698
234699
234707
234707
234727
234728
234738
234744
234746
234746
234778
234787
234789
234792
234795
234797
234798
234806
234806
234809
234825
234826
234827
234840
234843
234849
234849
234850
234857
234876
234876
234884
234897
234899
234905
234908
234915
234916
234932
234938
234939
234939
234940
234956
234958
234958
234958
234959
234961
234969
234970
234979
234981
234983
234999
235001
235003
235003
235008
235015
235019
235020
235022
235025
235027
235032
235045
235053
235058
235070
235072
235079
235083
235085
235100
235108
235113
235118
235121
235126
235133
235134
235138
235139
235150
235151
235152
235153
235154
235158
235169
235173
235177
235188
235193
235209
235210
235210
235212
235215
235222
235226
235233
235248
235249
235255
235259
235261
235267
235268
235269
235272
235275
235278
235280
235281
235287
235288
235289
235289
235292
235294
235301
235330
235331
235343
235349
235352
235357
235358
235370
235371
235372
235377
235379
235380
235380
235383
235387
235393
235396
235398
235400
235408
235408
235414
235417
235418
235418
235419
235421
235427
235431
235433
235438
235440
235443
235448
235450
235458
235462
235465
235465
235465
235466
235480
235484
235487
235490
235516
235518
235519
235521
235529
235535
235538
235539
235547
235548
235552
235556
235558
235561
235574
235574
235574
235576
235585
235588
235589
235592
235599
235604
235604
235617
235626
235628
235634
235637
235637
235638
235638
235644
235653
235655
235660
235666
235672
235672
235677
235678
235678
235684
235691
235692
235692
235692
235706
235707
235712
235719
235730
235731
235731
235731
235734
235736
235737
235745
235753
235756
235767
235769
235781
235797
235811
235813
235818
235821
235823
235835
235838
235840
235840
235841
235848
235849
235852
235856
235856
235876
235878
235898
235899
235900
235907
235912
235916
235921
235924
235925
235929
235930
235934
235944
235947
235950
235953
235960
235970
235979
235982
235990
235992
235995
235996
235996
235997
236000
236000
236002
236005
236010
236011
236024
236024
236031
236039
236044
236047
236049
236050
236062
236068
236068
236076
236076
236087
236089
236094
236094
236095
236101
236102
236104
236104
236106
236109
236110
236111
236112
236119
236121
236125
236127
236135
236138
236140
236146
236146
236148
236153
236160
236162
236164
236167
236174
236179
236185
236207
236207
236210
236211
236216
236216
236217
236217
236222
236223
236227
236235
236236
236244
236256
236264
236265
236267
236280
236281
236286
236287
236293
236295
236304
236305
236311
236313
236323
236327
236330
236336
236337
236337
236339
236341
236343
236343
236347
236348
236354
236355
236357
236359
236362
236362
236371
236379
236380
236387
236403
236404
236405
236407
236413
236422
236424
236436
236439
236445
236449
236450
236451
236454
236455
236461
236466
236472
236473
236476
236497
236501
236501
236508
236514
236516
236517
236526
236527
236535
236547
236549
236550
236581
236583
236583
236591
236591
236595
236596
236599
236602
236607
236609
236610
236610
236610
236612
236615
236615
236616
236624
236629
236635
236641
236646
236649
236653
236657
236661
236673
236676
236698
236698
236700
236704
236708
236714
236719
236733
236745
236751
236769
236770
236777
236779
236801
236802
236802
236804
236812
236818
236825
236826
236827
236829
236829
236837
236839
236847
236848
236850
236856
236859
236861
236868
236869
236870
236870
236876
236881
236887
236910
236914
236920
236925
236926
236927
236929
236946
236953
236956
236961
236965
236967
236979
236980
236993
237004
237010
237012
237019
237021
237023
237029
237035
237039
237040
237041
237042
237043
237044
237044
237045
237059
237061
237071
237075
237082
237086
237093
237093
237095
237105
237109
237109
237112
237116
237121
237123
237129
237129
237130
237148
237152
237182
237186
237193
237197
237201
237205
237220
237228
237236
237239
237244
237251
237254
237255
237262
237268
237270
237273
237275
237275
237277
237279
237292
237299
237302
237322
237325
237326
237327
237333
237334
237343
237346
237347
237353
237356
237362
237373
237374
237377
237379
237379
237382
237387
237387
237393
237400
237408
237411
237412
237422
237429
237436
237448
237449
237455
237456
237457
237464
237469
237489
237503
237514
237517
237517
237517
237533
237546
237547
237548
237559
237561
237565
237574
237575
237582
237595
237598
237604
237613
237616
237623
237636
237641
237641
237651
237662
237663
237666
237667
237669
237674
237674
237676
237683
237683
237692
237695
237695
237696
237696
237697
237706
237708
237709
237730
237741
237756
237770
237771
237778
237778
237799
237804
237806
237807
237811
237815
237816
237817
237822
237825
237835
237835
237839
237840
237840
237843
237847
237871
237877
237882
237884
237889
237890
237893
237914
237916
237942
237943
237943
237951
237951
237958
237960
237967
237968
237977
237993
238002
238002
238003
238013
238021
238035
238036
238037
238043
238051
238051
238051
238053
238054
238054
238067
238068
238069
238076
238078
238087
238094
238105
238108
238110
238126
238128
238134
238136
238138
238140
238145
238147
238149
238166
238167
238172
238173
238175
238189
238196
238197
238203
238207
238208
238211
238212
238212
238213
238219
238221
238222
238223
238228
238245
238249
238252
238256
238256
238258
238259
238273
238276
238293
238296
238302
238305
238306
238312
238314
238320
238321
238323
238328
238328
238329
238339
238344
238361
238371
238378
238388
238394
238398
238399
238401
238405
238425
238430
238435
238435
238442
238446
238447
238451
238462
238476
238485
238485
238503
238506
238506
238518
238519
238523
238525
238530
238533
238542
238544
238550
238563
238570
238570
238587
238590
238591
238594
238597
238597
238607
238615
238623
238624
238644
238648
238661
238666
238671
238679
238682
238685
238700
238701
238703
238711
238711
238728
238740
238742
238745
238746
238751
238756
238758
238759
238762
238767
238768
238770
238771
238777
238778
238791
238803
238804
238804
238805
238816
238820
238821
238824
238825
238826
238827
238827
238829
238832
238833
238836
238847
238848
238849
238851
238853
238856
238859
238878
238881
238904
238904
238905
238918
238920
238925
238925
238935
238940
238946
238946
238950
238951
238956
238966
238966
238975
238984
238993
238996
239009
239021
239030
239041
239044
239046
239048
239053
239054
239056
239057
239061
239064
239064
239067
239072
239075
239075
239075
239078
239079
239085
239092
239094
239108
239111
239112
239113
239116
239116
239125
239125
239127
239132
239145
239147
239147
239152
239165
239171
239175
239179
239201
239206
239208
239217
239218
239221
239225
239228
239230
239232
239234
239237
239240
239243
239243
239246
239251
239261
239270
239271
239283
239296
239300
239300
239304
239306
239318
239319
239320
239326
239330
239332
239345
239349
239350
239353
239360
239364
239373
239379
239381
239384
239384
239384
239388
239400
239403
239409
239411
239418
239422
239435
239440
239441
239451
239457
239459
239474
239475
239477
239481
239484
239487
239489
239497
239508
239508
239508
239511
239523
239523
239534
239541
239542
239545
239548
239552
239552
239553
239556
239558
239560
239567
239567
239569
239571
239573
239575
239585
239588
239598
239599
239605
239610
239617
239626
239629
239630
239636
239638
239644
239654
239656
239657
239666
239667
239675
239675
239685
239697
239699
239717
239735
239739
239744
239751
239754
239755
239759
239763
239764
239764
239764
239766
239766
239767
239772
239773
239777
239784
239789
239801
239805
239810
239810
239818
239819
239820
239822
239824
239827
239848
239851
239853
239853
239860
239863
239866
239870
239881
239883
239883
239883
239903
239905
239908
239921
239930
239933
239935
239939
239942
239942
239954
239957
239958
239976
239978
239987
239991
239995
239998
240001
240003
240004
240005
240009
240009
240011
240016
240017
240017
240020
240027
240028
240029
240034
240044
240058
240069
240069
240069
240071
240089
240093
240097
240099
240107
240111
240112
240131
240133
240149
240157
240159
240162
240163
240164
240172
240176
240179
240179
240189
240189
240192
240193
240201
240204
240218
240219
240225
240226
240227
240227
240235
240239
240241
240245
240248
240253
240266
240266
240275
240278
240283
240286
240287
240290
240301
240304
240313
240323
240324
240326
240333
240334
240338
240342
240370
240370
240379
240383
240397
240403
240406
240425
240428
240436
240449
240453
240454
240454
240464
240466
240473
240474
240474
240476
240477
240489
240491
240500
240506
240509
240532
240546
240548
240558
240559
240561
240562
240566
240569
240571
240576
240580
240586
240589
240600
240600
240607
240607
240612
240616
240618
240619
240629
240632
240650
240657
240659
240659
240659
240660
240668
240677
240688
240693
240701
240702
240704
240705
240718
240721
240727
240734
240739
240751
240753
240756
240761
240764
240766
240776
240779
240783
240784
240786
240791
240793
240797
240797
240801
240806
240809
240823
240826
240827
240831
240844
240854
240855
240859
240861
240866
240871
240877
240881
240893
240902
240904
240905
240905
240908
240918
240920
240921
240924
240931
240936
240941
240947
240949
240959
240961
240965
240965
240977
240979
240984
240995
241004
241008
241013
241017
241019
241022
241029
241033
241037
241039
241043
241049
241061
241061
241080
241084
241086
241087
241101
241107
241109
241116
241129
241133
241147
241151
241156
241162
241165
241167
241167
241170
241170
241175
241183
241189
241204
241208
241214
241221
241221
241223
241230
241232
241233
241236
241244
241246
241249
241268
241269
241291
241295
241297
241310
241315
241315
241316
241324
241328
241329
241330
241336
241337
241342
241342
241345
241350
241350
241351
241364
241376
241382
241385
241385
241385
241386
241388
241392
241394
241399
241407
241416
241416
241422
241434
241446
241450
241450
241452
241452
241453
241466
241467
241469
241469
241479
241482
241484
241497
241498
241498
241501
241503
241506
241508
241511
241511
241516
241518
241519
241553
241553
241557
241562
241566
241570
241573
241576
241579
241584
241585
241586
241589
241590
241596
241596
241608
241615
241618
241630
241633
241633
241643
241646
241646
241650
241653
241655
241666
241680
241684
241685
241685
241686
241690
241702
241704
241712
241712
241716
241720
241720
241721
241722
241730
241732
241736
241737
241737
241738
241738
241748
241752
241755
241761
241766
241783
241790
241797
241811
241814
241822
241825
241828
241830
241832
241861
241861
241862
241867
241872
241873
241873
241882
241885
241886
241889
241890
241891
241899
241903
241907
241908
241908
241915
241916
241917
241920
241921
241923
241925
241929
241930
241932
241937
241941
241945
241947
241950
241952
241952
241957
241962
241978
241986
241986
241999
242005
242011
242017
242019
242026
242028
242030
242032
242033
242040
242042
242056
242057
242061
242062
242071
242076
242084
242102
242107
242114
242116
242117
242122
242123
242128
242129
242142
242143
242146
242151
242164
242172
242180
242199
242202
242205
242211
242214
242221
242222
242224
242226
242227
242229
242231
242235
242236
242249
242255
242262
242262
242269
242274
242276
242278
242284
242288
242289
242291
242315
242320
242326
242327
242354
242355
242375
242377
242383
242390
242391
242394
242399
242403
242407
242415
242415
242419
242419
242423
242427
242428
242430
242434
242439
242445
242447
242462
242470
242473
242473
242476
242477
242478
242478
242479
242496
242499
242503
242509
242510
242519
242530
242531
242534
242535
242539
242540
242545
242547
242554
242555
242561
242562
242563
242566
242569
242587
242588
242608
242609
242612
242613
242614
242621
242627
242627
242631
242635
242635
242641
242643
242645
242652
242656
242656
242662
242667
242670
242673
242673
242686
242687
242692
242700
242705
242729
242731
242747
242751
242752
242752
242763
242768
242773
242784
242790
242805
242811
242816
242819
242820
242821
242822
242826
242829
242837
242850
242850
242853
242874
242888
242907
242910
242912
242917
242917
242919
242922
242923
242929
242937
242945
242950
242957
242962
242965
242970
242973
242974
243006
243006
243006
243008
243013
243013
243015
243025
243026
243029
243034
243036
243057
243058
243060
243063
243074
243080
243099
243100
243111
243116
243118
243122
243124
243127
243129
243140
243152
243153
243158
243164
243165
243176
243181
243186
243196
243196
243204
243208
243216
243223
243226
243226
243238
243239
243242
243250
243253
243254
243254
243261
243262
243266
243271
243275
243295
243311
243314
243315
243315
243316
243327
243335
243337
243346
243349
243354
243355
243356
243358
243364
243367
243371
243374
243378
243383
243399
243399
243400
243405
243409
243415
243418
243421
243424
243427
243439
243443
243450
243453
243455
243456
243457
243457
243458
243459
243461
243469
243482
243499
243508
243509
243512
243513
243523
243533
243537
243540
243544
243545
243548
243548
243553
243554
243561
243561
243570
243578
243578
243581
243585
243592
243607
243622
243632
243636
243637
243653
243656
243657
243661
243664
243664
243666
243668
243669
243671
243676
243681
243685
243687
243689
243710
243717
243719
243725
243737
243738
243738
243753
243763
243769
243771
243775
243778
243781
243786
243802
243812
243817
243823
243823
243825
243841
243848
243853
243864
243867
243869
243879
243886
243900
243903
243904
243910
243915
243917
243925
243925
243928
243928
243932
243933
243945
243947
243950
243953
243958
243960
243965
243974
243977
243978
243995
243999
244005
244010
244015
244019
244021
244022
244024
244024
244027
244030
244033
244034
244036
244040
244046
244046
244053
244068
244069
244070
244084
244091
244093
244096
244101
244105
244127
244128
244131
244136
244142
244146
244148
244155
244176
244177
244177
244179
244184
244193
244200
244201
244201
244203
244211
244214
244215
244221
244224
244226
244232
244233
244233
244235
244243
244248
244248
244253
244257
244264
244264
244270
244270
244276
244281
244294
244297
244308
244318
244319
244320
244322
244324
244327
244332
244332
244338
244343
244348
244348
244356
244356
244361
244364
244366
244368
244368
244375
244391
244391
244394
244401
244406
244421
244446
244446
244447
244447
244452
244453
244460
244466
244472
244479
244483
244491
244491
244499
244503
244507
244510
244515
244515
244518
244530
244532
244539
244539
244555
244564
244570
244577
244578
244582
244585
244593
244594
244595
244601
244605
244613
244615
244624
244624
244628
244633
244635
244640
244641
244643
244651
244651
244655
244657
244662
244667
244675
244689
244691
244693
244697
244705
244705
244708
244716
244718
244719
244723
244753
244754
244755
244762
244771
244775
244776
244783
244787
244792
244794
244803
244803
244805
244816
244819
244819
244826
244834
244845
244848
244852
244858
244872
244881
244885
244885
244905
244908
244909
244915
244917
244922
244926
244926
244928
244932
244933
244937
244938
244941
244942
244943
244946
244950
244950
244952
244967
244973
244974
244981
244986
244986
245002
245010
245012
245018
245022
245026
245030
245036
245036
245038
245045
245048
245049
245051
245053
245054
245058
245060
245064
245068
245074
245076
245076
245076
245097
245102
245113
245116
245118
245128
245146
245152
245152
245154
245157
245157
245159
245165
245165
245170
245181
245182
245189
245191
245193
245195
245209
245212
245212
245219
245222
245223
245232
245237
245246
245247
245249
245250
245253
245255
245259
245263
245268
245269
245272
245274
245280
245282
245287
245287
245290
245298
245313
245314
245318
245320
245326
245331
245341
245358
245383
245386
245387
245388
245389
245396
245400
245400
245401
245402
245413
245417
245418
245421
245423
245423
245429
245432
245436
245436
245440
245442
245450
245452
245455
245457
245463
245466
245466
245466
245469
245474
245474
245485
245491
245493
245495
245499
245505
245512
245520
245526
245531
245531
245531
245534
245549
245550
245555
245567
245568
245568
245569
245569
245574
245582
245594
245596
245598
245602
245604
245613
245626
245646
245647
245653
245672
245692
245696
245702
245708
245714
245716
245716
245720
245728
245729
245737
245741
245754
245755
245755
245759
245761
245764
245771
245774
245778
245790
245792
245795
245798
245799
245808
245810
245810
245818
245820
245821
245821
245824
245825
245826
245826
245831
245831
245833
245879
245888
245894
245900
245906
245920
245923
245924
245932
245934
245938
245943
245943
245945
245946
245947
245950
245951
245957
245965
245981
245981
245982
245988
245991
245991
245993
246002
246007
246010
246013
246019
246023
246030
246046
246064
246068
246070
246071
246072
246075
246078
246078
246080
246094
246095
246109
246120
246121
246135
246138
246145
246149
246172
246177
246183
246184
246187
246190
246194
246195
246199
246204
246211
246213
246214
246220
246221
246222
246229
246249
246250
246253
246254
246257
246269
246304
246307
246312
246313
246316
246323
246324
246329
246336
246338
246339
246344
246345
246347
246350
246350
246351
246352
246360
246361
246362
246370
246375
246376
246383
246387
246388
246394
246411
246413
246417
246420
246421
246428
246440
246440
246441
246443
246450
246453
246455
246463
246463
246465
246469
246473
246475
246479
246497
246508
246509
246510
246510
246515
246516
246518
246524
246528
246540
246546
246546
246551
246553
246555
246556
246556
246565
246568
246582
246582
246583
246584
246585
246593
246597
246604
246615
246619
246620
246629
246638
246640
246654
246659
246664
246666
246668
246676
246678
246684
246685
246705
246708
246708
246710
246723
246725
246726
246730
246732
246735
246738
246743
246745
246745
246745
246747
246750
246751
246755
246761
246765
246766
246777
246781
246792
246797
246804
246807
246812
246814
246820
246820
246832
246838
246839
246840
246854
246857
246866
246895
246896
246898
246902
246905
246906
246913
246920
246921
246936
246943
246945
246966
246970
246983
246983
246985
246988
246996
247018
247022
247023
247035
247046
247055
247059
247061
247068
247069
247073
247077
247082
247082
247084
247092
247094
247095
247099
247100
247102
247112
247126
247132
247140
247141
247149
247152
247157
247183
247187
247198
247201
247203
247204
247212
247220
247221
247228
247233
247236
247236
247241
247243
247247
247254
247260
247268
247292
247294
247296
247304
247304
247312
247325
247326
247329
247329
247330
247334
247335
247346
247347
247347
247353
247354
247355
247356
247357
247360
247360
247366
247366
247374
247377
247382
247384
247385
247387
247403
247408
247408
247409
247427
247430
247431
247434
247444
247447
247451
247455
247464
247466
247494
247497
247503
247509
247511
247512
247519
247522
247522
247531
247541
247550
247551
247551
247554
247557
247562
247563
247563
247565
247567
247576
247583
247583
247586
247587
247592
247597
247601
247614
247636
247638
247638
247645
247646
247647
247655
247655
247656
247661
247661
247662
247662
247666
247676
247681
247689
247690
247695
247696
247706
247708
247715
247723
247732
247732
247750
247754
247758
247766
247768
247783
247786
247793
247802
247808
247816
247818
247825
247836
247837
247839
247839
247844
247847
247859
247860
247862
247865
247868
247868
247876
247880
247882
247891
247894
247904
247918
247924
247926
247935
247937
247942
247950
247950
247952
247971
247977
247978
247978
247979
247986
247989
247990
247993
247997
247997
248000
248002
248010
248013
248014
248015
248018
248019
248020
248028
248030
248031
248035
248040
248043
248046
248049
248049
248056
248064
248066
248077
248084
248097
248100
248101
248106
248106
248117
248120
248133
248144
248153
248155
248158
248165
248166
248173
248175
248185
248187
248189
248189
248196
248203
248205
248206
248206
248207
248216
248217
248217
248223
248224
248235
248237
248237
248238
248240
248245
248248
248252
248264
248273
248275
248276
248285
248286
248289
248289
248292
248296
248299
248310
248324
248327
248343
248346
248351
248356
248359
248366
248370
248374
248376
248389
248392
248394
248412
248416
248417
248426
248431
248443
248444
248445
248448
248451
248452
248461
248463
248468
248472
248475
248477
248487
248487
248487
248491
248491
248508
248523
248525
248529
248532
248544
248549
248552
248553
248559
248560
248562
248562
248566
248575
248578
248579
248579
248583
248591
248597
248609
248612
248616
248620
248621
248625
248635
248637
248638
248638
248639
248641
248655
248661
248676
248677
248680
248682
248682
248689
248691
248692
248697
248698
248700
248700
248702
248704
248707
248711
248711
248712
248716
248717
248720
248723
248724
248724
248725
248728
248730
248732
248740
248744
248753
248757
248758
248759
248761
248763
248764
248769
248773
248776
248780
248783
248786
248787
248789
248796
248797
248802
248803
248812
248818
248819
248820
248826
248829
248831
248836
248842
248842
248868
248881
248898
248905
248907
248908
248911
248912
248914
248916
248925
248928
248932
248935
248937
248943
248947
248948
248959
248960
248965
248968
248969
248971
248975
248984
248986
248988
248990
248995
248997
249012
249016
249028
249031
249036
249043
249051
249054
249055
249065
249069
249070
249077
249081
249084
249086
249091
249094
249095
249099
249106
249111
249113
249113
249115
249120
249126
249129
249137
249147
249157
249162
249163
249168
249175
249182
249187
249196
249200
249203
249214
249214
249220
249228
249237
249244
249245
249251
249268
249272
249275
249289
249291
249294
249300
249301
249306
249309
249326
249327
249332
249333
249349
249351
249353
249354
249359
249364
249368
249369
249370
249376
249378
249381
249387
249388
249391
249393
249413
249415
249419
249437
249440
249448
249456
249457
249458
249466
249467
249469
249469
249470
249471
249482
249484
249497
249502
249504
249510
249513
249516
249519
249520
249535
249536
249539
249539
249542
249543
249545
249545
249551
249563
249571
249578
249581
249584
249587
249636
249638
249642
249662
249666
249667
249668
249669
249669
249683
249697
249700
249704
249706
249710
249711
249712
249713
249716
249716
249722
249724
249735
249737
249743
249749
249758
249759
249761
249788
249796
249799
249804
249817
249826
249833
249837
249840
249849
249850
249853
249854
249860
249866
249877
249893
249898
249899
249900
249906
249919
249930
249931
249933
249963
249964
249966
249967
249968
249983
249985
249997
249998
250000
250002
250002
250003
250018
250022
250025
250027
250027
250030
250035
250037
250037
250044
250055
250061
250065
250069
250082
250090
250097
250100
250101
250105
250106
250110
250110
250114
250120
250131
250134
250135
250151
250151
250167
250171
250173
250188
250190
250190
250196
250201
250210
250212
250214
250214
250224
250225
250238
250253
250271
250275
250276
250278
250286
250289
250293
250299
250300
250303
250310
250312
250316
250323
250332
250335
250336
250338
250348
250354
250368
250369
250384
250388
250388
250410
250415
250415
250419
250419
250421
250423
250427
250430
250434
250438
250440
250442
250446
250447
250448
250455
250456
250463
250469
250474
250475
250482
250487
250490
250510
250515
250515
250516
250517
250522
250527
250534
250538
250542
250542
250544
250547
250559
250562
250564
250566
250571
250579
250582
250583
250587
250591
250595
250599
250600
250601
250601
250602
250608
250610
250612
250621
250623
250632
250641
250642
250659
250660
250663
250665
250667
250676
250683
250685
250686
250719
250722
250726
250727
250729
250748
250749
250751
250752
250753
250760
250761
250764
250771
250773
250778
250790
250793
250793
250800
250800
250801
250802
250811
250824
250825
250829
250836
250840
250840
250840
250850
250850
250853
250854
250856
250857
250863
250864
250870
250874
250887
250891
250904
250905
250908
250909
250909
250920
250922
250926
250927
250930
250952
250952
250954
250959
250981
250989
250993
250996
250997
250999
251010
251019
251021
251025
251027
251034
251035
251036
251043
251044
251048
251049
251053
251053
251057
251079
251086
251091
251094
251094
251096
251097
251097
251102
251103
251114
251139
251141
251144
251144
251157
251163
251172
251173
251176
251178
251181
251210
251220
251262
251263
251263
251276
251278
251285
251290
251292
251299
251304
251311
251312
251324
251328
251335
251336
251343
251346
251349
251349
251352
251353
251354
251372
251375
251380
251383
251389
251394
251397
251398
251408
251424
251425
251432
251442
251448
251448
251452
251458
251460
251463
251463
251475
251476
251479
251495
251497
251498
251513
251517
251522
251529
251531
251537
251546
251548
251553
251563
251564
251579
251594
251596
251599
251606
251610
251616
251632
251633
251635
251644
251645
251646
251647
251652
251654
251654
251661
251661
251672
251673
251681
251682
251690
251692
251701
251704
251704
251705
251707
251712
251714
251716
251717
251718
251727
251730
251733
251736
251737
251745
251745
251746
251764
251767
251767
251771
251775
251787
251795
251808
251811
251818
251822
251823
251826
251840
251841
251845
251851
251856
251857
251858
251858
251862
251862
251866
251869
251869
251871
251872
251875
251877
251878
251883
251890
251893
251900
251902
251916
251917
251919
251919
251921
251922
251923
251926
251927
251928
251929
251930
251930
251933
251948
251955
251955
251955
251955
251959
251969
251979
251986
251987
251995
251998
251999
252002
252007
252032
252058
252058
252061
252061
252066
252066
252068
252075
252076
252090
252093
252106
252110
252116
252120
252124
252132
252133
252142
252144
252145
252148
252151
252161
252181
252190
252191
252196
252214
252216
252217
252228
252229
252230
252238
252243
252247
252252
252256
252263
252268
252274
252280
252285
252286
252286
252286
252318
252336
252351
252354
252364
252366
252371
252384
252385
252387
252390
252394
252396
252397
252400
252406
252410
252415
252421
252422
252423
252425
252436
252438
252441
252442
252452
252460
252473
252475
252477
252480
252489
252491
252496
252497
252505
252524
252533
252558
252561
252566
252567
252571
252572
252574
252576
252592
252604
252605
252614
252617
252628
252649
252681
252684
252691
252691
252696
252697
252710
252711
252716
252717
252718
252724
252743
252746
252747
252751
252753
252758
252758
252760
252776
252776
252784
252785
252788
252792
252793
252794
252805
252813
252816
252827
252828
252830
252833
252849
252861
252865
252867
252873
252873
252873
252874
252874
252875
252891
252902
252903
252905
252913
252915
252917
252921
252923
252925
252928
252930
252932
252946
252946
252954
252956
252959
252961
252972
252974
252988
252988
252992
253005
253008
253013
253018
253030
253033
253034
253037
253042
253051
253061
253064
253068
253069
253084
253100
253103
253103
253112
253112
253113
253113
253115
253131
253133
253135
253138
253139
253140
253142
253148
253151
253154
253156
253158
253159
253169
253180
253189
253192
253195
253204
253207
253208
253209
253211
253212
253214
253224
253227
253236
253239
253249
253249
253256
253260
253264
253267
253276
253295
253296
253297
253301
253303
253303
253318
253324
253327
253327
253331
253333
253333
253337
253340
253341
253342
253343
253344
253346
253347
253350
253351
253353
253359
253359
253360
253360
253370
253377
253379
253384
253398
253414
253416
253417
253419
253420
253422
253424
253424
253427
253430
253434
253435
253436
253438
253440
253441
253444
253445
253445
253446
253447
253450
253451
253451
253453
253460
253474
253481
253484
253487
253487
253497
253503
253505
253511
253519
253521
253530
253531
253541
253547
253548
253549
253551
253563
253564
253568
253579
253591
253592
253593
253600
253601
253602
253603
253608
253613
253617
253619
253620
253629
253632
253638
253641
253644
253645
253659
253659
253672
253685
253686
253698
253703
253704
253707
253709
253710
253714
253723
253727
253728
253729
253730
253734
253739
253743
253753
253756
253759
253761
253761
253767
253772
253777
253782
253787
253788
253794
253802
253805
253813
253815
253824
253827
253846
253853
253854
253859
253883
253884
253888
253889
253890
253895
253895
253904
253905
253917
253919
253921
253930
253933
253935
253948
253949
253950
253951
253952
253962
253975
253979
253980
253982
253989
253996
253999
254000
254003
254005
254007
254012
254013
254013
254019
254022
254027
254032
254034
254037
254040
254041
254043
254055
254062
254075
254078
254081
254099
254105
254107
254111
254112
254113
254118
254127
254138
254139
254140
254140
254144
254144
254148
254151
254156
254163
254164
254172
254174
254175
254177
254186
254201
254203
254224
254230
254233
254238
254240
254243
254245
254254
254254
254260
254274
254277
254278
254284
254286
254288
254290
254297
254300
254302
254307
254311
254311
254313
254318
254328
254332
254342
254347
254350
254355
254365
254365
254367
254374
254380
254382
254385
254390
254395
254412
254414
254414
254415
254425
254428
254428
254437
254441
254451
254451
254455
254468
254483
254484
254484
254487
254488
254490
254505
254514
254516
254519
254527
254530
254544
254548
254550
254550
254551
254560
254568
254569
254572
254575
254578
254581
254581
254584
254596
254608
254613
254617
254621
254625
254627
254631
254640
254644
254648
254662
254666
254677
254678
254682
254705
254707
254708
254710
254712
254717
254721
254723
254724
254732
254737
254744
254745
254748
254757
254767
254768
254770
254783
254785
254786
254792
254805
254811
254815
254830
254831
254832
254840
254842
254844
254853
254857
254859
254862
254867
254872
254880
254881
254885
254891
254897
254897
254899
254903
254905
254909
254913
254913
254938
254939
254948
254955
254963
254966
254974
254977
254996
255000
255003
255011
255015
255015
255017
255018
255019
255025
255028
255029
255033
255036
255038
255039
255041
255041
255050
255065
255077
255082
255088
255092
255094
255099
255101
255104
255111
255116
255118
255119
255125
255126
255137
255143
255146
255148
255153
255156
255157
255164
255174
255176
255181
255183
255183
255189
255200
255201
255204
255204
255206
255209
255220
255221
255225
255231
255235
255238
255245
255253
255256
255257
255258
255263
255264
255268
255276
255282
255289
255291
255301
255308
255318
255320
255323
255335
255346
255349
255353
255357
255362
255369
255382
255392
255400
255421
255425
255439
255444
255444
255446
255450
255456
255466
255478
255480
255485
255490
255497
255499
255503
255504
255506
255511
255526
255536
255541
255549
255552
255562
255570
255570
255575
255577
255581
255582
255582
255583
255594
255612
255621
255626
255628
255628
255629
255638
255658
255659
255667
255670
255677
255677
255687
255688
255700
255717
255732
255737
255737
255739
255742
255747
255748
255750
255756
255758
255763
255766
255767
255769
255772
255779
255804
255809
255811
255815
255818
255818
255819
255826
255847
255862
255864
255868
255869
255883
255888
255892
255910
255913
255916
255923
255927
255928
255930
255936
255941
255947
255951
255955
255957
255968
255970
255971
255973
255973
255973
255976
255979
255979
255979
255983
255990
256003
256005
256007
256008
256008
256010
256011
256014
256015
256019
256024
256026
256036
256037
256046
256053
256079
256081
256082
256086
256086
256086
256088
256091
256092
256097
256098
256099
256101
256110
256111
256112
256113
256114
256120
256120
256139
256141
256141
256145
256146
256154
256160
256162
256165
256178
256180
256182
256183
256186
256189
256192
256193
256196
256202
256203
256203
256215
256218
256236
256240
256241
256252
256262
256265
256268
256280
256282
256283
256298
256306
256308
256308
256309
256321
256322
256322
256325
256333
256335
256341
256347
256354
256357
256359
256363
256374
256376
256384
256389
256398
256400
256400
256403
256406
256408
256413
256421
256439
256440
256443
256456
256464
256465
256469
256473
256477
256482
256487
256490
256491
256491
256493
256496
256504
256507
256509
256513
256514
256521
256526
256529
256533
256533
256568
256569
256570
256586
256590
256593
256597
256605
256606
256618
256626
256626
256627
256627
256629
256633
256635
256636
256639
256640
256640
256642
256647
256647
256652
256656
256657
256662
256664
256665
256665
256665
256669
256674
256677
256683
256683
256683
256685
256685
256708
256710
256719
256720
256720
256723
256733
256735
256737
256738
256746
256748
256763
256771
256791
256798
256805
256806
256810
256821
256824
256834
256835
256844
256851
256868
256876
256879
256881
256883
256889
256890
256903
256915
256920
256921
256924
256930
256936
256947
256952
256953
256968
256982
256990
256994
256996
257006
257016
257019
257022
257024
257028
257029
257038
257052
257054
257059
257062
257069
257072
257079
257083
257086
257099
257100
257104
257111
257116
257121
257122
257127
257128
257146
257147
257154
257173
257179
257181
257182
257190
257192
257199
257205
257212
257215
257216
257220
257226
257229
257234
257242
257243
257246
257252
257252
257254
257259
257260
257261
257264
257271
257275
257278
257285
257296
257297
257302
257316
257317
257317
257333
257351
257355
257362
257364
257373
257373
257375
257375
257381
257383
257388
257390
257392
257393
257398
257405
257408
257416
257419
257421
257422
257422
257423
257425
257430
257442
257451
257454
257462
257485
257486
257489
257506
257507
257516
257518
257525
257526
257534
257537
257539
257541
257543
257547
257548
257552
257555
257559
257560
257565
257576
257587
257589
257593
257593
257596
257614
257615
257625
257626
257634
257647
257652
257653
257659
257664
257666
257667
257679
257680
257682
257685
257686
257687
257705
257705
257709
257710
257711
257715
257724
257724
257725
257730
257734
257742
257746
257748
257751
257758
257763
257763
257766
257769
257773
257783
257791
257791
257797
257805
257805
257809
257810
257814
257833
257834
257842
257845
257848
257861
257863
257864
257866
257871
257879
257880
257883
257886
257892
257894
257896
257899
257900
257902
257913
257925
257926
257928
257938
257942
257949
257951
257954
257966
257967
257975
257979
257995
258003
258005
258009
258011
258021
258024
258027
258039
258041
258045
258054
258063
258065
258074
258075
258079
258079
258084
258085
258092
258093
258094
258095
258098
258104
258107
258108
258116
258125
258125
258128
258129
258132
258138
258140
258140
258144
258145
258145
258149
258169
258176
258182
258188
258207
258217
258221
258226
258227
258233
258241
258241
258244
258253
258255
258257
258263
258270
258270
258273
258276
258279
258281
258281
258281
258288
258288
258293
258302
258309
258312
258312
258317
258322
258335
258339
258340
258344
258344
258352
258360
258360
258364
258374
258378
258395
258403
258404
258411
258418
258421
258426
258428
258430
258434
258436
258449
258450
258456
258458
258462
258469
258476
258480
258493
258508
258513
258515
258524
258525
258534
258537
258539
258544
258544
258545
258560
258563
258574
258580
258587
258597
258605
258617
258622
258630
258635
258638
258649
258650
258653
258654
258661
258663
258685
258688
258689
258697
258699
258714
258715
258719
258721
258722
258729
258737
258745
258752
258760
258762
258766
258783
258787
258795
258795
258797
258806
258808
258809
258812
258815
258817
258819
258829
258836
258837
258839
258842
258847
258851
258858
258862
258870
258874
258875
258880
258885
258885
258892
258893
258899
258899
258903
258905
258911
258912
258915
258925
258929
258935
258940
258941
258949
258950
258965
258970
258983
258986
258999
259010
259011
259012
259019
259022
259026
259039
259045
259050
259051
259070
259076
259077
259089
259095
259100
259105
259110
259111
259112
259119
259119
259121
259125
259133
259140
259141
259151
259152
259156
259156
259164
259179
259181
259189
259217
259221
259235
259237
259250
259257
259260
259261
259263
259263
259264
259271
259273
259284
259289
259302
259309
259309
259312
259315
259316
259317
259318
259322
259323
259330
259338
259341
259341
259352
259354
259354
259368
259369
259374
259375
259375
259379
259391
259393
259396
259401
259402
259409
259410
259437
259439
259445
259446
259451
259460
259464
259472
259473
259475
259481
259482
259486
259491
259498
259501
259503
259509
259509
259514
259523
259525
259528
259536
259541
259547
259564
259576
259579
259588
259588
259594
259596
259597
259607
259608
259611
259617
259618
259624
259628
259629
259631
259652
259668
259674
259677
259684
259691
259692
259694
259694
259700
259704
259709
259709
259710
259711
259738
259746
259755
259759
259763
259765
259774
259782
259788
259795
259796
259806
259807
259812
259813
259819
259819
259826
259830
259831
259833
259846
259859
259862
259868
259868
259871
259878
259882
259888
259892
259895
259906
259924
259937
259945
259952
259954
259965
259969
259970
259970
259975
259982
259983
259985
259987
259989
259996
259996
259997
260031
260031
260037
260038
260039
260040
260040
260042
260053
260055
260069
260080
260086
260089
260090
260109
260113
260114
260130
260133
260135
260136
260139
260151
260160
260164
260165
260173
260177
260180
260188
260206
260207
260208
260210
260219
260220
260221
260221
260227
260228
260233
260236
260238
260252
260252
260258
260265
260266
260275
260280
260282
260289
260290
260290
260297
260305
260330
260339
260344
260345
260353
260356
260358
260364
260371
260374
260379
260379
260389
260389
260389
260394
260401
260402
260407
260409
260411
260419
260421
260422
260426
260430
260437
260446
260452
260455
260470
260474
260483
260489
260490
260502
260504
260507
260508
260522
260532
260537
260538
260549
260553
260562
260566
260571
260575
260581
260583
260603
260605
260605
260609
260614
260619
260623
260624
260624
260625
260625
260629
260632
260634
260637
260639
260640
260644
260650
260664
260672
260683
260685
260693
260699
260702
260703
260710
260724
260726
260730
260731
260741
260746
260759
260761
260762
260774
260776
260782
260784
260796
260801
260810
260812
260820
260824
260828
260833
260838
260843
260850
260852
260855
260859
260862
260866
260870
260873
260876
260878
260885
260896
260899
260901
260927
260932
260935
260944
260946
260956
260960
260965
260967
260972
260976
260976
260990
260991
260992
260998
261003
261008
261012
261015
261018
261018
261022
261032
261036
261045
261061
261064
261066
261066
261075
261080
261087
261089
261093
261107
261111
261113
261120
261123
261132
261134
261141
261144
261148
261153
261158
261170
261174
261174
261177
261183
261184
261186
261195
261204
261224
261224
261228
261235
261242
261248
261248
261251
261252
261254
261259
261270
261284
261284
261290
261299
261303
261306
261314
261317
261330
261331
261331
261335
261339
261343
261355
261356
261360
261362
261367
261367
261371
261373
261382
261383
261384
261386
261388
261396
261405
261434
261438
261444
261446
261450
261450
261456
261461
261465
261485
261497
261498
261510
261528
261530
261534
261536
261543
261554
261558
261559
261560
261560
261561
261563
261566
261567
261573
261574
261580
261581
261587
261587
261587
261589
261596
261598
261603
261612
261616
261628
261639
261640
261642
261648
261656
261684
261691
261696
261697
261702
261721
261723
261725
261726
261726
261726
261728
261728
261730
261733
261737
261739
261742
261744
261751
261751
261752
261759
261768
261771
261772
261774
261782
261791
261796
261804
261805
261810
261811
261832
261833
261833
261837
261839
261840
261849
261850
261854
261855
261864
261866
261878
261878
261879
261883
261899
261914
261914
261928
261932
261937
261945
261949
261951
261952
261956
261958
261960
261963
261969
261976
261976
261984
261988
261995
261996
262005
262012
262024
262032
262037
262038
262039
262047
262062
262062
262062
262074
262105
262107
262121
262125
262126
262133
262134
262136
262137
262141
262153
262158
262182
262184
262188
262192
262197
262199
262199
262227
262228
262236
262236
262267
262273
262278
262297
262300
262302
262302
262305
262307
262313
262316
262317
262317
262320
262329
262329
262331
262333
262336
262341
262347
262347
262348
262370
262373
262380
262380
262385
262387
262391
262395
262399
262401
262403
262403
262416
262418
262425
262432
262435
262449
262449
262462
262472
262474
262476
262485
262490
262506
262507
262516
262516
262530
262535
262535
262550
262552
262561
262568
262569
262571
262572
262573
262575
262588
262592
262601
262602
262604
262606
262607
262608
262609
262612
262614
262616
262625
262628
262645
262648
262648
262660
262660
262662
262664
262667
262675
262677
262684
262689
262694
262695
262701
262702
262706
262712
262722
262723
262724
262730
262734
262747
262750
262758
262776
262777
262779
262780
262781
262787
262788
262789
262792
262809
262810
262811
262820
262823
262829
262833
262837
262837
262838
262851
262852
262859
262863
262867
262868
262881
262883
262884
262892
262893
262896
262897
262901
262905
262907
262914
262921
262923
262924
262929
262932
262954
262955
262964
262969
262970
262971
262976
262998
263009
263010
263017
263019
263021
263040
263043
263050
263052
263052
263054
263059
263060
263066
263068
263073
263074
263086
263087
263092
263093
263097
263102
263103
263113
263113
263114
263118
263125
263126
263129
263133
263136
263138
263138
263141
263146
263150
263174
263175
263187
263192
263198
263216
263226
263233
263237
263238
263248
263264
263265
263270
263270
263271
263272
263274
263282
263288
263291
263305
263314
263319
263324
263339
263339
263343
263345
263348
263351
263354
263362
263363
263364
263364
263367
263375
263376
263384
263385
263389
263401
263403
263413
263414
263421
263429
263432
263442
263444
263449
263455
263455
263459
263460
263469
263469
263483
263485
263494
263495
263495
263501
263503
263509
263518
263519
263521
263540
263543
263560
263564
263566
263569
263580
263586
263591
263592
263596
263600
263601
263603
263617
263618
263624
263627
263632
263635
263636
263646
263648
263653
263661
263662
263666
263675
263678
263679
263688
263691
263691
263692
263700
263700
263703
263705
263709
263716
263718
263718
263722
263728
263730
263773
263777
263802
263804
263805
263809
263811
263814
263826
263832
263836
263838
263841
263844
263858
263859
263859
263862
263863
263866
263888
263889
263893
263900
263903
263906
263907
263911
263912
263915
263915
263916
263926
263928
263938
263947
263957
263963
263968
263968
263972
263973
263973
263979
263992
263993
263996
264001
264016
264017
264022
264031
264049
264052
264063
264070
264082
264083
264088
264113
264118
264129
264137
264152
264152
264159
264163
264165
264170
264177
264178
264178
264180
264185
264189
264191
264201
264206
264210
264216
264218
264224
264227
264233
264234
264241
264243
264243
264245
264248
264264
264265
264269
264269
264272
264293
264295
264299
264302
264304
264305
264308
264313
264314
264320
264333
264340
264342
264347
264348
264348
264351
264356
264372
264378
264379
264379
264382
264382
264396
264400
264406
264421
264425
264426
264429
264436
264436
264451
264452
264464
264470
264471
264472
264479
264490
264494
264495
264500
264501
264503
264514
264517
264520
264530
264538
264541
264542
264549
264560
264565
264569
264573
264594
264596
264598
264598
264608
264610
264612
264615
264620
264622
264629
264631
264631
264632
264635
264641
264642
264643
264652
264655
264668
264678
264690
264693
264699
264718
264721
264726
264734
264739
264740
264742
264743
264745
264749
264752
264757
264757
264760
264763
264771
264773
264779
264779
264780
264787
264791
264803
264808
264813
264813
264823
264827
264828
264837
264838
264839
264841
264843
264850
264858
264859
264859
264863
264867
264871
264872
264896
264899
264901
264910
264912
264919
264920
264923
264926
264934
264935
264936
264936
264948
264950
264953
264955
264957
264963
264964
264969
264973
264976
264981
264984
264985
264995
264997
265002
265014
265033
265035
265039
265041
265056
265060
265077
265079
265083
265086
265088
265099
265104
265107
265108
265109
265112
265115
265115
265116
265116
265121
265122
265123
265124
265132
265138
265138
265140
265141
265142
265159
265159
265161
265163
265169
265172
265183
265184
265187
265206
265219
265222
265224
265234
265236
265240
265257
265267
265278
265278
265283
265286
265298
265299
265300
265303
265304
265305
265314
265319
265320
265322
265329
265335
265339
265339
265339
265345
265352
265357
265362
265363
265368
265372
265376
265379
265381
265384
265389
265394
265400
265402
265402
265406
265409
265409
265410
265411
265414
265416
265418
265431
265432
265454
265455
265456
265462
265472
265474
265475
265478
265485
265488
265490
265497
265500
265508
265518
265521
265522
265523
265525
265531
265534
265542
265543
265562
265565
265567
265570
265573
265574
265574
265579
265582
265586
265587
265590
265598
265599
265606
265616
265618
265619
265620
265626
265630
265637
265638
265640
265641
265646
265646
265648
265649
265652
265653
265695
265695
265696
265717
265720
265720
265728
265730
265748
265749
265751
265753
265758
265770
265774
265788
265789
265793
265800
265803
265804
265812
265815
265821
265823
265824
265825
265827
265827
265834
265835
265844
265847
265848
265856
265858
265866
265869
265873
265885
265888
265897
265901
265914
265915
265918
265918
265919
265922
265922
265930
265942
265945
265945
265949
265949
265950
265955
265955
265962
265963
265967
265974
265981
265989
265995
265995
265999
266001
266005
266016
266021
266026
266040
266053
266055
266059
266060
266062
266063
266080
266087
266087
266088
266088
266090
266098
266107
266109
266113
266118
266123
266132
266132
266136
266139
266140
266140
266142
266145
266148
266151
266153
266153
266154
266154
266172
266172
266174
266187
266191
266198
266211
266219
266220
266221
266221
266226
266226
266230
266231
266232
266242
266245
266249
266259
266267
266289
266289
266294
266309
266317
266326
266334
266335
266356
266358
266359
266362
266362
266370
266371
266373
266382
266385
266392
266393
266413
266418
266444
266449
266467
266468
266478
266479
266485
266495
266497
266497
266498
266501
266505
266507
266513
266514
266527
266535
266538
266540
266544
266554
266555
266565
266566
266568
266569
266571
266579
266580
266583
266586
266607
266613
266626
266627
266628
266633
266635
266636
266637
266649
266651
266662
266662
266668
266673
266678
266681
266687
266688
266698
266701
266704
266714
266715
266718
266723
266727
266729
266732
266733
266755
266769
266769
266782
266789
266789
266789
266801
266807
266822
266824
266830
266840
266841
266842
266846
266854
266859
266869
266880
266884
266889
266892
266899
266900
266900
266909
266913
266919
266924
266926
266938
266939
266944
266946
266948
266955
266960
266961
266970
266974
266979
266988
266991
266993
266995
266995
266997
267003
267005
267006
267018
267019
267023
267025
267028
267031
267033
267037
267044
267046
267054
267055
267063
267068
267074
267074
267075
267075
267076
267077
267090
267097
267098
267098
267110
267115
267116
267124
267127
267135
267142
267147
267148
267152
267160
267161
267164
267166
267167
267172
267177
267178
267180
267187
267209
267216
267217
267217
267222
267239
267257
267264
267271
267280
267288
267300
267302
267315
267325
267332
267332
267334
267351
267353
267353
267353
267356
267364
267366
267373
267395
267398
267400
267409
267410
267414
267431
267435
267457
267458
267460
267468
267469
267484
267485
267486
267488
267498
267501
267501
267506
267526
267527
267530
267534
267546
267548
267553
267559
267560
267561
267566
267566
267567
267577
267586
267594
267594
267599
267599
267603
267612
267612
267616
267616
267618
267620
267626
267628
267631
267637
267638
267639
267644
267647
267655
267656
267662
267670
267670
267680
267689
267693
267695
267698
267710
267716
267721
267727
267727
267750
267752
267752
267754
267758
267769
267780
267782
267783
267792
267805
267812
267815
267825
267832
267845
267859
267860
267863
267870
267873
267877
267879
267891
267895
267911
267914
267919
267926
267928
267929
267930
267931
267935
267935
267945
267949
267951
267953
267957
267968
267969
267975
267977
267982
267987
267992
268011
268015
268027
268037
268039
268048
268048
268048
268057
268063
268065
268070
268079
268083
268084
268085
268089
268094
268097
268104
268114
268117
268117
268120
268120
268150
268172
268175
268185
268187
268189
268190
268192
268193
268202
268207
268208
268212
268214
268224
268226
268232
268239
268242
268243
268248
268252
268254
268254
268259
268265
268269
268272
268272
268272
268273
268280
268290
268290
268291
268293
268296
268306
268309
268314
268317
268325
268326
268333
268334
268337
268340
268353
268363
268371
268374
268382
268393
268396
268429
268431
268454
268457
268467
268480
268485
268499
268500
268502
268502
268506
268506
268506
268512
268513
268531
268531
268533
268540
268542
268543
268548
268552
268556
268556
268563
268565
268568
268569
268573
268576
268584
268584
268589
268602
268629
268634
268649
268650
268652
268657
268663
268672
268673
268677
268677
268679
268681
268682
268683
268684
268689
268690
268695
268708
268714
268722
268723
268734
268735
268738
268745
268749
268755
268756
268758
268770
268771
268773
268780
268780
268781
268783
268785
268790
268791
268807
268809
268811
268811
268813
268822
268825
268828
268831
268835
268839
268840
268841
268844
268861
268866
268867
268871
268872
268872
268873
268880
268880
268886
268891
268898
268905
268913
268934
268937
268937
268945
268957
268959
268961
268967
268968
268978
268983
268989
268993
268996
268996
268997
269003
269008
269009
269024
269025
269029
269032
269033
269035
269037
269037
269062
269063
269069
269070
269075
269083
269088
269088
269100
269102
269107
269108
269118
269119
269119
269123
269126
269133
269136
269150
269156
269159
269160
269161
269164
269167
269171
269172
269174
269175
269180
269182
269190
269193
269193
269202
269205
269207
269212
269212
269225
269227
269227
269228
269237
269239
269241
269251
269259
269264
269281
269291
269293
269301
269303
269306
269314
269315
269322
269325
269325
269327
269334
269340
269342
269349
269351
269352
269353
269361
269364
269371
269373
269378
269380
269381
269385
269389
269393
269395
269400
269408
269408
269413
269416
269420
269437
269440
269442
269448
269454
269455
269460
269460
269467
269468
269479
269485
269487
269497
269509
269510
269512
269516
269516
269539
269541
269550
269556
269559
269562
269563
269565
269578
269579
269583
269588
269592
269600
269601
269605
269611
269614
269615
269621
269622
269628
269638
269644
269644
269654
269656
269658
269662
269663
269664
269665
269667
269668
269668
269669
269671
269678
269689
269693
269701
269725
269727
269727
269729
269732
269735
269741
269742
269745
269755
269756
269761
269768
269772
269779
269781
269783
269785
269788
269790
269792
269792
269792
269815
269819
269821
269824
269845
269848
269850
269854
269854
269856
269858
269859
269863
269867
269868
269881
269883
269886
269886
269890
269892
269896
269903
269904
269906
269909
269911
269912
269921
269923
269934
269935
269936
269963
269974
269978
269980
269994
270002
270003
270005
270009
270011
270013
270022
270024
270026
270026
270031
270032
270032
270034
270038
270048
270048
270055
270064
270071
270071
270075
270086
270091
270095
270096
270115
270120
270120
270125
270128
270135
270135
270136
270141
270151
270155
270178
270182
270183
270184
270193
270207
270207
270209
270209
270210
270210
270215
270226
270229
270238
270239
270240
270245
270254
270272
270275
270278
270279
270287
270288
270290
270290
270294
270294
270298
270300
270302
270314
270322
270323
270333
270334
270338
270340
270343
270352
270359
270364
270365
270366
270370
270388
270393
270405
270406
270407
270408
270421
270435
270442
270445
270445
270452
270453
270458
270458
270465
270469
270475
270478
270504
270509
270510
270541
270546
270548
270552
270559
270560
270571
270576
270583
270584
270588
270590
270595
270608
270629
270635
270640
270651
270651
270663
270667
270673
270673
270674
270680
270681
270688
270690
270692
270701
270701
270704
270720
270723
270727
270727
270727
270728
270730
270737
270740
270740
270748
270749
270750
270750
270751
270753
270754
270758
270760
270762
270769
270775
270777
270782
270784
270791
270794
270798
270807
270812
270815
270815
270817
270822
270834
270835
270836
270847
270851
270858
270868
270874
270879
270883
270886
270893
270893
270895
270904
270916
270917
270928
270928
270933
270936
270937
270942
270948
270967
270970
270987
270996
270998
271012
271014
271028
271056
271063
271067
271075
271083
271089
271101
271101
271108
271111
271118
271120
271122
271123
271124
271126
271127
271127
271129
271136
271138
271146
271147
271147
271147
271149
271152
271168
271177
271178
271185
271188
271199
271199
271205
271206
271222
271224
271224
271232
271233
271233
271235
271236
271240
271243
271252
271253
271256
271272
271273
271277
271285
271292
271296
271307
271308
271309
271310
271312
271313
271319
271319
271323
271331
271341
271343
271344
271349
271354
271358
271365
271368
271382
271389
271396
271401
271404
271410
271416
271417
271419
271425
271428
271429
271437
271439
271456
271467
271472
271474
271475
271480
271481
271503
271504
271507
271513
271520
271525
271530
271535
271537
271549
271551
271555
271556
271565
271567
271568
271570
271573
271580
271586
271586
271602
271604
271605
271608
271608
271611
271616
271620
271622
271630
271636
271641
271642
271652
271659
271660
271661
271667
271671
271671
271684
271686
271688
271693
271697
271706
271710
271716
271718
271719
271724
271728
271730
271736
271736
271737
271742
271745
271749
271749
271754
271764
271773
271779
271787
271787
271800
271812
271813
271815
271819
271821
271824
271833
271843
271847
271848
271849
271854
271860
271866
271868
271872
271875
271885
271894
271899
271912
271924
271929
271930
271935
271938
271954
271955
271958
271960
271982
271982
271986
271995
271996
271999
272015
272017
272021
272023
272033
272036
272038
272038
272043
272048
272057
272058
272067
272068
272071
272073
272073
272074
272074
272079
272086
272086
272090
272091
272096
272104
272108
272109
272109
272111
272112
272116
272118
272122
272123
272123
272134
272134
272139
272141
272150
272156
272157
272161
272186
272189
272196
272196
272209
272217
272218
272218
272223
272223
272237
272238
272245
272250
272255
272256
272257
272260
272261
272261
272267
272269
272269
272269
272273
272281
272302
272309
272311
272312
272327
272334
272336
272336
272346
272347
272353
272354
272355
272356
272358
272361
272365
272375
272378
272384
272396
272431
272445
272452
272457
272461
272469
272483
272490
272497
272502
272509
272510
272511
272513
272518
272519
272522
272525
272538
272541
272544
272554
272554
272557
272561
272570
272571
272572
272574
272576
272581
272584
272586
272590
272590
272591
272593
272595
272597
272605
272614
272614
272615
272624
272625
272625
272630
272635
272647
272653
272656
272660
272665
272665
272673
272681
272688
272689
272690
272693
272697
272701
272710
272711
272722
272732
272736
272741
272743
272744
272745
272748
272755
272758
272760
272764
272765
272766
272772
272774
272779
272785
272789
272794
272794
272794
272795
272796
272804
272808
272815
272832
272840
272853
272854
272855
272855
272858
272868
272870
272881
272883
272886
272887
272891
272895
272897
272902
272905
272908
272913
272913
272916
272919
272926
272929
272930
272937
272944
272949
272956
272957
272970
272971
272973
272974
272974
272975
272983
272986
272986
272986
272988
272990
273006
273009
273013
273014
273015
273018
273029
273033
273034
273036
273047
273054
273056
273060
273080
273081
273083
273085
273086
273086
273089
273100
273101
273111
273113
273119
273123
273153
273161
273164
273172
273173
273177
273187
273202
273206
273207
273210
273213
273215
273226
273228
273230
273233
273253
273263
273264
273269
273273
273277
273294
273300
273303
273304
273305
273307
273309
273311
273313
273314
273316
273318
273318
273318
273318
273319
273320
273331
273342
273344
273345
273349
273352
273368
273377
273378
273382
273393
273401
273401
273402
273408
273409
273417
273423
273430
273430
273430
273431
273433
273439
273450
273454
273464
273464
273471
273477
273480
273481
273484
273487
273487
273488
273489
273493
273496
273498
273499
273500
273507
273514
273516
273517
273518
273534
273534
273549
273550
273557
273559
273565
273568
273569
273572
273574
273579
273580
273587
273593
273597
273597
273607
273610
273619
273644
273648
273651
273653
273654
273654
273667
273670
273678
273680
273682
273684
273693
273716
273724
273727
273728
273734
273741
273744
273749
273751
273756
273761
273765
273786
273800
273811
273826
273827
273828
273839
273842
273842
273849
273849
273855
273856
273857
273878
273888
273891
273892
273896
273900
273903
273907
273908
273913
273916
273918
273922
273923
273924
273924
273925
273930
273952
273954
273958
273966
273974
273976
273985
273989
273990
273991
273995
273996
274000
274013
274017
274023
274031
274036
274038
274040
274041
274052
274054
274054
274058
274065
274069
274073
274075
274081
274082
274085
274099
274099
274104
274104
274105
274122
274124
274133
274143
274147
274149
274152
274156
274157
274183
274187
274192
274196
274211
274216
274219
274219
274227
274230
274231
274235
274236
274238
274241
274242
274244
274248
274257
274258
274258
274268
274272
274288
274291
274292
274303
274310
274322
274328
274329
274330
274339
274348
274355
274361
274364
274366
274366
274369
274369
274370
274373
274376
274379
274386
274397
274404
274411
274414
274422
274424
274442
274444
274460
274480
274493
274496
274499
274511
274512
274514
274522
274524
274536
274538
274556
274557
274564
274591
274597
274602
274611
274612
274614
274624
274633
274634
274637
274638
274646
274647
274651
274656
274660
274665
274670
274685
274702
274709
274720
274727
274744
274747
274748
274757
274765
274768
274769
274773
274788
274793
274798
274808
274809
274811
274813
274814
274815
274816
274817
274828
274830
274835
274849
274849
274850
274851
274853
274853
274856
274857
274862
274871
274877
274887
274888
274910
274911
274912
274921
274945
274948
274959
274964
274967
274975
274978
274983
274983
274983
274985
274986
274992
275001
275002
275006
275008
275009
275022
275022
275024
275033
275041
275042
275046
275050
275056
275059
275062
275071
275075
275082
275085
275085
275088
275089
275092
275094
275100
275102
275108
275116
275123
275139
275155
275162
275172
275175
275177
275178
275185
275186
275197
275198
275201
275207
275211
275220
275223
275235
275237
275239
275239
275253
275267
275267
275268
275281
275284
275286
275286
275291
275291
275297
275299
275299
275300
275304
275309
275310
275314
275315
275321
275331
275341
275343
275345
275354
275364
275364
275365
275374
275397
275397
275398
275402
275410
275418
275421
275455
275459
275465
275467
275468
275470
275475
275476
275482
275485
275495
275495
275508
275511
275513
275517
275517
275518
275531
275534
275537
275556
275556
275562
275582
275583
275584
275588
275604
275606
275625
275629
275631
275639
275641
275644
275648
275654
275657
275659
275666
275666
275667
275669
275670
275670
275670
275671
275673
275677
275681
275686
275688
275705
275714
275719
275730
275734
275744
275759
275766
275769
275783
275784
275784
275786
275789
275792
275794
275795
275805
275806
275815
275820
275850
275860
275872
275874
275877
275877
275883
275884
275893
275898
275907
275913
275916
275920
275922
275924
275925
275927
275933
275938
275941
275941
275944
275948
275974
275978
275980
275985
275992
275994
275998
276007
276015
276020
276021
276029
276030
276033
276051
276052
276053
276054
276056
276060
276071
276076
276079
276080
276080
276084
276090
276094
276095
276098
276103
276104
276118
276119
276121
276122
276130
276131
276132
276133
276150
276150
276158
276163
276163
276164
276165
276169
276170
276191
276193
276203
276206
276210
276220
276222
276232
276233
276239
276249
276251
276256
276259
276265
276268
276273
276273
276274
276279
276284
276298
276300
276302
276308
276313
276319
276322
276325
276342
276345
276357
276366
276369
276370
276372
276379
276386
276387
276406
276415
276417
276421
276431
276433
276440
276442
276448
276452
276458
276463
276491
276495
276504
276506
276507
276508
276511
276516
276521
276525
276531
276543
276546
276552
276555
276568
276574
276574
276575
276580
276588
276590
276594
276596
276597
276605
276606
276612
276612
276614
276619
276624
276626
276626
276628
276628
276637
276637
276639
276642
276650
276651
276654
276662
276665
276672
276673
276675
276678
276685
276688
276688
276696
276701
276702
276714
276719
276723
276726
276733
276735
276750
276760
276765
276780
276781
276790
276792
276794
276799
276802
276814
276821
276821
276829
276834
276836
276846
276847
276863
276871
276874
276875
276879
276881
276882
276887
276898
276906
276920
276921
276922
276923
276924
276927
276936
276940
276946
276957
276964
276964
276970
276970
276972
276981
276986
276995
276996
277010
277011
277013
277016
277016
277038
277038
277043
277049
277050
277053
277058
277058
277062
277062
277066
277068
277071
277078
277079
277083
277088
277093
277113
277115
277117
277119
277129
277129
277133
277135
277138
277139
277158
277160
277171
277175
277185
277200
277203
277207
277208
277208
277209
277213
277219
277221
277223
277225
277227
277233
277236
277251
277254
277257
277262
277268
277272
277273
277277
277278
277286
277288
277289
277291
277292
277304
277310
277315
277336
277341
277343
277344
277346
277346
277348
277351
277353
277357
277360
277366
277378
277382
277383
277386
277387
277387
277389
277397
277399
277404
277414
277433
277433
277438
277442
277456
277458
277463
277470
277472
277487
277492
277504
277505
277506
277506
277515
277518
277521
277526
277534
277539
277541
277551
277559
277560
277568
277573
277578
277581
277583
277593
277597
277607
277615
277620
277623
277626
277631
277634
277651
277655
277656
277658
277664
277664
277665
277668
277670
277671
277674
277678
277681
277683
277692
277695
277703
277712
277728
277730
277732
277742
277747
277753
277754
277756
277757
277760
277765
277771
277771
277782
277783
277788
277790
277797
277807
277808
277826
277829
277833
277839
277844
277853
277856
277859
277860
277874
277875
277880
277896
277896
277902
277907
277910
277914
277915
277924
277929
277934
277935
277939
277942
277953
277953
277960
277968
277968
277974
277975
277978
277980
277984
277987
277991
277991
277992
277992
277996
277997
277998
278000
278003
278016
278023
278024
278031
278034
278038
278051
278053
278060
278063
278069
278070
278073
278074
278077
278090
278093
278097
278097
278099
278110
278120
278122
278126
278129
278130
278133
278134
278135
278136
278136
278137
278137
278138
278140
278141
278144
278148
278149
278150
278155
278158
278159
278162
278164
278166
278172
278190
278191
278206
278210
278211
278212
278215
278221
278234
278240
278242
278242
278242
278245
278253
278254
278255
278256
278258
278260
278261
278272
278276
278281
278285
278286
278295
278296
278299
278301
278302
278307
278314
278317
278320
278322
278324
278325
278331
278353
278354
278355
278355
278359
278360
278363
278367
278368
278372
278375
278378
278393
278396
278405
278407
278410
278417
278422
278427
278429
278431
278440
278447
278451
278455
278458
278461
278477
278486
278487
278501
278516
278538
278545
278548
278550
278555
278557
278558
278560
278570
278574
278575
278576
278581
278582
278586
278590
278591
278591
278597
278602
278606
278614
278621
278670
278678
278682
278685
278691
278709
278716
278716
278719
278743
278759
278759
278760
278764
278764
278771
278772
278795
278804
278810
278810
278812
278821
278822
278823
278827
278835
278837
278850
278863
278875
278888
278890
278896
278898
278911
278913
278919
278920
278921
278926
278931
278935
278950
278953
278955
278957
278957
278959
278960
278971
278975
278975
278991
278992
278997
278998
278998
279004
279007
279027
279029
279033
279056
279063
279068
279071
279080
279082
279082
279084
279090
279097
279098
279102
279103
279110
279111
279114
279115
279123
279123
279125
279125
279125
279128
279132
279135
279139
279141
279145
279154
279160
279172
279172
279177
279178
279182
279184
279192
279193
279195
279197
279199
279211
279217
279217
279220
279224
279225
279225
279233
279238
279242
279252
279259
279259
279262
279263
279271
279273
279276
279286
279308
279326
279330
279330
279334
279343
279344
279348
279349
279351
279360
279361
279364
279366
279371
279379
279386
279388
279388
279389
279390
279394
279395
279397
279397
279408
279408
279411
279416
279417
279418
279419
279423
279436
279436
279444
279447
279449
279452
279453
279455
279470
279471
279483
279485
279489
279499
279508
279510
279515
279526
279538
279539
279540
279543
279544
279545
279548
279559
279566
279566
279567
279569
279572
279577
279580
279588
279591
279592
279603
279604
279609
279612
279614
279615
279631
279636
279638
279641
279682
279687
279692
279705
279705
279711
279714
279719
279719
279723
279735
279745
279748
279752
279757
279760
279766
279768
279772
279775
279775
279777
279778
279791
279795
279805
279808
279811
279813
279823
279824
279837
279838
279841
279843
279844
279853
279870
279874
279875
279896
279898
279900
279902
279906
279916
279927
279930
279930
279931
279934
279944
279944
279948
279949
279956
279958
279964
279966
279976
279982
279989
279993
279995
280000
280013
280016
280019
280033
280038
280049
280051
280058
280061
280071
280072
280079
280080
280083
280085
280086
280092
280104
280105
280115
280129
280131
280141
280146
280147
280148
280152
280168
280169
280180
280186
280204
280204
280204
280210
280240
280241
280248
280254
280255
280256
280279
280283
280296
280298
280303
280305
280313
280315
280334
280335
280335
280337
280339
280340
280341
280347
280347
280358
280359
280362
280363
280365
280367
280370
280371
280371
280379
280379
280382
280385
280396
280406
280415
280417
280419
280423
280425
280431
280448
280449
280458
280464
280471
280483
280489
280495
280504
280510
280510
280512
280518
280520
280520
280520
280521
280525
280534
280548
280561
280563
280573
280585
280589
280591
280592
280593
280595
280607
280607
280608
280622
280641
280645
280648
280671
280680
280685
280692
280693
280694
280696
280697
280704
280705
280708
280711
280712
280715
280716
280717
280717
280721
280722
280722
280724
280725
280725
280737
280741
280747
280749
280760
280765
280768
280773
280777
280783
280783
280785
280789
280794
280798
280802
280804
280808
280811
280822
280828
280832
280833
280851
280852
280853
280857
280857
280857
280859
280868
280877
280882
280890
280895
280896
280896
280900
280901
280907
280907
280910
280917
280923
280929
280938
280947
280951
280955
280955
280958
280959
280960
280961
280963
280974
280979
280983
280997
280997
281002
281010
281024
281027
281034
281041
281041
281047
281049
281058
281059
281059
281063
281063
281069
281071
281084
281103
281115
281120
281145
281154
281159
281160
281165
281167
281175
281177
281180
281181
281182
281187
281191
281210
281217
281222
281223
281232
281239
281243
281243
281245
281249
281250
281254
281257
281257
281266
281270
281272
281274
281275
281282
281289
281291
281294
281297
281302
281303
281308
281308
281309
281310
281311
281314
281323
281323
281330
281331
281337
281340
281343
281349
281360
281376
281378
281398
281406
281407
281409
281410
281416
281417
281419
281446
281447
281451
281456
281464
281464
281469
281483
281494
281499
281502
281508
281524
281553
281554
281555
281558
281567
281570
281572
281581
281597
281607
281611
281614
281619
281622
281638
281642
281644
281647
281650
281657
281658
281661
281661
281663
281669
281686
281688
281695
281698
281713
281736
281740
281746
281748
281752
281753
281757
281768
281768
281773
281776
281777
281777
281780
281782
281785
281804
281814
281816
281827
281835
281843
281844
281844
281850
281856
281875
281879
281881
281883
281888
281890
281895
281895
281896
281898
281899
281900
281901
281905
281915
281919
281923
281930
281930
281934
281934
281945
281949
281957
281961
281961
281962
281964
281974
281979
281980
281981
281981
281997
282000
282010
282013
282024
282033
282043
282045
282052
282056
282057
282057
282058
282061
282065
282068
282083
282090
282101
282108
282109
282110
282112
282117
282117
282121
282127
282137
282138
282139
282139
282140
282146
282148
282150
282155
282162
282165
282165
282166
282167
282175
282182
282184
282184
282199
282202
282214
282217
282217
282217
282223
282225
282234
282245
282255
282262
282271
282275
282276
282279
282290
282293
282300
282301
282305
282310
282310
282313
282315
282323
282332
282336
282337
282348
282352
282358
282365
282377
282382
282383
282386
282397
282398
282404
282404
282407
282411
282421
282423
282429
282429
282439
282441
282441
282443
282445
282451
282451
282451
282452
282455
282466
282468
282478
282509
282515
282515
282524
282524
282525
282536
282538
282538
282545
282549
282553
282561
282565
282569
282574
282583
282583
282584
282587
282589
282594
282595
282597
282600
282609
282613
282616
282619
282624
282625
282627
282627
282629
282631
282635
282643
282645
282647
282647
282648
282648
282655
282682
282689
282691
282701
282701
282702
282703
282703
282704
282706
282721
282723
282723
282725
282740
282750
282751
282751
282751
282753
282754
282756
282758
282758
282760
282764
282770
282775
282776
282777
282779
282780
282781
282791
282794
282795
282805
282807
282811
282815
282826
282830
282830
282837
282838
282842
282844
282844
282846
282849
282854
282859
282860
282871
282873
282876
282877
282880
282882
282888
282892
282894
282896
282900
282907
282908
282918
282923
282928
282935
282940
282948
282955
282961
282963
282966
282978
282987
282999
283000
283001
283002
283011
283017
283021
283024
283026
283033
283036
283047
283048
283051
283052
283054
283059
283061
283071
283071
283075
283094
283097
283097
283101
283103
283105
283106
283114
283137
283142
283142
283143
283155
283158
283163
283168
283169
283172
283175
283181
283185
283187
283193
283199
283201
283204
283206
283208
283222
283224
283234
283234
283235
283236
283237
283239
283259
283261
283261
283271
283272
283275
283288
283295
283303
283304
283307
283309
283311
283315
283319
283332
283345
283347
283353
283353
283370
283372
283378
283383
283393
283396
283397
283408
283408
283428
283429
283429
283432
283435
283451
283462
283467
283468
283476
283476
283483
283494
283501
283503
283506
283514
283515
283516
283518
283523
283523
283531
283533
283533
283537
283540
283541
283543
283547
283554
283557
283558
283559
283571
283578
283588
283609
283612
283621
283626
283628
283633
283634
283638
283641
283642
283643
283653
283661
283663
283675
283675
283676
283680
283685
283689
283696
283707
283709
283712
283718
283725
283726
283732
283746
283746
283750
283750
283766
283767
283769
283770
283777
283782
283783
283784
283785
283785
283786
283794
283798
283802
283805
283810
283811
283824
283834
283837
283838
283841
283867
283875
283878
283902
283921
283924
283927
283935
283935
283942
283946
283980
283986
283990
283993
283995
283999
284002
284015
284015
284018
284033
284035
284039
284040
284042
284042
284044
284048
284049
284050
284062
284072
284074
284079
284090
284092
284096
284099
284118
284118
284119
284136
284137
284139
284139
284141
284154
284158
284161
284178
284179
284183
284185
284186
284200
284208
284212
284220
284229
284237
284240
284242
284242
284243
284251
284252
284256
284258
284264
284280
284286
284287
284301
284302
284304
284305
284317
284322
284330
284348
284352
284354
284364
284364
284372
284374
284377
284379
284381
284383
284384
284384
284385
284385
284385
284400
284402
284402
284413
284418
284419
284419
284423
284428
284429
284434
284435
284436
284450
284451
284463
284473
284479
284485
284487
284488
284496
284498
284505
284508
284516
284523
284525
284532
284535
284536
284539
284539
284542
284549
284551
284552
284563
284574
284585
284594
284595
284598
284603
284604
284605
284608
284609
284610
284622
284637
284640
284644
284646
284649
284653
284653
284665
284676
284676
284687
284690
284696
284699
284700
284705
284723
284724
284730
284732
284738
284741
284751
284754
284755
284755
284769
284769
284775
284784
284786
284793
284793
284797
284806
284808
284810
284811
284815
284816
284818
284820
284821
284821
284825
284829
284834
284868
284874
284876
284880
284881
284883
284888
284898
284911
284921
284921
284922
284924
284924
284926
284939
284946
284947
284952
284953
284953
284955
284956
284956
284966
284975
284976
284987
284989
284996
285003
285009
285018
285022
285024
285025
285027
285030
285039
285042
285042
285042
285046
285049
285050
285052
285057
285064
285074
285078
285082
285092
285093
285097
285106
285108
285108
285110
285113
285115
285116
285116
285119
285123
285124
285134
285140
285148
285150
285153
285154
285156
285160
285164
285166
285184
285189
285195
285202
285211
285217
285221
285223
285224
285231
285233
285234
285242
285247
285248
285249
285257
285257
285261
285263
285275
285275
285276
285280
285281
285282
285288
285294
285296
285299
285300
285307
285308
285312
285315
285320
285321
285343
285345
285347
285348
285349
285350
285352
285353
285363
285369
285373
285373
285383
285384
285390
285402
285414
285422
285425
285433
285436
285438
285438
285440
285440
285442
285444
285447
285447
285460
285473
285482
285486
285489
285490
285491
285495
285502
285505
285506
285512
285526
285528
285529
285536
285538
285548
285551
285554
285559
285562
285565
285572
285593
285595
285597
285601
285601
285604
285604
285613
285615
285624
285626
285629
285636
285637
285637
285653
285656
285658
285659
285669
285676
285691
285694
285713
285714
285719
285720
285720
285722
285726
285737
285743
285744
285745
285750
285755
285763
285766
285774
285775
285775
285783
285789
285790
285792
285813
285815
285815
285817
285822
285823
285826
285839
285844
285847
285850
285862
285863
285870
285877
285878
285881
285883
285885
285890
285900
285908
285911
285915
285917
285919
285920
285922
285923
285927
285928
285929
285933
285938
285942
285943
285944
285944
285950
285953
285953
285956
285959
285961
285962
285969
285983
285983
285987
285988
285988
285989
286005
286007
286008
286011
286015
286022
286023
286024
286033
286039
286045
286052
286070
286077
286087
286088
286092
286093
286096
286097
286102
286105
286108
286109
286112
286114
286121
286122
286127
286131
286140
286140
286143
286156
286159
286170
286172
286191
286195
286196
286203
286206
286206
286212
286214
286216
286217
286221
286224
286227
286227
286227
286291
286295
286297
286302
286305
286306
286311
286324
286329
286330
286332
286338
286342
286345
286347
286348
286351
286351
286353
286354
286364
286366
286369
286371
286373
286380
286388
286390
286405
286411
286421
286421
286422
286426
286426
286426
286430
286438
286439
286442
286442
286444
286450
286451
286455
286461
286470
286474
286477
286484
286490
286495
286495
286497
286506
286509
286517
286517
286526
286531
286535
286538
286547
286551
286553
286556
286558
286559
286560
286565
286581
286586
286587
286588
286591
286593
286595
286596
286599
286601
286622
286626
286629
286630
286639
286640
286642
286648
286650
286658
286664
286677
286678
286682
286702
286715
286720
286734
286734
286735
286737
286737
286776
286781
286789
286790
286795
286797
286811
286815
286817
286823
286827
286833
286842
286849
286850
286854
286858
286873
286881
286889
286889
286895
286895
286897
286900
286900
286904
286907
286921
286927
286939
286942
286942
286943
286944
286957
286957
286960
286961
286967
286967
286971
286980
286981
286983
286985
286992
286997
286998
287000
287011
287011
287021
287025
287026
287029
287035
287036
287039
287039
287040
287042
287043
287044
287044
287057
287065
287069
287070
287078
287093
287107
287116
287116
287119
287129
287131
287144
287146
287148
287164
287166
287167
287173
287204
287213
287217
287221
287226
287230
287240
287240
287244
287248
287253
287256
287257
287260
287266
287267
287272
287274
287281
287287
287291
287291
287303
287303
287311
287314
287314
287325
287328
287331
287333
287347
287358
287366
287367
287369
287370
287375
287379
287389
287391
287394
287406
287406
287408
287418
287433
287439
287440
287445
287446
287456
287460
287461
287461
287464
287468
287468
287471
287472
287477
287480
287487
287495
287512
287513
287525
287526
287534
287537
287543
287544
287569
287579
287583
287588
287590
287607
287613
287623
287630
287636
287638
287647
287647
287649
287657
287658
287659
287676
287685
287687
287689
287692
287693
287721
287724
287728
287731
287737
287746
287749
287768
287772
287773
287779
287781
287783
287797
287798
287802
287805
287810
287810
287812
287824
287825
287829
287832
287836
287837
287840
287843
287849
287851
287853
287859
287863
287870
287870
287876
287882
287902
287927
287930
287930
287939
287942
287946
287951
287962
287970
287971
287975
287976
287982
287994
288001
288006
288007
288017
288020
288034
288035
288040
288075
288077
288077
288078
288079
288082
288087
288088
288092
288105
288134
288142
288157
288169
288170
288172
288179
288192
288194
288195
288196
288199
288200
288204
288209
288214
288221
288240
288254
288262
288267
288271
288271
288274
288286
288286
288288
288290
288292
288300
288307
288318
288322
288323
288324
288326
288344
288352
288357
288361
288367
288378
288391
288392
288392
288393
288394
288403
288405
288415
288428
288428
288437
288437
288439
288452
288457
288476
288476
288487
288488
288491
288492
288494
288494
288496
288512
288525
288530
288538
288541
288542
288552
288556
288558
288566
288567
288568
288572
288572
288574
288577
288579
288581
288603
288616
288629
288636
288641
288642
288649
288649
288650
288657
288667
288670
288675
288681
288682
288683
288685
288689
288699
288704
288709
288711
288737
288738
288742
288743
288747
288749
288758
288759
288761
288771
288773
288775
288778
288788
288794
288794
288794
288804
288814
288815
288817
288821
288826
288829
288829
288835
288842
288850
288851
288854
288858
288862
288868
288868
288871
288871
288878
288879
288894
288916
288918
288923
288925
288926
288933
288942
288949
288950
288955
288959
288959
288970
288976
288989
288990
289001
289001
289012
289013
289018
289029
289033
289040
289041
289041
289044
289063
289076
289078
289080
289085
289097
289104
289108
289111
289112
289113
289116
289118
289124
289127
289127
289130
289134
289134
289135
289144
289159
289161
289162
289170
289206
289209
289211
289226
289227
289229
289237
289238
289239
289243
289248
289251
289255
289265
289268
289275
289280
289286
289286
289292
289308
289319
289320
289326
289338
289341
289342
289355
289359
289389
289390
289394
289402
289403
289403
289405
289412
289418
289419
289423
289425
289429
289446
289447
289451
289453
289463
289479
289481
289489
289489
289497
289499
289504
289506
289534
289536
289543
289543
289546
289549
289550
289553
289558
289569
289572
289575
289598
289599
289603
289607
289614
289614
289624
289624
289628
289639
289647
289650
289650
289652
289659
289660
289669
289673
289678
289678
289681
289684
289688
289708
289726
289745
289746
289749
289756
289763
289765
289770
289783
289784
289785
289791
289792
289796
289804
289807
289812
289813
289813
289816
289826
289835
289845
289852
289852
289860
289860
289862
289876
289879
289886
289888
289903
289907
289908
289909
289910
289912
289914
289914
289916
289922
289924
289925
289929
289932
289932
289955
289963
289979
289980
289982
289991
289991
289994
289994
289995
290004
290005
290012
290012
290028
290034
290041
290052
290057
290067
290067
290069
290071
290072
290080
290082
290085
290087
290089
290091
290095
290101
290103
290114
290116
290122
290129
290131
290131
290132
290137
290144
290146
290148
290148
290150
290154
290159
290161
290191
290194
290205
290207
290209
290209
290210
290213
290218
290221
290222
290223
290225
290227
290236
290244
290244
290246
290258
290262
290264
290269
290272
290276
290277
290285
290287
290291
290292
290295
290296
290313
290320
290323
290324
290324
290329
290343
290354
290360
290366
290369
290372
290374
290378
290381
290391
290402
290411
290415
290424
290427
290441
290465
290469
290472
290473
290489
290499
290501
290515
290533
290551
290555
290556
290559
290561
290568
290576
290584
290594
290594
290596
290605
290609
290625
290627
290635
290639
290643
290654
290655
290664
290669
290671
290673
290678
290678
290683
290692
290699
290699
290710
290711
290713
290714
290716
290729
290730
290735
290739
290746
290748
290751
290767
290777
290795
290797
290802
290802
290813
290825
290835
290860
290862
290874
290878
290885
290886
290887
290888
290889
290894
290899
290901
290915
290920
290928
290933
290942
290954
290959
290961
290969
290971
290975
290977
290985
290996
290998
291012
291013
291016
291020
291041
291059
291061
291063
291066
291068
291080
291090
291110
291114
291114
291126
291132
291132
291133
291137
291141
291142
291148
291156
291159
291163
291165
291170
291174
291177
291179
291190
291195
291199
291206
291220
291224
291227
291229
291230
291233
291234
291234
291241
291244
291246
291246
291250
291270
291271
291279
291311
291313
291332
291332
291338
291353
291358
291365
291369
291381
291394
291394
291397
291399
291406
291415
291420
291429
291429
291429
291430
291431
291445
291450
291456
291469
291477
291489
291491
291496
291503
291504
291505
291525
291526
291537
291541
291551
291553
291553
291554
291557
291559
291573
291573
291594
291601
291611
291614
291620
291625
291631
291631
291638
291638
291641
291645
291646
291646
291648
291652
291653
291660
291666
291666
291669
291670
291672
291684
291699
291700
291701
291701
291704
291704
291706
291710
291716
291718
291724
291736
291739
291740
291742
291744
291745
291755
291758
291760
291769
291775
291776
291779
291779
291782
291784
291786
291786
291787
291787
291797
291799
291803
291819
291821
291836
291840
291843
291855
291855
291865
291867
291869
291885
291886
291888
291890
291892
291899
291905
291909
291911
291925
291925
291930
291932
291933
291952
291963
291963
291968
291969
291971
291973
291973
291975
291983
291990
291992
291993
292001
292003
292003
292004
292017
292022
292025
292025
292034
292043
292043
292044
292047
292051
292051
292053
292057
292060
292061
292087
292088
292092
292093
292093
292099
292102
292102
292105
292108
292125
292130
292132
292150
292153
292155
292156
292156
292168
292175
292182
292187
292190
292193
292195
292197
292198
292200
292218
292219
292233
292239
292241
292241
292244
292244
292249
292258
292258
292264
292266
292268
292274
292293
292295
292298
292303
292313
292314
292314
292317
292325
292327
292349
292353
292364
292364
292369
292374
292393
292393
292413
292418
292419
292424
292442
292445
292448
292449
292457
292466
292466
292470
292473
292478
292481
292488
292491
292510
292516
292518
292518
292532
292539
292545
292546
292549
292549
292555
292556
292562
292566
292567
292568
292569
292589
292593
292603
292605
292606
292607
292615
292624
292628
292631
292635
292636
292651
292654
292658
292659
292662
292673
292673
292680
292683
292685
292693
292698
292699
292706
292707
292713
292715
292715
292719
292731
292731
292748
292750
292758
292759
292762
292764
292768
292771
292772
292772
292780
292781
292806
292811
292816
292829
292831
292845
292846
292849
292851
292863
292870
292880
292884
292886
292897
292899
292912
292915
292917
292922
292928
292929
292929
292930
292942
292949
292957
292958
292963
292967
292977
292978
292982
292985
292986
292996
293000
293005
293006
293011
293011
293021
293025
293029
293036
293041
293042
293054
293057
293058
293059
293062
293072
293077
293083
293098
293099
293103
293107
293117
293124
293137
293144
293152
293154
293160
293166
293168
293192
293202
293206
293207
293222
293225
293230
293240
293242
293245
293245
293253
293264
293273
293274
293276
293277
293277
293279
293282
293285
293292
293295
293298
293298
293304
293304
293316
293317
293319
293320
293323
293329
293334
293341
293344
293347
293348
293354
293355
293364
293373
293377
293378
293392
293393
293400
293402
293403
293403
293404
293406
293411
293411
293416
293417
293429
293434
293435
293438
293440
293448
293448
293450
293452
293458
293461
293466
293467
293468
293470
293471
293471
293480
293483
293485
293488
293505
293508
293517
293521
293532
293535
293536
293538
293539
293564
293569
293572
293575
293586
293587
293591
293596
293597
293604
293605
293605
293612
293616
293617
293624
293640
293643
293652
293653
293662
293668
293680
293684
293695
293697
293697
293700
293700
293701
293705
293716
293718
293720
293725
293728
293739
293746
293747
293749
293750
293753
293763
293766
293769
293772
293773
293774
293775
293777
293784
293785
293789
293794
293796
293815
293815
293842
293846
293849
293856
293857
293864
293868
293870
293872
293880
293883
293891
293892
293899
293899
293902
293903
293905
293910
293935
293936
293939
293958
293968
293970
293977
293979
293989
293997
293997
293998
294009
294012
294025
294045
294049
294050
294057
294058
294064
294069
294080
294081
294083
294087
294091
294095
294117
294124
294141
294146
294150
294152
294155
294164
294171
294176
294181
294181
294194
294200
294207
294211
294214
294214
294215
294221
294222
294225
294230
294249
294257
294264
294265
294266
294267
294268
294274
294276
294279
294281
294282
294300
294311
294311
294312
294316
294321
294323
294329
294329
294333
294333
294338
294344
294354
294360
294362
294364
294369
294369
294370
294375
294381
294383
294395
294396
294399
294404
294421
294440
294443
294444
294444
294445
294446
294450
294455
294457
294457
294476
294482
294483
294486
294490
294491
294493
294496
294497
294501
294505
294510
294518
294523
294524
294524
294526
294538
294552
294555
294561
294562
294564
294565
294565
294577
294578
294578
294579
294582
294597
294600
294608
294611
294624
294625
294629
294642
294647
294649
294653
294653
294659
294660
294662
294674
294679
294681
294682
294685
294690
294693
294694
294699
294701
294730
294730
294734
294739
294745
294764
294768
294772
294774
294781
294782
294783
294791
294800
294804
294805
294812
294818
294819
294823
294831
294832
294840
294841
294843
294846
294851
294856
294868
294870
294871
294872
294878
294879
294880
294892
294894
294899
294904
294914
294915
294918
294918
294928
294931
294934
294934
294935
294938
294952
294959
294961
294963
294965
294976
294977
294984
294989
294993
294999
295007
295018
295020
295035
295035
295037
295039
295054
295074
295091
295099
295105
295106
295112
295113
295117
295119
295128
295128
295131
295135
295140
295143
295154
295154
295159
295162
295174
295189
295214
295219
295223
295227
295230
295235
295236
295244
295256
295269
295271
295273
295275
295276
295282
295287
295298
295301
295302
295330
295338
295344
295344
295348
295351
295351
295359
295360
295362
295370
295371
295380
295396
295411
295414
295416
295419
295427
295433
295439
295442
295445
295446
295446
295449
295451
295458
295458
295474
295488
295488
295496
295520
295551
295552
295552
295561
295562
295567
295574
295596
295602
295611
295616
295627
295629
295630
295633
295635
295635
295643
295646
295648
295649
295650
295652
295656
295660
295681
295683
295687
295691
295710
295711
295717
295731
295732
295741
295746
295756
295757
295775
295776
295780
295784
295786
295787
295788
295797
295798
295799
295799
295800
295801
295806
295806
295808
295810
295814
295814
295815
295819
295821
295824
295826
295832
295838
295839
295839
295840
295843
295844
295845
295854
295855
295861
295866
295868
295870
295876
295883
295884
295884
295885
295891
295891
295892
295916
295920
295922
295927
295929
295938
295941
295947
295948
295948
295952
295959
295964
295965
295978
295989
295989
296002
296005
296015
296022
296026
296030
296040
296047
296057
296057
296064
296066
296072
296073
296078
296079
296088
296091
296092
296093
296113
296122
296123
296123
296125
296126
296129
296134
296135
296136
296138
296139
296140
296143
296143
296148
296149
296152
296154
296158
296158
296158
296160
296161
296163
296170
296183
296185
296186
296191
296193
296194
296201
296212
296212
296214
296224
296224
296226
296237
296237
296240
296248
296257
296266
296269
296276
296286
296290
296296
296303
296304
296328
296331
296332
296333
296333
296334
296341
296343
296344
296348
296350
296362
296365
296374
296379
296380
296383
296384
296386
296397
296398
296399
296399
296404
296407
296420
296424
296426
296427
296441
296447
296449
296463
296464
296465
296474
296484
296485
296492
296496
296497
296497
296505
296512
296515
296517
296518
296521
296528
296532
296550
296554
296557
296562
296572
296575
296576
296581
296589
296592
296598
296603
296613
296615
296616
296617
296619
296646
296652
296654
296666
296676
296676
296681
296684
296686
296712
296713
296714
296720
296725
296726
296733
296737
296737
296751
296753
296756
296759
296760
296764
296779
296784
296785
296786
296787
296790
296794
296794
296794
296801
296802
296804
296808
296811
296812
296819
296829
296829
296830
296837
296848
296852
296852
296854
296862
296864
296866
296881
296886
296886
296903
296911
296917
296919
296922
296923
296924
296924
296927
296929
296931
296938
296938
296945
296951
296956
296957
296958
296967
296968
296971
296981
296986
296991
296996
297002
297003
297008
297013
297028
297028
297030
297031
297035
297039
297051
297052
297055
297057
297059
297069
297076
297093
297094
297095
297104
297105
297107
297111
297111
297112
297118
297122
297122
297127
297130
297139
297139
297140
297141
297147
297152
297153
297157
297165
297167
297169
297169
297170
297173
297182
297185
297186
297192
297198
297199
297206
297206
297218
297221
297223
297226
297226
297227
297244
297252
297260
297262
297263
297267
297274
297289
297298
297302
297316
297318
297321
297328
297337
297340
297343
297371
297375
297381
297382
297393
297404
297406
297409
297409
297410
297416
297417
297423
297425
297430
297434
297435
297438
297445
297449
297459
297461
297465
297470
297470
297480
297481
297485
297487
297500
297512
297521
297523
297529
297529
297536
297550
297552
297553
297560
297560
297565
297572
297579
297583
297593
297594
297603
297607
297609
297628
297642
297653
297654
297655
297657
297663
297665
297676
297690
297694
297708
297713
297719
297724
297728
297729
297743
297750
297753
297762
297762
297766
297768
297776
297778
297783
297785
297791
297797
297799
297799
297804
297808
297812
297821
297823
297838
297848
297850
297852
297852
297854
297858
297859
297860
297863
297867
297880
297884
297887
297891
297903
297905
297906
297912
297914
297927
297928
297938
297940
297946
297952
297955
297962
297963
297968
297973
297974
297976
297983
297984
297987
298002
298004
298009
298012
298015
298017
298021
298027
298028
298066
298067
298067
298068
298082
298093
298119
298122
298122
298129
298137
298140
298141
298142
298145
298150
298159
298159
298165
298167
298167
298168
298169
298170
298185
298189
298200
298202
298203
298207
298216
298218
298222
298224
298230
298231
298239
298244
298250
298266
298268
298275
298275
298275
298290
298298
298311
298311
298315
298318
298323
298335
298335
298338
298338
298342
298345
298373
298389
298396
298402
298424
298433
298444
298444
298451
298456
298456
298467
298471
298473
298480
298485
298487
298491
298494
298500
298513
298526
298527
298535
298537
298548
298555
298561
298565
298570
298574
298577
298581
298587
298587
298598
298602
298605
298608
298610
298629
298635
298640
298646
298666
298671
298675
298684
298686
298694
298698
298710
298711
298711
298714
298715
298722
298729
298734
298735
298738
298740
298751
298755
298762
298776
298777
298792
298793
298794
298795
298798
298808
298817
298825
298844
298850
298853
298859
298861
298862
298867
298871
298872
298872
298880
298890
298894
298897
298901
298901
298908
298919
298934
298934
298948
298955
298957
298959
298973
298976
298980
298983
298986
299001
299002
299016
299016
299017
299018
299021
299022
299033
299037
299038
299039
299044
299050
299050
299061
299065
299070
299073
299091
299094
299095
299095
299100
299101
299104
299111
299123
299130
299139
299139
299142
299143
299151
299154
299156
299162
299169
299178
299189
299198
299203
299220
299221
299224
299238
299239
299240
299253
299260
299269
299270
299271
299272
299285
299286
299291
299294
299296
299318
299323
299331
299339
299347
299362
299362
299374
299374
299377
299378
299385
299387
299389
299394
299400
299402
299416
299417
299422
299422
299423
299433
299435
299437
299439
299447
299450
299450
299461
299463
299464
299465
299476
299483
299486
299486
299499
299500
299509
299526
299528
299538
299539
299543
299543
299550
299552
299552
299562
299565
299568
299574
299579
299580
299593
299593
299612
299614
299639
299643
299644
299646
299647
299659
299666
299666
299681
299684
299684
299691
299710
299711
299712
299712
299716
299719
299720
299722
299726
299728
299733
299757
299786
299801
299802
299802
299810
299822
299830
299836
299850
299852
299855
299864
299865
299885
299888
299902
299906
299908
299910
299913
299916
299920
299924
299926
299930
299932
299935
299936
299946
299954
299955
299957
299962
299964
299968
299977
299978
299984
300002
300007
300009
300011
300020
300023
300024
300038
300042
300052
300055
300064
300065
300067
300072
300074
300076
300085
300092
300094
300097
300110
300119
300120
300126
300132
300134
300138
300139
300140
300142
300151
300169
300173
300180
300184
300189
300202
300215
300226
300231
300232
300239
300240
300246
300254
300255
300260
300268
300274
300275
300278
300279
300289
300290
300291
300292
300303
300306
300307
300309
300316
300325
300329
300331
300355
300360
300365
300375
300381
300383
300389
300418
300420
300421
300426
300429
300432
300434
300438
300439
300440
300446
300449
300450
300453
300462
300463
300468
300482
300489
300492
300493
300493
300495
300498
300515
300515
300516
300516
300517
300521
300534
300546
300547
300553
300569
300571
300590
300593
300602
300608
300611
300619
300634
300637
300639
300644
300648
300649
300650
300652
300663
300672
300679
300686
300687
300695
300698
300702
300715
300715
300716
300721
300724
300738
300743
300744
300747
300750
300751
300755
300756
300759
300763
300772
300772
300773
300779
300781
300794
300801
300804
300804
300816
300825
300829
300840
300843
300851
300858
300859
300868
300877
300883
300888
300892
300894
300908
300909
300911
300916
300917
300920
300923
300930
300933
300937
300943
300944
300945
300950
300953
300956
300960
300973
300977
300979
300981
300982
300983
300987
300996
300997
301013
301015
301017
301017
301023
301027
301034
301036
301039
301039
301041
301042
301053
301061
301062
301071
301073
301082
301082
301086
301094
301096
301102
301105
301107
301111
301111
301111
301114
301117
301128
301139
301152
301163
301171
301173
301174
301188
301188
301198
301211
301217
301219
301225
301229
301233
301234
301238
301240
301240
301243
301251
301253
301254
301255
301255
301258
301272
301274
301274
301276
301284
301286
301287
301289
301293
301297
301305
301315
301318
301320
301327
301333
301334
301343
301348
301354
301362
301366
301367
301376
301377
301384
301385
301385
301386
301391
301393
301396
301397
301407
301415
301421
301426
301431
301432
301438
301438
301441
301442
301446
301446
301454
301454
301460
301469
301494
301495
301498
301502
301503
301505
301509
301515
301516
301520
301535
301535
301536
301547
301549
301571
301574
301576
301579
301594
301598
301601
301610
301620
301625
301637
301639
301641
301650
301650
301652
301661
301674
301677
301683
301689
301690
301698
301701
301703
301707
301720
301720
301722
301722
301746
301748
301759
301768
301785
301798
301803
301805
301805
301807
301808
301812
301813
301814
301815
301824
301825
301842
301845
301854
301856
301865
301873
301885
301886
301890
301895
301903
301914
301921
301925
301928
301931
301931
301944
301954
301954
301959
301962
301962
301964
301972
301980
301985
301998
302003
302007
302009
302014
302014
302015
302017
302021
302023
302024
302032
302036
302037
302039
302041
302044
302046
302047
302050
302052
302052
302059
302064
302071
302071
302087
302091
302091
302095
302097
302101
302102
302107
302108
302123
302124
302126
302128
302137
302144
302148
302155
302167
302168
302183
302186
302189
302199
302206
302213
302217
302220
302237
302242
302244
302248
302249
302255
302256
302259
302262
302269
302271
302273
302274
302275
302284
302284
302296
302300
302302
302305
302310
302312
302312
302312
302312
302317
302321
302321
302326
302332
302333
302340
302340
302343
302347
302350
302350
302353
302354
302356
302365
302373
302386
302390
302390
302392
302392
302393
302393
302393
302399
302408
302414
302414
302416
302416
302418
302422
302424
302437
302437
302438
302439
302442
302444
302444
302447
302447
302449
302455
302457
302467
302469
302471
302472
302474
302474
302478
302478
302496
302496
302496
302498
302501
302501
302519
302521
302523
302524
302535
302535
302538
302550
302571
302579
302585
302593
302594
302602
302602
302608
302610
302621
302622
302628
302629
302630
302657
302663
302664
302676
302676
302686
302687
302693
302701
302702
302704
302704
302711
302719
302723
302726
302734
302738
302745
302757
302760
302762
302796
302797
302804
302805
302805
302807
302815
302817
302819
302821
302834
302836
302842
302846
302846
302847
302852
302871
302872
302877
302879
302879
302881
302885
302903
302909
302911
302912
302913
302922
302928
302932
302949
302956
302966
302971
302987
302987
302988
302989
302993
302997
302999
303000
303000
303004
303005
303008
303009
303012
303015
303024
303040
303052
303055
303057
303066
303066
303071
303074
303077
303086
303086
303090
303093
303104
303116
303117
303119
303122
303135
303147
303152
303155
303156
303158
303172
303178
303179
303186
303189
303196
303203
303206
303221
303226
303227
303234
303251
303252
303257
303289
303293
303300
303306
303308
303313
303314
303314
303316
303316
303319
303321
303324
303328
303328
303329
303330
303330
303333
303335
303340
303341
303344
303351
303363
303363
303365
303366
303366
303372
303377
303378
303398
303406
303406
303408
303420
303422
303423
303423
303429
303436
303442
303446
303446
303447
303459
303462
303467
303468
303476
303477
303479
303481
303492
303492
303500
303502
303505
303505
303510
303533
303536
303536
303548
303556
303556
303558
303573
303573
303574
303576
303580
303584
303589
303593
303630
303635
303648
303649
303684
303688
303692
303694
303695
303698
303700
303701
303701
303709
303710
303711
303718
303728
303739
303740
303742
303745
303746
303752
303758
303764
303766
303767
303772
303778
303780
303785
303786
303788
303796
303806
303806
303808
303808
303809
303812
303817
303824
303829
303829
303829
303830
303848
303852
303857
303858
303868
303871
303875
303887
303894
303904
303922
303931
303939
303943
303956
303957
303957
303960
303983
303991
303999
304001
304003
304012
304014
304017
304021
304029
304029
304032
304032
304033
304037
304049
304050
304052
304058
304058
304064
304066
304073
304093
304096
304099
304102
304104
304108
304114
304115
304118
304129
304130
304137
304146
304148
304151
304155
304167
304169
304170
304172
304183
304186
304188
304196
304196
304204
304216
304219
304231
304234
304238
304240
304259
304267
304271
304288
304290
304300
304301
304304
304310
304323
304337
304342
304345
304352
304356
304356
304366
304372
304381
304393
304394
304394
304395
304404
304406
304407
304414
304417
304418
304422
304433
304435
304446
304452
304455
304461
304466
304474
304475
304478
304482
304483
304487
304490
304495
304507
304513
304516
304521
304525
304529
304546
304549
304550
304551
304559
304562
304563
304567
304568
304568
304575
304576
304576
304577
304577
304577
304594
304600
304614
304618
304629
304631
304634
304636
304642
304643
304648
304649
304656
304662
304669
304674
304693
304695
304696
304697
304697
304700
304702
304708
304713
304715
304715
304715
304716
304720
304722
304729
304731
304733
304734
304744
304775
304779
304781
304791
304791
304794
304797
304803
304814
304816
304817
304818
304833
304834
304839
304839
304851
304854
304857
304871
304872
304885
304891
304895
304898
304900
304906
304908
304910
304914
304916
304921
304924
304930
304930
304942
304942
304953
304966
304985
304996
304997
305010
305019
305021
305021
305022
305026
305027
305035
305037
305037
305042
305052
305060
305060
305068
305071
305081
305081
305084
305086
305089
305090
305101
305106
305107
305109
305116
305116
305117
305117
305118
305128
305132
305134
305141
305142
305142
305144
305144
305146
305155
305156
305156
305158
305168
305168
305171
305175
305183
305183
305184
305187
305201
305205
305208
305214
305214
305223
305226
305229
305232
305236
305240
305243
305245
305245
305258
305259
305264
305266
305269
305278
305288
305323
305333
305333
305333
305338
305340
305342
305354
305354
305363
305367
305382
305386
305395
305400
305405
305408
305412
305418
305433
305436
305437
305437
305442
305450
305452
305453
305460
305463
305464
305465
305468
305475
305475
305480
305482
305484
305487
305491
305494
305503
305505
305521
305522
305526
305527
305530
305532
305538
305545
305551
305559
305563
305565
305566
305568
305572
305582
305582
305586
305589
305598
305610
305632
305633
305635
305636
305640
305641
305641
305643
305644
305652
305670
305670
305671
305672
305673
305674
305676
305685
305690
305697
305699
305702
305731
305745
305745
305749
305751
305754
305763
305768
305779
305785
305795
305796
305802
305802
305810
305814
305815
305816
305819
305822
305828
305829
305832
305834
305835
305836
305837
305837
305840
305842
305843
305853
305856
305856
305863
305880
305893
305899
305900
305901
305908
305925
305932
305947
305950
305953
305955
305957
305957
305962
305963
305973
305983
305990
305990
305995
306004
306004
306005
306006
306008
306009
306013
306024
306025
306031
306036
306038
306040
306040
306046
306049
306052
306053
306057
306066
306076
306077
306090
306092
306092
306095
306109
306114
306120
306126
306128
306130
306136
306136
306138
306140
306142
306145
306147
306148
306150
306152
306154
306164
306165
306166
306176
306176
306178
306182
306186
306188
306191
306206
306209
306212
306224
306226
306234
306236
306245
306270
306272
306272
306280
306281
306284
306288
306289
306300
306309
306315
306326
306333
306335
306343
306346
306347
306347
306381
306387
306396
306397
306411
306412
306415
306418
306421
306434
306436
306437
306439
306442
306446
306448
306454
306462
306464
306466
306472
306477
306479
306481
306483
306487
306489
306491
306504
306509
306512
306523
306532
306542
306544
306560
306567
306573
306575
306578
306578
306584
306593
306594
306595
306599
306603
306608
306609
306625
306636
306644
306647
306649
306659
306665
306674
306677
306677
306678
306680
306681
306685
306694
306696
306698
306715
306716
306719
306722
306728
306743
306759
306764
306764
306766
306766
306770
306772
306777
306794
306801
306812
306817
306825
306830
306839
306841
306844
306845
306845
306846
306859
306859
306868
306874
306876
306876
306883
306884
306891
306892
306896
306904
306911
306913
306913
306918
306924
306924
306927
306933
306934
306937
306939
306944
306954
306970
306987
306990
306992
306994
306996
306999
307007
307011
307015
307016
307018
307020
307024
307025
307027
307040
307048
307051
307052
307054
307057
307064
307065
307071
307080
307084
307086
307092
307101
307101
307103
307113
307122
307123
307123
307123
307132
307143
307145
307151
307153
307155
307157
307158
307163
307171
307174
307181
307188
307189
307189
307195
307198
307198
307210
307212
307214
307221
307228
307230
307233
307238
307240
307243
307246
307253
307258
307261
307263
307266
307266
307270
307281
307285
307286
307295
307296
307309
307310
307317
307319
307324
307327
307329
307332
307333
307334
307336
307341
307346
307348
307351
307353
307354
307362
307363
307366
307367
307371
307373
307374
307376
307382
307382
307411
307414
307442
307442
307444
307451
307454
307463
307467
307467
307472
307477
307477
307486
307489
307504
307506
307508
307512
307515
307515
307518
307521
307541
307546
307546
307553
307573
307579
307582
307584
307587
307587
307588
307590
307592
307597
307606
307609
307612
307614
307614
307630
307631
307632
307636
307636
307660
307667
307670
307670
307680
307687
307695
307706
307710
307711
307716
307730
307731
307734
307740
307753
307753
307754
307762
307762
307766
307768
307768
307769
307771
307775
307780
307784
307794
307799
307801
307811
307839
307856
307859
307862
307864
307867
307885
307885
307888
307891
307891
307895
307898
307898
307904
307906
307910
307915
307920
307930
307941
307944
307952
307953
307964
307966
307974
307976
307976
307979
307981
307994
307998
307999
308005
308012
308012
308016
308017
308019
308021
308031
308038
308050
308051
308053
308058
308064
308066
308070
308076
308091
308098
308098
308108
308109
308110
308113
308126
308131
308132
308144
308154
308155
308157
308163
308167
308170
308174
308174
308177
308178
308192
308218
308248
308264
308267
308269
308269
308270
308271
308271
308276
308279
308290
308290
308291
308310
308313
308315
308324
308329
308332
308339
308339
308344
308345
308346
308347
308354
308355
308358
308369
308371
308384
308392
308397
308401
308401
308405
308412
308416
308417
308426
308428
308433
308433
308435
308438
308438
308452
308457
308475
308477
308478
308496
308520
308524
308527
308527
308528
308530
308536
308547
308548
308556
308561
308570
308573
308585
308591
308598
308600
308602
308602
308605
308606
308607
308609
308612
308616
308624
308625
308627
308639
308643
308643
308645
308655
308657
308658
308662
308667
308677
308680
308702
308706
308720
308727
308737
308756
308760
308760
308761
308762
308763
308773
308778
308778
308789
308789
308793
308794
308798
308800
308817
308826
308826
308836
308837
308842
308843
308843
308845
308845
308855
308857
308861
308863
308865
308865
308874
308893
308906
308906
308907
308912
308912
308933
308942
308954
308955
308965
308966
308990
308995
309026
309026
309030
309030
309031
309039
309042
309048
309048
309053
309062
309080
309083
309086
309098
309102
309104
309119
309126
309127
309128
309129
309140
309143
309144
309151
309151
309153
309160
309166
309180
309182
309187
309189
309192
309195
309196
309202
309202
309209
309217
309218
309219
309222
309233
309235
309243
309246
309247
309253
309257
309275
309278
309279
309300
309302
309303
309307
309308
309310
309312
309313
309316
309324
309328
309341
309344
309350
309354
309355
309370
309370
309391
309397
309401
309410
309412
309413
309414
309415
309418
309426
309427
309429
309432
309444
309450
309458
309460
309462
309478
309481
309484
309487
309489
309494
309497
309501
309503
309504
309511
309513
309518
309521
309523
309525
309535
309536
309544
309549
309556
309561
309562
309563
309565
309573
309575
309577
309579
309580
309588
309596
309619
309629
309629
309641
309642
309645
309669
309672
309673
309680
309682
309688
309689
309699
309708
309717
309719
309727
309729
309733
309748
309751
309753
309757
309765
309766
309767
309769
309769
309778
309788
309789
309798
309799
309807
309811
309812
309822
309825
309828
309836
309837
309844
309851
309853
309866
309867
309870
309879
309886
309896
309900
309909
309914
309934
309941
309945
309959
309971
309971
309975
309980
309987
309993
310002
310002
310010
310013
310036
310043
310059
310061
310068
310068
310071
310071
310074
310074
310082
310091
310097
310105
310110
310123
310125
310125
310127
310129
310137
310151
310160
310162
310162
310169
310173
310181
310188
310192
310193
310194
310200
310207
310210
310213
310225
310234
310234
310244
310249
310249
310250
310254
310260
310276
310281
310283
310286
310294
310295
310300
310301
310306
310314
310314
310315
310319
310327
310342
310345
310358
310359
310363
310371
310372
310373
310377
310386
310389
310390
310390
310395
310396
310401
310408
310408
310410
310419
310426
310428
310437
310439
310439
310440
310441
310443
310457
310460
310462
310471
310480
310489
310491
310496
310503
310507
310508
310515
310521
310531
310542
310544
310554
310556
310569
310570
310571
310573
310574
310586
310588
310596
310606
310609
310614
310617
310617
310620
310621
310625
310628
310629
310630
310630
310631
310632
310639
310646
310649
310651
310658
310660
310661
310672
310678
310686
310697
310712
310713
310745
310750
310753
310755
310761
310761
310765
310773
310778
310779
310781
310783
310788
310800
310814
310820
310821
310836
310841
310844
310849
310850
310851
310856
310866
310872
310893
310897
310900
310901
310904
310905
310909
310913
310917
310917
310918
310923
310924
310937
310943
310949
310954
310961
310962
310976
310981
310986
310995
310995
310999
311000
311004
311005
311008
311034
311050
311055
311060
311060
311064
311070
311071
311072
311075
311075
311082
311083
311083
311088
311096
311114
311116
311144
311152
311157
311159
311163
311167
311175
311194
311195
311195
311206
311210
311211
311225
311233
311236
311236
311237
311246
311259
311266
311266
311275
311289
311296
311301
311304
311304
311322
311328
311337
311342
311342
311345
311346
311349
311357
311358
311361
311363
311375
311381
311390
311406
311408
311417
311420
311421
311428
311447
311448
311454
311457
311458
311465
311468
311473
311476
311477
311480
311481
311482
311492
311503
311510
311513
311523
311530
311531
311537
311544
311547
311548
311553
311557
311559
311569
311574
311582
311584
311608
311621
311623
311636
311645
311655
311666
311675
311677
311683
311685
311686
311689
311689
311692
311696
311698
311708
311712
311716
311718
311727
311735
311745
311748
311748
311757
311758
311764
311773
311776
311777
311778
311779
311782
311784
311787
311792
311798
311800
311806
311810
311816
311831
311833
311836
311841
311844
311846
311850
311851
311851
311854
311855
311856
311862
311863
311866
311868
311876
311896
311897
311898
311899
311906
311907
311912
311913
311924
311925
311926
311942
311947
311948
311950
311956
311966
311969
311969
311981
311990
311994
311994
311997
312008
312011
312018
312020
312027
312030
312034
312045
312047
312050
312050
312050
312051
312055
312059
312060
312068
312068
312073
312073
312078
312080
312084
312089
312096
312105
312106
312111
312118
312131
312131
312138
312143
312143
312157
312163
312165
312181
312191
312191
312210
312220
312228
312234
312252
312255
312259
312270
312272
312282
312283
312287
312300
312305
312306
312306
312312
312314
312328
312329
312338
312346
312355
312356
312357
312359
312363
312368
312369
312370
312372
312376
312377
312381
312384
312387
312402
312411
312417
312418
312420
312421
312429
312432
312443
312447
312459
312459
312462
312476
312479
312486
312487
312490
312501
312516
312521
312522
312529
312530
312535
312535
312547
312548
312552
312559
312562
312562
312565
312587
312590
312592
312597
312600
312600
312610
312611
312613
312617
312620
312620
312622
312623
312625
312634
312636
312645
312653
312665
312675
312678
312685
312685
312687
312692
312708
312708
312712
312717
312719
312730
312731
312731
312732
312733
312738
312740
312743
312746
312748
312749
312756
312760
312761
312765
312769
312774
312784
312785
312791
312800
312803
312814
312815
312817
312833
312841
312844
312861
312862
312862
312877
312878
312883
312890
312892
312893
312893
312897
312911
312911
312916
312920
312939
312940
312956
312968
312970
312971
312974
312977
312981
312982
312987
312990
312992
312998
313000
313001
313014
313020
313022
313026
313027
313027
313027
313027
313036
313045
313050
313054
313056
313060
313062
313068
313069
313069
313074
313076
313077
313083
313084
313091
313109
313109
313111
313112
313125
313130
313133
313138
313146
313151
313152
313160
313169
313169
313171
313179
313182
313198
313199
313199
313208
313211
313214
313215
313230
313231
313236
313238
313240
313240
313243
313247
313250
313254
313255
313257
313266
313269
313272
313292
313296
313301
313303
313306
313308
313317
313317
313326
313327
313329
313330
313330
313335
313338
313339
313353
313360
313365
313373
313376
313381
313382
313387
313387
313393
313393
313399
313409
313411
313411
313416
313418
313419
313423
313424
313426
313429
313430
313433
313436
313443
313445
313453
313453
313457
313458
313465
313466
313472
313478
313480
313481
313488
313495
313496
313501
313503
313513
313516
313516
313531
313537
313537
313537
313539
313548
313552
313556
313572
313575
313578
313581
313581
313586
313587
313589
313592
313597
313599
313608
313611
313614
313615
313616
313622
313629
313631
313635
313652
313653
313653
313657
313662
313662
313667
313671
313674
313675
313691
313691
313694
313696
313700
313702
313703
313708
313708
313722
313724
313728
313741
313742
313751
313751
313753
313759
313785
313796
313802
313806
313806
313807
313817
313828
313841
313841
313843
313849
313862
313873
313874
313876
313877
313878
313880
313887
313887
313892
313895
313896
313897
313901
313905
313934
313935
313959
313964
313973
313976
313981
314000
314002
314003
314013
314018
314019
314022
314029
314033
314037
314043
314045
314046
314054
314055
314057
314059
314059
314063
314067
314074
314078
314083
314087
314088
314089
314093
314093
314110
314111
314112
314113
314115
314118
314121
314123
314131
314133
314133
314137
314142
314143
314148
314150
314153
314155
314160
314168
314172
314186
314191
314192
314194
314200
314208
314212
314216
314219
314223
314229
314230
314231
314233
314236
314257
314258
314268
314279
314281
314288
314291
314297
314298
314300
314300
314303
314318
314320
314326
314327
314340
314344
314371
314376
314380
314382
314383
314385
314393
314394
314401
314401
314415
314422
314424
314431
314436
314438
314444
314447
314448
314454
314470
314472
314473
314485
314501
314504
314520
314521
314524
314527
314531
314538
314545
314550
314556
314557
314562
314563
314564
314565
314566
314569
314569
314592
314595
314599
314602
314603
314610
314613
314618
314619
314625
314632
314636
314636
314640
314652
314653
314662
314671
314672
314682
314690
314691
314694
314701
314705
314706
314708
314713
314722
314728
314738
314738
314739
314740
314744
314754
314755
314765
314769
314774
314776
314778
314780
314784
314790
314799
314809
314817
314817
314824
314831
314831
314835
314837
314840
314842
314846
314847
314849
314858
314863
314865
314865
314866
314869
314878
314883
314886
314890
314894
314901
314901
314901
314907
314911
314916
314920
314924
314927
314927
314940
314941
314943
314959
314962
314966
314966
314971
314976
314977
314991
314996
314997
314998
315001
315007
315018
315019
315023
315033
315033
315042
315044
315050
315062
315062
315071
315072
315072
315073
315075
315078
315079
315085
315086
315092
315094
315098
315098
315099
315102
315107
315113
315116
315120
315129
315131
315135
315140
315147
315147
315150
315155
315160
315164
315172
315176
315179
315193
315201
315206
315208
315211
315212
315228
315229
315230
315234
315241
315248
315251
315251
315254
315257
315258
315272
315276
315276
315278
315283
315303
315306
315318
315324
315327
315329
315342
315347
315348
315354
315355
315359
315367
315371
315374
315378
315388
315390
315394
315396
315404
315411
315415
315426
315439
315451
315458
315468
315470
315489
315495
315497
315502
315506
315518
315518
315534
315538
315549
315556
315557
315558
315561
315562
315567
315578
315579
315582
315585
315586
315588
315589
315599
315602
315604
315606
315607
315616
315619
315622
315626
315631
315633
315634
315637
315642
315646
315651
315654
315673
315673
315686
315688
315695
315698
315702
315706
315720
315725
315726
315733
315735
315744
315745
315746
315747
315749
315752
315753
315755
315763
315766
315769
315772
315775
315779
315780
315789
315797
315798
315805
315807
315816
315819
315820
315823
315824
315826
315831
315836
315836
315841
315847
315860
315869
315879
315880
315882
315891
315905
315912
315913
315917
315918
315922
315923
315925
315935
315955
315967
315967
315968
315979
315980
315984
315993
315993
315995
315995
315997
316004
316005
316005
316009
316015
316018
316018
316022
316022
316024
316025
316034
316035
316043
316043
316056
316061
316061
316063
316063
316066
316067
316070
316072
316078
316090
316093
316105
316105
316107
316110
316115
316118
316118
316120
316124
316127
316138
316138
316146
316146
316147
316152
316152
316162
316162
316164
316167
316168
316172
316174
316179
316179
316183
316183
316184
316185
316185
316187
316191
316196
316210
316216
316224
316245
316247
316249
316255
316258
316261
316264
316266
316268
316271
316272
316279
316280
316283
316287
316300
316302
316303
316305
316314
316324
316327
316328
316329
316330
316347
316351
316352
316352
316353
316356
316367
316367
316374
316378
316382
316388
316405
316406
316409
316413
316415
316420
316424
316425
316427
316430
316441
316447
316459
316460
316461
316484
316485
316493
316495
316496
316505
316510
316520
316545
316568
316569
316571
316572
316576
316586
316591
316604
316608
316609
316614
316628
316631
316633
316650
316663
316668
316670
316683
316684
316689
316696
316702
316706
316712
316714
316717
316720
316728
316744
316749
316749
316749
316750
316758
316763
316767
316769
316774
316782
316790
316794
316803
316803
316816
316818
316826
316827
316841
316845
316861
316864
316874
316876
316883
316889
316890
316895
316901
316903
316906
316912
316915
316917
316921
316923
316923
316928
316942
316947
316948
316948
316953
316953
316959
316960
316966
316968
316978
316991
317002
317003
317012
317016
317019
317019
317023
317029
317031
317036
317039
317043
317060
317067
317070
317070
317074
317075
317087
317091
317098
317101
317109
317111
317116
317118
317128
317136
317150
317153
317154
317158
317161
317164
317182
317188
317195
317197
317199
317201
317202
317203
317204
317205
317226
317227
317238
317239
317247
317263
317264
317271
317276
317277
317282
317284
317286
317288
317295
317310
317312
317324
317333
317334
317340
317355
317357
317358
317361
317366
317370
317376
317377
317378
317379
317379
317382
317393
317399
317401
317405
317417
317418
317419
317432
317437
317438
317438
317453
317458
317463
317463
317464
317466
317473
317475
317479
317487
317488
317488
317504
317508
317510
317515
317522
317522
317530
317537
317538
317547
317548
317558
317560
317561
317568
317572
317575
317575
317584
317585
317588
317590
317596
317603
317604
317623
317624
317624
317631
317632
317633
317638
317643
317648
317648
317650
317651
317651
317652
317663
317678
317681
317683
317684
317686
317687
317689
317707
317716
317721
317726
317754
317760
317762
317764
317769
317773
317784
317804
317806
317817
317823
317826
317830
317835
317846
317848
317853
317853
317853
317859
317860
317876
317881
317890
317891
317897
317903
317906
317913
317914
317925
317929
317930
317931
317951
317952
317953
317960
317968
317975
317984
317990
317995
318001
318002
318004
318007
318010
318028
318031
318036
318036
318038
318038
318045
318048
318050
318060
318062
318069
318070
318074
318079
318086
318092
318095
318098
318103
318107
318108
318109
318116
318120
318121
318124
318132
318134
318136
318136
318162
318165
318170
318171
318173
318175
318178
318183
318192
318197
318208
318218
318234
318238
318251
318252
318257
318257
318259
318259
318264
318267
318268
318272
318281
318281
318290
318291
318291
318291
318293
318298
318299
318299
318301
318311
318328
318330
318336
318347
318347
318353
318353
318357
318361
318364
318372
318376
318393
318396
318398
318405
318406
318407
318415
318416
318422
318422
318424
318434
318438
318443
318452
318464
318475
318475
318478
318480
318486
318504
318507
318508
318515
318535
318535
318539
318540
318541
318550
318564
318568
318573
318586
318590
318607
318607
318615
318621
318645
318645
318648
318655
318656
318659
318689
318690
318690
318696
318704
318705
318705
318711
318714
318718
318722
318729
318732
318732
318737
318738
318743
318744
318745
318749
318754
318773
318777
318782
318784
318790
318794
318805
318810
318817
318823
318825
318828
318828
318847
318853
318857
318858
318863
318865
318869
318878
318882
318888
318899
318907
318916
318923
318932
318951
318953
318955
318964
318964
318966
318966
318968
318971
318976
318985
318989
318990
318991
319002
319012
319015
319018
319027
319046
319051
319061
319071
319075
319079
319082
319091
319091
319098
319105
319110
319124
319125
319138
319140
319141
319143
319149
319152
319159
319164
319167
319176
319176
319176
319182
319191
319193
319195
319197
319208
319211
319220
319221
319226
319234
319238
319239
319242
319264
319269
319273
319278
319284
319285
319286
319290
319301
319302
319309
319311
319318
319320
319344
319348
319366
319371
319379
319381
319388
319388
319398
319401
319404
319406
319407
319408
319409
319409
319410
319433
319433
319435
319446
319452
319456
319467
319467
319486
319487
319493
319498
319515
319522
319523
319536
319542
319547
319552
319558
319561
319563
319572
319590
319592
319594
319614
319620
319629
319630
319643
319644
319654
319654
319654
319656
319660
319667
319673
319686
319689
319697
319699
319702
319706
319719
319725
319736
319739
319744
319747
319748
319749
319753
319758
319763
319764
319770
319785
319787
319795
319795
319796
319810
319812
319812
319815
319822
319823
319826
319831
319839
319840
319842
319844
319852
319855
319856
319866
319890
319899
319918
319927
319940
319942
319946
319948
319948
319949
319954
319954
319962
319975
319979
319983
319984
319986
319992
319993
319997
319998
319998
320005
320005
320011
320011
320025
320044
320051
320054
320059
320062
320066
320069
320078
320079
320083
320088
320094
320095
320095
320097
320101
320106
320108
320111
320111
320115
320123
320129
320141
320143
320144
320146
320154
320157
320162
320176
320178
320182
320183
320188
320191
320195
320196
320202
320211
320214
320220
320234
320235
320252
320257
320258
320263
320263
320265
320273
320281
320285
320290
320290
320295
320301
320309
320313
320321
320326
320328
320336
320336
320339
320343
320349
320357
320360
320364
320368
320380
320386
320388
320392
320395
320395
320395
320414
320425
320439
320439
320444
320444
320447
320458
320462
320464
320467
320469
320474
320486
320494
320503
320504
320507
320517
320518
320521
320540
320541
320546
320550
320555
320560
320564
320574
320578
320578
320583
320594
320595
320601
320601
320618
320622
320631
320643
320646
320649
320651
320652
320657
320662
320670
320672
320684
320687
320688
320700
320701
320709
320719
320723
320727
320730
320733
320735
320742
320745
320745
320755
320765
320766
320768
320769
320770
320774
320776
320782
320785
320785
320785
320796
320800
320803
320804
320806
320811
320813
320818
320825
320831
320833
320835
320840
320846
320848
320856
320857
320858
320859
320868
320880
320887
320890
320891
320892
320893
320896
320908
320914
320921
320929
320936
320945
320949
320958
320960
320971
320973
320988
320992
320996
320998
321000
321001
321001
321013
321016
321020
321034
321041
321042
321042
321064
321069
321070
321073
321079
321079
321080
321087
321088
321100
321103
321105
321106
321109
321110
321117
321121
321122
321137
321143
321147
321166
321167
321182
321187
321187
321191
321204
321209
321226
321240
321243
321245
321246
321251
321252
321259
321261
321263
321275
321278
321279
321283
321290
321293
321293
321296
321306
321309
321316
321321
321326
321328
321335
321339
321353
321361
321366
321373
321377
321380
321383
321386
321393
321403
321404
321405
321409
321418
321423
321439
321439
321439
321441
321444
321445
321446
321449
321454
321467
321472
321477
321482
321499
321500
321500
321501
321506
321507
321511
321512
321520
321523
321526
321532
321535
321536
321536
321550
321555
321558
321565
321566
321574
321576
321578
321581
321591
321593
321607
321616
321646
321651
321657
321659
321663
321664
321676
321687
321688
321688
321699
321707
321707
321712
321713
321713
321718
321720
321721
321724
321725
321729
321732
321732
321741
321743
321745
321752
321753
321754
321755
321755
321764
321769
321772
321773
321775
321777
321790
321790
321790
321797
321809
321819
321820
321820
321835
321842
321844
321854
321858
321863
321863
321866
321869
321874
321879
321881
321884
321893
321898
321902
321903
321908
321911
321914
321918
321919
321921
321935
321937
321940
321950
321953
321954
321960
321988
322001
322002
322004
322009
322011
322016
322017
322020
322031
322037
322038
322044
322045
322045
322050
322063
322064
322070
322081
322087
322095
322097
322101
322108
322110
322114
322119
322128
322132
322140
322149
322155
322158
322159
322160
322166
322166
322181
322184
322187
322200
322203
322208
322210
322214
322227
322232
322233
322237
322239
322239
322255
322276
322280
322291
322293
322294
322294
322295
322305
322306
322308
322309
322326
322328
322328
322342
322345
322345
322350
322357
322359
322362
322367
322369
322371
322377
322380
322384
322386
322386
322387
322394
322402
322408
322410
322435
322445
322449
322455
322472
322480
322482
322483
322490
322493
322494
322497
322497
322499
322503
322503
322516
322518
322522
322532
322536
322546
322562
322566
322570
322574
322575
322586
322591
322593
322601
322614
322614
322632
322634
322644
322649
322660
322663
322668
322670
322674
322683
322686
322692
322693
322695
322703
322704
322704
322707
322714
322718
322719
322727
322729
322732
322734
322740
322748
322755
322757
322761
322770
322772
322773
322774
322777
322779
322782
322784
322789
322792
322794
322807
322817
322818
322829
322829
322845
322849
322858
322862
322864
322867
322868
322873
322881
322882
322887
322891
322892
322893
322894
322900
322909
322915
322930
322954
322962
322971
322972
322973
322984
322985
322987
322988
322989
322991
322992
322994
322996
323002
323002
323005
323015
323020
323023
323040
323041
323044
323046
323054
323055
323055
323055
323062
323063
323064
323068
323070
323076
323089
323093
323103
323104
323109
323112
323114
323117
323119
323121
323124
323126
323135
323144
323145
323146
323155
323155
323157
323167
323173
323185
323186
323190
323192
323196
323197
323197
323198
323203
323209
323214
323214
323215
323215
323221
323229
323239
323242
323244
323245
323258
323258
323260
323262
323272
323280
323284
323285
323295
323301
323304
323304
323308
323309
323317
323320
323327
323330
323331
323332
323335
323338
323354
323358
323365
323366
323368
323374
323376
323389
323399
323423
323426
323428
323435
323437
323457
323465
323465
323467
323469
323471
323475
323480
323480
323485
323486
323494
323496
323502
323507
323520
323527
323529
323532
323538
323543
323549
323560
323576
323577
323579
323596
323599
323615
323615
323618
323621
323648
323658
323659
323662
323662
323667
323669
323671
323673
323677
323683
323687
323694
323703
323705
323714
323715
323716
323717
323722
323726
323727
323734
323735
323736
323743
323748
323751
323752
323757
323764
323764
323770
323770
323775
323777
323781
323786
323788
323789
323791
323798
323801
323805
323807
323807
323811
323821
323823
323831
323834
323835
323840
323841
323847
323858
323865
323876
323881
323882
323887
323889
323893
323896
323899
323904
323914
323916
323918
323919
323931
323931
323948
323954
323959
323961
323966
323969
323971
323978
323982
323985
323986
323989
324008
324015
324020
324024
324029
324048
324065
324065
324066
324067
324068
324076
324083
324086
324100
324130
324143
324144
324145
324148
324148
324152
324154
324171
324172
324180
324181
324182
324183
324183
324194
324208
324212
324215
324226
324229
324238
324243
324255
324256
324256
324269
324271
324272
324276
324277
324304
324308
324309
324322
324332
324333
324348
324354
324358
324367
324372
324377
324384
324384
324396
324399
324400
324405
324424
324426
324426
324437
324440
324453
324456
324460
324460
324462
324469
324473
324475
324480
324480
324483
324484
324485
324485
324486
324488
324495
324495
324496
324503
324515
324516
324540
324545
324547
324549
324558
324568
324582
324582
324587
324588
324596
324597
324602
324603
324604
324607
324611
324615
324623
324630
324633
324647
324648
324658
324665
324673
324677
324682
324684
324696
324701
324713
324715
324733
324734
324738
324742
324757
324759
324765
324770
324773
324774
324776
324779
324781
324801
324808
324810
324818
324819
324825
324829
324836
324843
324854
324856
324857
324866
324877
324884
324889
324896
324896
324897
324899
324902
324902
324904
324909
324925
324926
324931
324941
324946
324947
324949
324950
324951
324952
324960
324960
324964
324966
324971
324975
324978
324981
324981
324982
324985
324990
324992
324997
324998
325004
325004
325008
325017
325020
325039
325042
325044
325044
325044
325060
325063
325065
325075
325089
325091
325094
325095
325095
325097
325099
325103
325111
325116
325151
325155
325178
325183
325191
325192
325194
325195
325199
325199
325199
325202
325211
325212
325220
325227
325236
325246
325251
325258
325261
325262
325271
325281
325284
325299
325300
325300
325309
325312
325317
325319
325327
325337
325339
325351
325354
325354
325357
325360
325372
325386
325392
325410
325411
325411
325419
325419
325440
325441
325449
325451
325455
325455
325465
325467
325467
325473
325474
325475
325477
325477
325484
325485
325485
325491
325506
325519
325524
325529
325536
325541
325546
325554
325554
325554
325557
325562
325563
325571
325573
325575
325577
325578
325578
325583
325585
325586
325589
325598
325599
325601
325605
325606
325613
325619
325625
325625
325638
325641
325653
325658
325661
325662
325665
325684
325685
325695
325697
325698
325701
325709
325712
325718
325719
325722
325726
325729
325734
325738
325741
325742
325745
325747
325749
325754
325758
325767
325783
325785
325792
325793
325797
325810
325813
325820
325820
325823
325842
325849
325850
325851
325851
325851
325864
325871
325896
325902
325911
325915
325917
325919
325919
325924
325927
325927
325927
325937
325940
325948
325964
325970
325986
325991
325995
325995
326023
326034
326034
326039
326040
326040
326064
326081
326083
326084
326094
326094
326095
326095
326101
326119
326127
326130
326132
326144
326145
326145
326151
326155
326186
326189
326189
326192
326206
326219
326221
326221
326222
326231
326236
326241
326247
326253
326257
326260
326261
326266
326267
326277
326286
326287
326288
326291
326292
326293
326296
326300
326309
326315
326321
326322
326339
326350
326370
326377
326379
326380
326386
326391
326393
326394
326394
326396
326402
326403
326407
326419
326422
326425
326425
326427
326429
326442
326450
326459
326464
326466
326467
326471
326472
326473
326483
326494
326498
326500
326502
326506
326511
326522
326527
326530
326532
326532
326537
326552
326553
326553
326557
326560
326561
326561
326567
326568
326571
326580
326580
326580
326589
326590
326593
326596
326598
326600
326607
326611
326616
326625
326628
326629
326652
326655
326656
326656
326663
326667
326673
326685
326686
326693
326696
326700
326701
326710
326719
326731
326731
326736
326739
326739
326740
326743
326756
326756
326757
326766
326771
326778
326778
326780
326786
326787
326787
326791
326794
326798
326800
326804
326810
326812
326816
326818
326824
326828
326832
326834
326835
326850
326857
326857
326865
326867
326868
326868
326869
326873
326875
326877
326877
326877
326878
326881
326886
326890
326896
326897
326898
326910
326912
326927
326928
326937
326937
326951
326959
326960
326962
326963
326965
326966
326971
326982
326983
326986
326990
326995
327012
327018
327026
327030
327039
327041
327041
327044
327048
327066
327069
327082
327087
327089
327092
327102
327104
327105
327106
327110
327110
327111
327122
327125
327130
327131
327134
327156
327160
327166
327168
327174
327174
327175
327176
327180
327183
327184
327184
327186
327191
327196
327197
327201
327203
327206
327218
327233
327240
327244
327250
327252
327254
327258
327258
327269
327271
327272
327275
327279
327282
327292
327294
327300
327305
327309
327311
327315
327319
327322
327324
327326
327327
327346
327349
327352
327352
327354
327363
327369
327369
327370
327371
327373
327374
327377
327384
327387
327396
327397
327401
327404
327407
327408
327414
327414
327419
327434
327439
327439
327454
327470
327477
327478
327488
327490
327502
327502
327504
327512
327514
327518
327522
327524
327546
327549
327562
327565
327573
327576
327578
327582
327583
327586
327597
327608
327608
327608
327611
327614
327615
327615
327623
327632
327637
327638
327646
327646
327652
327652
327656
327664
327668
327669
327676
327679
327679
327703
327728
327732
327741
327742
327742
327746
327749
327767
327769
327770
327771
327781
327786
327790
327802
327804
327805
327808
327811
327811
327817
327822
327826
327828
327830
327830
327832
327845
327846
327852
327860
327863
327881
327882
327887
327889
327892
327899
327900
327904
327905
327905
327907
327917
327920
327928
327929
327929
327932
327936
327941
327947
327952
327952
327960
327963
327966
327982
327985
327985
327990
328001
328008
328009
328019
328022
328053
328055
328063
328065
328080
328084
328092
328108
328111
328112
328116
328120
328121
328122
328134
328136
328140
328141
328141
328147
328150
328164
328185
328185
328189
328191
328193
328197
328200
328203
328205
328207
328213
328216
328225
328227
328234
328238
328239
328242
328244
328255
328268
328270
328276
328277
328286
328288
328299
328301
328305
328307
328309
328310
328310
328311
328318
328330
328337
328337
328339
328347
328348
328353
328355
328358
328358
328366
328371
328376
328377
328383
328384
328387
328392
328395
328399
328401
328405
328412
328420
328426
328438
328442
328443
328444
328454
328455
328459
328462
328464
328486
328487
328488
328489
328489
328501
328503
328514
328519
328519
328522
328522
328523
328527
328527
328532
328534
328540
328545
328548
328549
328552
328562
328569
328570
328576
328577
328596
328601
328602
328604
328609
328611
328611
328611
328612
328613
328613
328615
328625
328625
328629
328630
328635
328657
328663
328667
328668
328670
328671
328673
328675
328683
328693
328694
328701
328705
328709
328710
328728
328733
328746
328750
328753
328760
328763
328770
328775
328776
328779
328786
328797
328799
328809
328811
328811
328815
328830
328831
328839
328852
328855
328872
328875
328878
328880
328894
328900
328916
328922
328923
328935
328938
328939
328946
328949
328951
328961
328963
328969
328970
328971
328972
328974
328985
328989
328991
328997
328999
329002
329004
329020
329026
329054
329065
329072
329075
329079
329081
329087
329089
329092
329094
329111
329112
329118
329125
329135
329135
329138
329140
329141
329145
329147
329156
329159
329159
329160
329166
329169
329170
329174
329180
329185
329191
329201
329203
329205
329210
329235
329239
329242
329244
329250
329259
329262
329263
329272
329280
329281
329285
329287
329300
329307
329309
329326
329331
329332
329341
329355
329357
329360
329363
329374
329375
329381
329398
329402
329404
329411
329414
329414
329418
329422
329426
329430
329431
329438
329445
329452
329457
329461
329464
329471
329472
329475
329481
329493
329504
329511
329512
329513
329525
329534
329542
329545
329547
329549
329553
329554
329561
329571
329586
329594
329605
329610
329623
329624
329633
329637
329641
329646
329654
329659
329666
329673
329682
329686
329715
329719
329723
329739
329741
329741
329742
329750
329752
329759
329761
329766
329769
329770
329772
329772
329773
329790
329792
329792
329795
329797
329800
329800
329807
329809
329809
329813
329832
329835
329837
329839
329843
329848
329848
329855
329857
329859
329863
329864
329866
329867
329890
329891
329891
329892
329892
329893
329907
329922
329924
329925
329935
329944
329947
329956
329959
329965
329970
329994
330005
330014
330023
330030
330039
330041
330041
330042
330044
330047
330051
330054
330054
330059
330069
330070
330070
330071
330076
330090
330090
330095
330099
330102
330105
330106
330118
330121
330123
330126
330133
330135
330135
330136
330139
330140
330141
330144
330144
330145
330149
330152
330158
330164
330175
330189
330192
330192
330198
330202
330203
330206
330210
330215
330216
330218
330220
330222
330232
330232
330232
330238
330245
330249
330250
330251
330252
330255
330268
330270
330277
330281
330287
330302
330303
330304
330304
330316
330322
330323
330323
330325
330333
330335
330338
330352
330357
330363
330377
330383
330388
330389
330392
330394
330398
330423
330425
330425
330434
330444
330447
330448
330451
330463
330466
330475
330476
330481
330490
330496
330497
330501
330510
330515
330521
330537
330539
330540
330540
330543
330552
330555
330558
330568
330571
330572
330576
330580
330586
330591
330594
330611
330614
330615
330623
330625
330626
330627
330630
330634
330649
330650
330656
330656
330658
330665
330667
330679
330682
330683
330688
330689
330695
330697
330701
330708
330715
330717
330727
330727
330731
330732
330746
330761
330766
330778
330781
330789
330790
330794
330798
330800
330810
330812
330813
330814
330815
330818
330819
330820
330835
330837
330840
330846
330847
330850
330853
330857
330858
330861
330865
330879
330879
330886
330887
330887
330892
330894
330897
330899
330904
330904
330908
330911
330916
330925
330927
330929
330935
330936
330937
330941
330945
330947
330949
330949
330953
330953
330962
330963
330966
330969
330977
330981
330988
330998
331001
331001
331006
331007
331012
331025
331027
331029
331030
331033
331035
331040
331045
331053
331057
331074
331078
331079
331082
331083
331084
331086
331086
331094
331103
331107
331107
331108
331110
331118
331118
331126
331130
331134
331136
331141
331145
331146
331154
331155
331167
331175
331186
331186
331189
331198
331215
331219
331242
331247
331249
331252
331258
331269
331273
331279
331281
331284
331291
331295
331295
331297
331299
331300
331306
331313
331314
331320
331320
331321
331325
331331
331337
331337
331350
331363
331363
331368
331380
331388
331398
331400
331402
331406
331406
331413
331421
331422
331428
331428
331429
331437
331450
331458
331461
331468
331479
331486
331487
331494
331494
331499
331507
331515
331521
331530
331538
331540
331545
331546
331548
331550
331551
331553
331555
331569
331574
331581
331584
331585
331586
331592
331602
331609
331612
331626
331630
331638
331639
331640
331652
331654
331655
331658
331662
331684
331693
331698
331700
331702
331708
331709
331716
331724
331738
331740
331742
331748
331751
331755
331762
331764
331765
331766
331772
331776
331788
331790
331809
331815
331816
331822
331822
331835
331843
331844
331850
331854
331860
331878
331880
331890
331900
331905
331906
331906
331913
331921
331924
331926
331938
331967
331968
331974
331979
331986
331986
331986
331989
331993
332000
332005
332017
332020
332027
332028
332043
332044
332049
332049
332053
332061
332072
332077
332089
332090
332094
332099
332107
332107
332109
332109
332117
332120
332122
332127
332130
332130
332137
332145
332145
332147
332150
332152
332152
332156
332160
332163
332165
332170
332175
332177
332179
332186
332189
332196
332197
332199
332199
332201
332204
332211
332211
332214
332218
332228
332230
332230
332234
332241
332244
332248
332250
332255
332255
332256
332257
332260
332280
332282
332286
332295
332299
332309
332313
332317
332336
332343
332344
332348
332355
332361
332365
332365
332369
332371
332372
332377
332378
332382
332388
332390
332396
332412
332413
332420
332432
332454
332456
332460
332464
332465
332468
332471
332474
332480
332486
332501
332502
332503
332516
332520
332523
332524
332538
332543
332559
332564
332573
332577
332582
332587
332590
332596
332598
332599
332600
332600
332600
332610
332615
332618
332640
332640
332643
332647
332655
332655
332662
332665
332675
332682
332682
332686
332690
332705
332712
332713
332718
332732
332734
332739
332740
332742
332748
332753
332755
332769
332769
332779
332781
332786
332787
332799
332800
332807
332813
332821
332823
332828
332834
332835
332835
332836
332844
332844
332845
332848
332860
332874
332883
332900
332905
332919
332938
332950
332968
332981
332982
332983
332984
332988
333000
333002
333003
333017
333018
333021
333023
333023
333027
333027
333031
333033
333033
333034
333036
333036
333037
333039
333048
333070
333072
333075
333077
333078
333081
333082
333086
333088
333089
333090
333091
333096
333098
333105
333114
333117
333121
333123
333125
333126
333133
333135
333142
333149
333150
333156
333173
333182
333200
333219
333220
333224
333225
333226
333232
333236
333236
333240
333244
333248
333251
333251
333251
333274
333279
333279
333284
333297
333300
333308
333314
333315
333317
333320
333328
333331
333339
333340
333343
333346
333357
333364
333370
333372
333372
333381
333383
333390
333397
333405
333406
333406
333409
333409
333411
333417
333432
333443
333447
333451
333452
333463
333469
333477
333486
333489
333497
333504
333504
333508
333513
333521
333524
333527
333528
333546
333564
333564
333570
333581
333583
333583
333584
333592
333607
333609
333611
333628
333641
333642
333643
333652
333660
333668
333668
333676
333680
333684
333687
333690
333691
333696
333699
333703
333706
333706
333711
333714
333729
333731
333731
333736
333739
333743
333751
333754
333770
333772
333781
333785
333786
333787
333792
333796
333796
333797
333804
333805
333818
333821
333823
333827
333827
333846
333853
333854
333867
333871
333873
333875
333883
333892
333897
333914
333918
333922
333933
333943
333946
333948
333952
333960
333963
333967
333973
333978
333985
333997
333997
333999
334003
334003
334005
334021
334023
334024
334029
334031
334032
334040
334041
334042
334042
334050
334061
334064
334066
334075
334079
334079
334081
334082
334088
334090
334092
334109
334115
334117
334119
334122
334130
334131
334133
334148
334149
334152
334155
334169
334170
334171
334181
334183
334186
334194
334201
334202
334204
334207
334208
334212
334217
334223
334224
334224
334226
334226
334230
334232
334234
334235
334241
334255
334255
334257
334267
334267
334270
334274
334278
334278
334282
334285
334287
334296
334297
334301
334308
334310
334316
334322
334327
334330
334358
334358
334380
334381
334388
334402
334403
334406
334410
334416
334418
334420
334422
334456
334457
334461
334462
334472
334474
334491
334492
334493
334504
334513
334515
334521
334522
334524
334524
334528
334530
334541
334543
334547
334549
334553
334553
334557
334558
334558
334567
334568
334570
334576
334577
334579
334587
334588
334601
334603
334607
334611
334612
334618
334626
334635
334637
334648
334653
334660
334666
334670
334681
334691
334691
334692
334704
334710
334712
334720
334721
334726
334730
334732
334739
334741
334745
334750
334754
334756
334758
334760
334764
334766
334770
334775
334776
334783
334784
334786
334787
334791
334795
334803
334803
334804
334814
334816
334821
334826
334830
334831
334843
334849
334850
334851
334853
334856
334857
334873
334886
334893
334899
334903
334906
334906
334911
334912
334913
334915
334916
334919
334925
334926
334927
334931
334935
334941
334945
334950
334950
334952
334954
334956
334959
334963
334968
334980
334984
334990
334993
334998
334998
335005
335007
335009
335011
335019
335021
335026
335030
335034
335036
335045
335046
335050
335053
335054
335054
335060
335063
335063
335072
335075
335076
335081
335083
335090
335092
335092
335093
335105
335111
335123
335126
335131
335140
335144
335158
335160
335168
335168
335172
335173
335175
335179
335180
335184
335185
335190
335191
335191
335201
335205
335209
335211
335212
335232
335232
335232
335234
335245
335251
335256
335259
335263
335271
335275
335278
335281
335282
335300
335309
335328
335332
335342
335349
335352
335361
335362
335362
335376
335378
335387
335390
335392
335393
335407
335409
335412
335416
335424
335436
335453
335454
335457
335457
335468
335471
335472
335475
335477
335489
335491
335493
335498
335499
335501
335516
335521
335532
335535
335537
335546
335550
335557
335560
335565
335586
335591
335594
335602
335606
335607
335609
335612
335615
335622
335636
335639
335657
335676
335681
335690
335691
335692
335696
335699
335699
335702
335719
335736
335739
335739
335743
335744
335748
335759
335766
335766
335771
335772
335773
335777
335777
335778
335779
335786
335796
335803
335816
335823
335824
335829
335831
335835
335848
335850
335856
335856
335866
335867
335876
335878
335886
335893
335893
335895
335903
335904
335906
335919
335919
335926
335926
335930
335932
335933
335934
335937
335945
335948
335949
335952
335959
335963
335964
335970
335972
335975
335981
335983
335991
335997
335998
336006
336009
336009
336011
336013
336015
336017
336019
336033
336039
336042
336043
336044
336046
336048
336052
336057
336069
336071
336074
336076
336102
336105
336115
336120
336130
336140
336145
336148
336153
336159
336159
336161
336166
336167
336168
336171
336179
336185
336192
336194
336209
336209
336210
336213
336217
336220
336221
336226
336226
336234
336236
336247
336254
336259
336262
336270
336283
336290
336292
336297
336301
336309
336313
336319
336331
336333
336336
336340
336346
336349
336351
336352
336358
336367
336368
336370
336377
336379
336387
336389
336389
336392
336393
336397
336419
336420
336420
336430
336432
336438
336452
336452
336457
336457
336475
336481
336483
336487
336490
336504
336507
336508
336509
336509
336521
336523
336524
336533
336540
336548
336554
336555
336561
336583
336590
336591
336592
336602
336623
336645
336646
336676
336681
336684
336690
336700
336701
336711
336714
336719
336721
336726
336736
336739
336744
336749
336749
336753
336756
336783
336791
336793
336795
336796
336798
336805
336812
336817
336817
336818
336818
336821
336824
336825
336836
336838
336848
336856
336859
336866
336868
336874
336875
336880
336882
336886
336891
336892
336892
336896
336901
336903
336903
336913
336917
336920
336921
336921
336926
336936
336944
336950
336962
336963
336965
336970
336970
336972
336982
336987
336989
336993
337004
337006
337008
337014
337023
337027
337029
337032
337032
337043
337047
337049
337057
337076
337077
337083
337085
337098
337105
337110
337115
337118
337118
337121
337124
337126
337128
337131
337132
337139
337153
337157
337161
337187
337189
337195
337196
337198
337199
337202
337206
337214
337216
337220
337222
337229
337230
337237
337243
337255
337256
337258
337268
337277
337281
337284
337286
337291
337294
337294
337296
337296
337298
337306
337311
337321
337328
337338
337339
337342
337352
337353
337355
337357
337363
337368
337372
337378
337381
337385
337413
337420
337431
337444
337449
337458
337479
337483
337484
337485
337486
337488
337490
337492
337500
337500
337507
337511
337513
337515
337518
337527
337529
337531
337534
337541
337549
337561
337572
337575
337578
337579
337581
337583
337587
337590
337596
337600
337614
337617
337624
337625
337635
337636
337640
337642
337643
337647
337652
337655
337662
337678
337679
337692
337693
337704
337710
337711
337721
337730
337730
337735
337736
337739
337747
337751
337752
337752
337775
337779
337781
337791
337792
337793
337798
337800
337806
337813
337814
337815
337819
337821
337837
337851
337858
337858
337859
337862
337862
337868
337873
337874
337877
337883
337883
337888
337895
337903
337923
337928
337934
337941
337942
337953
337959
337959
337970
337983
337985
337988
337995
337996
337999
338005
338016
338028
338028
338045
338056
338057
338062
338063
338066
338080
338086
338090
338093
338114
338116
338118
338125
338129
338130
338133
338141
338142
338146
338148
338153
338158
338165
338167
338173
338175
338177
338178
338190
338205
338206
338207
338211
338215
338226
338228
338232
338238
338239
338242
338244
338259
338276
338276
338289
338294
338295
338296
338296
338297
338298
338302
338303
338303
338308
338312
338319
338321
338321
338330
338335
338342
338345
338350
338356
338356
338357
338374
338375
338381
338382
338395
338401
338401
338402
338407
338410
338411
338414
338414
338418
338426
338428
338430
338445
338468
338470
338473
338477
338477
338489
338495
338508
338516
338523
338523
338525
338527
338549
338552
338552
338582
338583
338589
338591
338592
338593
338604
338606
338630
338631
338633
338636
338639
338646
338650
338652
338654
338663
338669
338672
338677
338693
338698
338700
338702
338711
338711
338717
338722
338728
338729
338730
338733
338735
338739
338750
338754
338758
338760
338761
338761
338762
338762
338767
338770
338772
338773
338776
338779
338780
338787
338790
338794
338800
338800
338801
338808
338813
338815
338825
338833
338835
338837
338839
338843
338846
338846
338847
338861
338865
338865
338873
338886
338888
338893
338895
338896
338898
338899
338911
338912
338913
338920
338929
338929
338935
338938
338940
338944
338945
338951
338961
338964
338989
338990
338995
339000
339005
339013
339017
339017
339020
339023
339029
339033
339039
339042
339045
339053
339060
339075
339075
339080
339081
339084
339086
339088
339093
339093
339098
339099
339099
339105
339107
339119
339124
339131
339140
339148
339153
339156
339156
339165
339166
339171
339178
339187
339194
339196
339197
339199
339202
339218
339223
339224
339233
339233
339242
339242
339245
339245
339247
339250
339253
339256
339257
339257
339258
339267
339284
339288
339292
339298
339301
339303
339304
339305
339311
339311
339315
339316
339322
339324
339329
339331
339337
339343
339348
339357
339364
339368
339370
339374
339376
339381
339385
339394
339397
339403
339418
339420
339424
339425
339426
339432
339434
339436
339442
339443
339446
339448
339452
339454
339468
339471
339474
339480
339486
339493
339497
339513
339519
339525
339528
339542
339550
339557
339565
339566
339568
339569
339583
339588
339593
339596
339596
339615
339623
339624
339625
339632
339651
339652
339658
339664
339666
339671
339672
339674
339675
339677
339679
339687
339693
339694
339704
339704
339706
339709
339710
339719
339726
339728
339728
339732
339738
339754
339756
339763
339770
339787
339788
339789
339789
339795
339798
339804
339806
339807
339809
339813
339814
339816
339820
339827
339832
339839
339855
339856
339859
339874
339877
339879
339886
339886
339888
339891
339894
339899
339901
339903
339903
339907
339922
339924
339924
339927
339938
339941
339943
339944
339952
339963
339965
339966
339969
339974
339978
339989
340018
340025
340028
340035
340048
340048
340059
340064
340096
340103
340107
340111
340111
340116
340118
340118
340128
340133
340138
340140
340144
340144
340153
340156
340157
340160
340167
340171
340175
340181
340183
340185
340187
340189
340192
340197
340208
340211
340212
340215
340216
340223
340228
340229
340232
340234
340245
340247
340266
340274
340281
340287
340312
340316
340317
340317
340322
340323
340324
340333
340340
340348
340359
340365
340369
340372
340378
340382
340385
340389
340397
340398
340402
340418
340419
340430
340435
340435
340440
340444
340445
340449
340460
340461
340467
340473
340477
340478
340479
340483
340494
340496
340500
340503
340507
340514
340523
340525
340526
340528
340532
340533
340539
340562
340562
340569
340577
340578
340581
340582
340586
340591
340601
340607
340613
340619
340623
340629
340631
340635
340635
340642
340644
340649
340662
340666
340669
340673
340690
340693
340695
340696
340700
340710
340713
340714
340718
340720
340722
340723
340738
340750
340760
340762
340763
340769
340775
340776
340786
340787
340789
340802
340803
340803
340804
340806
340808
340812
340813
340814
340819
340820
340826
340827
340835
340836
340837
340841
340842
340851
340870
340873
340877
340887
340892
340892
340893
340910
340922
340922
340928
340934
340947
340950
340961
340962
340965
340966
340982
340985
340987
340990
340994
340996
340998
341000
341003
341007
341010
341012
341012
341023
341026
341036
341038
341042
341058
341059
341065
341076
341083
341099
341102
341105
341109
341116
341120
341124
341127
341128
341134
341135
341143
341146
341147
341149
341151
341153
341159
341160
341185
341190
341198
341203
341217
341223
341224
341227
341233
341233
341234
341235
341236
341237
341246
341254
341260
341265
341273
341284
341289
341297
341299
341299
341305
341308
341318
341330
341335
341343
341346
341349
341357
341357
341360
341365
341380
341389
341391
341392
341393
341407
341415
341419
341424
341425
341426
341428
341432
341432
341438
341438
341448
341455
341455
341456
341456
341458
341460
341494
341495
341503
341514
341521
341540
341548
341549
341561
341567
341573
341575
341577
341591
341604
341612
341618
341619
341622
341627
341631
341636
341642
341651
341653
341655
341661
341663
341667
341678
341681
341691
341695
341720
341721
341721
341727
341728
341732
341733
341738
341741
341741
341744
341750
341753
341761
341762
341772
341774
341780
341789
341792
341798
341801
341803
341807
341808
341819
341826
341827
341831
341832
341842
341846
341847
341850
341856
341867
341871
341884
341885
341885
341887
341909
341917
341938
341939
341944
341948
341967
341967
341969
341973
341974
341975
341975
341981
341989
341991
341993
342002
342003
342003
342004
342006
342014
342020
342020
342023
342027
342046
342051
342052
342053
342053
342056
342057
342057
342067
342070
342085
342091
342103
342105
342105
342115
342116
342118
342119
342123
342138
342139
342142
342145
342149
342151
342155
342161
342162
342166
342166
342169
342179
342188
342194
342201
342207
342214
342219
342221
342222
342223
342234
342235
342238
342243
342255
342256
342266
342272
342272
342276
342283
342286
342291
342298
342309
342315
342316
342317
342335
342344
342355
342357
342357
342359
342361
342367
342370
342379
342381
342387
342388
342389
342389
342390
342391
342396
342397
342402
342403
342404
342417
342419
342420
342427
342434
342445
342470
342475
342476
342478
342493
342507
342508
342523
342526
342530
342533
342543
342544
342550
342555
342565
342570
342576
342577
342591
342594
342605
342608
342613
342616
342619
342621
342622
342622
342627
342632
342633
342636
342654
342661
342668
342680
342690
342692
342694
342694
342700
342703
342711
342714
342722
342731
342737
342741
342741
342761
342761
342773
342774
342786
342799
342802
342813
342818
342820
342820
342827
342829
342831
342832
342837
342838
342840
342846
342853
342859
342861
342861
342862
342863
342864
342865
342868
342900
342904
342916
342918
342918
342922
342927
342929
342932
342935
342937
342939
342939
342944
342950
342950
342954
342966
342976
342982
342982
342983
342984
342985
342990
342995
342999
343008
343010
343029
343038
343043
343049
343050
343056
343057
343066
343070
343078
343083
343086
343088
343089
343095
343095
343110
343131
343134
343138
343139
343140
343142
343143
343143
343159
343167
343174
343181
343194
343197
343200
343202
343206
343209
343212
343224
343225
343230
343242
343247
343256
343264
343270
343278
343284
343291
343300
343314
343317
343319
343327
343336
343337
343340
343340
343358
343370
343384
343388
343389
343389
343392
343396
343397
343406
343417
343423
343434
343435
343436
343438
343442
343458
343458
343458
343461
343463
343466
343468
343472
343474
343485
343485
343485
343504
343506
343508
343518
343530
343534
343541
343542
343543
343550
343551
343557
343571
343574
343577
343583
343591
343591
343594
343595
343598
343603
343606
343607
343609
343610
343613
343617
343620
343621
343624
343636
343639
343641
343642
343645
343659
343659
343662
343663
343665
343668
343672
343675
343676
343680
343684
343685
343702
343705
343716
343717
343719
343730
343734
343745
343748
343751
343757
343761
343762
343765
343766
343769
343770
343771
343775
343795
343796
343801
343804
343807
343808
343817
343820
343840
343842
343843
343844
343847
343847
343855
343858
343858
343861
343868
343872
343889
343891
343893
343895
343901
343904
343905
343906
343907
343910
343911
343924
343932
343949
343949
343955
343964
343965
343971
343977
343977
343984
343987
343997
344013
344025
344026
344028
344029
344034
344038
344039
344041
344045
344047
344049
344055
344055
344057
344059
344060
344063
344065
344068
344072
344086
344087
344088
344092
344095
344098
344100
344101
344102
344108
344108
344123
344124
344129
344131
344141
344145
344146
344146
344154
344154
344158
344158
344173
344189
344191
344203
344203
344208
344213
344222
344222
344222
344235
344241
344244
344246
344263
344266
344266
344269
344275
344281
344284
344290
344290
344292
344293
344293
344299
344310
344311
344315
344320
344324
344332
344332
344340
344352
344355
344359
344361
344362
344363
344367
344368
344373
344378
344380
344382
344389
344390
344391
344393
344420
344420
344423
344425
344426
344426
344429
344435
344445
344450
344453
344459
344460
344473
344474
344486
344496
344504
344505
344513
344522
344523
344531
344539
344541
344541
344541
344542
344542
344560
344569
344571
344575
344585
344586
344587
344588
344589
344589
344609
344613
344613
344619
344624
344632
344633
344633
344638
344638
344643
344654
344656
344657
344659
344663
344669
344672
344676
344677
344688
344702
344703
344705
344709
344715
344730
344740
344748
344750
344764
344765
344791
344793
344794
344800
344801
344802
344804
344805
344806
344807
344809
344809
344818
344823
344827
344844
344850
344855
344859
344874
344875
344876
344877
344878
344882
344885
344893
344898
344898
344899
344906
344917
344917
344919
344920
344924
344933
344941
344942
344944
344952
344958
344963
344966
344971
344972
344973
344974
344981
344989
344992
344996
344996
344999
345003
345014
345018
345025
345038
345061
345065
345080
345081
345098
345106
345107
345110
345113
345114
345121
345122
345122
345130
345145
345147
345155
345162
345162
345164
345166
345167
345169
345175
345177
345179
345179
345181
345183
345184
345187
345192
345196
345196
345198
345203
345207
345213
345217
345218
345229
345239
345240
345245
345249
345249
345259
345265
345265
345267
345268
345268
345272
345275
345283
345285
345297
345304
345305
345312
345312
345314
345314
345324
345329
345341
345342
345344
345350
345352
345356
345367
345368
345373
345375
345375
345376
345382
345385
345387
345398
345398
345410
345415
345416
345423
345425
345437
345444
345450
345451
345455
345457
345469
345472
345476
345479
345489
345497
345507
345508
345511
345516
345518
345531
345532
345545
345562
345573
345573
345576
345578
345588
345588
345589
345603
345608
345608
345612
345615
345619
345623
345625
345635
345639
345659
345669
345670
345671
345672
345673
345674
345677
345680
345684
345687
345695
345701
345701
345703
345719
345722
345728
345736
345751
345752
345758
345760
345763
345768
345774
345774
345778
345780
345782
345783
345793
345797
345800
345812
345813
345814
345817
345827
345847
345847
345849
345853
345856
345857
345859
345859
345866
345870
345871
345878
345880
345893
345894
345905
345918
345922
345925
345929
345936
345937
345942
345951
345952
345956
345963
345964
345965
345966
345969
345978
345985
345989
345991
345997
346005
346009
346018
346019
346022
346031
346043
346052
346069
346070
346071
346077
346087
346088
346091
346093
346094
346111
346123
346126
346136
346138
346139
346143
346146
346149
346151
346152
346154
346164
346166
346167
346169
346173
346178
346192
346194
346195
346198
346199
346202
346204
346214
346217
346218
346219
346230
346234
346234
346236
346240
346241
346244
346251
346256
346258
346258
346269
346270
346277
346279
346285
346292
346300
346305
346306
346310
346314
346319
346319
346320
346322
346330
346332
346336
346342
346347
346349
346349
346352
346357
346361
346374
346380
346392
346399
346403
346406
346417
346425
346428
346429
346438
346460
346464
346471
346476
346482
346495
346497
346499
346501
346511
346513
346514
346515
346517
346520
346525
346527
346528
346537
346545
346547
346548
346549
346549
346557
346560
346565
346573
346575
346584
346590
346592
346600
346602
346616
346633
346636
346647
346649
346652
346653
346655
346664
346671
346671
346675
346681
346682
346684
346685
346686
346695
346695
346696
346698
346700
346710
346711
346727
346733
346737
346747
346754
346762
346763
346770
346776
346780
346781
346785
346791
346798
346799
346800
346800
346805
346809
346817
346830
346831
346833
346840
346847
346853
346860
346866
346868
346873
346874
346878
346878
346881
346885
346889
346896
346896
346898
346898
346901
346915
346916
346918
346924
346926
346933
346934
346935
346938
346939
346940
346949
346950
346951
346966
346967
346975
346982
346983
346989
346999
347000
347004
347005
347009
347019
347028
347042
347061
347070
347073
347083
347086
347089
347099
347104
347111
347120
347120
347126
347130
347131
347140
347143
347143
347146
347147
347147
347148
347149
347151
347158
347161
347165
347167
347168
347168
347174
347189
347190
347190
347193
347214
347216
347217
347236
347236
347238
347249
347251
347252
347254
347256
347257
347258
347259
347264
347264
347282
347284
347284
347287
347296
347296
347296
347306
347307
347309
347311
347312
347316
347322
347329
347332
347347
347356
347358
347360
347361
347367
347384
347391
347395
347395
347398
347400
347405
347420
347421
347422
347436
347441
347469
347469
347479
347480
347490
347503
347509
347512
347516
347520
347527
347529
347535
347536
347538
347539
347542
347544
347548
347550
347554
347555
347562
347567
347570
347571
347581
347585
347587
347599
347602
347603
347605
347605
347607
347612
347623
347627
347631
347637
347638
347642
347643
347651
347654
347668
347670
347678
347688
347688
347694
347703
347712
347715
347722
347729
347730
347731
347748
347752
347754
347760
347761
347764
347766
347787
347793
347800
347801
347807
347815
347819
347825
347831
347831
347832
347840
347845
347852
347857
347857
347867
347868
347874
347882
347882
347887
347891
347899
347905
347906
347906
347909
347912
347915
347924
347924
347926
347931
347933
347935
347937
347946
347946
347958
347960
347962
347962
347969
347972
347977
347984
348003
348011
348016
348018
348027
348028
348034
348034
348035
348045
348046
348051
348056
348059
348060
348067
348074
348074
348083
348084
348085
348091
348095
348101
348101
348103
348109
348123
348125
348129
348141
348149
348155
348156
348166
348169
348169
348182
348186
348191
348192
348193
348202
348203
348204
348204
348210
348212
348225
348228
348231
348232
348233
348236
348239
348242
348243
348244
348246
348248
348249
348252
348255
348259
348259
348265
348282
348283
348287
348291
348301
348302
348306
348313
348317
348325
348339
348340
348349
348353
348355
348364
348364
348377
348383
348393
348398
348398
348408
348410
348411
348421
348426
348427
348450
348453
348456
348458
348461
348477
348479
348496
348499
348502
348503
348504
348506
348511
348513
348521
348527
348535
348546
348550
348551
348567
348569
348571
348580
348582
348594
348600
348602
348614
348617
348622
348624
348626
348626
348632
348637
348646
348656
348666
348674
348677
348678
348678
348682
348683
348697
348699
348701
348705
348710
348711
348717
348719
348719
348720
348722
348734
348742
348747
348749
348749
348756
348765
348773
348774
348794
348805
348813
348813
348820
348822
348835
348836
348838
348842
348847
348849
348852
348861
348861
348862
348862
348876
348889
348898
348899
348917
348925
348930
348930
348932
348954
348957
348959
348972
348976
348983
348983
348985
348988
348988
348997
348997
349010
349022
349023
349028
349032
349032
349035
349045
349050
349052
349052
349073
349086
349088
349091
349092
349106
349111
349125
349126
349131
349133
349138
349141
349146
349153
349161
349162
349165
349172
349173
349176
349180
349182
349184
349185
349188
349192
349192
349198
349202
349203
349206
349208
349220
349225
349225
349230
349232
349239
349242
349247
349250
349256
349256
349258
349265
349274
349284
349292
349309
349310
349313
349321
349325
349330
349331
349331
349333
349333
349340
349341
349347
349351
349353
349353
349354
349366
349374
349379
349381
349388
349391
349395
349397
349413
349413
349417
349417
349419
349419
349428
349429
349430
349432
349435
349436
349442
349444
349445
349446
349448
349456
349457
349460
349466
349488
349493
349496
349496
349498
349514
349517
349527
349540
349540
349543
349546
349547
349550
349551
349551
349552
349554
349558
349560
349565
349569
349573
349595
349609
349609
349610
349613
349613
349629
349631
349635
349637
349637
349646
349651
349659
349660
349662
349667
349668
349669
349671
349673
349683
349694
349695
349699
349702
349706
349719
349720
349729
349734
349737
349741
349744
349758
349759
349766
349772
349782
349787
349788
349799
349800
349807
349810
349814
349817
349819
349824
349830
349844
349857
349864
349881
349901
349905
349906
349907
349912
349924
349927
349955
349973
349983
349983
349992
349993
349998
350004
350005
350015
350017
350019
350020
350023
350037
350041
350046
350052
350053
350055
350058
350061
350066
350072
350073
350079
350079
350080
350088
350095
350099
350107
350124
350126
350128
350128
350138
350147
350158
350164
350170
350182
350188
350192
350202
350209
350213
350216
350217
350219
350226
350227
350233
350233
350245
350246
350247
350249
350261
350262
350279
350284
350286
350288
350291
350294
350295
350302
350302
350305
350306
350310
350312
350313
350313
350314
350319
350321
350330
350331
350338
350349
350350
350381
350383
350388
350395
350400
350401
350404
350404
350407
350409
350417
350423
350430
350433
350436
350442
350444
350445
350448
350451
350458
350459
350461
350466
350470
350471
350477
350479
350481
350498
350499
350500
350501
350508
350511
350512
350514
350520
350524
350526
350529
350537
350543
350545
350546
350546
350547
350549
350549
350553
350561
350565
350565
350572
350574
350576
350580
350583
350587
350588
350590
350591
350595
350595
350603
350604
350605
350609
350612
350617
350639
350642
350660
350661
350667
350673
350674
350675
350680
350690
350692
350706
350711
350713
350720
350723
350729
350744
350745
350748
350753
350766
350773
350777
350779
350784
350784
350800
350813
350821
350839
350840
350841
350846
350855
350855
350858
350862
350869
350879
350882
350883
350884
350889
350892
350892
350898
350900
350907
350909
350912
350917
350922
350925
350940
350942
350945
350951
350954
350960
350960
350962
350970
350973
350986
350988
350993
351000
351000
351001
351004
351005
351006
351006
351023
351029
351034
351046
351049
351064
351068
351073
351075
351083
351083
351085
351087
351090
351101
351101
351114
351130
351135
351152
351154
351161
351166
351169
351179
351183
351193
351193
351201
351204
351214
351218
351219
351220
351221
351239
351245
351246
351248
351251
351253
351260
351261
351264
351265
351270
351276
351280
351290
351301
351306
351323
351333
351335
351348
351349
351349
351361
351362
351363
351368
351373
351377
351378
351383
351394
351394
351395
351396
351401
351405
351426
351429
351433
351433
351449
351451
351455
351460
351462
351470
351470
351485
351488
351490
351491
351493
351499
351509
351512
351515
351515
351519
351524
351527
351528
351530
351544
351549
351551
351557
351561
351571
351575
351581
351583
351585
351591
351597
351604
351608
351610
351622
351633
351636
351637
351644
351653
351656
351659
351664
351687
351696
351703
351709
351721
351721
351725
351729
351733
351734
351734
351737
351746
351752
351752
351764
351772
351782
351784
351786
351794
351797
351797
351797
351805
351805
351812
351820
351821
351827
351828
351840
351847
351848
351849
351850
351857
351857
351858
351861
351862
351878
351880
351880
351890
351894
351904
351907
351919
351925
351930
351943
351952
351959
351963
351966
351970
351970
351975
351982
351988
352001
352005
352007
352008
352008
352009
352017
352021
352021
352038
352043
352044
352067
352067
352069
352071
352072
352072
352096
352097
352111
352112
352120
352125
352130
352149
352158
352159
352160
352170
352175
352186
352187
352189
352193
352197
352198
352207
352215
352216
352217
352217
352219
352224
352227
352237
352245
352245
352245
352255
352261
352273
352281
352283
352285
352286
352293
352297
352297
352302
352303
352304
352314
352319
352321
352323
352324
352330
352332
352335
352339
352351
352360
352360
352366
352368
352372
352373
352378
352379
352380
352382
352383
352383
352387
352399
352410
352410
352413
352416
352421
352421
352431
352440
352444
352453
352456
352458
352465
352472
352474
352478
352482
352482
352484
352490
352491
352497
352499
352507
352511
352512
352513
352524
352525
352527
352530
352536
352541
352543
352544
352545
352550
352552
352559
352562
352563
352583
352585
352586
352589
352592
352597
352600
352606
352610
352611
352616
352618
352625
352625
352627
352629
352640
352642
352645
352647
352653
352661
352687
352691
352692
352699
352706
352708
352710
352718
352735
352743
352747
352752
352771
352776
352783
352783
352785
352793
352794
352799
352800
352801
352801
352822
352825
352839
352855
352856
352874
352878
352886
352891
352905
352906
352921
352932
352934
352935
352937
352938
352939
352940
352942
352944
352953
352959
352964
352976
352976
352993
352993
353002
353017
353052
353056
353074
353076
353077
353088
353100
353134
353135
353135
353136
353153
353171
353178
353184
353187
353188
353202
353204
353208
353220
353223
353224
353225
353232
353234
353236
353239
353241
353242
353246
353257
353258
353264
353272
353274
353281
353287
353290
353294
353321
353322
353323
353331
353344
353346
353350
353352
353360
353361
353364
353366
353366
353367
353371
353373
353375
353385
353403
353403
353404
353411
353414
353429
353432
353442
353446
353469
353474
353490
353493
353494
353501
353512
353514
353519
353520
353520
353523
353524
353529
353529
353530
353532
353547
353549
353551
353551
353556
353562
353564
353564
353564
353569
353583
353584
353587
353593
353612
353614
353619
353628
353628
353633
353633
353636
353647
353649
353663
353666
353674
353677
353681
353683
353684
353684
353687
353696
353696
353700
353708
353714
353716
353718
353731
353736
353738
353739
353741
353751
353752
353759
353762
353774
353775
353776
353780
353781
353782
353782
353791
353792
353795
353799
353803
353804
353804
353817
353823
353825
353826
353830
353833
353834
353838
353845
353846
353859
353864
353869
353873
353879
353881
353887
353889
353895
353898
353907
353907
353921
353933
353938
353943
353951
353956
353957
353960
353963
353964
353965
353973
353974
353975
353976
353976
353982
353983
353983
353997
354007
354007
354008
354009
354013
354029
354030
354031
354036
354038
354041
354043
354046
354049
354061
354065
354068
354069
354075
354077
354084
354094
354096
354139
354140
354142
354163
354165
354171
354172
354174
354184
354198
354208
354220
354224
354230
354237
354239
354240
354240
354242
354250
354263
354270
354273
354283
354291
354297
354301
354306
354319
354326
354327
354331
354333
354350
354351
354354
354355
354357
354362
354363
354383
354392
354411
354414
354417
354421
354421
354436
354437
354443
354446
354447
354456
354459
354463
354465
354470
354482
354489
354489
354489
354495
354495
354496
354502
354513
354514
354516
354519
354521
354524
354528
354531
354553
354567
354584
354584
354593
354597
354607
354612
354612
354615
354624
354624
354627
354627
354635
354639
354643
354653
354654
354657
354666
354672
354678
354697
354705
354705
354714
354731
354732
354734
354735
354739
354741
354747
354748
354749
354750
354759
354764
354765
354773
354777
354779
354786
354789
354789
354793
354797
354798
354808
354808
354812
354835
354836
354842
354855
354860
354862
354863
354877
354880
354880
354886
354896
354903
354903
354904
354906
354909
354918
354919
354922
354933
354934
354936
354938
354938
354941
354941
354942
354949
354956
354967
354968
354971
354989
354994
355005
355007
355013
355017
355018
355019
355025
355034
355038
355040
355040
355049
355053
355054
355056
355058
355059
355067
355080
355082
355083
355085
355088
355089
355096
355098
355103
355105
355117
355120
355121
355123
355127
355131
355133
355140
355142
355148
355157
355165
355171
355172
355173
355175
355176
355182
355185
355186
355197
355213
355214
355222
355223
355227
355228
355228
355234
355239
355243
355247
355248
355252
355252
355256
355258
355259
355272
355272
355280
355281
355285
355286
355297
355305
355311
355317
355320
355330
355341
355345
355355
355364
355370
355371
355371
355374
355379
355381
355385
355388
355389
355395
355404
355421
355424
355429
355433
355436
355443
355448
355449
355450
355455
355455
355455
355461
355462
355465
355481
355482
355483
355485
355486
355486
355488
355488
355491
355491
355495
355512
355524
355529
355530
355534
355556
355566
355566
355568
355569
355569
355572
355573
355577
355583
355584
355591
355605
355610
355615
355618
355625
355625
355626
355630
355631
355639
355641
355644
355669
355675
355677
355679
355686
355687
355699
355711
355716
355718
355725
355728
355729
355737
355738
355745
355749
355755
355760
355761
355764
355767
355776
355780
355785
355785
355787
355794
355801
355815
355820
355827
355829
355840
355842
355843
355855
355867
355881
355883
355886
355886
355888
355890
355900
355904
355906
355909
355910
355914
355937
355939
355943
355944
355945
355948
355950
355957
355961
355962
355966
355979
355988
355989
355990
355992
355996
356016
356018
356026
356031
356033
356034
356036
356050
356052
356060
356060
356065
356069
356083
356083
356087
356090
356103
356105
356112
356113
356116
356116
356116
356119
356119
356127
356132
356135
356135
356147
356148
356149
356149
356151
356162
356165
356168
356172
356184
356185
356186
356195
356212
356221
356221
356230
356231
356233
356234
356239
356239
356269
356281
356298
356306
356309
356325
356338
356343
356347
356356
356373
356385
356394
356397
356405
356405
356407
356415
356415
356424
356426
356428
356429
356433
356439
356455
356460
356470
356471
356475
356476
356483
356484
356485
356493
356496
356497
356498
356500
356511
356517
356517
356523
356529
356543
356552
356559
356567
356570
356573
356579
356581
356582
356583
356591
356597
356601
356614
356620
356620
356625
356629
356648
356650
356653
356655
356665
356666
356671
356671
356672
356686
356691
356693
356697
356704
356706
356711
356714
356715
356717
356717
356719
356726
356740
356743
356746
356750
356752
356765
356769
356776
356789
356790
356798
356801
356804
356805
356815
356816
356818
356819
356823
356835
356841
356847
356850
356850
356852
356858
356859
356861
356863
356868
356884
356886
356888
356891
356901
356903
356903
356909
356910
356916
356918
356919
356927
356930
356931
356935
356942
356948
356950
356956
356962
356970
356982
356995
357005
357030
357036
357039
357047
357049
357054
357054
357063
357071
357074
357077
357087
357092
357100
357109
357112
357116
357119
357119
357121
357123
357125
357129
357131
357136
357143
357145
357145
357153
357154
357159
357169
357173
357183
357183
357190
357190
357192
357199
357199
357201
357201
357203
357209
357210
357216
357228
357228
357236
357238
357242
357246
357247
357253
357258
357268
357273
357289
357291
357294
357295
357297
357303
357307
357309
357332
357337
357338
357338
357354
357362
357363
357364
357365
357368
357372
357372
357376
357382
357385
357398
357400
357401
357403
357420
357435
357439
357444
357450
357451
357453
357453
357458
357461
357468
357473
357476
357483
357489
357495
357497
357509
357512
357523
357530
357539
357540
357543
357557
357565
357568
357568
357575
357580
357582
357584
357598
357607
357610
357610
357614
357621
357623
357626
357632
357635
357636
357637
357639
357640
357641
357642
357652
357657
357661
357666
357667
357668
357672
357677
357692
357692
357698
357702
357703
357709
357711
357711
357712
357713
357714
357715
357716
357718
357726
357734
357734
357748
357753
357756
357759
357762
357765
357767
357771
357773
357774
357777
357782
357794
357805
357812
357822
357823
357828
357829
357832
357837
357841
357842
357842
357846
357851
357862
357862
357864
357870
357870
357874
357881
357892
357908
357911
357919
357924
357936
357944
357953
357960
357965
357973
357974
357987
357997
358004
358024
358027
358033
358035
358037
358038
358041
358048
358057
358059
358059
358066
358067
358071
358071
358078
358079
358080
358083
358086
358098
358100
358102
358103
358111
358112
358117
358117
358119
358119
358120
358127
358133
358139
358153
358153
358155
358170
358172
358173
358173
358174
358178
358180
358183
358184
358190
358192
358192
358198
358206
358217
358219
358222
358222
358222
358233
358253
358256
358258
358268
358275
358280
358281
358284
358284
358285
358286
358287
358289
358297
358313
358320
358327
358334
358335
358336
358341
358344
358348
358357
358359
358363
358371
358372
358377
358380
358381
358384
358396
358396
358404
358408
358409
358415
358422
358424
358425
358432
358446
358452
358454
358463
358481
358482
358482
358487
358487
358498
358501
358504
358504
358505
358509
358529
358535
358537
358537
358538
358540
358544
358545
358546
358548
358548
358556
358559
358560
358560
358560
358561
358567
358570
358573
358577
358583
358584
358593
358595
358596
358601
358603
358607
358612
358616
358636
358638
358639
358640
358642
358644
358646
358655
358665
358673
358681
358683
358687
358688
358690
358696
358711
358725
358745
358747
358758
358762
358767
358768
358770
358773
358773
358773
358775
358776
358777
358779
358782
358786
358796
358812
358814
358816
358824
358827
358853
358860
358872
358873
358876
358877
358886
358886
358889
358892
358893
358896
358901
358909
358919
358920
358937
358947
358956
358968
358969
358984
358985
358987
358990
358990
359003
359012
359012
359013
359018
359025
359030
359031
359032
359037
359040
359052
359056
359059
359061
359073
359076
359076
359081
359084
359086
359087
359088
359098
359099
359101
359102
359108
359111
359112
359116
359122
359123
359125
359125
359127
359129
359134
359137
359138
359145
359153
359155
359156
359156
359159
359160
359166
359170
359174
359175
359176
359184
359189
359191
359194
359196
359208
359209
359213
359213
359239
359240
359242
359258
359265
359265
359267
359275
359279
359281
359284
359285
359289
359294
359298
359307
359309
359311
359314
359323
359326
359335
359347
359354
359357
359359
359361
359369
359375
359375
359379
359380
359383
359394
359404
359412
359414
359416
359423
359425
359426
359431
359437
359442
359468
359473
359475
359479
359486
359486
359490
359491
359494
359498
359506
359511
359512
359515
359516
359524
359542
359542
359543
359550
359556
359557
359562
359576
359577
359582
359591
359592
359594
359604
359611
359611
359613
359616
359619
359622
359629
359644
359648
359650
359657
359657
359666
359668
359671
359672
359675
359681
359687
359689
359691
359692
359703
359705
359708
359713
359713
359716
359723
359724
359735
359736
359739
359739
359742
359755
359759
359763
359764
359768
359769
359770
359770
359776
359781
359787
359794
359803
359804
359807
359816
359820
359821
359824
359827
359833
359844
359844
359845
359849
359850
359850
359854
359855
359856
359875
359878
359881
359889
359889
359899
359900
359902
359912
359919
359919
359928
359931
359934
359939
359947
359956
359956
359966
359970
359973
359975
359985
359987
359989
359990
359992
359997
359997
360009
360011
360032
360035
360040
360046
360048
360048
360052
360054
360070
360075
360081
360083
360087
360087
360090
360095
360100
360114
360116
360152
360152
360154
360155
360157
360164
360187
360189
360192
360192
360193
360197
360207
360208
360212
360216
360225
360233
360235
360238
360239
360251
360253
360260
360260
360266
360273
360277
360278
360279
360280
360293
360294
360301
360301
360304
360312
360316
360322
360333
360334
360335
360343
360351
360353
360355
360370
360372
360375
360381
360393
360401
360404
360406
360407
360408
360435
360447
360455
360455
360455
360461
360462
360468
360473
360474
360477
360482
360483
360493
360495
360505
360513
360513
360527
360532
360538
360545
360554
360554
360554
360560
360567
360574
360577
360582
360586
360590
360599
360601
360607
360609
360613
360613
360616
360619
360625
360629
360631
360636
360638
360638
360647
360653
360659
360660
360663
360664
360673
360679
360684
360688
360691
360692
360698
360708
360709
360710
360721
360727
360731
360736
360740
360747
360749
360749
360762
360765
360765
360767
360768
360768
360769
360771
360772
360777
360778
360785
360786
360792
360793
360800
360801
360805
360808
360810
360810
360813
360814
360814
360818
360819
360823
360829
360832
360834
360838
360839
360853
360855
360860
360867
360869
360876
360877
360880
360888
360895
360909
360911
360912
360915
360918
360919
360921
360923
360933
360936
360946
360947
360956
360966
360977
360978
360980
360990
360991
360993
360996
361003
361003
361005
361006
361014
361014
361028
361039
361043
361045
361048
361051
361054
361088
361093
361098
361099
361107
361112
361115
361116
361118
361119
361124
361127
361128
361128
361130
361132
361132
361137
361139
361139
361146
361148
361148
361149
361149
361150
361159
361166
361174
361177
361185
361186
361189
361195
361197
361200
361213
361214
361215
361224
361239
361241
361242
361244
361249
361253
361266
361270
361275
361283
361286
361293
361304
361304
361307
361309
361316
361316
361320
361322
361328
361329
361332
361334
361340
361341
361341
361372
361373
361376
361376
361378
361378
361387
361390
361405
361410
361411
361422
361430
361431
361432
361436
361443
361444
361456
361475
361477
361478
361488
361492
361495
361496
361499
361504
361504
361507
361509
361509
361528
361531
361532
361540
361540
361542
361543
361559
361562
361573
361584
361586
361609
361615
361615
361619
361627
361637
361644
361652
361652
361655
361663
361674
361675
361678
361678
361690
361690
361691
361698
361713
361716
361717
361720
361724
361726
361743
361743
361744
361744
361753
361761
361763
361766
361778
361780
361798
361798
361800
361809
361809
361819
361823
361825
361836
361836
361837
361852
361852
361853
361854
361867
361872
361876
361876
361877
361877
361879
361883
361889
361894
361895
361900
361901
361901
361906
361909
361909
361910
361913
361920
361922
361923
361928
361930
361959
361976
361977
361987
361989
361995
362003
362010
362012
362020
362021
362021
362034
362038
362043
362054
362061
362067
362068
362069
362071
362073
362080
362093
362096
362099
362099
362107
362108
362116
362128
362132
362139
362146
362149
362150
362152
362162
362167
362171
362185
362185
362193
362193
362210
362210
362211
362212
362221
362222
362230
362235
362237
362241
362244
362249
362251
362252
362253
362262
362265
362266
362268
362282
362292
362295
362303
362313
362314
362316
362319
362322
362324
362324
362334
362334
362341
362352
362352
362369
362370
362371
362371
362384
362384
362385
362388
362388
362393
362393
362402
362411
362416
362425
362425
362426
362431
362432
362441
362441
362442
362443
362453
362457
362459
362461
362468
362470
362484
362489
362493
362496
362499
362506
362510
362512
362515
362519
362521
362526
362532
362533
362545
362565
362570
362574
362574
362577
362578
362583
362591
362600
362608
362633
362634
362639
362640
362641
362641
362643
362645
362651
362655
362655
362656
362657
362667
362672
362673
362678
362681
362684
362685
362687
362695
362701
362727
362727
362735
362739
362745
362745
362750
362752
362760
362766
362771
362782
362787
362789
362790
362794
362800
362805
362810
362823
362828
362831
362837
362838
362842
362851
362854
362857
362864
362864
362873
362885
362890
362893
362895
362898
362899
362904
362909
362911
362913
362913
362927
362934
362934
362937
362946
362951
362960
362965
362972
362974
362982
362984
362986
363010
363020
363032
363034
363036
363038
363049
363070
363072
363076
363088
363090
363094
363098
363099
363106
363110
363116
363117
363136
363136
363138
363143
363147
363162
363166
363171
363174
363176
363179
363182
363187
363190
363193
363196
363201
363201
363205
363206
363208
363226
363226
363231
363234
363237
363242
363252
363259
363262
363263
363269
363269
363272
363278
363282
363285
363297
363298
363312
363313
363314
363321
363326
363336
363352
363357
363359
363359
363360
363365
363365
363373
363374
363375
363384
363411
363417
363419
363421
363428
363432
363437
363442
363447
363451
363453
363456
363460
363465
363472
363473
363481
363482
363482
363488
363492
363494
363498
363506
363509
363511
363511
363515
363527
363534
363537
363539
363540
363543
363548
363554
363569
363570
363571
363571
363577
363588
363590
363602
363602
363604
363606
363608
363612
363615
363628
363628
363633
363634
363635
363639
363644
363645
363650
363661
363662
363666
363666
363680
363681
363682
363683
363685
363693
363693
363701
363717
363728
363734
363735
363745
363745
363746
363751
363760
363761
363767
363768
363768
363771
363772
363775
363793
363794
363795
363802
363804
363811
363811
363812
363812
363821
363822
363827
363830
363830
363837
363839
363840
363840
363863
363864
363876
363877
363879
363881
363883
363896
363902
363903
363903
363910
363919
363923
363928
363930
363933
363935
363944
363953
363957
363963
363964
363965
363966
363978
363987
363988
363989
363989
363994
363995
363995
363995
364004
364008
364015
364016
364022
364024
364037
364042
364064
364073
364076
364079
364082
364085
364114
364115
364119
364129
364135
364136
364142
364144
364149
364152
364156
364158
364158
364166
364177
364181
364185
364186
364203
364207
364207
364216
364220
364221
364227
364243
364247
364249
364256
364258
364259
364265
364265
364292
364295
364299
364300
364302
364307
364308
364316
364320
364323
364328
364341
364364
364389
364391
364392
364393
364398
364408
364408
364420
364421
364426
364427
364430
364434
364435
364435
364437
364445
364452
364452
364455
364456
364457
364462
364467
364467
364469
364469
364470
364476
364485
364492
364493
364494
364499
364503
364506
364519
364528
364530
364531
364535
364549
364552
364570
364571
364580
364581
364584
364584
364586
364587
364588
364591
364615
364615
364617
364622
364622
364629
364632
364632
364637
364638
364642
364644
364653
364659
364669
364671
364671
364675
364680
364681
364688
364694
364698
364702
364707
364721
364724
364725
364727
364735
364736
364738
364743
364746
364755
364769
364771
364775
364778
364781
364784
364787
364787
364797
364800
364804
364805
364809
364810
364814
364817
364819
364824
364824
364826
364830
364838
364845
364847
364849
364851
364859
364861
364865
364876
364877
364879
364879
364881
364884
364888
364889
364890
364892
364894
364896
364898
364904
364908
364917
364923
364927
364929
364933
364934
364939
364945
364947
364953
364957
364959
364960
364961
364970
364974
364975
364979
364984
364986
364997
365003
365009
365015
365018
365020
365029
365048
365052
365058
365064
365071
365073
365075
365078
365086
365091
365096
365097
365099
365103
365106
365107
365108
365125
365128
365130
365131
365135
365137
365150
365158
365158
365159
365161
365162
365162
365165
365169
365169
365175
365175
365178
365181
365202
365203
365210
365217
365221
365224
365225
365229
365242
365244
365250
365259
365265
365270
365282
365297
365297
365298
365298
365299
365310
365317
365321
365334
365341
365342
365347
365352
365355
365356
365358
365372
365372
365379
365380
365388
365400
365408
365408
365408
365410
365420
365434
365438
365440
365443
365446
365450
365466
365471
365473
365476
365485
365487
365488
365489
365494
365497
365498
365505
365507
365511
365513
365519
365555
365556
365559
365564
365565
365565
365569
365572
365584
365596
365600
365611
365612
365613
365616
365616
365625
365632
365634
365640
365645
365646
365650
365654
365658
365659
365661
365665
365668
365668
365670
365672
365674
365679
365685
365686
365687
365703
365712
365723
365724
365733
365738
365752
365753
365753
365769
365784
365784
365792
365794
365794
365795
365798
365799
365809
365813
365817
365820
365821
365826
365828
365830
365836
365839
365851
365853
365854
365856
365856
365856
365862
365871
365876
365884
365893
365895
365901
365907
365909
365916
365922
365926
365933
365938
365952
365964
366000
366006
366008
366008
366018
366018
366023
366024
366027
366035
366036
366040
366042
366054
366058
366072
366076
366082
366086
366086
366087
366089
366091
366091
366094
366096
366097
366106
366111
366125
366133
366160
366172
366191
366192
366198
366203
366205
366206
366211
366216
366220
366223
366227
366228
366232
366232
366241
366243
366243
366251
366257
366284
366291
366291
366297
366304
366305
366305
366308
366314
366324
366325
366326
366327
366339
366346
366365
366374
366383
366391
366397
366398
366413
366414
366424
366429
366436
366438
366440
366442
366442
366443
366444
366447
366447
366447
366448
366449
366449
366450
366453
366454
366461
366467
366469
366477
366479
366481
366487
366487
366487
366489
366490
366490
366493
366498
366514
366526
366526
366530
366531
366541
366544
366545
366559
366573
366584
366585
366596
366617
366620
366621
366629
366632
366642
366643
366648
366650
366654
366657
366659
366666
366678
366682
366689
366689
366707
366715
366719
366724
366730
366730
366734
366757
366759
366765
366766
366767
366767
366769
366770
366782
366790
366800
366814
366817
366818
366819
366822
366825
366827
366831
366831
366832
366833
366838
366841
366842
366842
366845
366845
366845
366852
366853
366857
366860
366862
366865
366866
366875
366884
366890
366896
366899
366903
366919
366924
366928
366932
366934
366951
366953
366961
366975
366983
366985
367002
367010
367013
367013
367018
367018
367021
367023
367024
367030
367035
367039
367043
367043
367049
367060
367067
367071
367080
367082
367082
367084
367086
367091
367108
367119
367121
367123
367123
367130
367134
367141
367148
367152
367154
367165
367166
367169
367171
367173
367174
367178
367180
367189
367213
367219
367219
367224
367226
367231
367240
367240
367242
367243
367247
367255
367257
367261
367262
367264
367266
367271
367275
367279
367282
367287
367291
367295
367301
367304
367304
367308
367309
367309
367316
367320
367320
367323
367323
367328
367329
367330
367332
367341
367345
367365
367365
367380
367387
367391
367392
367406
367417
367420
367424
367429
367438
367465
367470
367481
367489
367496
367500
367503
367505
367507
367508
367509
367514
367517
367519
367528
367531
367535
367536
367537
367551
367551
367558
367564
367565
367565
367570
367578
367591
367593
367595
367602
367605
367608
367612
367619
367628
367629
367631
367640
367643
367652
367675
367680
367682
367691
367700
367702
367719
367722
367722
367734
367735
367738
367739
367750
367754
367757
367760
367764
367767
367779
367780
367783
367794
367800
367808
367811
367812
367821
367822
367824
367831
367834
367836
367837
367837
367840
367845
367845
367846
367857
367863
367868
367882
367882
367891
367893
367902
367905
367910
367914
367916
367918
367920
367921
367924
367948
367951
367963
367984
367985
367989
367991
368013
368018
368023
368037
368049
368053
368056
368061
368065
368065
368072
368073
368073
368074
368086
368091
368095
368107
368109
368114
368129
368130
368136
368138
368142
368144
368150
368150
368151
368153
368159
368174
368187
368194
368208
368208
368212
368214
368220
368222
368223
368228
368231
368240
368243
368250
368250
368254
368267
368270
368273
368276
368280
368297
368299
368304
368306
368313
368314
368315
368316
368318
368326
368332
368338
368349
368356
368366
368369
368373
368374
368376
368380
368389
368391
368394
368397
368401
368402
368407
368410
368419
368420
368422
368436
368439
368441
368454
368470
368474
368474
368481
368497
368498
368511
368513
368514
368514
368531
368535
368548
368557
368564
368569
368571
368577
368583
368584
368584
368587
368589
368597
368608
368619
368629
368633
368636
368639
368640
368647
368649
368653
368656
368657
368657
368660
368660
368709
368713
368714
368715
368718
368719
368721
368721
368727
368728
368728
368738
368741
368741
368741
368753
368767
368773
368774
368776
368778
368780
368785
368788
368789
368790
368805
368811
368817
368820
368824
368829
368834
368839
368841
368844
368850
368853
368855
368878
368887
368892
368894
368894
368895
368895
368896
368899
368901
368904
368906
368908
368915
368918
368919
368925
368927
368930
368936
368941
368944
368949
368954
368955
368955
368963
368970
368970
368974
368977
368980
368986
368988
368999
369007
369007
369009
369011
369012
369022
369023
369026
369027
369034
369035
369035
369037
369039
369049
369053
369055
369058
369074
369074
369090
369091
369092
369099
369099
369102
369102
369108
369109
369132
369141
369144
369146
369148
369149
369151
369156
369167
369171
369172
369172
369182
369187
369210
369216
369224
369230
369231
369231
369233
369234
369235
369236
369240
369245
369249
369251
369254
369263
369264
369270
369284
369287
369289
369290
369290
369292
369293
369293
369299
369301
369303
369311
369320
369343
369349
369351
369357
369361
369365
369368
369370
369373
369377
369378
369383
369387
369391
369395
369395
369399
369401
369402
369410
369417
369423
369430
369430
369431
369432
369432
369434
369435
369443
369454
369456
369457
369469
369475
369487
369489
369490
369499
369515
369520
369523
369524
369537
369541
369546
369549
369555
369561
369567
369572
369576
369585
369586
369586
369602
369603
369603
369606
369609
369612
369618
369622
369627
369628
369631
369632
369634
369642
369642
369650
369660
369660
369665
369684
369697
369726
369728
369729
369729
369730
369730
369732
369732
369734
369739
369746
369748
369752
369756
369761
369762
369774
369775
369780
369781
369785
369790
369796
369800
369808
369810
369814
369815
369815
369819
369819
369820
369822
369828
369829
369831
369840
369841
369842
369847
369858
369860
369865
369881
369890
369890
369896
369896
369913
369917
369922
369935
369947
369956
369958
369958
369961
369963
369966
369973
369974
369984
369988
369994
370009
370010
370013
370020
370027
370030
370031
370031
370034
370037
370043
370044
370046
370046
370048
370052
370054
370055
370058
370058
370062
370067
370069
370081
370083
370085
370092
370098
370104
370104
370106
370110
370111
370111
370121
370124
370126
370128
370130
370132
370137
370143
370144
370145
370148
370153
370154
370161
370162
370162
370168
370168
370179
370212
370214
370223
370225
370233
370243
370244
370245
370245
370247
370253
370253
370254
370259
370260
370262
370265
370267
370270
370279
370281
370282
370290
370296
370301
370304
370306
370308
370312
370317
370319
370324
370327
370329
370335
370338
370347
370349
370354
370355
370356
370370
370373
370378
370380
370388
370398
370401
370403
370409
370411
370420
370421
370425
370433
370437
370444
370449
370452
370456
370456
370461
370472
370474
370474
370480
370485
370488
370492
370494
370495
370495
370500
370509
370517
370517
370525
370526
370530
370536
370539
370540
370541
370546
370552
370558
370564
370570
370571
370571
370578
370584
370587
370588
370593
370595
370603
370605
370606
370606
370607
370616
370632
370633
370654
370665
370666
370671
370672
370673
370674
370675
370686
370689
370690
370699
370707
370707
370713
370722
370736
370738
370742
370743
370759
370760
370769
370769
370771
370771
370778
370781
370788
370792
370800
370807
370810
370812
370837
370845
370845
370849
370852
370865
370865
370867
370870
370878
370881
370892
370892
370900
370918
370921
370947
370947
370949
370962
370965
370968
370971
370974
370977
370978
370978
370985
370997
370998
371001
371006
371006
371007
371009
371012
371014
371038
371040
371042
371044
371047
371049
371052
371059
371069
371071
371073
371075
371078
371078
371079
371080
371081
371091
371095
371098
371102
371102
371103
371121
371131
371143
371143
371150
371151
371159
371164
371165
371166
371168
371173
371175
371184
371186
371186
371186
371191
371195
371205
371205
371209
371213
371222
371228
371230
371236
371245
371252
371256
371260
371262
371265
371268
371271
371276
371277
371277
371278
371286
371296
371300
371301
371302
371306
371308
371311
371325
371329
371339
371340
371348
371351
371360
371362
371367
371382
371392
371399
371400
371400
371410
371426
371432
371433
371438
371442
371443
371446
371446
371448
371448
371452
371464
371467
371470
371473
371479
371481
371483
371487
371495
371500
371505
371507
371509
371518
371542
371543
371548
371553
371559
371560
371564
371567
371571
371573
371574
371575
371581
371583
371586
371586
371591
371591
371599
371603
371615
371616
371623
371632
371636
371637
371638
371643
371644
371644
371650
371651
371660
371662
371664
371668
371673
371686
371687
371687
371694
371701
371702
371705
371706
371711
371712
371719
371734
371738
371739
371743
371755
371758
371759
371769
371786
371786
371794
371801
371802
371804
371805
371814
371814
371823
371839
371844
371846
371854
371856
371857
371867
371872
371874
371874
371876
371880
371885
371886
371887
371888
371902
371903
371905
371918
371922
371928
371928
371932
371939
371946
371958
371968
371969
371978
371990
371991
371996
372018
372022
372029
372034
372038
372043
372046
372055
372057
372058
372064
372068
372070
372071
372074
372077
372081
372095
372096
372115
372119
372128
372130
372132
372141
372167
372179
372180
372183
372183
372184
372184
372187
372195
372201
372207
372212
372213
372217
372229
372236
372244
372279
372289
372290
372311
372316
372332
372334
372335
372340
372352
372364
372366
372370
372371
372374
372377
372379
372380
372390
372404
372410
372412
372417
372425
372431
372437
372440
372447
372449
372451
372461
372470
372476
372477
372485
372488
372494
372502
372503
372505
372515
372515
372526
372528
372531
372532
372533
372537
372538
372538
372544
372546
372553
372556
372567
372567
372575
372575
372576
372576
372579
372580
372580
372584
372587
372590
372598
372601
372602
372614
372619
372625
372628
372631
372636
372639
372656
372665
372666
372674
372676
372687
372694
372696
372698
372700
372708
372712
372723
372732
372732
372740
372752
372759
372770
372777
372787
372788
372801
372808
372815
372817
372820
372828
372829
372832
372833
372837
372837
372846
372847
372851
372855
372857
372863
372868
372877
372885
372887
372898
372899
372914
372915
372925
372927
372928
372935
372942
372948
372960
372961
372965
372968
372974
372983
372985
372986
372990
372999
373005
373006
373013
373017
373021
373021
373032
373032
373036
373038
373043
373044
373046
373057
373063
373067
373073
373073
373078
373082
373087
373090
373091
373101
373109
373112
373115
373115
373115
373117
373121
373126
373127
373134
373136
373140
373141
373142
373142
373146
373146
373150
373153
373155
373158
373166
373168
373172
373177
373187
373190
373191
373197
373200
373207
373209
373213
373214
373224
373235
373235
373244
373255
373256
373263
373268
373276
373278
373283
373285
373298
373299
373299
373299
373300
373302
373307
373308
373309
373310
373317
373321
373322
373324
373326
373330
373331
373331
373333
373333
373349
373356
373356
373359
373366
373370
373386
373391
373395
373395
373396
373401
373403
373407
373408
373412
373413
373420
373425
373436
373437
373437
373442
373446
373449
373450
373455
373456
373457
373463
373469
373473
373474
373481
373503
373507
373510
373510
373517
373530
373530
373542
373544
373546
373547
373551
373554
373570
373582
373583
373583
373583
373593
373598
373598
373606
373607
373608
373610
373612
373614
373625
373628
373628
373629
373632
373635
373636
373637
373640
373641
373648
373651
373654
373668
373677
373683
373683
373702
373705
373710
373712
373714
373719
373736
373736
373741
373754
373760
373766
373778
373783
373790
373790
373792
373798
373799
373802
373802
373803
373804
373821
373824
373831
373832
373833
373834
373850
373852
373858
373859
373865
373868
373884
373888
373889
373893
373894
373896
373897
373908
373926
373933
373937
373937
373962
373963
373965
373968
373977
373982
373994
373994
374005
374010
374016
374017
374017
374024
374033
374034
374056
374073
374083
374085
374086
374090
374091
374092
374102
374104
374106
374107
374114
374120
374120
374127
374128
374130
374130
374131
374131
374132
374138
374138
374158
374159
374160
374161
374169
374184
374184
374185
374199
374201
374206
374206
374208
374215
374217
374226
374230
374241
374246
374246
374255
374256
374257
374257
374275
374282
374284
374292
374292
374300
374302
374306
374307
374316
374320
374328
374339
374340
374343
374353
374367
374368
374374
374383
374383
374384
374385
374400
374403
374409
374426
374430
374431
374433
374435
374444
374446
374448
374470
374475
374481
374482
374485
374492
374493
374496
374497
374500
374508
374518
374526
374533
374546
374550
374551
374565
374573
374590
374591
374591
374595
374609
374611
374614
374621
374622
374628
374632
374634
374634
374640
374644
374648
374650
374659
374676
374686
374689
374690
374691
374701
374701
374712
374724
374735
374741
374746
374750
374763
374766
374780
374781
374784
374786
374792
374800
374800
374805
374808
374815
374826
374827
374829
374834
374835
374836
374838
374840
374844
374844
374851
374860
374867
374867
374868
374873
374880
374885
374894
374903
374905
374909
374909
374921
374929
374932
374949
374950
374959
374970
374978
374982
374983
374984
374985
374985
374989
374991
374993
374997
375006
375006
375007
375010
375011
375025
375026
375027
375031
375039
375045
375046
375049
375051
375054
375054
375054
375058
375062
375064
375069
375074
375079
375084
375103
375104
375105
375105
375120
375133
375134
375159
375162
375169
375171
375172
375177
375178
375184
375187
375188
375197
375203
375212
375219
375223
375227
375229
375237
375241
375242
375245
375247
375248
375249
375250
375250
375253
375253
375257
375259
375269
375275
375280
375282
375285
375288
375289
375297
375298
375298
375303
375303
375310
375314
375331
375337
375337
375340
375345
375354
375358
375359
375363
375365
375371
375382
375386
375386
375387
375388
375391
375407
375408
375409
375414
375424
375431
375439
375441
375452
375456
375458
375468
375469
375472
375477
375481
375481
375482
375483
375485
375486
375489
375490
375495
375502
375505
375505
375511
375511
375511
375515
375516
375518
375531
375538
375546
375558
375559
375564
375567
375570
375580
375580
375582
375582
375583
375605
375607
375611
375624
375625
375631
375641
375644
375644
375646
375650
375652
375655
375661
375662
375663
375671
375682
375686
375691
375696
375700
375709
375714
375718
375719
375719
375721
375721
375722
375725
375729
375730
375734
375735
375740
375748
375766
375768
375781
375788
375789
375790
375793
375797
375802
375810
375818
375819
375830
375844
375853
375861
375864
375866
375870
375871
375885
375887
375889
375889
375894
375895
375903
375913
375916
375928
375930
375932
375933
375939
375943
375949
375953
375960
375966
375973
375981
375984
375985
375989
375994
376003
376016
376016
376023
376028
376048
376054
376060
376060
376061
376070
376089
376091
376093
376096
376097
376098
376100
376109
376115
376124
376132
376136
376136
376137
376137
376142
376145
376154
376162
376166
376177
376183
376184
376186
376198
376202
376204
376214
376215
376217
376217
376217
376225
376232
376233
376235
376247
376248
376248
376251
376269
376279
376284
376285
376306
376320
376322
376331
376336
376339
376360
376365
376369
376372
376379
376383
376383
376393
376394
376399
376403
376410
376417
376422
376426
376427
376430
376434
376439
376443
376455
376455
376461
376473
376473
376474
376475
376479
376480
376481
376483
376500
376502
376505
376523
376526
376531
376537
376541
376541
376542
376544
376549
376561
376561
376562
376563
376565
376572
376572
376574
376580
376582
376587
376593
376599
376607
376622
376623
376624
376625
376635
376647
376650
376666
376677
376684
376692
376694
376697
376697
376699
376700
376705
376718
376738
376744
376756
376766
376771
376777
376778
376784
376784
376787
376793
376802
376807
376809
376826
376830
376831
376839
376844
376849
376850
376855
376875
376888
376898
376898
376899
376909
376911
376916
376917
376917
376937
376940
376949
376951
376959
376965
376970
376973
376974
376974
376975
376979
376981
376981
376984
376987
376990
376992
376995
377005
377007
377008
377011
377012
377017
377019
377021
377036
377043
377043
377052
377056
377057
377059
377059
377064
377070
377071
377079
377080
377083
377086
377095
377099
377105
377110
377113
377133
377135
377136
377139
377139
377140
377145
377152
377152
377156
377156
377175
377195
377196
377215
377220
377235
377246
377248
377262
377269
377271
377275
377275
377295
377299
377306
377311
377314
377319
377323
377325
377335
377340
377344
377360
377361
377367
377373
377375
377376
377380
377383
377390
377394
377395
377404
377406
377408
377410
377413
377414
377417
377424
377430
377437
377451
377451
377454
377454
377456
377458
377458
377459
377463
377464
377464
377467
377469
377474
377482
377484
377485
377494
377497
377497
377497
377498
377502
377515
377517
377525
377531
377538
377542
377547
377550
377556
377559
377561
377563
377574
377588
377592
377597
377603
377605
377608
377610
377617
377619
377624
377626
377627
377630
377632
377633
377634
377635
377640
377641
377650
377662
377669
377670
377673
377673
377674
377681
377683
377692
377708
377714
377718
377720
377727
377729
377735
377738
377738
377741
377742
377757
377763
377764
377769
377770
377771
377773
377780
377786
377791
377797
377801
377803
377811
377815
377822
377828
377831
377833
377855
377856
377875
377890
377893
377894
377905
377911
377913
377914
377926
377929
377930
377934
377946
377951
377951
377962
377962
377968
377982
377983
377992
377997
378005
378008
378009
378042
378050
378052
378059
378065
378067
378069
378077
378077
378079
378080
378100
378101
378112
378113
378116
378119
378120
378125
378126
378128
378130
378135
378140
378140
378145
378150
378155
378165
378177
378181
378189
378190
378194
378196
378202
378208
378218
378220
378228
378228
378232
378235
378239
378241
378246
378250
378253
378258
378270
378271
378272
378282
378285
378306
378319
378338
378339
378340
378342
378349
378359
378363
378367
378371
378377
378378
378384
378386
378386
378388
378391
378393
378398
378413
378416
378420
378422
378435
378440
378443
378446
378446
378446
378453
378454
378454
378457
378465
378467
378471
378472
378474
378481
378482
378483
378488
378490
378490
378496
378501
378504
378509
378513
378519
378524
378528
378533
378534
378540
378540
378547
378565
378570
378577
378580
378582
378583
378583
378584
378593
378593
378597
378598
378598
378602
378606
378606
378609
378611
378613
378624
378632
378640
378646
378648
378649
378652
378656
378666
378669
378671
378671
378673
378675
378677
378682
378695
378696
378699
378704
378715
378724
378729
378730
378731
378733
378747
378754
378759
378764
378767
378775
378783
378784
378791
378792
378793
378796
378797
378797
378809
378814
378823
378827
378832
378833
378833
378834
378835
378837
378837
378840
378840
378841
378845
378848
378867
378878
378881
378884
378899
378904
378913
378914
378915
378916
378917
378921
378923
378930
378930
378936
378940
378950
378955
378961
378962
378965
378966
378977
378981
378984
378985
378991
378991
379014
379021
379032
379047
379049
379059
379066
379069
379070
379084
379089
379096
379107
379110
379113
379130
379135
379135
379140
379142
379144
379151
379152
379171
379173
379174
379179
379181
379182
379194
379194
379202
379205
379205
379208
379211
379215
379219
379235
379237
379243
379246
379259
379261
379262
379271
379275
379277
379280
379280
379292
379294
379301
379302
379303
379327
379335
379343
379345
379346
379348
379350
379353
379367
379367
379371
379373
379390
379394
379397
379398
379402
379403
379414
379416
379445
379448
379449
379455
379459
379461
379462
379464
379465
379465
379466
379468
379470
379474
379480
379483
379486
379494
379499
379501
379502
379502
379504
379507
379510
379528
379529
379530
379535
379535
379552
379554
379558
379566
379571
379580
379593
379603
379604
379616
379617
379621
379623
379626
379629
379633
379635
379636
379643
379650
379652
379656
379658
379661
379671
379677
379677
379677
379683
379693
379693
379696
379698
379701
379702
379704
379713
379714
379716
379717
379717
379719
379723
379725
379741
379747
379752
379753
379761
379762
379762
379764
379773
379773
379778
379779
379786
379794
379802
379807
379819
379822
379832
379833
379844
379844
379848
379851
379852
379856
379859
379869
379869
379871
379882
379886
379888
379888
379898
379898
379904
379912
379919
379920
379926
379932
379934
379940
379940
379943
379943
379944
379949
379955
379959
379961
379962
379965
379971
379978
379993
380015
380020
380020
380025
380029
380030
380030
380031
380035
380048
380050
380052
380054
380060
380071
380075
380077
380084
380087
380087
380092
380099
380106
380108
380111
380112
380113
380118
380118
380124
380130
380136
380145
380151
380161
380161
380164
380170
380171
380173
380174
380177
380185
380186
380191
380192
380193
380210
380214
380216
380220
380223
380231
380234
380237
380241
380243
380247
380250
380255
380257
380261
380266
380271
380272
380276
380278
380280
380281
380288
380292
380293
380302
380305
380310
380315
380320
380321
380334
380338
380347
380348
380351
380354
380362
380367
380370
380375
380386
380391
380397
380400
380402
380407
380424
380425
380432
380432
380437
380447
380447
380450
380461
380461
380468
380481
380484
380486
380494
380497
380498
380511
380515
380515
380517
380518
380528
380533
380568
380569
380569
380574
380577
380578
380580
380580
380581
380585
380587
380594
380597
380598
380606
380607
380611
380613
380638
380644
380644
380644
380648
380650
380656
380658
380665
380665
380665
380667
380668
380669
380673
380679
380686
380688
380689
380691
380691
380697
380712
380713
380722
380722
380723
380723
380723
380724
380731
380736
380741
380746
380748
380752
380754
380757
380765
380768
380768
380769
380772
380772
380772
380772
380775
380779
380785
380795
380795
380797
380797
380803
380804
380812
380820
380830
380831
380837
380839
380843
380847
380849
380853
380856
380859
380866
380874
380877
380877
380880
380881
380885
380893
380894
380896
380898
380902
380908
380910
380914
380915
380919
380921
380922
380924
380926
380928
380936
380940
380944
380946
380952
380952
380959
380969
380971
380972
380974
380977
380978
380982
380995
381004
381015
381016
381017
381020
381023
381030
381033
381038
381054
381060
381062
381066
381070
381070
381081
381089
381093
381106
381111
381119
381121
381124
381130
381134
381134
381139
381147
381149
381159
381161
381169
381171
381175
381179
381183
381185
381189
381189
381197
381199
381202
381203
381205
381205
381214
381217
381218
381223
381228
381231
381235
381236
381239
381242
381243
381253
381264
381268
381277
381284
381296
381300
381305
381320
381326
381345
381348
381350
381356
381373
381373
381378
381382
381387
381402
381403
381403
381406
381411
381411
381420
381423
381432
381433
381433
381434
381434
381439
381442
381443
381460
381462
381473
381475
381476
381476
381476
381479
381482
381485
381486
381488
381495
381497
381503
381514
381517
381525
381529
381533
381534
381536
381538
381544
381549
381554
381555
381558
381561
381566
381573
381579
381580
381580
381583
381597
381608
381617
381635
381636
381641
381647
381647
381651
381653
381654
381682
381685
381691
381691
381724
381734
381736
381740
381743
381744
381745
381745
381760
381764
381768
381769
381777
381783
381786
381787
381790
381804
381807
381810
381811
381818
381823
381830
381832
381838
381849
381857
381857
381858
381861
381862
381864
381865
381865
381876
381876
381893
381896
381901
381906
381907
381911
381914
381921
381923
381925
381934
381938
381941
381949
381953
381955
381967
381973
381974
381974
381975
381982
381982
381990
381991
381997
382001
382003
382004
382005
382010
382013
382015
382015
382029
382042
382046
382058
382068
382071
382073
382074
382075
382076
382079
382088
382089
382097
382107
382113
382116
382118
382123
382126
382126
382127
382132
382143
382147
382148
382153
382161
382173
382182
382183
382190
382193
382198
382203
382207
382207
382211
382212
382220
382220
382227
382228
382228
382234
382236
382240
382245
382252
382264
382264
382275
382275
382283
382283
382283
382290
382291
382303
382304
382306
382307
382309
382310
382312
382316
382316
382316
382319
382330
382332
382338
382339
382349
382351
382353
382355
382360
382365
382366
382367
382381
382383
382385
382385
382388
382395
382399
382402
382404
382406
382409
382411
382414
382420
382421
382424
382425
382428
382429
382432
382436
382443
382444
382445
382450
382451
382458
382466
382470
382479
382481
382485
382486
382495
382525
382527
382531
382534
382542
382542
382547
382556
382558
382563
382564
382572
382576
382590
382593
382594
382606
382608
382612
382621
382621
382632
382634
382635
382638
382639
382646
382652
382652
382656
382668
382673
382677
382690
382691
382697
382699
382706
382716
382719
382727
382727
382728
382733
382740
382741
382743
382744
382747
382751
382752
382769
382778
382780
382781
382785
382792
382792
382800
382802
382803
382808
382813
382814
382816
382854
382862
382865
382868
382869
382878
382880
382883
382894
382914
382929
382932
382935
382946
382953
382964
382968
382973
382981
382993
383008
383010
383025
383028
383031
383034
383034
383035
383050
383055
383063
383064
383065
383067
383075
383075
383077
383094
383114
383119
383120
383121
383122
383122
383132
383133
383142
383149
383176
383180
383181
383188
383189
383191
383192
383198
383203
383210
383222
383224
383229
383233
383235
383236
383236
383239
383239
383241
383243
383252
383265
383270
383273
383278
383281
383287
383292
383314
383326
383326
383328
383330
383336
383342
383342
383343
383344
383344
383347
383352
383365
383371
383376
383379
383385
383396
383399
383400
383401
383402
383414
383414
383416
383417
383425
383436
383442
383442
383442
383455
383457
383461
383467
383477
383490
383493
383498
383509
383520
383528
383543
383548
383548
383552
383553
383559
383567
383574
383576
383579
383586
383605
383609
383609
383612
383612
383613
383614
383614
383625
383626
383631
383632
383636
383638
383640
383640
383645
383662
383666
383666
383668
383669
383670
383671
383683
383694
383696
383703
383721
383739
383748
383750
383752
383762
383763
383764
383767
383770
383772
383777
383791
383794
383804
383804
383806
383827
383834
383852
383853
383861
383862
383864
383869
383874
383875
383876
383877
383880
383882
383884
383888
383893
383898
383904
383911
383922
383933
383936
383937
383943
383951
383967
383971
383972
383975
383978
383986
383988
383989
384003
384004
384004
384007
384015
384024
384033
384047
384051
384054
384061
384063
384070
384081
384094
384100
384110
384118
384119
384127
384128
384129
384131
384132
384132
384137
384138
384140
384145
384147
384162
384167
384187
384188
384191
384196
384210
384211
384213
384215
384227
384242
384246
384260
384265
384269
384278
384286
384299
384299
384321
384321
384322
384328
384329
384338
384345
384345
384350
384357
384357
384359
384359
384369
384370
384379
384382
384383
384387
384388
384390
384395
384395
384399
384403
384409
384409
384418
384432
384433
384438
384439
384439
384467
384485
384489
384490
384498
384504
384506
384513
384517
384522
384525
384533
384544
384562
384564
384571
384586
384589
384591
384594
384614
384624
384627
384631
384633
384651
384653
384657
384658
384670
384671
384672
384674
384675
384676
384679
384688
384694
384694
384696
384703
384704
384705
384705
384710
384720
384723
384728
384732
384738
384740
384752
384771
384777
384778
384780
384782
384786
384788
384788
384799
384799
384803
384808
384809
384815
384815
384820
384823
384825
384833
384841
384844
384849
384854
384859
384859
384872
384876
384897
384899
384907
384918
384919
384928
384930
384932
384935
384937
384942
384942
384943
384943
384950
384953
384960
384962
384970
384972
384982
385004
385012
385023
385027
385027
385028
385034
385041
385049
385075
385080
385082
385096
385101
385101
385105
385106
385106
385110
385114
385115
385118
385122
385124
385127
385143
385153
385155
385155
385157
385160
385161
385174
385176
385177
385180
385180
385185
385191
385203
385209
385212
385226
385231
385234
385245
385247
385248
385252
385265
385271
385275
385276
385288
385288
385301
385304
385307
385307
385309
385324
385326
385328
385342
385344
385344
385351
385351
385355
385357
385358
385358
385364
385371
385375
385378
385379
385387
385388
385390
385393
385397
385407
385417
385424
385431
385437
385445
385446
385452
385453
385460
385467
385476
385488
385490
385493
385498
385509
385510
385514
385515
385522
385523
385523
385524
385525
385532
385533
385536
385540
385540
385540
385544
385555
385556
385556
385560
385561
385569
385582
385592
385594
385598
385600
385600
385607
385617
385626
385630
385637
385646
385653
385654
385655
385656
385657
385658
385663
385666
385669
385671
385673
385674
385678
385686
385692
385696
385709
385710
385712
385718
385735
385735
385736
385736
385737
385739
385750
385757
385759
385764
385768
385769
385771
385775
385784
385784
385797
385805
385816
385817
385825
385825
385827
385832
385833
385834
385838
385866
385873
385878
385885
385902
385902
385903
385903
385907
385909
385912
385919
385919
385920
385925
385942
385943
385945
385948
385956
385964
385967
385976
385979
385984
385986
385993
386001
386014
386024
386029
386036
386045
386046
386047
386051
386054
386057
386064
386072
386072
386080
386081
386083
386085
386096
386098
386102
386106
386107
386107
386115
386117
386120
386124
386124
386137
386137
386168
386168
386181
386181
386186
386187
386193
386195
386219
386225
386232
386238
386240
386240
386255
386258
386261
386269
386270
386275
386280
386286
386288
386290
386292
386294
386296
386303
386309
386309
386310
386317
386324
386326
386336
386338
386338
386343
386345
386354
386356
386367
386371
386381
386390
386394
386402
386403
386414
386416
386422
386430
386431
386435
386439
386441
386444
386447
386451
386457
386463
386478
386488
386497
386499
386503
386510
386511
386513
386515
386517
386526
386530
386549
386554
386557
386565
386569
386581
386582
386583
386593
386600
386601
386602
386603
386605
386607
386608
386612
386624
386624
386624
386634
386636
386638
386639
386648
386660
386667
386678
386680
386687
386690
386692
386692
386706
386708
386710
386711
386713
386722
386729
386735
386737
386745
386748
386749
386749
386750
386762
386767
386769
386771
386772
386775
386776
386777
386782
386783
386786
386788
386791
386798
386798
386800
386807
386808
386811
386815
386816
386826
386828
386832
386847
386848
386848
386850
386863
386866
386867
386883
386885
386887
386891
386900
386907
386908
386909
386914
386915
386926
386926
386934
386938
386942
386951
386954
386958
386961
386964
386968
386972
386975
386986
386992
386998
387007
387007
387009
387012
387016
387020
387020
387049
387058
387062
387066
387068
387078
387080
387084
387085
387090
387090
387096
387098
387104
387109
387111
387118
387124
387128
387141
387141
387166
387179
387184
387185
387185
387186
387187
387188
387189
387208
387208
387210
387212
387212
387218
387219
387223
387224
387225
387225
387226
387227
387234
387248
387249
387250
387254
387256
387257
387259
387274
387294
387296
387299
387303
387307
387310
387312
387312
387322
387338
387349
387350
387350
387351
387370
387372
387375
387375
387380
387381
387391
387416
387423
387432
387435
387439
387444
387446
387450
387453
387465
387465
387466
387467
387473
387475
387478
387483
387484
387486
387499
387502
387505
387514
387525
387529
387542
387542
387542
387544
387569
387575
387579
387585
387586
387593
387593
387599
387602
387604
387604
387613
387618
387623
387624
387634
387641
387648
387656
387656
387657
387664
387667
387668
387673
387676
387680
387681
387689
387691
387697
387698
387699
387706
387706
387721
387723
387725
387732
387733
387735
387742
387754
387755
387762
387765
387770
387773
387774
387790
387793
387796
387798
387803
387814
387816
387836
387836
387841
387842
387850
387853
387854
387854
387856
387859
387859
387860
387860
387866
387877
387884
387887
387887
387894
387900
387903
387908
387909
387916
387920
387921
387924
387926
387931
387932
387933
387933
387934
387954
387961
387969
387977
387978
387981
387986
387991
387992
387992
387993
387995
388012
388013
388015
388020
388021
388024
388025
388036
388045
388053
388054
388072
388076
388094
388094
388097
388103
388105
388126
388131
388136
388162
388165
388169
388176
388176
388178
388179
388181
388187
388201
388202
388210
388214
388217
388232
388234
388243
388251
388256
388284
388287
388289
388302
388308
388318
388322
388328
388334
388335
388336
388336
388336
388345
388348
388352
388355
388360
388362
388368
388370
388372
388387
388413
388418
388418
388424
388426
388433
388438
388439
388440
388443
388456
388464
388484
388484
388485
388489
388490
388490
388496
388498
388504
388506
388511
388517
388519
388528
388532
388537
388542
388544
388554
388558
388571
388573
388579
388583
388592
388601
388607
388616
388616
388631
388631
388633
388640
388650
388653
388673
388681
388690
388696
388707
388709
388716
388720
388732
388739
388764
388774
388777
388780
388784
388793
388795
388808
388821
388825
388833
388839
388840
388846
388850
388853
388882
388883
388902
388902
388906
388910
388910
388913
388919
388923
388926
388928
388932
388932
388944
388954
388956
388962
388970
388974
388983
388983
388984
388997
388998
389007
389010
389019
389020
389025
389036
389042
389050
389052
389055
389078
389081
389083
389088
389090
389094
389104
389119
389128
389130
389145
389149
389150
389153
389154
389161
389171
389174
389176
389176
389180
389182
389186
389190
389192
389193
389199
389207
389216
389222
389227
389240
389243
389249
389253
389256
389256
389257
389258
389268
389269
389278
389279
389282
389287
389294
389299
389303
389307
389312
389319
389322
389334
389334
389335
389342
389344
389344
389345
389358
389358
389359
389360
389373
389375
389379
389381
389384
389387
389388
389390
389404
389407
389414
389426
389439
389440
389440
389449
389453
389456
389459
389464
389469
389470
389472
389481
389481
389486
389496
389497
389505
389511
389514
389515
389517
389520
389523
389523
389525
389529
389532
389537
389539
389551
389553
389555
389556
389558
389561
389567
389575
389580
389580
389582
389586
389586
389589
389596
389598
389598
389599
389616
389625
389637
389646
389656
389660
389665
389667
389669
389689
389692
389699
389700
389701
389709
389719
389719
389723
389727
389729
389739
389751
389752
389754
389756
389757
389765
389779
389783
389793
389804
389807
389812
389813
389815
389819
389819
389833
389844
389844
389845
389848
389856
389856
389872
389877
389879
389881
389883
389886
389888
389894
389897
389901
389904
389909
389910
389915
389920
389930
389933
389942
389942
389943
389943
389961
389961
389963
389968
389969
389970
389992
389997
389998
390008
390019
390019
390022
390022
390025
390026
390036
390041
390046
390048
390049
390054
390057
390059
390064
390068
390068
390076
390081
390084
390092
390098
390099
390103
390108
390110
390112
390120
390127
390129
390137
390138
390153
390164
390170
390171
390179
390179
390191
390195
390199
390214
390223
390224
390232
390236
390248
390254
390254
390257
390264
390278
390282
390282
390283
390284
390288
390303
390312
390314
390319
390320
390322
390325
390325
390326
390327
390329
390331
390337
390342
390346
390360
390364
390377
390405
390407
390418
390419
390423
390434
390445
390450
390459
390467
390478
390478
390480
390483
390489
390494
390498
390501
390509
390517
390517
390524
390525
390528
390528
390534
390543
390546
390552
390553
390554
390556
390558
390561
390563
390563
390572
390573
390579
390580
390596
390599
390617
390622
390628
390631
390633
390653
390663
390671
390672
390673
390674
390675
390677
390685
390685
390686
390687
390691
390696
390699
390700
390706
390707
390714
390716
390717
390724
390727
390732
390734
390739
390761
390768
390773
390774
390775
390779
390790
390790
390794
390796
390799
390803
390809
390810
390811
390817
390820
390828
390839
390841
390848
390851
390854
390867
390870
390877
390878
390880
390883
390887
390889
390913
390921
390922
390926
390936
390940
390945
390946
390957
390967
390970
390974
390974
390976
390980
390984
390987
390993
390995
391006
391019
391028
391029
391039
391039
391040
391043
391044
391049
391050
391057
391059
391065
391069
391069
391074
391075
391076
391082
391087
391099
391100
391103
391104
391110
391144
391151
391157
391157
391158
391165
391168
391169
391179
391179
391183
391185
391185
391190
391195
391199
391203
391205
391206
391207
391214
391226
391228
391232
391236
391241
391251
391269
391280
391284
391300
391303
391306
391313
391323
391324
391326
391330
391331
391336
391347
391352
391355
391361
391361
391366
391373
391373
391376
391381
391390
391396
391398
391403
391412
391414
391418
391425
391429
391435
391441
391454
391475
391477
391480
391480
391494
391498
391502
391503
391507
391508
391510
391510
391523
391525
391530
391546
391551
391551
391553
391564
391566
391567
391567
391576
391579
391581
391582
391593
391609
391611
391611
391626
391628
391632
391639
391646
391647
391649
391650
391655
391658
391662
391665
391684
391709
391727
391747
391748
391756
391761
391766
391767
391775
391778
391782
391782
391789
391797
391819
391821
391825
391828
391831
391840
391846
391851
391854
391854
391858
391863
391873
391882
391891
391891
391896
391898
391906
391911
391913
391919
391929
391930
391940
391941
391941
391943
391948
391956
391969
391975
391976
391983
391990
392016
392025
392027
392037
392039
392040
392051
392051
392057
392058
392059
392061
392066
392073
392075
392075
392079
392080
392081
392082
392091
392108
392112
392121
392129
392140
392147
392150
392174
392210
392212
392223
392225
392228
392237
392244
392246
392251
392253
392259
392260
392261
392263
392265
392267
392270
392275
392277
392281
392285
392288
392291
392301
392303
392313
392313
392319
392325
392326
392328
392332
392337
392343
392351
392352
392354
392356
392357
392366
392375
392383
392384
392387
392388
392389
392391
392397
392402
392409
392417
392424
392438
392445
392446
392452
392454
392458
392463
392468
392469
392470
392474
392479
392483
392483
392484
392496
392496
392508
392511
392518
392521
392525
392528
392542
392546
392548
392550
392563
392564
392565
392586
392594
392606
392610
392617
392621
392655
392670
392673
392678
392683
392691
392692
392699
392701
392703
392708
392717
392736
392740
392740
392742
392745
392745
392746
392746
392753
392763
392764
392779
392781
392788
392789
392794
392795
392797
392809
392812
392817
392820
392821
392828
392828
392831
392837
392849
392863
392865
392866
392869
392872
392874
392876
392881
392883
392896
392914
392915
392920
392920
392921
392926
392931
392931
392933
392936
392939
392944
392949
392952
392953
392962
392963
392968
392978
392983
393006
393006
393009
393020
393029
393033
393044
393046
393053
393055
393074
393080
393084
393087
393087
393093
393095
393096
393110
393115
393116
393120
393127
393129
393138
393138
393140
393151
393161
393166
393170
393196
393198
393204
393204
393211
393213
393213
393235
393250
393254
393266
393282
393296
393301
393312
393316
393316
393327
393327
393336
393338
393340
393341
393343
393348
393351
393353
393355
393357
393360
393362
393364
393364
393365
393372
393391
393392
393398
393399
393400
393401
393409
393413
393415
393416
393416
393417
393417
393421
393423
393423
393424
393429
393430
393436
393441
393448
393450
393452
393453
393464
393465
393474
393477
393482
393482
393491
393492
393494
393494
393496
393500
393512
393512
393518
393518
393519
393520
393524
393533
393533
393542
393546
393547
393556
393557
393589
393590
393594
393595
393597
393609
393616
393619
393621
393623
393638
393643
393643
393643
393656
393662
393673
393676
393684
393703
393708
393710
393728
393733
393747
393756
393760
393764
393764
393766
393777
393779
393779
393785
393786
393788
393788
393788
393789
393792
393796
393802
393803
393804
393805
393807
393818
393834
393840
393842
393844
393847
393853
393854
393864
393868
393868
393869
393876
393882
393883
393884
393885
393895
393897
393915
393917
393919
393921
393923
393928
393931
393931
393934
393942
393942
393942
393948
393948
393954
393955
393958
393964
393975
393982
393983
393984
393985
393992
393993
393996
394029
394033
394039
394040
394058
394070
394070
394073
394091
394099
394101
394103
394109
394114
394120
394121
394125
394128
394130
394131
394150
394159
394162
394168
394170
394176
394181
394181
394190
394190
394192
394192
394193
394194
394199
394202
394218
394219
394220
394224
394241
394243
394245
394249
394251
394253
394256
394258
394261
394266
394268
394288
394293
394299
394302
394306
394324
394330
394331
394333
394341
394342
394345
394354
394385
394386
394395
394398
394402
394406
394413
394416
394419
394427
394430
394431
394443
394444
394445
394452
394453
394459
394461
394464
394472
394479
394487
394492
394493
394495
394500
394503
394511
394515
394516
394522
394526
394535
394538
394545
394545
394545
394556
394566
394573
394577
394581
394586
394594
394599
394600
394600
394607
394610
394610
394614
394617
394631
394634
394638
394643
394643
394645
394645
394646
394648
394654
394667
394675
394678
394681
394683
394683
394690
394691
394705
394706
394708
394710
394725
394728
394733
394737
394741
394741
394750
394752
394755
394755
394756
394761
394765
394773
394774
394780
394780
394784
394787
394804
394805
394806
394811
394814
394819
394822
394822
394845
394857
394868
394877
394879
394883
394884
394885
394890
394903
394903
394915
394943
394949
394957
394960
394963
394971
394979
394982
394984
394985
394997
394997
394998
394999
395003
395004
395007
395009
395011
395019
395022
395028
395028
395033
395035
395035
395038
395039
395043
395043
395046
395067
395069
395085
395088
395092
395095
395113
395114
395119
395142
395146
395170
395171
395172
395175
395176
395177
395180
395189
395190
395190
395191
395206
395207
395210
395211
395213
395216
395217
395223
395224
395230
395234
395242
395245
395245
395254
395257
395263
395263
395266
395267
395271
395272
395273
395284
395292
395301
395302
395302
395307
395307
395314
395315
395317
395323
395331
395333
395333
395337
395350
395350
395357
395366
395366
395366
395367
395381
395384
395399
395399
395406
395422
395429
395431
395435
395436
395449
395450
395453
395465
395465
395466
395480
395491
395493
395494
395495
395500
395500
395505
395508
395517
395525
395528
395529
395538
395539
395539
395541
395547
395552
395561
395563
395569
395571
395572
395572
395586
395593
395603
395610
395612
395614
395619
395621
395628
395636
395647
395649
395657
395657
395682
395683
395691
395695
395702
395707
395709
395713
395714
395717
395723
395728
395730
395734
395736
395738
395743
395746
395749
395751
395753
395765
395765
395770
395777
395782
395782
395788
395789
395792
395816
395817
395818
395823
395825
395828
395828
395828
395838
395840
395843
395844
395859
395859
395864
395864
395866
395873
395874
395878
395880
395888
395894
395895
395895
395897
395900
395901
395912
395922
395924
395926
395926
395927
395929
395930
395931
395938
395940
395943
395946
395947
395954
395964
395969
395969
395973
395979
395980
395982
395985
395986
395990
395990
395992
395993
395998
396027
396035
396036
396038
396040
396051
396058
396076
396077
396080
396087
396088
396094
396098
396100
396100
396105
396114
396127
396134
396135
396136
396140
396141
396142
396147
396152
396158
396160
396160
396162
396167
396172
396176
396184
396194
396199
396203
396205
396205
396206
396207
396223
396226
396229
396231
396252
396253
396254
396256
396263
396279
396287
396297
396301
396302
396302
396303
396304
396312
396314
396318
396323
396337
396339
396346
396350
396368
396374
396385
396387
396389
396392
396395
396398
396403
396405
396407
396410
396414
396420
396420
396421
396424
396431
396436
396444
396446
396454
396455
396460
396468
396470
396472
396473
396480
396481
396481
396483
396493
396499
396514
396518
396528
396539
396540
396544
396547
396547
396548
396552
396554
396561
396561
396562
396564
396575
396580
396594
396598
396599
396603
396604
396604
396614
396638
396639
396641
396643
396659
396660
396669
396670
396679
396687
396692
396695
396700
396701
396704
396705
396705
396711
396721
396732
396734
396743
396746
396752
396763
396767
396771
396777
396788
396789
396791
396792
396800
396808
396809
396812
396814
396830
396832
396842
396845
396850
396854
396866
396866
396868
396873
396874
396883
396884
396890
396896
396899
396909
396910
396913
396913
396914
396926
396940
396948
396950
396957
396958
396961
396962
396973
396976
396984
396994
397006
397008
397009
397009
397009
397021
397038
397044
397048
397054
397054
397059
397062
397067
397078
397082
397098
397109
397109
397126
397133
397149
397149
397150
397153
397158
397166
397168
397177
397192
397199
397204
397215
397216
397220
397221
397231
397244
397248
397249
397252
397257
397269
397277
397286
397287
397295
397302
397305
397309
397309
397314
397321
397325
397329
397336
397344
397346
397350
397353
397356
397358
397361
397362
397367
397377
397392
397393
397395
397400
397407
397415
397415
397418
397418
397420
397427
397427
397429
397439
397454
397463
397466
397470
397490
397500
397504
397508
397515
397521
397536
397539
397542
397547
397553
397561
397565
397568
397571
397574
397579
397584
397591
397593
397597
397605
397607
397611
397614
397614
397614
397627
397628
397632
397634
397652
397660
397661
397671
397676
397679
397680
397690
397701
397702
397709
397723
397728
397729
397731
397738
397739
397750
397752
397755
397757
397778
397781
397781
397784
397792
397799
397802
397804
397810
397813
397824
397842
397846
397847
397851
397862
397864
397883
397887
397900
397905
397908
397910
397912
397914
397918
397923
397932
397934
397935
397953
397962
397966
397977
397980
397980
397981
397981
397983
397987
397990
397997
398002
398004
398005
398006
398013
398018
398021
398024
398027
398028
398033
398034
398038
398040
398042
398043
398051
398054
398070
398074
398075
398080
398082
398083
398086
398088
398092
398093
398094
398099
398101
398109
398109
398112
398114
398124
398125
398136
398139
398151
398158
398163
398171
398179
398180
398197
398202
398204
398204
398206
398207
398211
398213
398216
398218
398219
398226
398226
398231
398237
398243
398255
398255
398267
398268
398269
398273
398274
398276
398280
398290
398300
398306
398313
398320
398333
398338
398339
398351
398351
398355
398355
398362
398375
398377
398381
398383
398388
398405
398408
398419
398420
398422
398422
398425
398433
398439
398443
398443
398455
398470
398481
398489
398489
398490
398494
398498
398507
398513
398513
398517
398525
398526
398527
398540
398545
398546
398551
398566
398569
398574
398583
398589
398591
398595
398599
398601
398602
398621
398625
398627
398631
398636
398640
398652
398653
398657
398659
398667
398674
398674
398681
398684
398685
398705
398706
398708
398725
398726
398731
398766
398769
398770
398779
398779
398782
398795
398796
398797
398800
398802
398811
398812
398815
398816
398819
398823
398826
398832
398837
398839
398842
398845
398866
398868
398870
398881
398884
398888
398891
398893
398901
398901
398909
398917
398938
398939
398947
398951
398951
398953
398962
398968
398970
398976
398986
398987
398992
398997
398997
398998
399000
399009
399010
399016
399028
399034
399040
399050
399051
399060
399066
399066
399072
399077
399083
399084
399085
399092
399095
399098
399139
399143
399144
399163
399172
399187
399195
399197
399201
399208
399213
399219
399222
399223
399229
399230
399236
399236
399238
399249
399252
399254
399255
399258
399262
399263
399264
399265
399267
399271
399272
399275
399275
399296
399297
399303
399315
399315
399317
399321
399328
399339
399344
399348
399349
399350
399350
399363
399371
399383
399390
399396
399402
399409
399414
399414
399415
399422
399422
399426
399433
399436
399441
399450
399451
399453
399454
399459
399465
399470
399482
399490
399495
399497
399497
399512
399534
399535
399540
399544
399549
399549
399554
399561
399569
399573
399581
399582
399587
399590
399595
399596
399598
399606
399615
399622
399625
399633
399633
399636
399638
399640
399649
399655
399660
399667
399667
399676
399676
399685
399685
399688
399688
399690
399698
399699
399709
399711
399714
399714
399718
399721
399722
399727
399751
399752
399754
399756
399759
399764
399769
399779
399785
399787
399788
399791
399794
399799
399801
399811
399813
399826
399828
399830
399830
399832
399839
399841
399847
399854
399856
399862
399863
399869
399874
399880
399889
399893
399902
399903
399914
399920
399921
399930
399934
399943
399955
399963
399971
399982
399986
399990
399991
399998
399999
400004
400010
400015
400023
400030
400030
400038
400040
400040
400044
400045
400054
400065
400066
400067
400072
400081
400090
400095
400101
400108
400111
400117
400124
400130
400131
400132
400135
400138
400138
400139
400141
400149
400149
400166
400167
400178
400185
400190
400192
400195
400198
400200
400205
400208
400227
400231
400235
400235
400237
400240
400242
400244
400245
400257
400259
400259
400260
400264
400268
400270
400278
400278
400279
400284
400299
400307
400313
400314
400324
400333
400344
400347
400348
400350
400353
400354
400367
400368
400370
400376
400386
400387
400399
400402
400406
400407
400413
400415
400426
400429
400436
400439
400465
400472
400474
400475
400476
400479
400484
400506
400513
400521
400524
400524
400528
400537
400545
400553
400553
400558
400563
400565
400577
400582
400582
400582
400594
400598
400603
400604
400630
400631
400631
400632
400633
400635
400645
400648
400648
400654
400654
400659
400662
400662
400669
400672
400682
400683
400695
400700
400704
400710
400718
400740
400750
400758
400759
400759
400761
400768
400773
400774
400778
400779
400783
400786
400789
400792
400815
400815
400820
400828
400828
400829
400831
400832
400842
400844
400845
400848
400851
400853
400860
400861
400870
400879
400884
400890
400892
400903
400916
400917
400921
400921
400922
400923
400931
400932
400932
400951
400952
400953
400962
400963
400972
400984
400993
400998
401004
401008
401020
401041
401042
401048
401055
401055
401056
401059
401067
401071
401077
401084
401084
401090
401092
401102
401102
401109
401112
401114
401130
401131
401137
401138
401142
401144
401147
401153
401160
401162
401166
401170
401178
401198
401199
401204
401205
401206
401208
401214
401216
401220
401231
401235
401245
401250
401253
401258
401259
401267
401273
401282
401284
401287
401294
401295
401302
401309
401315
401319
401321
401322
401325
401328
401334
401336
401348
401353
401355
401365
401367
401368
401369
401369
401376
401377
401382
401390
401399
401399
401402
401406
401416
401424
401424
401427
401439
401442
401445
401450
401452
401456
401457
401457
401459
401463
401466
401469
401472
401476
401484
401488
401491
401494
401495
401498
401503
401508
401513
401514
401516
401526
401530
401538
401538
401539
401540
401541
401543
401558
401561
401563
401580
401588
401589
401596
401598
401598
401604
401605
401611
401613
401615
401617
401618
401630
401646
401647
401659
401660
401662
401671
401675
401679
401685
401695
401698
401711
401719
401724
401725
401730
401741
401742
401743
401744
401745
401750
401751
401760
401762
401763
401764
401766
401768
401771
401786
401787
401788
401789
401793
401795
401803
401804
401817
401818
401826
401827
401833
401834
401848
401850
401867
401877
401880
401888
401901
401905
401905
401910
401921
401932
401944
401946
401953
401954
401955
401956
401960
401966
401966
401966
401968
401977
401987
402005
402017
402019
402025
402033
402034
402038
402039
402042
402046
402046
402049
402050
402053
402053
402070
402072
402079
402079
402082
402089
402090
402091
402096
402097
402104
402107
402111
402116
402120
402124
402127
402127
402142
402143
402162
402163
402163
402168
402182
402183
402194
402195
402196
402199
402208
402210
402214
402218
402222
402226
402230
402231
402231
402232
402237
402240
402243
402245
402259
402266
402267
402271
402283
402284
402290
402294
402296
402303
402309
402318
402318
402334
402346
402346
402350
402359
402363
402365
402367
402372
402373
402373
402375
402387
402401
402423
402424
402426
402427
402440
402440
402442
402447
402450
402452
402455
402460
402465
402470
402477
402478
402510
402518
402519
402521
402529
402537
402538
402541
402541
402557
402558
402572
402586
402588
402588
402593
402593
402601
402604
402608
402618
402619
402621
402638
402641
402646
402655
402667
402677
402682
402683
402686
402690
402698
402700
402701
402701
402716
402720
402721
402726
402728
402737
402737
402744
402745
402754
402765
402766
402769
402774
402780
402780
402786
402787
402792
402796
402797
402801
402806
402808
402809
402809
402811
402814
402816
402817
402820
402835
402836
402842
402847
402851
402855
402864
402902
402903
402909
402910
402923
402926
402952
402954
402966
402978
402986
403001
403004
403017
403018
403021
403023
403031
403035
403044
403046
403048
403052
403056
403058
403063
403065
403068
403071
403073
403080
403084
403089
403096
403105
403113
403114
403116
403117
403123
403128
403129
403130
403131
403132
403151
403154
403154
403165
403169
403178
403178
403182
403186
403194
403206
403210
403220
403231
403241
403243
403243
403245
403245
403251
403254
403260
403261
403261
403262
403266
403279
403291
403295
403296
403301
403315
403320
403322
403325
403332
403336
403339
403343
403353
403355
403361
403368
403369
403370
403384
403389
403394
403397
403401
403402
403404
403409
403413
403416
403422
403422
403423
403455
403460
403462
403464
403474
403475
403477
403488
403491
403501
403506
403509
403513
403513
403524
403530
403538
403538
403539
403540
403544
403548
403555
403563
403564
403565
403567
403570
403570
403576
403580
403582
403585
403593
403596
403603
403606
403610
403612
403614
403615
403619
403623
403629
403630
403633
403633
403638
403640
403646
403647
403653
403654
403657
403657
403672
403675
403676
403678
403678
403680
403684
403692
403705
403709
403713
403714
403717
403718
403729
403730
403736
403745
403749
403750
403757
403757
403758
403761
403761
403764
403768
403769
403770
403780
403783
403793
403794
403799
403800
403804
403806
403812
403815
403824
403825
403829
403836
403838
403839
403844
403845
403857
403858
403860
403861
403864
403881
403881
403896
403901
403909
403929
403933
403940
403940
403970
403991
403994
403995
403996
404007
404010
404010
404019
404020
404028
404042
404045
404045
404047
404047
404047
404051
404065
404065
404075
404079
404081
404082
404090
404122
404127
404134
404136
404142
404142
404144
404146
404148
404164
404165
404166
404168
404169
404174
404178
404190
404202
404203
404209
404211
404212
404213
404214
404221
404224
404225
404225
404226
404232
404233
404239
404241
404259
404266
404281
404296
404300
404300
404304
404310
404321
404342
404342
404344
404350
404350
404359
404365
404370
404376
404377
404381
404384
404385
404386
404388
404415
404423
404429
404436
404437
404441
404444
404447
404450
404452
404453
404468
404471
404473
404475
404488
404491
404500
404514
404529
404530
404531
404533
404533
404543
404556
404559
404562
404570
404572
404590
404594
404603
404603
404612
404612
404616
404622
404625
404630
404638
404644
404670
404671
404676
404681
404691
404692
404695
404699
404706
404709
404711
404716
404731
404732
404734
404739
404748
404750
404752
404755
404763
404771
404772
404793
404793
404799
404804
404809
404811
404815
404816
404820
404825
404828
404837
404841
404843
404854
404866
404869
404870
404874
404878
404880
404881
404892
404899
404902
404912
404920
404926
404932
404933
404936
404938
404941
404948
404950
404954
404959
404959
404960
404965
404966
404973
404973
404979
404980
404993
404995
404999
405003
405009
405015
405023
405025
405033
405036
405037
405038
405038
405040
405064
405067
405070
405076
405077
405083
405095
405098
405108
405114
405136
405138
405144
405145
405146
405151
405159
405164
405165
405183
405196
405207
405212
405217
405223
405228
405244
405248
405254
405260
405264
405265
405267
405284
405297
405298
405302
405302
405304
405311
405316
405316
405317
405318
405323
405328
405332
405334
405350
405362
405363
405364
405364
405371
405385
405394
405404
405413
405417
405422
405425
405429
405435
405455
405457
405464
405470
405477
405477
405502
405505
405510
405514
405516
405524
405531
405541
405548
405551
405553
405554
405554
405567
405568
405569
405573
405574
405575
405584
405590
405591
405601
405612
405616
405621
405622
405624
405626
405630
405637
405652
405653
405660
405669
405678
405683
405688
405690
405691
405691
405693
405706
405731
405733
405738
405746
405751
405762
405766
405776
405788
405798
405799
405801
405819
405820
405823
405829
405830
405841
405843
405847
405848
405849
405855
405859
405874
405875
405875
405877
405881
405903
405906
405916
405916
405920
405922
405931
405933
405944
405945
405949
405952
405962
405962
405962
405965
405976
405977
405983
405986
405990
405991
405993
405994
405997
405999
405999
406002
406002
406006
406007
406012
406012
406027
406031
406037
406039
406042
406050
406052
406055
406056
406057
406059
406067
406071
406072
406072
406073
406074
406076
406081
406107
406113
406121
406125
406128
406134
406144
406146
406154
406154
406156
406175
406175
406177
406177
406185
406195
406200
406204
406210
406214
406215
406219
406223
406225
406228
406255
406258
406262
406274
406275
406277
406281
406281
406284
406287
406291
406302
406303
406304
406306
406306
406312
406314
406318
406319
406331
406334
406335
406345
406347
406359
406364
406367
406372
406388
406389
406392
406395
406399
406403
406404
406404
406423
406430
406431
406433
406441
406445
406452
406460
406469
406480
406483
406484
406485
406485
406488
406489
406493
406493
406494
406498
406508
406512
406514
406526
406548
406554
406555
406557
406557
406558
406563
406564
406570
406577
406584
406596
406597
406613
406613
406614
406618
406622
406623
406637
406644
406644
406644
406646
406650
406651
406653
406654
406658
406663
406667
406667
406671
406672
406673
406677
406685
406696
406699
406700
406701
406702
406702
406703
406712
406713
406716
406718
406723
406725
406729
406733
406736
406739
406739
406754
406756
406761
406762
406781
406781
406782
406800
406801
406804
406806
406813
406821
406829
406829
406833
406834
406835
406846
406849
406856
406873
406874
406887
406888
406906
406908
406912
406915
406916
406918
406925
406927
406930
406930
406934
406936
406940
406952
406964
406964
406979
406984
406985
406989
406991
406991
406992
406994
406995
407012
407043
407049
407054
407061
407088
407092
407094
407094
407098
407104
407108
407111
407122
407124
407129
407161
407173
407181
407204
407205
407206
407206
407213
407216
407216
407218
407219
407227
407228
407229
407237
407244
407245
407252
407254
407265
407269
407271
407282
407292
407295
407297
407300
407302
407304
407304
407306
407307
407315
407316
407316
407320
407321
407338
407348
407350
407353
407354
407357
407359
407361
407361
407371
407376
407376
407379
407380
407398
407402
407421
407422
407423
407428
407433
407434
407438
407446
407450
407452
407453
407457
407457
407460
407462
407466
407469
407469
407473
407476
407478
407479
407490
407496
407500
407503
407507
407512
407514
407514
407519
407520
407544
407551
407551
407553
407560
407565
407573
407577
407580
407581
407581
407583
407589
407589
407597
407602
407606
407608
407609
407611
407611
407620
407637
407638
407647
407653
407656
407656
407661
407668
407675
407678
407684
407686
407713
407718
407722
407728
407730
407737
407762
407764
407765
407791
407815
407818
407823
407827
407829
407833
407834
407836
407836
407840
407845
407846
407859
407863
407865
407868
407883
407892
407892
407892
407893
407895
407896
407899
407899
407901
407909
407923
407933
407935
407940
407945
407948
407959
407968
407989
407990
408000
408006
408006
408019
408019
408025
408025
408052
408052
408053
408068
408071
408073
408073
408080
408081
408099
408100
408104
408116
408118
408119
408122
408132
408150
408153
408160
408161
408166
408175
408180
408188
408190
408190
408192
408204
408207
408211
408216
408216
408223
408224
408226
408228
408231
408242
408247
408256
408259
408260
408261
408268
408271
408300
408302
408305
408313
408314
408321
408323
408329
408347
408355
408363
408368
408393
408394
408396
408398
408406
408419
408436
408437
408452
408457
408457
408457
408462
408462
408463
408463
408466
408469
408473
408478
408478
408498
408503
408505
408517
408517
408518
408519
408520
408525
408525
408526
408527
408530
408531
408536
408539
408553
408554
408561
408563
408566
408566
408570
408579
408579
408594
408614
408615
408618
408619
408621
408623
408624
408635
408636
408639
408640
408656
408657
408659
408660
408666
408667
408670
408671
408676
408680
408681
408683
408702
408709
408709
408721
408727
408730
408737
408752
408753
408755
408760
408764
408767
408783
408784
408795
408799
408801
408806
408815
408820
408825
408826
408827
408836
408836
408842
408846
408851
408854
408860
408861
408880
408881
408886
408892
408900
408915
408918
408922
408925
408930
408941
408949
408963
408965
408967
408976
408977
408978
408992
408997
409003
409006
409008
409018
409026
409026
409027
409043
409054
409063
409064
409072
409073
409081
409084
409086
409103
409106
409109
409118
409121
409137
409137
409138
409141
409153
409153
409161
409166
409167
409174
409176
409177
409188
409197
409200
409204
409208
409210
409220
409235
409243
409251
409259
409261
409272
409281
409301
409303
409310
409310
409318
409329
409331
409333
409336
409341
409341
409344
409352
409371
409372
409386
409403
409411
409424
409434
409439
409444
409447
409458
409458
409470
409470
409474
409480
409480
409489
409495
409502
409505
409510
409513
409523
409534
409536
409539
409548
409561
409567
409586
409586
409602
409603
409605
409611
409621
409644
409650
409652
409652
409654
409656
409658
409661
409668
409672
409681
409681
409704
409709
409712
409724
409724
409726
409730
409731
409731
409733
409740
409746
409746
409750
409750
409753
409760
409765
409766
409768
409776
409777
409786
409791
409792
409799
409802
409805
409807
409807
409821
409828
409833
409851
409858
409861
409861
409862
409866
409867
409876
409878
409881
409882
409884
409888
409891
409893
409893
409902
409922
409929
409930
409932
409935
409939
409942
409948
409949
409951
409963
409966
409977
409982
409991
410000
410020
410034
410036
410036
410042
410044
410052
410054
410063
410067
410110
410121
410121
410123
410128
410136
410142
410145
410145
410146
410148
410153
410161
410172
410173
410174
410175
410179
410181
410190
410192
410197
410203
410203
410205
410206
410207
410207
410211
410213
410216
410224
410224
410228
410230
410231
410234
410253
410259
410269
410272
410279
410280
410302
410302
410303
410311
410314
410321
410332
410335
410345
410347
410361
410363
410373
410376
410377
410379
410379
410384
410411
410412
410413
410418
410421
410426
410428
410431
410431
410441
410446
410448
410448
410448
410455
410462
410464
410467
410474
410486
410493
410495
410497
410497
410499
410500
410515
410521
410522
410526
410527
410530
410533
410537
410553
410557
410560
410568
410568
410571
410572
410575
410581
410583
410583
410591
410601
410602
410610
410611
410614
410622
410623
410626
410627
410635
410641
410643
410657
410658
410669
410675
410675
410692
410703
410706
410711
410711
410712
410715
410716
410722
410728
410730
410732
410740
410744
410753
410753
410755
410769
410770
410772
410773
410775
410778
410782
410783
410788
410791
410796
410799
410807
410807
410810
410816
410819
410820
410822
410840
410845
410850
410851
410867
410878
410880
410883
410891
410893
410894
410906
410911
410916
410918
410918
410919
410920
410924
410929
410934
410935
410938
410939
410941
410946
410947
410952
410957
410957
410963
410964
410976
410981
410982
410994
410996
411003
411004
411004
411015
411019
411021
411022
411026
411032
411033
411034
411037
411038
411043
411048
411050
411053
411056
411067
411067
411075
411084
411084
411090
411093
411094
411096
411099
411101
411101
411103
411107
411112
411112
411113
411114
411118
411118
411122
411122
411123
411125
411125
411129
411131
411134
411134
411136
411137
411143
411145
411152
411156
411159
411163
411165
411169
411170
411171
411175
411182
411195
411196
411198
411208
411210
411211
411212
411216
411217
411221
411224
411226
411229
411230
411231
411252
411269
411274
411279
411284
411287
411293
411294
411294
411309
411314
411315
411319
411320
411331
411334
411338
411342
411351
411357
411360
411363
411370
411385
411385
411389
411389
411397
411404
411413
411415
411415
411425
411428
411432
411433
411435
411436
411436
411438
411442
411446
411449
411450
411454
411466
411469
411470
411475
411491
411499
411512
411515
411515
411522
411530
411537
411551
411552
411553
411560
411563
411563
411564
411569
411570
411577
411582
411590
411590
411593
411599
411604
411610
411618
411626
411627
411629
411639
411640
411651
411652
411653
411655
411656
411658
411672
411675
411680
411681
411692
411695
411695
411699
411701
411703
411705
411708
411711
411725
411749
411749
411753
411757
411769
411769
411784
411789
411793
411804
411809
411815
411817
411820
411835
411836
411855
411864
411868
411869
411873
411880
411885
411891
411898
411901
411901
411904
411907
411909
411909
411920
411929
411932
411940
411946
411950
411964
411968
411968
411971
411987
411987
411988
411989
411990
411990
411997
411998
412003
412003
412005
412008
412011
412011
412012
412021
412022
412024
412026
412033
412034
412036
412036
412049
412056
412068
412081
412088
412090
412090
412097
412103
412103
412117
412127
412134
412143
412145
412154
412157
412159
412161
412167
412168
412174
412178
412179
412185
412186
412191
412201
412205
412207
412221
412222
412225
412231
412236
412244
412248
412248
412260
412269
412272
412283
412288
412295
412300
412305
412307
412312
412330
412332
412345
412352
412374
412390
412394
412399
412401
412403
412410
412414
412425
412439
412444
412454
412455
412457
412466
412477
412484
412485
412489
412494
412497
412497
412501
412511
412513
412515
412516
412522
412525
412528
412533
412547
412554
412557
412557
412560
412567
412573
412578
412579
412582
412598
412599
412602
412604
412606
412610
412618
412624
412627
412633
412639
412645
412653
412654
412662
412665
412670
412682
412702
412702
412721
412729
412738
412753
412756
412763
412771
412775
412777
412780
412784
412791
412823
412823
412838
412838
412845
412856
412861
412861
412863
412867
412869
412902
412910
412927
412929
412930
412932
412937
412937
412940
412946
412948
412962
412969
412971
412972
412973
412974
412982
412989
412998
413001
413006
413007
413011
413019
413031
413036
413036
413040
413042
413044
413070
413075
413078
413080
413080
413081
413087
413091
413093
413098
413101
413102
413112
413121
413128
413133
413135
413154
413157
413162
413163
413182
413185
413188
413194
413199
413200
413203
413225
413227
413254
413262
413281
413282
413286
413311
413313
413316
413319
413320
413326
413333
413335
413336
413340
413349
413359
413385
413392
413393
413408
413409
413410
413420
413420
413432
413432
413441
413442
413464
413468
413472
413486
413492
413496
413500
413506
413508
413509
413513
413516
413517
413518
413526
413538
413539
413542
413544
413554
413561
413563
413566
413569
413571
413579
413596
413603
413605
413606
413613
413622
413624
413627
413628
413629
413630
413644
413648
413655
413660
413661
413662
413665
413677
413679
413687
413692
413697
413698
413703
413708
413709
413710
413711
413713
413717
413720
413723
413724
413729
413730
413732
413733
413737
413749
413761
413766
413766
413768
413772
413775
413793
413796
413799
413800
413801
413803
413806
413807
413810
413819
413822
413823
413827
413830
413846
413858
413865
413872
413886
413887
413887
413887
413891
413894
413894
413894
413900
413905
413906
413912
413913
413921
413927
413939
413940
413943
413948
413948
413950
413952
413954
413955
413959
413960
413961
413965
413965
413967
413967
413967
413969
413976
413977
413981
413989
413992
413998
414000
414002
414014
414016
414017
414023
414025
414028
414030
414035
414044
414060
414061
414065
414068
414076
414078
414082
414085
414086
414100
414120
414122
414126
414128
414131
414132
414136
414144
414146
414146
414151
414152
414160
414166
414166
414170
414173
414173
414175
414184
414189
414201
414204
414218
414221
414225
414227
414229
414234
414236
414237
414242
414243
414256
414259
414260
414276
414276
414283
414291
414294
414299
414311
414315
414325
414326
414338
414342
414346
414357
414368
414389
414391
414391
414394
414399
414407
414417
414421
414421
414426
414427
414431
414433
414435
414437
414441
414457
414464
414464
414468
414469
414469
414470
414471
414471
414478
414494
414499
414501
414501
414504
414505
414507
414518
414522
414524
414530
414539
414544
414546
414548
414548
414554
414555
414556
414558
414561
414584
414584
414585
414588
414588
414599
414620
414620
414632
414633
414643
414653
414654
414658
414659
414667
414671
414673
414675
414678
414682
414688
414709
414720
414728
414735
414737
414741
414744
414746
414751
414757
414774
414778
414779
414781
414783
414783
414806
414815
414816
414824
414825
414836
414837
414841
414842
414842
414843
414848
414855
414862
414862
414863
414863
414865
414873
414877
414883
414887
414894
414898
414899
414902
414907
414914
414917
414926
414930
414930
414946
414952
414957
414974
414976
414977
414991
414995
414998
414998
415001
415002
415022
415025
415027
415030
415037
415039
415043
415055
415059
415061
415072
415072
415074
415087
415088
415088
415110
415110
415112
415113
415114
415119
415120
415124
415131
415133
415133
415142
415157
415158
415161
415170
415181
415182
415184
415184
415190
415205
415208
415216
415219
415220
415224
415225
415228
415230
415232
415232
415236
415240
415241
415243
415243
415243
415246
415256
415259
415265
415268
415275
415276
415277
415277
415279
415281
415282
415282
415286
415293
415296
415297
415297
415298
415299
415302
415306
415308
415317
415327
415328
415329
415331
415332
415348
415350
415352
415353
415355
415360
415381
415388
415394
415396
415408
415411
415415
415425
415426
415428
415431
415440
415443
415444
415448
415455
415456
415470
415476
415484
415484
415485
415487
415501
415512
415519
415521
415546
415551
415557
415560
415560
415562
415574
415580
415580
415582
415585
415597
415615
415617
415620
415627
415634
415638
415647
415659
415662
415662
415695
415695
415699
415702
415702
415704
415704
415713
415716
415730
415732
415738
415747
415748
415756
415760
415779
415781
415784
415799
415816
415830
415832
415838
415839
415843
415860
415865
415866
415867
415876
415879
415882
415887
415895
415904
415908
415927
415928
415928
415938
415943
415951
415968
415972
415973
415974
415991
416006
416014
416015
416023
416024
416030
416043
416046
416059
416067
416070
416071
416072
416072
416073
416084
416084
416094
416099
416104
416106
416111
416112
416128
416133
416134
416136
416137
416138
416140
416141
416142
416145
416155
416155
416159
416166
416178
416178
416178
416184
416184
416190
416192
416193
416201
416202
416206
416215
416238
416238
416242
416243
416246
416249
416263
416265
416276
416283
416286
416286
416290
416293
416295
416295
416299
416301
416327
416328
416337
416339
416341
416345
416352
416356
416361
416363
416367
416375
416376
416386
416389
416390
416409
416412
416415
416419
416426
416434
416445
416458
416464
416465
416470
416494
416497
416514
416524
416531
416538
416540
416541
416542
416543
416544
416553
416561
416567
416568
416580
416583
416593
416596
416600
416601
416609
416624
416630
416630
416631
416636
416641
416645
416648
416649
416650
416654
416655
416658
416667
416672
416675
416678
416681
416683
416683
416687
416690
416691
416697
416710
416717
416718
416720
416725
416728
416728
416730
416746
416747
416750
416755
416764
416768
416769
416774
416782
416783
416784
416785
416786
416788
416788
416802
416805
416807
416810
416814
416839
416846
416850
416852
416855
416858
416861
416862
416862
416862
416863
416868
416868
416870
416876
416880
416883
416885
416895
416895
416902
416904
416910
416915
416917
416918
416923
416932
416932
416938
416942
416948
416959
416968
416972
416975
416991
416993
416996
416998
417001
417019
417024
417028
417033
417040
417047
417048
417051
417054
417074
417078
417087
417090
417107
417111
417112
417113
417115
417116
417119
417119
417121
417123
417125
417128
417130
417142
417146
417158
417168
417169
417181
417193
417196
417201
417202
417205
417218
417219
417225
417225
417231
417237
417243
417246
417253
417256
417257
417263
417270
417274
417284
417287
417293
417296
417299
417314
417318
417318
417324
417330
417337
417349
417357
417358
417362
417365
417372
417381
417382
417384
417387
417389
417391
417399
417408
417416
417417
417417
417425
417428
417431
417450
417451
417454
417455
417491
417491
417492
417500
417502
417503
417505
417507
417517
417519
417536
417538
417542
417542
417549
417550
417560
417564
417566
417566
417566
417569
417576
417576
417585
417586
417591
417600
417605
417616
417618
417620
417625
417632
417638
417639
417640
417641
417642
417643
417644
417656
417657
417662
417665
417678
417684
417689
417700
417704
417710
417721
417723
417728
417728
417732
417739
417743
417749
417752
417769
417773
417773
417774
417786
417786
417791
417793
417794
417796
417800
417803
417809
417812
417818
417818
417820
417835
417836
417842
417852
417858
417859
417861
417863
417865
417867
417896
417904
417907
417924
417931
417946
417985
417990
417991
417994
417996
417997
418000
418001
418002
418010
418012
418013
418013
418018
418040
418047
418050
418051
418053
418056
418058
418074
418080
418089
418100
418101
418109
418117
418125
418131
418132
418132
418135
418139
418142
418145
418149
418151
418154
418157
418158
418167
418168
418173
418173
418174
418174
418177
418194
418195
418197
418199
418199
418204
418205
418206
418206
418207
418212
418215
418216
418222
418226
418229
418232
418237
418242
418245
418247
418247
418259
418271
418273
418285
418288
418294
418304
418311
418316
418318
418319
418322
418325
418328
418331
418343
418344
418347
418349
418357
418364
418384
418385
418388
418388
418389
418396
418397
418399
418401
418405
418408
418415
418419
418424
418431
418431
418439
418448
418455
418459
418462
418463
418463
418464
418467
418478
418480
418482
418489
418495
418498
418499
418500
418501
418509
418510
418512
418514
418515
418518
418528
418531
418540
418540
418541
418541
418541
418543
418553
418557
418558
418567
418569
418570
418570
418584
418589
418605
418610
418613
418615
418619
418622
418634
418634
418637
418646
418648
418655
418657
418660
418660
418661
418669
418671
418673
418675
418678
418678
418680
418687
418688
418688
418693
418695
418696
418697
418701
418706
418707
418717
418737
418737
418741
418745
418745
418748
418751
418757
418759
418768
418769
418780
418784
418798
418803
418806
418812
418820
418822
418827
418833
418835
418840
418841
418848
418851
418852
418855
418861
418867
418867
418872
418882
418882
418883
418884
418888
418916
418927
418930
418930
418935
418935
418941
418948
418964
418973
418978
418983
418992
419000
419009
419019
419023
419025
419027
419031
419042
419044
419045
419059
419060
419063
419067
419069
419078
419080
419081
419082
419098
419113
419118
419121
419130
419137
419141
419157
419159
419163
419163
419163
419168
419172
419172
419176
419183
419184
419188
419189
419195
419198
419202
419207
419212
419213
419217
419221
419222
419223
419224
419241
419246
419261
419265
419266
419280
419286
419289
419291
419291
419295
419299
419309
419322
419330
419337
419348
419351
419352
419354
419359
419373
419375
419387
419396
419402
419408
419408
419414
419424
419427
419429
419433
419437
419459
419466
419481
419483
419484
419485
419487
419488
419493
419494
419501
419507
419508
419508
419510
419511
419522
419524
419527
419529
419530
419540
419549
419554
419560
419566
419569
419574
419576
419579
419584
419587
419587
419589
419599
419601
419604
419613
419619
419620
419621
419629
419634
419642
419648
419652
419656
419660
419660
419677
419683
419686
419698
419702
419712
419728
419730
419732
419743
419749
419750
419754
419766
419772
419776
419778
419783
419785
419788
419802
419802
419808
419810
419813
419819
419822
419822
419827
419829
419850
419854
419857
419857
419857
419864
419872
419873
419876
419880
419881
419883
419890
419891
419891
419892
419893
419902
419906
419908
419912
419914
419917
419921
419925
419926
419935
419942
419943
419947
419951
419951
419955
419973
419973
419975
419994
420008
420017
420020
420020
420023
420049
420051
420053
420060
420062
420066
420070
420075
420083
420096
420099
420100
420104
420106
420113
420113
420128
420129
420129
420130
420131
420134
420145
420150
420154
420154
420158
420165
420173
420174
420177
420179
420190
420190
420191
420197
420199
420202
420204
420205
420205
420217
420217
420221
420224
420227
420230
420238
420243
420248
420257
420257
420262
420266
420267
420267
420272
420288
420288
420295
420301
420304
420310
420313
420314
420315
420328
420330
420339
420360
420364
420367
420374
420374
420378
420380
420393
420396
420401
420413
420415
420418
420425
420429
420429
420430
420456
420464
420468
420476
420480
420483
420487
420492
420495
420495
420496
420496
420497
420507
420517
420518
420520
420522
420542
420542
420551
420555
420556
420556
420556
420561
420580
420589
420592
420592
420594
420597
420606
420608
420610
420615
420617
420620
420625
420646
420647
420648
420654
420654
420657
420657
420667
420672
420674
420675
420679
420693
420694
420705
420717
420729
420738
420741
420752
420760
420761
420769
420773
420774
420777
420785
420790
420795
420796
420803
420808
420810
420813
420821
420824
420828
420831
420832
420836
420836
420837
420843
420847
420848
420851
420857
420861
420863
420866
420872
420884
420884
420891
420894
420899
420903
420904
420912
420913
420920
420924
420925
420930
420955
420964
420965
420982
420983
420984
420989
420998
420998
420999
421000
421000
421012
421018
421020
421027
421032
421041
421055
421058
421060
421062
421074
421075
421082
421090
421103
421111
421118
421125
421135
421145
421167
421180
421186
421200
421204
421212
421214
421220
421224
421235
421237
421239
421239
421240
421241
421241
421244
421246
421247
421251
421253
421261
421269
421275
421277
421286
421291
421291
421295
421308
421314
421320
421335
421340
421342
421342
421344
421354
421358
421381
421393
421397
421401
421402
421405
421409
421425
421428
421433
421439
421441
421441
421445
421448
421465
421481
421497
421501
421508
421510
421514
421530
421532
421532
421536
421540
421543
421544
421550
421551
421554
421554
421556
421575
421582
421590
421602
421605
421607
421608
421609
421610
421611
421624
421624
421625
421632
421633
421637
421640
421641
421644
421649
421652
421659
421667
421669
421673
421689
421694
421699
421727
421731
421733
421739
421744
421751
421752
421757
421759
421766
421768
421774
421781
421783
421783
421787
421788
421799
421805
421805
421807
421810
421810
421811
421816
421820
421822
421829
421829
421832
421834
421836
421837
421845
421846
421848
421853
421854
421863
421868
421870
421874
421883
421887
421890
421892
421893
421896
421901
421902
421915
421916
421917
421923
421923
421928
421931
421941
421947
421949
421949
421963
421963
421967
421975
421979
421989
421999
422007
422008
422008
422040
422049
422054
422059
422063
422066
422070
422074
422080
422083
422086
422102
422102
422105
422106
422107
422112
422112
422113
422117
422123
422132
422133
422139
422147
422149
422156
422161
422162
422166
422167
422181
422184
422191
422196
422199
422208
422216
422216
422234
422235
422238
422240
422244
422255
422260
422263
422271
422280
422283
422291
422308
422309
422314
422315
422318
422319
422331
422341
422341
422346
422351
422352
422354
422356
422363
422363
422367
422371
422376
422376
422388
422391
422396
422399
422400
422408
422410
422427
422428
422431
422432
422440
422447
422450
422451
422453
422455
422460
422462
422464
422468
422485
422488
422497
422502
422514
422515
422524
422528
422529
422541
422550
422551
422559
422559
422563
422572
422574
422585
422592
422594
422595
422598
422601
422602
422603
422619
422620
422622
422623
422627
422633
422638
422638
422641
422649
422650
422661
422665
422665
422669
422685
422689
422690
422695
422705
422706
422708
422713
422719
422724
422725
422731
422732
422735
422736
422736
422739
422739
422768
422779
422785
422801
422803
422812
422814
422814
422817
422824
422831
422836
422836
422847
422871
422872
422876
422882
422887
422887
422890
422891
422892
422897
422897
422904
422908
422914
422921
422924
422927
422931
422931
422932
422944
422960
422962
422964
422966
422971
422977
422977
422981
422992
422992
422997
422998
423015
423022
423025
423045
423055
423063
423068
423070
423075
423075
423076
423077
423081
423082
423092
423096
423099
423102
423103
423111
423119
423119
423119
423128
423132
423135
423145
423147
423151
423155
423159
423183
423185
423187
423195
423197
423200
423201
423205
423220
423226
423239
423241
423248
423249
423252
423255
423256
423256
423261
423263
423264
423268
423273
423286
423305
423307
423311
423313
423313
423316
423326
423330
423333
423335
423341
423345
423354
423357
423368
423369
423377
423385
423398
423409
423421
423425
423441
423446
423446
423448
423449
423457
423457
423459
423460
423462
423463
423471
423472
423475
423486
423486
423491
423502
423502
423508
423516
423517
423529
423536
423536
423541
423544
423544
423547
423548
423553
423562
423562
423574
423578
423579
423582
423584
423588
423591
423604
423612
423629
423640
423646
423652
423658
423662
423665
423669
423670
423673
423708
423719
423724
423727
423736
423746
423748
423754
423772
423776
423776
423781
423791
423797
423797
423801
423807
423810
423812
423820
423821
423860
423865
423873
423876
423884
423885
423889
423889
423904
423915
423936
423937
423938
423954
423957
423960
423962
423970
423976
423979
423986
424000
424002
424003
424018
424028
424050
424051
424054
424055
424058
424061
424062
424062
424064
424068
424072
424080
424088
424089
424091
424094
424109
424137
424144
424150
424150
424150
424165
424167
424170
424171
424176
424185
424185
424190
424199
424200
424201
424202
424213
424246
424251
424271
424272
424274
424299
424303
424308
424308
424313
424325
424327
424336
424341
424358
424359
424368
424388
424399
424404
424413
424418
424419
424422
424426
424427
424436
424437
424438
424438
424442
424443
424444
424448
424452
424452
424466
424479
424479
424481
424493
424515
424519
424521
424525
424527
424528
424536
424542
424548
424549
424551
424556
424565
424565
424567
424573
424574
424586
424588
424593
424595
424595
424597
424600
424624
424625
424638
424640
424647
424650
424655
424676
424676
424677
424678
424680
424683
424687
424688
424695
424700
424712
424717
424730
424730
424734
424735
424735
424738
424738
424747
424747
424755
424764
424764
424764
424779
424784
424785
424789
424791
424807
424814
424815
424816
424825
424826
424828
424830
424831
424832
424835
424837
424848
424854
424858
424863
424871
424875
424887
424889
424894
424901
424913
424914
424921
424923
424935
424936
424938
424942
424944
424946
424947
424952
424954
424954
424954
424957
424964
424965
424974
424974
424980
424989
424999
425000
425003
425003
425007
425015
425039
425053
425053
425059
425072
425086
425088
425096
425113
425131
425133
425133
425153
425154
425162
425162
425166
425167
425168
425178
425192
425192
425197
425201
425202
425208
425211
425211
425214
425214
425219
425234
425246
425246
425246
425260
425264
425266
425267
425277
425290
425290
425296
425306
425308
425322
425323
425327
425338
425339
425340
425344
425345
425348
425349
425351
425352
425362
425363
425367
425372
425382
425391
425391
425393
425393
425393
425397
425401
425429
425432
425441
425451
425452
425455
425456
425466
425479
425481
425482
425483
425484
425486
425488
425492
425496
425501
425522
425526
425532
425550
425553
425559
425560
425566
425568
425570
425574
425579
425582
425588
425597
425598
425605
425615
425618
425624
425626
425630
425635
425638
425646
425650
425656
425674
425678
425680
425689
425693
425699
425711
425711
425717
425719
425734
425737
425744
425745
425748
425749
425749
425752
425754
425755
425756
425757
425762
425765
425766
425771
425771
425772
425778
425804
425804
425806
425809
425812
425823
425824
425831
425843
425844
425857
425858
425866
425867
425871
425873
425889
425894
425896
425905
425908
425910
425924
425926
425937
425943
425951
425952
425956
425968
425974
425976
425976
425983
425983
425987
425988
425988
425989
425989
425992
426008
426009
426011
426016
426016
426019
426029
426060
426067
426074
426078
426079
426080
426087
426096
426100
426102
426104
426118
426121
426123
426125
426141
426150
426154
426156
426163
426172
426176
426182
426185
426185
426191
426195
426196
426201
426205
426209
426212
426214
426225
426226
426226
426229
426231
426234
426235
426239
426241
426245
426251
426275
426276
426278
426283
426292
426309
426309
426312
426314
426323
426325
426327
426334
426344
426353
426356
426367
426368
426390
426392
426396
426398
426401
426407
426413
426422
426422
426423
426423
426426
426429
426438
426439
426447
426451
426458
426460
426471
426472
426474
426477
426482
426483
426485
426492
426496
426506
426510
426525
426531
426535
426538
426543
426544
426553
426565
426566
426580
426580
426580
426583
426602
426604
426622
426624
426628
426632
426635
426636
426645
426645
426649
426652
426657
426659
426659
426672
426676
426676
426676
426678
426679
426682
426691
426694
426696
426702
426716
426729
426733
426736
426745
426755
426756
426763
426774
426786
426787
426789
426796
426807
426809
426810
426812
426815
426820
426821
426830
426832
426832
426838
426845
426866
426868
426869
426873
426873
426875
426882
426882
426913
426918
426921
426921
426923
426932
426936
426940
426941
426947
426951
426951
426954
426958
426960
426960
426961
426962
426966
426969
426976
426978
426980
427003
427005
427007
427009
427012
427014
427016
427019
427019
427022
427032
427035
427045
427046
427049
427062
427062
427066
427070
427071
427075
427085
427086
427088
427091
427092
427093
427108
427109
427110
427119
427122
427123
427125
427134
427135
427139
427142
427144
427145
427152
427152
427155
427158
427177
427179
427180
427181
427187
427188
427189
427189
427199
427204
427213
427214
427220
427233
427248
427253
427262
427267
427268
427271
427275
427276
427291
427292
427303
427305
427308
427311
427313
427314
427319
427324
427325
427333
427334
427335
427337
427344
427371
427372
427379
427385
427395
427395
427419
427425
427442
427447
427452
427453
427467
427476
427484
427487
427491
427502
427523
427528
427531
427536
427541
427545
427558
427564
427565
427578
427583
427584
427584
427596
427603
427607
427608
427614
427620
427638
427643
427647
427651
427664
427672
427673
427674
427676
427677
427677
427678
427682
427687
427689
427691
427701
427710
427711
427711
427716
427717
427717
427719
427720
427728
427728
427729
427730
427730
427731
427736
427738
427747
427751
427751
427754
427755
427760
427764
427770
427773
427778
427788
427789
427794
427822
427823
427826
427830
427832
427836
427837
427838
427838
427840
427845
427858
427859
427861
427874
427874
427876
427877
427884
427887
427894
427895
427895
427899
427899
427903
427904
427908
427924
427928
427929
427934
427936
427937
427940
427951
427952
427956
427967
427976
427981
427986
427989
427995
427999
428000
428022
428028
428037
428042
428044
428048
428051
428053
428063
428084
428087
428092
428093
428099
428101
428108
428110
428112
428120
428131
428133
428141
428143
428147
428152
428157
428164
428167
428171
428173
428174
428176
428183
428190
428190
428192
428201
428206
428208
428215
428218
428225
428229
428232
428234
428236
428248
428255
428256
428261
428263
428264
428268
428277
428284
428284
428285
428289
428290
428298
428302
428304
428309
428310
428317
428317
428319
428320
428322
428323
428327
428328
428337
428344
428345
428358
428372
428380
428389
428395
428397
428401
428408
428409
428413
428415
428418
428419
428420
428425
428427
428430
428431
428432
428441
428450
428451
428452
428457
428463
428464
428476
428479
428483
428499
428500
428509
428510
428515
428518
428519
428520
428524
428524
428525
428530
428533
428533
428543
428545
428553
428557
428557
428566
428569
428581
428582
428589
428591
428599
428602
428607
428609
428609
428610
428614
428617
428617
428617
428618
428622
428627
428628
428631
428647
428657
428658
428664
428668
428672
428673
428679
428680
428686
428688
428690
428694
428700
428713
428722
428723
428729
428730
428735
428738
428747
428752
428752
428767
428768
428773
428775
428784
428785
428790
428798
428805
428813
428815
428816
428816
428817
428842
428844
428851
428852
428854
428857
428862
428874
428876
428878
428882
428887
428888
428893
428904
428906
428924
428925
428940
428943
428948
428951
428954
428966
428968
428969
428975
428978
428986
428992
428994
428996
429022
429022
429029
429029
429030
429031
429034
429039
429045
429071
429076
429079
429094
429099
429103
429103
429117
429118
429124
429124
429132
429148
429149
429154
429173
429178
429178
429180
429181
429181
429189
429196
429200
429201
429205
429209
429216
429221
429221
429221
429223
429229
429229
429231
429234
429237
429238
429239
429247
429251
429266
429272
429275
429278
429281
429281
429284
429303
429307
429308
429312
429316
429318
429319
429326
429330
429332
429343
429355
429360
429363
429369
429372
429384
429395
429400
429400
429405
429412
429424
429434
429436
429440
429441
429445
429462
429467
429469
429471
429476
429484
429490
429494
429499
429506
429515
429517
429521
429522
429524
429531
429534
429534
429535
429536
429537
429544
429548
429556
429564
429566
429570
429574
429574
429575
429586
429593
429602
429613
429623
429632
429642
429647
429652
429667
429668
429671
429679
429684
429695
429704
429705
429717
429718
429724
429729
429734
429735
429743
429760
429761
429763
429764
429770
429779
429780
429780
429783
429787
429794
429797
429800
429806
429813
429814
429820
429824
429829
429829
429830
429833
429846
429847
429850
429854
429855
429855
429859
429866
429872
429873
429881
429882
429885
429891
429892
429893
429897
429899
429901
429908
429934
429939
429942
429944
429950
429952
429956
429964
429965
429965
429966
429972
429979
429982
429996
430004
430013
430022
430024
430030
430036
430042
430042
430047
430049
430051
430064
430071
430075
430084
430084
430094
430097
430099
430102
430107
430117
430119
430121
430123
430129
430129
430129
430131
430134
430134
430140
430150
430169
430174
430178
430186
430192
430203
430203
430209
430218
430226
430229
430230
430231
430235
430237
430237
430238
430248
430250
430251
430255
430256
430262
430265
430283
430284
430285
430286
430294
430297
430299
430299
430302
430305
430306
430308
430314
430314
430323
430323
430325
430332
430339
430343
430356
430358
430361
430365
430365
430371
430373
430375
430379
430380
430382
430393
430395
430400
430405
430410
430411
430411
430415
430415
430423
430426
430426
430430
430433
430454
430456
430479
430485
430500
430500
430505
430510
430513
430515
430516
430516
430520
430527
430529
430532
430546
430551
430566
430569
430576
430580
430589
430589
430591
430592
430603
430614
430616
430623
430631
430647
430651
430652
430653
430657
430666
430670
430678
430678
430681
430690
430692
430696
430700
430708
430710
430712
430714
430714
430720
430722
430724
430734
430739
430742
430742
430742
430749
430760
430761
430763
430771
430771
430777
430780
430786
430787
430801
430814
430819
430822
430823
430831
430837
430840
430844
430849
430851
430855
430861
430866
430866
430871
430875
430878
430881
430883
430891
430892
430897
430908
430912
430916
430919
430934
430941
430961
430973
430974
430975
430975
430978
430980
430981
430988
430988
430994
431010
431013
431013
431023
431037
431054
431057
431059
431068
431070
431077
431086
431090
431092
431101
431105
431106
431115
431117
431124
431127
431132
431133
431133
431144
431144
431158
431182
431182
431186
431193
431195
431205
431215
431225
431231
431231
431235
431236
431239
431250
431251
431254
431255
431268
431272
431283
431285
431286
431289
431296
431298
431306
431317
431327
431328
431331
431341
431349
431359
431363
431366
431382
431382
431383
431391
431395
431397
431402
431424
431431
431435
431437
431448
431452
431454
431457
431457
431457
431459
431462
431464
431467
431472
431473
431480
431491
431500
431501
431505
431517
431523
431524
431530
431530
431543
431550
431552
431554
431566
431573
431574
431578
431580
431581
431595
431606
431611
431616
431617
431633
431637
431642
431642
431644
431648
431649
431650
431650
431653
431654
431655
431661
431677
431680
431683
431686
431712
431721
431728
431731
431732
431733
431735
431742
431746
431756
431759
431764
431769
431775
431778
431778
431788
431794
431797
431826
431826
431829
431835
431841
431853
431859
431865
431882
431883
431884
431886
431887
431891
431893
431897
431904
431907
431912
431920
431922
431926
431929
431931
431931
431932
431934
431938
431949
431953
431956
431957
431957
431958
431959
431965
431970
431980
431981
431983
431983
431998
432001
432001
432001
432003
432012
432037
432038
432042
432047
432053
432062
432066
432067
432069
432072
432076
432077
432079
432081
432082
432083
432091
432092
432093
432094
432096
432097
432098
432101
432102
432104
432113
432117
432118
432119
432125
432126
432129
432136
432139
432141
432146
432152
432181
432196
432200
432202
432206
432219
432220
432231
432231
432232
432236
432239
432239
432240
432245
432245
432246
432248
432250
432255
432257
432267
432275
432277
432278
432285
432289
432293
432295
432295
432299
432299
432302
432320
432322
432323
432330
432344
432344
432349
432352
432355
432366
432366
432367
432371
432376
432382
432389
432392
432392
432397
432397
432425
432436
432438
432446
432450
432451
432456
432461
432461
432477
432477
432485
432486
432488
432491
432491
432498
432499
432508
432512
432513
432514
432515
432528
432533
432534
432539
432539
432542
432545
432565
432568
432569
432570
432574
432576
432579
432581
432582
432586
432592
432598
432599
432604
432604
432612
432613
432615
432616
432616
432617
432633
432636
432643
432644
432651
432658
432662
432668
432675
432679
432692
432695
432702
432706
432707
432709
432709
432710
432711
432715
432737
432749
432752
432752
432754
432755
432768
432769
432771
432776
432779
432779
432783
432791
432793
432799
432806
432808
432810
432815
432820
432821
432826
432827
432843
432846
432861
432861
432862
432863
432870
432873
432882
432887
432887
432888
432898
432904
432929
432944
432950
432958
432965
432967
432969
432976
432978
432992
432993
433002
433002
433005
433009
433012
433016
433026
433034
433039
433040
433046
433056
433065
433067
433068
433071
433080
433081
433092
433100
433106
433109
433114
433116
433120
433123
433126
433133
433140
433149
433150
433154
433159
433166
433168
433175
433176
433177
433177
433178
433178
433186
433194
433195
433206
433210
433211
433215
433216
433233
433234
433244
433249
433250
433252
433253
433255
433255
433255
433257
433259
433260
433263
433267
433267
433269
433272
433273
433276
433278
433281
433285
433290
433292
433300
433303
433310
433313
433323
433329
433330
433330
433335
433340
433343
433344
433345
433346
433355
433359
433368
433371
433376
433383
433385
433390
433398
433417
433418
433430
433437
433447
433450
433453
433458
433461
433462
433464
433465
433466
433471
433471
433472
433474
433478
433478
433481
433486
433488
433492
433494
433495
433497
433505
433506
433513
433522
433525
433526
433533
433535
433537
433540
433542
433551
433554
433556
433559
433566
433578
433582
433585
433591
433597
433599
433602
433607
433608
433613
433617
433626
433634
433636
433638
433642
433643
433648
433648
433651
433666
433670
433670
433672
433678
433684
433689
433692
433694
433694
433712
433713
433714
433716
433725
433728
433732
433732
433733
433735
433746
433747
433757
433759
433760
433767
433770
433772
433775
433783
433786
433789
433794
433805
433805
433812
433813
433815
433816
433822
433823
433828
433831
433838
433843
433845
433846
433849
433851
433856
433856
433862
433869
433874
433878
433886
433889
433894
433895
433896
433903
433909
433915
433922
433929
433933
433941
433953
433953
433958
433963
433966
433967
433969
433976
433977
433986
433998
433999
434002
434003
434013
434021
434024
434028
434034
434037
434041
434060
434066
434066
434066
434066
434068
434079
434081
434082
434085
434091
434103
434106
434109
434118
434124
434126
434127
434147
434148
434152
434152
434155
434157
434174
434178
434179
434179
434181
434188
434198
434202
434205
434209
434209
434212
434225
434229
434230
434248
434253
434255
434255
434263
434271
434276
434289
434299
434300
434300
434313
434319
434323
434325
434331
434333
434337
434338
434341
434342
434345
434362
434366
434368
434373
434393
434395
434402
434405
434405
434409
434413
434414
434422
434422
434432
434433
434440
434440
434445
434446
434446
434450
434457
434465
434475
434476
434486
434496
434498
434508
434508
434509
434518
434536
434542
434542
434545
434551
434553
434553
434554
434555
434559
434562
434576
434578
434578
434578
434583
434587
434589
434612
434613
434630
434639
434652
434667
434676
434681
434683
434699
434699
434705
434707
434722
434723
434729
434738
434741
434742
434745
434749
434749
434752
434757
434781
434783
434787
434787
434789
434790
434795
434796
434797
434803
434804
434804
434808
434822
434824
434842
434844
434845
434858
434859
434860
434868
434886
434923
434944
434945
434947
434951
434954
434959
434966
434970
434974
434975
434976
434976
434986
434991
434991
434996
434997
434999
435012
435015
435016
435017
435017
435020
435020
435036
435048
435049
435056
435057
435058
435068
435073
435077
435080
435090
435097
435097
435099
435112
435114
435125
435128
435129
435131
435135
435136
435139
435142
435142
435148
435150
435151
435152
435159
435177
435178
435180
435182
435198
435202
435217
435217
435219
435220
435231
435233
435243
435249
435253
435270
435273
435285
435302
435302
435303
435305
435316
435325
435325
435328
435345
435351
435361
435368
435373
435378
435378
435389
435392
435412
435417
435419
435420
435423
435432
435434
435440
435443
435445
435449
435461
435464
435472
435475
435479
435483
435483
435489
435491
435491
435497
435497
435499
435513
435516
435518
435526
435530
435532
435536
435540
435544
435545
435550
435564
435565
435566
435578
435578
435580
435586
435587
435590
435590
435591
435594
435597
435598
435598
435599
435602
435607
435608
435614
435614
435615
435628
435637
435643
435643
435647
435662
435668
435673
435674
435685
435687
435700
435702
435721
435723
435723
435726
435731
435735
435738
435738
435742
435742
435744
435752
435760
435763
435764
435772
435796
435798
435801
435811
435817
435825
435825
435826
435835
435836
435844
435857
435857
435858
435859
435864
435866
435871
435879
435880
435881
435886
435889
435895
435896
435902
435903
435906
435918
435930
435936
435939
435939
435942
435946
435950
435954
435965
435967
435968
435968
435980
435984
435993
435993
435995
435996
436012
436014
436020
436020
436022
436026
436028
436035
436036
436038
436043
436058
436059
436096
436104
436108
436113
436116
436118
436120
436123
436128
436132
436141
436145
436151
436164
436168
436169
436171
436172
436175
436175
436177
436186
436187
436193
436197
436200
436201
436203
436205
436206
436215
436216
436220
436222
436223
436233
436234
436238
436239
436241
436256
436256
436261
436265
436269
436272
436281
436282
436282
436284
436288
436295
436296
436323
436323
436332
436332
436334
436343
436352
436366
436367
436367
436369
436374
436375
436377
436398
436402
436406
436411
436412
436431
436446
436447
436447
436457
436458
436465
436486
436488
436495
436500
436513
436514
436517
436519
436527
436531
436539
436542
436542
436547
436549
436552
436556
436563
436569
436570
436580
436589
436596
436599
436599
436602
436609
436614
436617
436622
436622
436627
436641
436647
436647
436656
436658
436658
436661
436665
436665
436670
436674
436679
436684
436687
436697
436697
436699
436702
436704
436705
436709
436718
436724
436724
436727
436731
436735
436747
436757
436767
436767
436777
436785
436788
436801
436803
436803
436806
436814
436819
436820
436821
436832
436848
436849
436850
436858
436859
436870
436876
436876
436890
436890
436891
436893
436897
436904
436910
436914
436920
436922
436931
436935
436943
436948
436952
436970
436971
436972
436976
436977
436978
436979
436986
436993
437001
437001
437003
437010
437011
437028
437029
437037
437043
437067
437078
437094
437096
437102
437102
437105
437105
437121
437123
437123
437127
437130
437131
437138
437143
437151
437154
437154
437155
437159
437162
437163
437168
437174
437180
437187
437187
437190
437197
437203
437204
437206
437208
437222
437228
437232
437237
437245
437250
437253
437256
437259
437261
437275
437275
437275
437278
437280
437299
437308
437312
437322
437323
437333
437336
437338
437350
437362
437365
437372
437372
437384
437386
437387
437394
437408
437410
437410
437412
437421
437435
437436
437437
437452
437452
437457
437466
437469
437475
437476
437476
437484
437487
437488
437488
437489
437490
437502
437514
437517
437519
437520
437522
437523
437529
437531
437537
437547
437548
437554
437560
437562
437563
437564
437565
437570
437572
437580
437581
437584
437586
437587
437588
437588
437588
437592
437592
437594
437596
437600
437600
437604
437607
437608
437610
437614
437621
437624
437628
437631
437634
437634
437645
437645
437649
437655
437655
437655
437657
437673
437673
437677
437678
437696
437702
437710
437711
437714
437716
437722
437722
437723
437736
437736
437737
437741
437742
437742
437745
437746
437746
437747
437756
437759
437776
437785
437794
437795
437805
437810
437810
437811
437820
437829
437830
437830
437831
437836
437841
437846
437846
437849
437850
437851
437858
437862
437862
437876
437876
437881
437887
437894
437900
437900
437904
437908
437914
437921
437923
437925
437926
437945
437946
437958
437986
437993
437993
437998
437999
438000
438012
438026
438031
438033
438037
438041
438076
438076
438080
438082
438091
438100
438111
438113
438114
438118
438125
438129
438131
438137
438140
438144
438152
438159
438168
438170
438171
438179
438181
438182
438182
438184
438193
438201
438202
438205
438207
438210
438215
438217
438218
438218
438226
438227
438234
438239
438243
438246
438247
438253
438254
438262
438267
438268
438270
438286
438288
438294
438297
438304
438319
438322
438326
438335
438335
438338
438338
438344
438348
438352
438355
438358
438362
438365
438372
438376
438378
438382
438383
438387
438397
438399
438399
438407
438416
438426
438429
438430
438446
438452
438454
438460
438465
438477
438481
438482
438483
438490
438502
438514
438515
438516
438519
438522
438524
438531
438539
438552
438557
438562
438572
438575
438584
438584
438587
438593
438601
438605
438606
438609
438613
438614
438615
438617
438618
438620
438626
438631
438635
438636
438640
438640
438642
438645
438648
438655
438658
438659
438660
438666
438676
438680
438681
438685
438687
438703
438714
438718
438719
438723
438724
438732
438757
438760
438762
438772
438773
438781
438786
438797
438798
438806
438812
438812
438826
438827
438834
438842
438853
438854
438854
438882
438887
438890
438899
438902
438905
438910
438914
438918
438932
438932
438940
438943
438952
438953
438974
438977
438979
438980
438984
438989
438996
439000
439001
439003
439007
439017
439019
439026
439031
439036
439038
439040
439044
439052
439052
439052
439054
439059
439066
439070
439077
439080
439098
439106
439107
439107
439109
439113
439119
439120
439122
439153
439155
439180
439181
439182
439188
439190
439193
439198
439210
439212
439220
439223
439225
439225
439226
439231
439233
439237
439238
439239
439244
439246
439247
439250
439255
439265
439273
439275
439277
439282
439287
439294
439296
439298
439300
439301
439301
439303
439311
439316
439323
439327
439328
439329
439335
439348
439360
439366
439375
439375
439376
439379
439383
439391
439398
439403
439411
439419
439420
439432
439436
439441
439443
439454
439457
439463
439467
439467
439473
439486
439486
439487
439489
439490
439491
439492
439497
439497
439500
439504
439505
439537
439540
439541
439553
439553
439562
439563
439569
439576
439578
439591
439592
439596
439597
439599
439600
439603
439608
439615
439616
439617
439617
439617
439617
439617
439630
439641
439651
439657
439661
439671
439673
439675
439677
439687
439690
439696
439698
439701
439711
439715
439718
439719
439720
439724
439740
439749
439753
439760
439762
439777
439785
439819
439822
439826
439827
439829
439830
439838
439845
439852
439865
439869
439873
439879
439887
439890
439904
439905
439915
439920
439925
439926
439932
439933
439934
439950
439957
439958
439958
439958
439961
439964
439968
439980
439983
439990
439997
440002
440003
440010
440015
440023
440029
440030
440035
440041
440058
440058
440065
440073
440074
440078
440084
440086
440093
440114
440128
440132
440134
440142
440145
440156
440160
440192
440203
440205
440206
440207
440208
440212
440213
440215
440219
440227
440231
440233
440237
440243
440244
440246
440254
440261
440261
440266
440267
440271
440272
440275
440278
440283
440284
440285
440289
440290
440293
440297
440297
440301
440312
440315
440318
440323
440330
440334
440342
440343
440344
440352
440353
440354
440356
440356
440362
440371
440374
440379
440380
440382
440390
440391
440401
440419
440420
440422
440424
440430
440430
440450
440458
440461
440463
440464
440481
440481
440486
440491
440499
440502
440502
440506
440511
440511
440513
440522
440531
440533
440535
440543
440544
440547
440560
440561
440562
440563
440564
440579
440580
440582
440585
440594
440595
440607
440610
440614
440619
440620
440625
440628
440634
440638
440640
440641
440652
440655
440680
440684
440688
440692
440697
440698
440698
440700
440711
440715
440716
440721
440735
440738
440739
440745
440748
440750
440751
440754
440759
440761
440767
440771
440773
440775
440779
440790
440797
440797
440800
440810
440817
440823
440823
440824
440828
440828
440836
440842
440844
440851
440852
440858
440863
440865
440869
440875
440884
440886
440887
440889
440892
440892
440894
440906
440920
440931
440932
440935
440935
440939
440939
440941
440961
440964
440978
441008
441009
441018
441018
441026
441027
441028
441052
441054
441056
441060
441065
441065
441069
441070
441070
441073
441077
441089
441091
441092
441097
441102
441103
441108
441115
441121
441127
441133
441139
441141
441142
441150
441154
441155
441155
441156
441158
441161
441164
441169
441172
441175
441176
441182
441189
441194
441194
441196
441198
441198
441198
441200
441208
441214
441220
441230
441241
441241
441242
441244
441248
441254
441254
441255
441259
441261
441264
441264
441283
441284
441290
441290
441292
441295
441300
441306
441310
441312
441316
441319
441322
441336
441341
441342
441351
441353
441356
441365
441367
441371
441383
441383
441390
441390
441399
441399
441401
441401
441411
441425
441427
441447
441448
441469
441478
441481
441481
441500
441500
441505
441511
441528
441531
441532
441557
441567
441568
441573
441605
441608
441613
441619
441619
441622
441623
441634
441646
441647
441652
441653
441654
441657
441658
441660
441663
441663
441666
441669
441673
441682
441689
441698
441702
441717
441723
441725
441728
441728
441729
441738
441740
441743
441746
441749
441755
441767
441771
441773
441782
441787
441790
441797
441802
441803
441806
441807
441809
441818
441820
441827
441830
441840
441848
441856
441858
441864
441865
441878
441880
441887
441897
441907
441913
441917
441917
441924
441925
441926
441929
441937
441945
441950
441951
441954
441959
441967
441967
441968
441969
441972
441976
441978
441982
441985
441990
441992
441993
442000
442014
442042
442045
442053
442059
442059
442060
442063
442064
442084
442093
442102
442106
442107
442110
442114
442127
442132
442143
442156
442157
442161
442162
442172
442172
442182
442183
442186
442199
442207
442211
442213
442217
442219
442222
442236
442239
442240
442253
442254
442259
442271
442278
442284
442285
442293
442301
442304
442306
442313
442315
442342
442347
442349
442349
442351
442355
442358
442362
442368
442369
442369
442370
442377
442381
442382
442383
442391
442393
442394
442395
442397
442402
442409
442410
442412
442425
442431
442432
442442
442448
442450
442454
442458
442459
442472
442477
442482
442489
442489
442494
442501
442508
442508
442518
442519
442523
442531
442549
442554
442557
442559
442560
442569
442570
442580
442585
442587
442588
442592
442596
442598
442602
442603
442608
442613
442613
442615
442618
442622
442637
442656
442658
442670
442670
442679
442681
442682
442685
442691
442691
442703
442706
442710
442712
442718
442719
442721
442723
442733
442733
442734
442734
442734
442735
442741
442741
442747
442761
442762
442764
442773
442776
442789
442792
442797
442801
442804
442806
442808
442814
442819
442820
442835
442856
442863
442868
442870
442873
442887
442888
442889
442893
442897
442901
442906
442909
442910
442914
442921
442923
442927
442936
442940
442944
442945
442946
442946
442962
442969
442970
442977
442979
442988
442989
443000
443001
443015
443022
443026
443029
443029
443039
443046
443048
443048
443051
443059
443072
443074
443077
443078
443079
443080
443080
443087
443090
443095
443098
443100
443114
443114
443114
443115
443119
443121
443123
443129
443130
443131
443135
443143
443143
443146
443147
443150
443150
443151
443156
443163
443164
443167
443167
443171
443176
443178
443184
443206
443206
443211
443212
443214
443221
443225
443226
443227
443230
443247
443249
443256
443290
443290
443295
443299
443300
443303
443320
443321
443324
443332
443333
443337
443342
443343
443347
443351
443352
443364
443364
443364
443365
443376
443390
443394
443411
443416
443419
443421
443423
443429
443434
443447
443449
443453
443455
443457
443464
443468
443470
443477
443479
443481
443488
443498
443503
443503
443508
443514
443514
443516
443519
443526
443535
443537
443539
443539
443544
443555
443576
443576
443583
443587
443587
443604
443608
443608
443612
443613
443614
443615
443618
443628
443636
443648
443654
443665
443671
443673
443673
443675
443681
443684
443685
443688
443696
443697
443698
443699
443700
443713
443714
443717
443724
443750
443750
443751
443753
443768
443768
443781
443782
443786
443796
443798
443801
443806
443807
443814
443820
443821
443827
443848
443850
443850
443851
443864
443872
443885
443894
443899
443901
443903
443912
443912
443915
443920
443933
443946
443947
443947
443959
443960
443960
443961
443968
443976
443978
443980
443982
443987
443987
443992
443998
444004
444006
444007
444015
444019
444021
444026
444026
444031
444038
444055
444059
444062
444075
444099
444102
444105
444118
444124
444127
444148
444149
444153
444155
444159
444160
444173
444194
444199
444204
444215
444217
444219
444235
444236
444254
444256
444257
444258
444261
444265
444269
444269
444272
444272
444274
444282
444284
444288
444289
444298
444299
444302
444303
444308
444309
444309
444315
444316
444319
444324
444327
444327
444333
444339
444340
444341
444342
444358
444361
444369
444372
444400
444402
444404
444409
444410
444411
444415
444425
444430
444431
444431
444435
444436
444437
444443
444469
444477
444478
444479
444480
444481
444481
444482
444482
444485
444487
444487
444488
444490
444495
444495
444498
444501
444502
444509
444513
444516
444526
444528
444529
444531
444533
444536
444538
444556
444561
444563
444568
444575
444578
444580
444581
444590
444592
444595
444599
444603
444605
444612
444617
444619
444622
444623
444624
444624
444630
444642
444642
444642
444645
444649
444651
444654
444657
444664
444668
444670
444672
444677
444682
444690
444721
444725
444731
444734
444734
444744
444745
444751
444754
444757
444758
444760
444769
444772
444779
444781
444787
444788
444796
444807
444816
444823
444826
444834
444836
444841
444845
444847
444848
444849
444852
444856
444856
444872
444877
444882
444884
444887
444892
444894
444895
444897
444897
444910
444910
444916
444920
444924
444927
444928
444930
444935
444937
444939
444945
444946
444947
444951
444962
444965
444968
444970
444974
444980
444981
444983
444985
444988
444988
444992
444995
445016
445037
445046
445049
445057
445058
445063
445074
445100
445101
445108
445112
445113
445113
445141
445148
445156
445157
445159
445165
445166
445169
445172
445176
445177
445181
445188
445189
445191
445198
445199
445204
445206
445220
445222
445229
445235
445235
445242
445254
445254
445279
445280
445282
445294
445294
445297
445307
445316
445322
445327
445330
445330
445339
445341
445352
445353
445367
445376
445379
445387
445393
445395
445414
445416
445427
445435
445441
445442
445442
445447
445456
445457
445473
445474
445476
445476
445481
445482
445482
445487
445488
445495
445497
445505
445508
445526
445529
445542
445545
445565
445568
445573
445580
445582
445591
445591
445592
445592
445594
445599
445599
445600
445616
445619
445623
445625
445636
445639
445640
445640
445642
445646
445646
445656
445657
445657
445661
445669
445678
445681
445681
445700
445703
445706
445717
445721
445740
445741
445748
445755
445756
445758
445765
445769
445774
445774
445776
445777
445782
445786
445789
445789
445800
445804
445805
445807
445822
445826
445827
445833
445841
445848
445858
445867
445878
445880
445885
445896
445899
445903
445914
445918
445918
445923
445926
445931
445945
445953
445958
445972
445985
446005
446006
446012
446025
446025
446031
446034
446037
446037
446050
446059
446060
446062
446071
446082
446083
446086
446092
446093
446099
446100
446102
446109
446111
446120
446120
446125
446128
446129
446131
446132
446134
446139
446140
446143
446148
446154
446159
446164
446164
446170
446178
446185
446189
446196
446198
446202
446211
446215
446220
446226
446228
446231
446233
446253
446260
446268
446269
446286
446287
446290
446299
446299
446303
446304
446305
446310
446316
446317
446318
446324
446341
446351
446356
446357
446358
446361
446361
446370
446370
446371
446372
446374
446378
446383
446384
446387
446406
446406
446411
446419
446430
446435
446437
446448
446453
446454
446455
446455
446457
446459
446462
446471
446475
446478
446484
446484
446485
446486
446490
446490
446491
446494
446495
446496
446502
446516
446520
446521
446527
446540
446546
446557
446558
446561
446561
446564
446573
446573
446575
446577
446579
446580
446586
446594
446596
446597
446601
446602
446606
446608
446609
446611
446617
446618
446620
446633
446643
446644
446645
446653
446655
446657
446659
446661
446671
446673
446675
446675
446688
446692
446698
446710
446715
446738
446759
446760
446763
446764
446767
446778
446779
446784
446794
446795
446798
446805
446806
446815
446817
446823
446831
446835
446843
446846
446851
446855
446868
446871
446873
446880
446883
446887
446896
446897
446899
446900
446904
446907
446912
446927
446929
446939
446941
446945
446946
446954
446960
446962
446964
446977
446979
446985
446986
446992
446993
447002
447006
447016
447022
447031
447033
447034
447042
447048
447050
447050
447055
447056
447056
447065
447066
447066
447081
447083
447090
447096
447098
447102
447119
447120
447121
447136
447142
447158
447162
447166
447169
447170
447184
447186
447188
447206
447214
447234
447247
447252
447254
447264
447271
447275
447275
447283
447288
447289
447294
447295
447300
447304
447305
447305
447307
447307
447310
447311
447313
447318
447338
447338
447342
447348
447363
447369
447382
447384
447386
447390
447396
447398
447401
447404
447404
447405
447430
447437
447441
447456
447458
447465
447472
447479
447485
447486
447489
447492
447497
447498
447499
447507
447507
447515
447516
447518
447526
447528
447531
447532
447536
447550
447556
447565
447574
447577
447580
447616
447617
447624
447629
447634
447655
447660
447660
447665
447670
447671
447671
447674
447689
447690
447703
447712
447715
447725
447725
447726
447730
447733
447734
447736
447737
447739
447741
447742
447744
447744
447746
447750
447751
447760
447763
447766
447771
447775
447780
447788
447790
447806
447819
447836
447845
447851
447851
447862
447872
447873
447886
447892
447892
447896
447898
447903
447911
447914
447917
447917
447923
447931
447938
447942
447943
447949
447952
447953
447978
447978
447980
447981
447982
447982
447986
447988
447993
447995
447997
448000
448002
448007
448007
448008
448012
448012
448016
448019
448035
448060
448066
448071
448074
448076
448087
448089
448107
448108
448111
448112
448118
448125
448133
448135
448139
448141
448150
448161
448166
448167
448169
448174
448177
448178
448181
448220
448226
448226
448231
448236
448238
448239
448241
448246
448247
448248
448255
448258
448264
448267
448269
448271
448272
448281
448290
448302
448318
448325
448337
448340
448340
448345
448371
448372
448378
448396
448401
448402
448406
448409
448415
448415
448430
448431
448437
448443
448445
448448
448455
448462
448468
448478
448481
448484
448488
448491
448496
448507
448512
448518
448523
448526
448532
448534
448537
448542
448550
448564
448566
448577
448581
448583
448586
448601
448607
448614
448616
448618
448624
448625
448628
448629
448636
448643
448656
448657
448657
448669
448672
448675
448679
448684
448684
448685
448707
448707
448711
448731
448737
448737
448737
448753
448757
448762
448762
448766
448777
448777
448778
448779
448785
448791
448792
448802
448804
448807
448810
448812
448813
448816
448827
448833
448837
448843
448847
448861
448865
448868
448871
448873
448876
448888
448895
448895
448897
448904
448906
448916
448920
448925
448925
448926
448931
448937
448947
448954
448957
448960
448962
448964
448968
448968
448975
448976
448978
448984
448984
448986
448987
448987
448992
449000
449003
449017
449021
449025
449027
449029
449031
449043
449044
449051
449067
449068
449080
449083
449095
449104
449119
449124
449133
449139
449139
449140
449142
449142
449146
449152
449158
449160
449169
449170
449174
449178
449188
449191
449191
449206
449209
449219
449225
449226
449230
449247
449249
449278
449279
449281
449282
449285
449288
449301
449303
449307
449312
449322
449350
449360
449367
449372
449388
449391
449391
449394
449406
449421
449423
449426
449432
449439
449442
449442
449442
449444
449447
449448
449450
449455
449464
449476
449485
449489
449490
449493
449496
449514
449518
449523
449529
449536
449537
449548
449555
449557
449563
449563
449565
449569
449575
449593
449599
449627
449627
449629
449630
449630
449636
449638
449643
449644
449651
449666
449674
449674
449675
449678
449679
449685
449685
449689
449700
449703
449706
449711
449738
449740
449743
449748
449749
449757
449759
449759
449762
449763
449765
449766
449771
449785
449796
449797
449804
449806
449810
449818
449822
449826
449828
449830
449840
449840
449840
449845
449849
449850
449852
449859
449864
449868
449869
449870
449871
449872
449903
449922
449929
449936
449938
449941
449944
449955
449956
449969
449982
449984
449990
449991
449992
449994
449997
449998
450009
450027
450028
450031
450034
450038
450041
450046
450055
450062
450064
450065
450066
450078
450079
450090
450099
450116
450118
450121
450124
450126
450128
450138
450139
450143
450143
450149
450157
450157
450162
450163
450169
450171
450171
450172
450172
450178
450191
450192
450193
450193
450202
450205
450205
450213
450213
450215
450216
450221
450229
450229
450235
450245
450248
450254
450254
450260
450260
450268
450270
450280
450280
450288
450289
450290
450290
450290
450291
450297
450309
450317
450318
450322
450323
450326
450326
450336
450341
450348
450352
450355
450359
450359
450360
450363
450364
450364
450370
450385
450387
450392
450395
450396
450396
450400
450404
450410
450422
450440
450442
450446
450454
450459
450461
450463
450465
450467
450474
450475
450480
450481
450484
450493
450493
450502
450504
450518
450528
450533
450534
450537
450538
450555
450556
450559
450568
450571
450573
450574
450576
450576
450579
450581
450595
450602
450614
450616
450621
450636
450641
450651
450659
450663
450666
450678
450683
450696
450701
450704
450709
450711
450714
450729
450732
450737
450742
450751
450753
450754
450761
450773
450781
450790
450798
450813
450815
450833
450837
450852
450858
450863
450863
450867
450873
450877
450880
450884
450885
450887
450893
450894
450896
450898
450900
450906
450920
450921
450921
450933
450934
450934
450935
450936
450941
450953
450955
450960
450971
450978
450979
450984
450985
450998
450998
451002
451002
451005
451010
451020
451032
451033
451034
451037
451040
451041
451047
451049
451053
451060
451066
451066
451074
451074
451075
451076
451079
451081
451087
451088
451090
451091
451093
451099
451105
451108
451110
451114
451118
451122
451126
451130
451145
451147
451156
451160
451161
451163
451189
451190
451191
451194
451198
451205
451212
451212
451220
451227
451228
451235
451239
451245
451249
451262
451266
451267
451267
451273
451274
451274
451281
451284
451308
451309
451309
451310
451311
451312
451314
451319
451322
451338
451352
451352
451353
451355
451357
451372
451379
451384
451386
451397
451399
451401
451409
451411
451414
451415
451420
451429
451429
451432
451432
451433
451435
451443
451446
451446
451448
451451
451461
451471
451473
451475
451478
451479
451486
451492
451493
451495
451500
451502
451518
451521
451525
451528
451536
451547
451548
451550
451556
451571
451586
451612
451615
451616
451616
451620
451622
451625
451626
451628
451630
451633
451635
451636
451637
451637
451638
451640
451642
451650
451673
451678
451679
451683
451684
451687
451696
451704
451705
451720
451732
451733
451735
451743
451746
451748
451777
451785
451786
451789
451791
451795
451801
451809
451810
451815
451820
451823
451825
451826
451827
451848
451849
451853
451857
451865
451866
451873
451877
451886
451894
451896
451896
451897
451902
451907
451908
451908
451912
451913
451917
451932
451939
451942
451945
451945
451951
451959
451968
451969
451970
451973
451974
451994
451999
452001
452003
452004
452008
452008
452010
452017
452019
452026
452029
452034
452041
452042
452046
452047
452058
452060
452065
452067
452073
452084
452085
452087
452089
452090
452091
452093
452098
452098
452104
452105
452107
452111
452116
452118
452119
452122
452124
452142
452148
452153
452169
452180
452188
452194
452196
452201
452201
452201
452202
452203
452207
452210
452221
452225
452227
452230
452231
452240
452240
452248
452248
452249
452259
452264
452268
452277
452278
452279
452279
452285
452287
452290
452303
452324
452325
452333
452342
452343
452354
452358
452364
452366
452369
452377
452381
452415
452420
452422
452422
452427
452440
452442
452444
452444
452451
452457
452467
452468
452469
452471
452479
452484
452484
452494
452501
452501
452502
452506
452508
452509
452512
452513
452531
452550
452550
452550
452553
452554
452554
452562
452568
452572
452578
452586
452601
452601
452602
452612
452622
452637
452647
452649
452653
452670
452671
452674
452676
452676
452680
452686
452687
452689
452691
452697
452697
452698
452717
452719
452722
452726
452729
452734
452737
452744
452747
452747
452753
452756
452768
452770
452788
452791
452793
452803
452805
452810
452811
452814
452825
452829
452831
452834
452840
452845
452848
452852
452861
452861
452866
452880
452886
452890
452892
452898
452910
452921
452928
452929
452932
452937
452951
452951
452960
452963
452966
452971
452979
452982
452987
452988
452988
452992
452998
453017
453025
453030
453043
453049
453051
453063
453064
453074
453087
453103
453117
453117
453123
453123
453124
453126
453128
453138
453139
453142
453148
453150
453150
453153
453155
453168
453173
453176
453198
453199
453200
453212
453212
453228
453231
453234
453236
453251
453254
453263
453268
453270
453271
453278
453284
453293
453293
453295
453296
453297
453299
453300
453301
453305
453307
453308
453322
453322
453329
453330
453330
453340
453349
453351
453354
453357
453357
453363
453368
453374
453375
453380
453382
453388
453390
453395
453414
453415
453430
453435
453439
453441
453442
453444
453446
453447
453459
453460
453462
453472
453479
453492
453493
453493
453496
453506
453508
453509
453524
453524
453549
453550
453553
453562
453565
453566
453571
453571
453574
453581
453587
453594
453609
453609
453617
453619
453626
453628
453633
453634
453642
453655
453655
453656
453656
453657
453663
453664
453664
453666
453667
453682
453688
453692
453697
453699
453700
453706
453706
453707
453708
453709
453718
453719
453729
453730
453731
453732
453748
453752
453752
453756
453758
453759
453761
453772
453777
453777
453794
453794
453798
453799
453801
453808
453814
453816
453827
453833
453843
453844
453868
453868
453881
453889
453892
453892
453896
453910
453922
453922
453934
453939
453943
453947
453963
453967
453968
453970
453981
453981
453985
453992
454007
454007
454009
454009
454010
454014
454022
454023
454025
454029
454044
454057
454060
454070
454079
454082
454083
454083
454092
454095
454100
454104
454104
454104
454105
454106
454107
454110
454114
454125
454126
454127
454133
454134
454138
454146
454146
454146
454147
454149
454156
454162
454166
454172
454173
454174
454179
454182
454187
454193
454197
454197
454199
454204
454215
454222
454225
454241
454255
454255
454258
454267
454273
454274
454276
454276
454280
454282
454282
454284
454289
454290
454293
454294
454297
454306
454308
454317
454326
454328
454329
454329
454341
454341
454347
454348
454348
454349
454356
454358
454360
454377
454387
454395
454397
454402
454403
454403
454407
454407
454410
454412
454412
454424
454430
454437
454440
454443
454453
454454
454454
454458
454460
454461
454462
454480
454482
454485
454488
454489
454491
454499
454500
454506
454508
454514
454517
454518
454522
454525
454526
454532
454535
454538
454538
454549
454550
454553
454564
454566
454573
454574
454577
454581
454586
454587
454589
454595
454598
454601
454604
454607
454608
454611
454611
454612
454614
454614
454621
454623
454628
454635
454639
454646
454653
454666
454675
454685
454697
454710
454714
454714
454718
454722
454723
454723
454727
454731
454732
454744
454750
454751
454754
454765
454767
454768
454775
454776
454782
454786
454797
454810
454810
454813
454817
454819
454827
454834
454835
454856
454861
454864
454869
454872
454876
454887
454888
454890
454904
454905
454906
454909
454911
454911
454914
454914
454921
454930
454931
454945
454950
454954
454958
454978
454981
454982
454988
455012
455038
455038
455039
455044
455046
455046
455071
455072
455075
455099
455110
455115
455118
455123
455124
455131
455145
455154
455156
455156
455157
455160
455163
455172
455175
455186
455195
455196
455197
455199
455201
455203
455203
455203
455205
455206
455219
455219
455221
455224
455225
455225
455229
455232
455236
455240
455242
455243
455252
455257
455257
455267
455269
455270
455273
455274
455279
455283
455285
455285
455288
455298
455299
455303
455309
455322
455326
455330
455334
455336
455340
455341
455344
455346
455353
455356
455371
455377
455379
455392
455398
455406
455409
455421
455423
455434
455453
455455
455457
455461
455463
455464
455469
455489
455493
455498
455503
455504
455508
455511
455511
455515
455523
455527
455527
455539
455558
455569
455569
455569
455582
455584
455592
455595
455597
455619
455620
455621
455650
455655
455659
455665
455673
455674
455674
455681
455682
455683
455685
455685
455690
455691
455700
455712
455712
455716
455721
455727
455741
455752
455776
455778
455781
455784
455790
455798
455801
455810
455812
455822
455825
455827
455837
455838
455844
455863
455868
455874
455878
455879
455886
455902
455907
455922
455922
455925
455929
455932
455933
455934
455950
455951
455965
455974
455983
455983
455989
455994
455996
456001
456008
456011
456012
456012
456030
456031
456031
456032
456032
456034
456043
456048
456053
456065
456065
456071
456074
456084
456093
456100
456109
456111
456118
456123
456127
456135
456142
456148
456152
456155
456161
456179
456187
456189
456195
456196
456201
456204
456205
456205
456209
456219
456225
456228
456233
456233
456235
456241
456245
456248
456248
456260
456262
456264
456270
456273
456298
456301
456305
456314
456329
456332
456342
456347
456347
456363
456365
456365
456368
456376
456381
456382
456389
456393
456405
456407
456408
456409
456412
456415
456420
456425
456436
456445
456448
456450
456454
456458
456458
456466
456468
456469
456480
456488
456499
456503
456519
456520
456549
456555
456557
456566
456570
456581
456592
456595
456598
456600
456601
456602
456603
456605
456606
456614
456617
456617
456627
456631
456632
456642
456644
456647
456665
456666
456666
456668
456669
456673
456675
456692
456692
456693
456698
456703
456706
456710
456716
456725
456728
456733
456735
456737
456744
456744
456747
456755
456775
456776
456798
456802
456804
456822
456827
456831
456834
456837
456837
456838
456843
456850
456851
456852
456858
456865
456867
456869
456871
456882
456883
456897
456904
456918
456919
456920
456929
456931
456936
456939
456941
456941
456941
456948
456949
456949
456950
456956
456962
456965
456968
456977
456978
456983
456985
456991
456998
456999
457004
457008
457013
457018
457021
457029
457033
457034
457038
457051
457056
457058
457062
457064
457072
457080
457085
457086
457102
457107
457108
457117
457126
457126
457127
457148
457149
457152
457159
457178
457179
457188
457191
457193
457199
457202
457203
457208
457214
457222
457223
457225
457230
457232
457244
457246
457250
457255
457265
457284
457286
457286
457286
457291
457295
457298
457302
457303
457315
457320
457322
457324
457336
457342
457342
457344
457351
457354
457355
457355
457357
457358
457360
457373
457376
457378
457384
457392
457393
457399
457402
457413
457413
457414
457418
457422
457427
457430
457431
457434
457439
457439
457442
457444
457452
457456
457462
457468
457468
457468
457481
457482
457492
457497
457506
457507
457513
457518
457519
457535
457541
457549
457552
457563
457566
457568
457572
457573
457575
457582
457594
457599
457603
457604
457611
457611
457614
457628
457636
457638
457639
457650
457653
457655
457664
457664
457671
457672
457682
457698
457701
457702
457711
457715
457732
457737
457747
457752
457760
457762
457767
457768
457774
457780
457782
457786
457796
457798
457800
457806
457807
457811
457812
457815
457826
457829
457842
457847
457851
457857
457860
457861
457862
457863
457866
457868
457880
457880
457880
457894
457895
457899
457900
457902
457917
457921
457922
457922
457931
457937
457938
457943
457944
457947
457964
457966
457966
457968
457973
457974
457988
458008
458008
458011
458017
458023
458040
458046
458049
458050
458068
458069
458071
458080
458082
458088
458091
458098
458099
458102
458114
458117
458118
458124
458128
458129
458131
458136
458148
458156
458156
458168
458171
458171
458173
458180
458188
458191
458195
458202
458203
458207
458210
458213
458217
458221
458221
458223
458225
458229
458241
458244
458246
458258
458259
458264
458271
458280
458281
458284
458287
458291
458301
458321
458324
458326
458329
458329
458340
458343
458347
458353
458354
458359
458362
458365
458371
458387
458392
458392
458398
458399
458400
458402
458404
458405
458408
458409
458411
458418
458420
458421
458425
458427
458434
458441
458454
458457
458463
458469
458477
458491
458491
458492
458501
458509
458523
458528
458530
458531
458547
458548
458554
458554
458555
458560
458563
458576
458583
458583
458585
458585
458586
458588
458589
458615
458616
458624
458628
458636
458644
458645
458647
458648
458652
458658
458666
458668
458676
458685
458692
458699
458702
458705
458712
458715
458717
458718
458719
458729
458746
458755
458756
458759
458761
458763
458763
458763
458764
458770
458784
458789
458792
458795
458795
458807
458810
458811
458812
458813
458831
458832
458844
458849
458858
458864
458875
458875
458877
458880
458886
458888
458893
458897
458900
458904
458916
458923
458937
458940
458947
458951
458953
458958
458967
458968
458973
458973
458974
458975
458988
459000
459004
459012
459015
459018
459023
459025
459029
459035
459039
459044
459048
459053
459060
459061
459065
459072
459072
459083
459091
459092
459105
459109
459112
459118
459118
459119
459135
459140
459141
459144
459151
459156
459174
459178
459183
459183
459184
459187
459188
459189
459195
459195
459197
459198
459213
459218
459223
459224
459233
459246
459254
459263
459289
459297
459305
459310
459332
459334
459339
459340
459341
459355
459358
459361
459386
459389
459395
459399
459401
459402
459410
459415
459416
459421
459426
459427
459430
459439
459444
459446
459457
459465
459466
459472
459483
459490
459495
459498
459507
459509
459515
459523
459525
459527
459534
459538
459543
459544
459546
459548
459549
459563
459584
459589
459597
459601
459604
459605
459607
459617
459617
459617
459632
459637
459639
459639
459645
459653
459656
459660
459671
459674
459677
459678
459687
459691
459696
459701
459714
459715
459725
459730
459736
459757
459762
459765
459767
459768
459771
459772
459777
459777
459808
459810
459818
459819
459823
459832
459834
459835
459852
459854
459861
459864
459881
459882
459885
459886
459893
459910
459918
459921
459923
459930
459940
459946
459955
459955
459960
459962
459964
459969
459980
459982
459984
459995
459996
459997
459998
460006
460013
460013
460025
460028
460037
460050
460057
460057
460059
460066
460067
460069
460084
460087
460101
460103
460106
460110
460113
460133
460137
460138
460140
460150
460153
460155
460156
460158
460163
460163
460174
460175
460175
460183
460184
460195
460196
460204
460211
460222
460233
460242
460248
460249
460251
460269
460270
460271
460274
460277
460279
460279
460281
460282
460283
460284
460284
460284
460286
460296
460300
460305
460314
460326
460328
460333
460342
460351
460356
460359
460363
460367
460375
460378
460380
460386
460390
460391
460396
460397
460403
460405
460420
460422
460427
460427
460435
460439
460440
460447
460456
460456
460457
460462
460468
460476
460486
460488
460494
460495
460499
460509
460513
460514
460515
460517
460519
460529
460537
460546
460553
460560
460568
460569
460570
460570
460572
460585
460592
460594
460594
460599
460605
460606
460606
460612
460617
460641
460650
460655
460655
460657
460659
460662
460663
460666
460669
460674
460679
460680
460683
460687
460691
460699
460699
460700
460701
460708
460725
460725
460729
460731
460732
460734
460745
460745
460748
460757
460758
460766
460772
460772
460782
460787
460794
460794
460795
460800
460803
460804
460819
460830
460836
460843
460846
460849
460858
460860
460864
460882
460885
460888
460889
460890
460892
460892
460894
460894
460898
460900
460903
460908
460913
460914
460919
460927
460935
460937
460946
460947
460948
460950
460957
460965
460973
460974
460977
460987
460990
460995
461011
461014
461014
461016
461016
461019
461019
461032
461034
461041
461041
461051
461052
461053
461055
461068
461069
461073
461077
461081
461082
461085
461088
461090
461105
461105
461110
461110
461115
461120
461130
461139
461142
461147
461151
461156
461161
461163
461163
461174
461182
461182
461186
461188
461191
461195
461205
461205
461209
461216
461223
461226
461229
461231
461233
461251
461260
461271
461286
461293
461294
461298
461302
461308
461310
461311
461322
461329
461330
461333
461335
461335
461339
461341
461344
461349
461352
461353
461364
461366
461368
461373
461384
461385
461400
461404
461407
461412
461413
461413
461418
461421
461422
461426
461426
461431
461431
461435
461437
461437
461445
461450
461470
461472
461474
461476
461486
461493
461498
461502
461504
461519
461529
461548
461574
461578
461580
461582
461582
461594
461599
461601
461607
461621
461624
461632
461638
461639
461639
461650
461650
461654
461662
461666
461689
461691
461692
461696
461696
461697
461714
461715
461718
461718
461720
461725
461726
461733
461737
461738
461738
461742
461746
461748
461749
461753
461758
461768
461769
461781
461782
461795
461806
461812
461814
461816
461854
461859
461872
461875
461880
461897
461897
461904
461908
461917
461943
461963
461968
461973
461973
461974
461980
461983
461988
461992
462005
462011
462031
462039
462043
462045
462051
462053
462059
462067
462078
462081
462105
462108
462110
462110
462115
462116
462142
462143
462146
462147
462154
462157
462165
462170
462175
462176
462178
462184
462198
462202
462212
462220
462237
462243
462245
462248
462253
462262
462262
462264
462267
462269
462271
462279
462285
462303
462306
462306
462315
462316
462318
462331
462332
462337
462350
462352
462360
462370
462371
462372
462376
462376
462378
462380
462382
462387
462388
462395
462396
462403
462411
462416
462423
462423
462428
462428
462432
462437
462440
462443
462447
462453
462455
462458
462465
462471
462472
462475
462482
462484
462484
462498
462500
462504
462513
462528
462530
462541
462542
462544
462548
462548
462552
462558
462559
462563
462567
462567
462569
462573
462575
462576
462578
462582
462591
462601
462604
462614
462615
462622
462625
462627
462629
462631
462632
462634
462639
462645
462646
462653
462658
462662
462670
462672
462677
462678
462681
462684
462695
462701
462701
462703
462716
462716
462718
462728
462737
462739
462742
462753
462763
462768
462770
462774
462780
462784
462788
462796
462801
462812
462815
462817
462820
462821
462824
462832
462833
462841
462842
462844
462845
462847
462854
462862
462868
462870
462876
462883
462890
462895
462897
462901
462902
462908
462911
462928
462953
462969
462972
462972
462974
462976
462976
462982
462993
462995
462999
463011
463019
463029
463031
463034
463039
463054
463058
463061
463065
463069
463069
463072
463082
463085
463092
463100
463118
463119
463125
463127
463137
463137
463146
463148
463148
463156
463162
463164
463166
463168
463174
463179
463188
463194
463213
463213
463215
463227
463234
463237
463238
463243
463244
463245
463247
463247
463249
463253
463254
463258
463264
463269
463273
463281
463288
463295
463298
463304
463310
463315
463316
463320
463323
463331
463332
463346
463352
463355
463357
463374
463376
463378
463387
463400
463415
463421
463426
463438
463438
463447
463452
463463
463468
463470
463476
463498
463500
463506
463508
463519
463526
463538
463539
463546
463550
463564
463567
463569
463571
463579
463581
463584
463591
463596
463599
463603
463604
463614
463616
463622
463636
463642
463645
463651
463652
463654
463658
463669
463673
463681
463686
463687
463696
463697
463699
463702
463704
463715
463724
463724
463727
463728
463734
463738
463739
463750
463752
463757
463760
463760
463761
463775
463776
463780
463800
463802
463804
463804
463804
463811
463816
463817
463831
463835
463840
463850
463851
463867
463869
463872
463877
463880
463880
463883
463890
463902
463903
463916
463919
463927
463932
463932
463934
463940
463942
463945
463952
463953
463960
463962
463967
463973
463978
463982
463985
463988
463992
463995
463998
464003
464004
464016
464020
464027
464029
464038
464050
464052
464059
464063
464067
464068
464068
464071
464076
464090
464095
464101
464102
464103
464104
464108
464111
464113
464115
464121
464123
464130
464130
464131
464136
464140
464167
464167
464167
464181
464183
464202
464202
464203
464206
464213
464224
464233
464235
464246
464252
464256
464257
464266
464271
464274
464277
464279
464289
464301
464302
464314
464320
464341
464347
464347
464348
464348
464348
464356
464359
464366
464368
464375
464388
464390
464393
464397
464397
464406
464411
464414
464416
464420
464423
464424
464429
464431
464435
464461
464468
464470
464475
464476
464484
464486
464489
464495
464495
464495
464508
464508
464511
464511
464512
464513
464518
464519
464520
464523
464546
464549
464551
464554
464557
464562
464567
464577
464581
464589
464592
464593
464594
464594
464596
464608
464618
464620
464620
464628
464628
464631
464632
464644
464646
464651
464658
464681
464684
464687
464700
464703
464715
464717
464718
464718
464718
464723
464724
464726
464727
464735
464739
464744
464749
464760
464761
464767
464773
464778
464787
464788
464801
464802
464811
464812
464813
464813
464814
464823
464825
464842
464843
464845
464848
464850
464850
464854
464855
464857
464868
464873
464878
464881
464884
464886
464891
464895
464905
464909
464920
464927
464928
464930
464933
464934
464948
464952
464964
464968
464972
464985
464986
464986
464995
464997
465006
465009
465017
465018
465020
465026
465033
465033
465036
465043
465048
465058
465063
465070
465072
465081
465084
465089
465090
465101
465103
465109
465112
465118
465123
465128
465130
465136
465147
465149
465153
465158
465162
465162
465167
465169
465172
465174
465176
465182
465185
465187
465188
465190
465193
465196
465199
465221
465222
465224
465237
465253
465256
465258
465258
465259
465265
465266
465269
465273
465280
465282
465283
465293
465309
465309
465311
465315
465331
465334
465336
465341
465344
465345
465347
465352
465365
465367
465371
465371
465375
465376
465379
465380
465380
465382
465383
465384
465385
465388
465390
465392
465394
465397
465399
465400
465400
465401
465412
465415
465420
465422
465436
465437
465437
465447
465461
465462
465464
465468
465471
465473
465479
465480
465483
465483
465487
465489
465491
465493
465494
465510
465514
465526
465531
465535
465541
465545
465561
465572
465583
465597
465598
465601
465601
465602
465611
465614
465620
465624
465631
465637
465638
465640
465656
465663
465663
465668
465674
465685
465696
465698
465719
465727
465734
465737
465737
465741
465743
465756
465762
465771
465775
465776
465778
465781
465781
465783
465784
465784
465784
465795
465795
465797
465802
465802
465816
465829
465830
465832
465843
465847
465847
465856
465860
465864
465869
465873
465879
465881
465887
465887
465890
465901
465903
465915
465915
465929
465935
465945
465945
465958
465963
465963
465964
465973
465977
465997
466001
466002
466008
466010
466013
466025
466038
466042
466044
466046
466046
466048
466051
466054
466055
466063
466064
466077
466082
466083
466097
466097
466100
466105
466109
466120
466127
466129
466132
466136
466142
466150
466158
466159
466166
466182
466184
466213
466239
466240
466241
466248
466261
466269
466280
466287
466300
466308
466311
466314
466315
466320
466321
466323
466327
466330
466333
466335
466335
466338
466341
466344
466351
466357
466360
466362
466362
466366
466367
466371
466379
466399
466401
466404
466405
466409
466409
466412
466414
466418
466419
466423
466436
466443
466443
466447
466451
466457
466462
466464
466470
466471
466472
466473
466475
466476
466500
466515
466518
466521
466522
466539
466544
466549
466549
466557
466562
466571
466572
466579
466579
466581
466582
466588
466595
466599
466606
466607
466608
466609
466611
466619
466626
466640
466641
466652
466658
466661
466671
466676
466681
466689
466692
466705
466710
466713
466722
466731
466738
466745
466745
466748
466758
466766
466772
466774
466774
466787
466787
466803
466804
466810
466812
466815
466817
466823
466824
466827
466829
466837
466858
466866
466870
466874
466876
466882
466884
466886
466887
466892
466895
466897
466899
466902
466906
466924
466926
466926
466932
466935
466942
466944
466948
466948
466952
466954
466961
466963
466972
466977
466981
466992
467001
467001
467006
467011
467016
467038
467039
467044
467050
467051
467071
467091
467093
467100
467102
467112
467115
467116
467118
467123
467125
467126
467137
467141
467143
467147
467147
467152
467157
467159
467161
467162
467162
467171
467173
467174
467175
467177
467178
467183
467185
467185
467191
467192
467206
467210
467211
467213
467219
467225
467227
467229
467229
467231
467231
467244
467248
467256
467257
467261
467261
467263
467274
467283
467291
467305
467308
467316
467331
467351
467358
467361
467362
467365
467369
467370
467374
467376
467382
467382
467397
467416
467423
467434
467434
467445
467451
467457
467458
467465
467466
467470
467471
467482
467482
467484
467491
467491
467492
467501
467511
467515
467515
467519
467528
467530
467532
467535
467535
467540
467545
467545
467549
467551
467555
467556
467559
467563
467568
467569
467572
467575
467590
467594
467603
467604
467614
467614
467634
467638
467649
467653
467656
467656
467662
467667
467668
467669
467670
467672
467672
467676
467697
467698
467698
467712
467713
467715
467722
467724
467738
467761
467763
467764
467765
467765
467767
467777
467778
467778
467780
467780
467785
467788
467788
467790
467795
467797
467800
467805
467806
467809
467813
467826
467836
467836
467839
467840
467840
467853
467856
467857
467860
467860
467862
467882
467885
467886
467890
467892
467899
467907
467916
467919
467929
467942
467947
467953
467960
467960
467961
467962
467965
467968
467968
467977
467998
468004
468008
468010
468013
468023
468026
468029
468032
468032
468032
468036
468040
468041
468055
468055
468059
468065
468079
468079
468096
468098
468105
468107
468108
468116
468120
468122
468125
468136
468155
468155
468162
468166
468175
468180
468198
468211
468211
468213
468215
468219
468229
468229
468233
468235
468239
468239
468242
468246
468255
468261
468265
468269
468275
468275
468280
468281
468282
468288
468293
468294
468295
468298
468301
468303
468311
468315
468318
468334
468336
468337
468345
468358
468362
468367
468384
468386
468389
468390
468391
468411
468419
468424
468424
468425
468429
468435
468436
468437
468445
468446
468449
468450
468452
468456
468473
468476
468485
468487
468495
468497
468499
468508
468510
468514
468520
468532
468547
468550
468554
468555
468572
468572
468574
468576
468581
468584
468590
468594
468594
468601
468611
468615
468618
468619
468622
468622
468645
468645
468653
468667
468672
468676
468677
468677
468679
468680
468681
468706
468709
468712
468718
468720
468726
468732
468732
468733
468734
468734
468737
468737
468738
468742
468745
468745
468750
468750
468760
468766
468776
468782
468783
468787
468790
468795
468807
468808
468810
468821
468823
468826
468831
468831
468844
468853
468854
468857
468860
468863
468863
468866
468867
468867
468871
468874
468886
468887
468889
468897
468897
468903
468906
468926
468934
468935
468940
468951
468952
468958
468964
468964
468968
468971
468980
468987
468996
469002
469004
469026
469032
469042
469050
469051
469051
469061
469064
469068
469072
469074
469075
469080
469084
469087
469089
469093
469106
469111
469124
469125
469126
469137
469150
469155
469164
469169
469171
469172
469186
469188
469188
469197
469205
469212
469213
469213
469216
469221
469234
469241
469246
469252
469254
469255
469261
469262
469269
469272
469272
469275
469276
469277
469279
469279
469283
469284
469294
469297
469302
469304
469310
469317
469322
469326
469327
469327
469334
469335
469341
469344
469350
469351
469358
469359
469366
469366
469373
469379
469380
469381
469399
469400
469416
469417
469417
469431
469434
469435
469443
469469
469469
469474
469475
469490
469494
469495
469499
469504
469505
469519
469522
469527
469528
469529
469533
469537
469539
469546
469547
469575
469576
469578
469579
469584
469594
469596
469596
469602
469610
469617
469620
469624
469628
469629
469631
469637
469637
469656
469659
469659
469664
469665
469670
469690
469691
469692
469703
469706
469707
469708
469722
469729
469729
469735
469740
469746
469748
469760
469761
469772
469774
469776
469784
469785
469793
469796
469797
469797
469812
469813
469814
469817
469824
469829
469830
469835
469841
469845
469862
469874
469879
469881
469882
469885
469900
469901
469901
469902
469905
469922
469945
469957
469959
469975
469979
469982
469988
469995
470002
470007
470010
470019
470020
470033
470047
470071
470075
470081
470083
470084
470085
470090
470092
470096
470098
470100
470100
470101
470108
470110
470112
470114
470120
470121
470121
470136
470136
470142
470155
470158
470161
470166
470180
470184
470188
470189
470190
470194
470194
470195
470198
470201
470203
470209
470213
470214
470215
470221
470227
470233
470238
470247
470248
470251
470256
470258
470263
470264
470270
470280
470286
470292
470294
470295
470297
470299
470305
470309
470310
470311
470326
470329
470331
470335
470352
470354
470360
470368
470373
470377
470386
470399
470404
470412
470415
470415
470428
470430
470434
470435
470435
470437
470438
470455
470461
470461
470473
470476
470478
470492
470511
470527
470542
470544
470545
470546
470551
470553
470554
470558
470561
470563
470565
470568
470581
470583
470588
470588
470593
470600
470604
470605
470608
470611
470612
470613
470617
470632
470636
470641
470641
470649
470656
470686
470686
470691
470692
470698
470698
470701
470705
470708
470713
470731
470733
470743
470745
470750
470751
470753
470756
470764
470767
470776
470780
470815
470816
470819
470826
470829
470830
470840
470840
470844
470850
470857
470860
470860
470862
470865
470866
470871
470874
470877
470881
470894
470895
470896
470900
470906
470907
470909
470921
470928
470928
470934
470938
470942
470944
470946
470947
470948
470954
470956
470964
470966
470967
470968
470968
470978
471005
471007
471012
471016
471019
471024
471031
471033
471034
471048
471052
471071
471085
471092
471099
471102
471107
471107
471108
471119
471122
471123
471124
471128
471130
471133
471134
471135
471148
471150
471153
471154
471158
471167
471174
471176
471177
471177
471179
471190
471191
471191
471197
471203
471204
471208
471219
471223
471224
471228
471229
471240
471242
471244
471255
471256
471256
471258
471259
471260
471260
471263
471285
471287
471293
471295
471306
471313
471315
471317
471320
471325
471333
471341
471350
471354
471356
471368
471370
471375
471381
471384
471396
471408
471427
471433
471435
471447
471448
471459
471459
471459
471462
471464
471477
471489
471489
471492
471493
471494
471497
471498
471502
471516
471516
471518
471519
471519
471520
471521
471528
471532
471537
471538
471542
471562
471564
471568
471569
471570
471588
471589
471589
471590
471593
471598
471600
471602
471605
471620
471621
471624
471626
471627
471628
471634
471646
471649
471662
471663
471677
471681
471688
471694
471704
471711
471716
471717
471719
471722
471729
471729
471735
471743
471744
471750
471751
471753
471764
471774
471778
471783
471788
471790
471800
471801
471807
471815
471826
471828
471832
471856
471858
471859
471864
471874
471878
471886
471888
471890
471897
471903
471906
471918
471924
471925
471930
471931
471931
471945
471951
471957
471960
471961
471963
471965
471971
471973
471973
471980
471981
471994
471998
472000
472006
472015
472021
472025
472027
472028
472028
472029
472031
472031
472039
472039
472044
472046
472048
472050
472050
472053
472054
472057
472061
472062
472074
472078
472078
472081
472083
472089
472093
472098
472104
472104
472112
472113
472120
472125
472130
472140
472150
472158
472161
472164
472176
472178
472179
472184
472194
472201
472207
472216
472216
472234
472235
472241
472245
472248
472248
472249
472249
472250
472251
472267
472268
472269
472270
472271
472274
472274
472275
472278
472281
472283
472291
472305
472306
472308
472309
472318
472321
472329
472338
472342
472342
472345
472346
472347
472350
472354
472356
472360
472361
472370
472381
472397
472403
472404
472409
472423
472436
472453
472462
472466
472468
472469
472470
472478
472479
472481
472484
472492
472504
472508
472513
472514
472517
472522
472528
472529
472535
472537
472546
472548
472551
472563
472568
472574
472593
472603
472611
472614
472614
472624
472637
472647
472652
472667
472669
472674
472677
472677
472679
472689
472698
472715
472716
472717
472729
472743
472747
472762
472762
472765
472772
472777
472778
472781
472782
472784
472785
472789
472789
472807
472837
472838
472838
472844
472844
472849
472865
472869
472879
472884
472888
472893
472897
472909
472909
472926
472927
472927
472927
472933
472935
472939
472942
472957
472960
472963
472966
472971
472971
472976
472979
472983
472991
472994
472999
473004
473009
473009
473009
473019
473026
473029
473029
473038
473053
473059
473072
473073
473075
473081
473081
473085
473087
473090
473093
473097
473097
473104
473106
473110
473120
473121
473122
473125
473137
473139
473144
473151
473151
473156
473166
473167
473170
473187
473188
473193
473196
473199
473200
473201
473220
473226
473229
473233
473237
473239
473241
473245
473245
473250
473254
473254
473256
473266
473270
473271
473272
473272
473274
473276
473285
473286
473299
473299
473305
473308
473315
473317
473321
473326
473331
473339
473347
473353
473354
473356
473370
473382
473389
473391
473395
473408
473411
473413
473423
473424
473426
473433
473438
473459
473467
473472
473476
473476
473482
473487
473487
473491
473492
473508
473509
473514
473523
473524
473525
473527
473529
473532
473543
473544
473552
473559
473563
473564
473571
473573
473579
473581
473582
473585
473587
473589
473598
473601
473611
473615
473622
473625
473632
473640
473657
473660
473661
473667
473669
473717
473724
473729
473730
473737
473739
473741
473748
473751
473755
473756
473760
473762
473770
473772
473788
473789
473793
473794
473809
473810
473823
473830
473838
473848
473850
473854
473855
473863
473864
473866
473866
473875
473883
473892
473894
473902
473902
473911
473911
473918
473924
473925
473938
473945
473946
473947
473948
473963
473963
473967
473975
473998
473998
473999
474000
474003
474008
474009
474012
474025
474031
474034
474039
474051
474051
474059
474065
474070
474079
474079
474086
474088
474093
474105
474106
474106
474108
474108
474118
474129
474133
474136
474141
474143
474145
474146
474147
474151
474152
474165
474170
474172
474175
474179
474195
474207
474207
474209
474219
474220
474221
474224
474228
474232
474236
474237
474239
474240
474241
474241
474263
474279
474285
474285
474286
474302
474303
474314
474318
474324
474324
474337
474337
474342
474351
474362
474374
474375
474389
474390
474397
474408
474411
474421
474425
474425
474427
474439
474458
474475
474477
474486
474490
474492
474492
474494
474512
474513
474515
474517
474517
474519
474520
474521
474523
474531
474532
474538
474543
474548
474549
474552
474561
474563
474564
474566
474568
474584
474585
474589
474592
474601
474604
474609
474613
474613
474627
474640
474648
474648
474654
474655
474657
474661
474670
474676
474683
474686
474702
474703
474708
474710
474713
474725
474725
474730
474734
474741
474743
474750
474751
474759
474764
474769
474774
474776
474783
474788
474789
474790
474806
474817
474819
474819
474827
474829
474836
474841
474845
474848
474854
474866
474868
474870
474873
474879
474884
474885
474886
474899
474913
474919
474932
474936
474948
474951
474970
474984
474991
474993
474997
475005
475013
475015
475015
475016
475022
475029
475031
475043
475046
475047
475056
475056
475068
475068
475070
475072
475076
475077
475080
475081
475082
475096
475111
475115
475117
475120
475123
475125
475127
475130
475133
475137
475143
475145
475149
475152
475160
475163
475171
475175
475178
475179
475189
475193
475195
475198
475211
475212
475218
475235
475242
475263
475263
475266
475272
475274
475280
475287
475292
475296
475298
475299
475301
475303
475313
475314
475317
475319
475321
475339
475350
475353
475358
475366
475368
475369
475375
475378
475380
475383
475384
475386
475393
475393
475394
475397
475401
475413
475414
475417
475423
475433
475433
475442
475442
475443
475453
475456
475462
475464
475464
475466
475468
475470
475474
475476
475492
475495
475496
475498
475506
475508
475513
475517
475520
475527
475531
475538
475540
475540
475541
475545
475547
475562
475566
475570
475576
475580
475583
475584
475591
475591
475594
475601
475608
475609
475615
475623
475629
475630
475638
475640
475651
475653
475658
475666
475668
475668
475673
475673
475681
475682
475687
475690
475699
475706
475711
475717
475730
475730
475735
475736
475742
475745
475745
475748
475758
475764
475764
475765
475774
475775
475784
475786
475801
475806
475811
475811
475821
475829
475836
475842
475844
475845
475846
475849
475852
475857
475860
475864
475867
475867
475871
475873
475877
475879
475882
475889
475891
475893
475913
475915
475919
475921
475927
475933
475937
475947
475957
475963
475963
475973
475973
475980
475988
475992
476002
476004
476006
476012
476017
476024
476029
476030
476031
476032
476036
476038
476064
476064
476064
476065
476070
476083
476094
476099
476110
476116
476117
476120
476120
476125
476130
476137
476138
476142
476148
476153
476159
476160
476162
476163
476168
476174
476176
476181
476183
476187
476190
476194
476195
476204
476208
476217
476223
476224
476229
476230
476239
476240
476243
476247
476254
476262
476277
476277
476292
476296
476297
476299
476304
476315
476321
476326
476332
476341
476341
476346
476358
476369
476370
476382
476391
476399
476404
476407
476424
476425
476425
476427
476443
476444
476447
476447
476449
476452
476464
476470
476472
476474
476476
476477
476486
476499
476501
476507
476514
476516
476533
476539
476539
476541
476543
476551
476553
476556
476560
476566
476574
476590
476592
476600
476606
476621
476625
476628
476631
476634
476639
476650
476651
476655
476665
476667
476672
476677
476682
476687
476702
476705
476706
476711
476712
476720
476722
476727
476733
476741
476746
476746
476756
476760
476762
476771
476773
476773
476774
476779
476783
476790
476796
476818
476823
476824
476825
476827
476829
476830
476838
476839
476842
476847
476854
476870
476872
476881
476887
476888
476896
476897
476900
476907
476917
476918
476923
476926
476936
476936
476943
476944
476962
476966
476969
476969
476970
476971
476988
476989
476994
477016
477020
477038
477040
477041
477048
477058
477064
477074
477078
477080
477083
477117
477122
477125
477135
477141
477146
477148
477150
477152
477155
477176
477177
477178
477180
477181
477193
477194
477196
477202
477219
477219
477220
477224
477228
477237
477241
477248
477250
477251
477255
477255
477256
477259
477265
477265
477270
477270
477271
477271
477283
477284
477286
477287
477292
477302
477310
477313
477322
477324
477324
477325
477327
477328
477333
477334
477339
477340
477342
477345
477345
477348
477349
477355
477362
477363
477370
477382
477384
477387
477389
477398
477403
477413
477416
477416
477420
477427
477428
477429
477443
477443
477443
477451
477459
477466
477483
477486
477493
477503
477518
477522
477530
477536
477540
477540
477552
477566
477572
477583
477589
477592
477596
477598
477603
477604
477606
477609
477609
477610
477629
477630
477632
477634
477636
477637
477640
477654
477657
477671
477679
477682
477686
477687
477696
477701
477702
477703
477706
477712
477716
477721
477733
477740
477742
477744
477746
477750
477754
477763
477764
477766
477767
477769
477775
477778
477781
477782
477786
477804
477807
477812
477814
477821
477824
477833
477834
477836
477837
477854
477856
477858
477859
477880
477885
477891
477894
477896
477899
477905
477909
477910
477910
477915
477922
477929
477938
477942
477943
477943
477945
477950
477950
477950
477951
477952
477953
477958
477972
477974
477975
477977
477978
477986
477996
477997
478002
478005
478011
478027
478027
478038
478047
478050
478058
478063
478065
478074
478079
478088
478095
478098
478099
478105
478109
478117
478118
478120
478122
478123
478131
478132
478137
478145
478153
478171
478177
478178
478180
478181
478181
478183
478187
478191
478194
478196
478201
478202
478202
478221
478227
478228
478228
478230
478240
478244
478250
478254
478257
478258
478262
478269
478276
478279
478282
478289
478290
478291
478291
478295
478300
478310
478315
478316
478321
478329
478337
478344
478350
478354
478356
478358
478359
478365
478366
478370
478379
478381
478383
478385
478389
478391
478395
478396
478404
478405
478425
478427
478430
478438
478439
478442
478446
478453
478471
478478
478480
478480
478482
478482
478486
478491
478492
478508
478509
478523
478524
478537
478539
478548
478550
478553
478559
478566
478567
478572
478574
478577
478577
478579
478580
478589
478589
478602
478609
478612
478617
478618
478622
478626
478628
478638
478642
478643
478659
478666
478671
478671
478677
478680
478683
478686
478693
478694
478696
478705
478727
478730
478734
478745
478748
478749
478753
478757
478759
478760
478764
478765
478766
478773
478779
478781
478783
478788
478792
478793
478794
478799
478801
478801
478804
478810
478823
478835
478835
478843
478850
478853
478857
478863
478870
478884
478887
478887
478898
478899
478900
478907
478908
478916
478918
478922
478922
478927
478939
478941
478941
478951
478957
478958
478964
478967
478967
478972
478972
478974
478975
478978
478984
478984
478985
478992
478993
478997
479014
479016
479019
479020
479022
479029
479052
479054
479056
479059
479059
479063
479064
479083
479090
479094
479098
479098
479101
479101
479108
479111
479115
479123
479132
479132
479133
479136
479139
479168
479170
479180
479181
479192
479198
479207
479208
479214
479215
479216
479221
479221
479221
479224
479242
479245
479247
479252
479254
479262
479269
479276
479281
479282
479290
479291
479308
479313
479315
479316
479324
479325
479328
479335
479337
479342
479347
479354
479361
479363
479364
479372
479379
479381
479384
479387
479390
479392
479395
479396
479398
479405
479408
479412
479417
479424
479428
479433
479434
479440
479443
479457
479482
479487
479492
479496
479499
479503
479507
479509
479514
479516
479517
479536
479543
479544
479550
479552
479565
479566
479576
479579
479601
479609
479613
479615
479620
479632
479637
479637
479643
479658
479671
479690
479691
479695
479697
479710
479711
479715
479718
479720
479733
479739
479753
479757
479767
479771
479773
479773
479781
479782
479787
479789
479790
479790
479796
479799
479805
479807
479814
479815
479816
479817
479818
479824
479826
479836
479836
479837
479841
479844
479848
479849
479865
479875
479880
479882
479895
479896
479900
479910
479917
479923
479928
479928
479939
479952
479954
479954
479963
479965
479971
479972
479975
479979
479983
479989
479989
479992
479994
480002
480004
480022
480022
480031
480032
480035
480038
480038
480039
480042
480043
480051
480053
480063
480067
480074
480075
480079
480085
480085
480087
480090
480102
480106
480119
480120
480124
480139
480139
480142
480145
480146
480150
480152
480155
480156
480161
480166
480167
480168
480168
480170
480175
480175
480181
480185
480200
480204
480213
480214
480216
480220
480222
480232
480236
480239
480240
480244
480263
480270
480272
480275
480277
480281
480281
480306
480307
480310
480313
480320
480332
480333
480337
480351
480352
480358
480358
480360
480363
480368
480369
480371
480372
480376
480377
480379
480381
480386
480387
480390
480391
480393
480394
480412
480417
480417
480432
480434
480446
480450
480462
480465
480467
480470
480482
480493
480493
480502
480504
480507
480511
480518
480522
480526
480533
480541
480568
480568
480569
480579
480587
480588
480588
480596
480602
480602
480602
480608
480609
480616
480619
480624
480632
480635
480639
480640
480640
480648
480652
480653
480654
480666
480671
480677
480682
480684
480695
480700
480702
480705
480709
480709
480710
480728
480734
480735
480738
480740
480750
480752
480753
480754
480759
480759
480760
480775
480775
480775
480785
480787
480789
480790
480799
480803
480815
480820
480825
480838
480839
480841
480849
480882
480885
480885
480890
480894
480899
480902
480905
480909
480911
480915
480918
480924
480926
480931
480937
480941
480943
480947
480949
480958
480960
480964
480965
480969
480972
480973
480975
480976
480979
480987
481001
481005
481006
481018
481023
481025
481025
481029
481034
481034
481050
481053
481054
481055
481061
481065
481076
481078
481093
481095
481097
481111
481115
481116
481127
481128
481129
481130
481149
481152
481156
481160
481163
481172
481172
481174
481177
481197
481198
481199
481202
481209
481221
481224
481231
481232
481241
481262
481263
481268
481268
481278
481279
481281
481289
481294
481296
481302
481305
481307
481320
481322
481328
481336
481348
481350
481354
481364
481365
481368
481369
481376
481377
481379
481383
481386
481390
481391
481402
481402
481406
481413
481416
481418
481419
481420
481422
481423
481443
481451
481454
481460
481466
481467
481470
481476
481502
481505
481507
481521
481525
481532
481537
481538
481540
481548
481550
481551
481555
481567
481571
481580
481584
481590
481595
481595
481597
481600
481604
481607
481607
481618
481619
481621
481633
481635
481637
481640
481644
481645
481646
481646
481649
481650
481654
481655
481663
481665
481665
481666
481667
481674
481679
481680
481684
481687
481693
481695
481697
481700
481711
481712
481717
481722
481737
481743
481752
481764
481764
481767
481770
481781
481782
481786
481788
481792
481792
481800
481805
481814
481817
481824
481831
481840
481858
481862
481878
481883
481895
481901
481906
481909
481913
481914
481915
481920
481923
481933
481944
481947
481960
481962
481963
481964
481967
481972
481989
481994
482003
482021
482022
482036
482046
482047
482051
482051
482058
482061
482064
482073
482079
482084
482091
482104
482104
482123
482134
482146
482160
482162
482163
482174
482185
482188
482188
482188
482197
482199
482207
482209
482210
482213
482214
482215
482219
482221
482225
482235
482244
482244
482247
482259
482271
482276
482283
482292
482299
482300
482305
482307
482310
482310
482312
482318
482320
482327
482331
482332
482332
482335
482337
482345
482349
482352
482353
482356
482371
482373
482376
482376
482380
482387
482397
482403
482407
482420
482423
482442
482450
482450
482467
482471
482487
482487
482488
482490
482496
482500
482508
482509
482509
482512
482512
482524
482526
482533
482533
482550
482551
482552
482553
482554
482560
482566
482570
482572
482572
482586
482590
482590
482593
482594
482596
482601
482609
482623
482635
482637
482645
482646
482647
482649
482649
482655
482656
482658
482664
482669
482674
482678
482683
482708
482714
482714
482718
482729
482745
482746
482754
482759
482773
482775
482776
482779
482780
482783
482785
482785
482796
482800
482803
482804
482810
482817
482822
482823
482823
482826
482831
482834
482834
482843
482848
482848
482862
482866
482873
482883
482883
482886
482890
482895
482902
482906
482908
482910
482913
482913
482915
482915
482917
482932
482940
482950
482953
482960
482961
482974
482977
482977
482982
482986
482993
482994
482995
483000
483014
483015
483017
483028
483030
483033
483033
483038
483039
483039
483047
483050
483054
483062
483069
483069
483070
483071
483071
483086
483089
483094
483101
483106
483113
483121
483129
483135
483152
483154
483154
483167
483168
483190
483204
483208
483208
483217
483217
483219
483221
483222
483224
483231
483233
483236
483241
483251
483263
483272
483272
483283
483283
483289
483292
483293
483297
483300
483300
483306
483307
483310
483320
483321
483323
483326
483327
483330
483332
483346
483355
483358
483368
483372
483391
483392
483392
483393
483393
483393
483397
483398
483403
483415
483416
483423
483423
483425
483430
483438
483440
483445
483449
483454
483458
483465
483465
483466
483467
483474
483475
483483
483490
483491
483497
483500
483503
483507
483514
483516
483519
483529
483536
483536
483537
483538
483538
483538
483539
483544
483549
483550
483553
483560
483561
483562
483564
483591
483596
483597
483600
483600
483617
483619
483621
483626
483626
483627
483628
483628
483643
483644
483647
483653
483653
483654
483656
483657
483663
483666
483668
483670
483673
483673
483676
483679
483683
483683
483689
483692
483694
483694
483701
483703
483705
483715
483718
483721
483722
483723
483724
483726
483733
483744
483748
483763
483763
483765
483768
483771
483780
483781
483781
483782
483785
483787
483792
483793
483800
483804
483808
483811
483815
483816
483819
483822
483823
483824
483826
483830
483831
483834
483841
483843
483847
483849
483850
483853
483856
483862
483863
483870
483879
483879
483886
483887
483890
483901
483902
483904
483912
483916
483918
483924
483924
483927
483927
483935
483938
483938
483951
483956
483959
483962
483965
483981
483990
484022
484025
484033
484038
484045
484048
484049
484056
484061
484062
484080
484096
484099
484100
484121
484130
484134
484135
484136
484143
484152
484152
484153
484156
484157
484158
484159
484166
484167
484178
484182
484184
484203
484204
484207
484212
484216
484219
484220
484235
484237
484239
484250
484255
484260
484268
484274
484280
484285
484295
484295
484296
484304
484313
484315
484318
484322
484334
484335
484337
484341
484342
484343
484349
484352
484355
484358
484360
484382
484386
484390
484391
484397
484397
484398
484414
484417
484425
484426
484428
484432
484438
484443
484454
484460
484463
484466
484475
484476
484478
484480
484481
484482
484484
484487
484489
484491
484496
484497
484497
484499
484499
484518
484522
484523
484524
484526
484527
484535
484537
484541
484544
484544
484550
484574
484574
484585
484587
484591
484597
484600
484610
484616
484621
484622
484624
484632
484636
484638
484663
484671
484675
484693
484697
484701
484709
484717
484719
484726
484730
484732
484748
484754
484761
484768
484769
484772
484776
484780
484785
484792
484796
484808
484811
484813
484817
484819
484823
484827
484829
484835
484841
484846
484857
484859
484859
484861
484886
484898
484903
484909
484912
484912
484924
484924
484944
484963
484963
484964
484967
484968
484970
484979
484980
484983
484985
484992
484996
484997
484998
485015
485017
485018
485022
485029
485034
485035
485046
485046
485050
485065
485070
485073
485074
485077
485078
485079
485080
485092
485093
485096
485099
485106
485121
485130
485135
485135
485135
485147
485148
485157
485162
485167
485170
485172
485181
485182
485184
485194
485204
485221
485221
485221
485224
485224
485226
485228
485232
485234
485238
485239
485254
485255
485261
485272
485279
485280
485283
485291
485291
485291
485297
485302
485309
485321
485323
485325
485327
485328
485332
485348
485350
485352
485352
485355
485367
485373
485385
485386
485391
485391
485393
485394
485397
485416
485422
485422
485425
485430
485437
485444
485467
485473
485476
485481
485483
485485
485488
485492
485502
485509
485510
485513
485516
485518
485529
485531
485533
485533
485533
485536
485548
485552
485557
485566
485572
485574
485575
485583
485587
485590
485591
485597
485603
485606
485611
485615
485618
485620
485620
485622
485624
485625
485625
485638
485646
485646
485652
485666
485675
485678
485695
485720
485725
485728
485731
485734
485738
485746
485749
485753
485756
485756
485763
485763
485770
485776
485777
485779
485780
485784
485789
485797
485798
485813
485820
485821
485824
485840
485841
485853
485854
485859
485859
485876
485880
485882
485883
485884
485889
485891
485891
485892
485899
485901
485902
485903
485903
485903
485912
485927
485937
485944
485950
485952
485953
485954
485959
485963
485967
485973
485975
485976
485979
485981
485982
485984
485984
485984
485989
485995
485999
486003
486012
486016
486017
486017
486025
486041
486042
486049
486060
486072
486078
486079
486079
486081
486082
486087
486099
486100
486101
486104
486108
486117
486118
486127
486132
486133
486140
486142
486160
486160
486164
486166
486166
486167
486178
486178
486192
486202
486217
486224
486225
486227
486230
486235
486236
486239
486251
486254
486256
486258
486258
486261
486266
486266
486267
486273
486280
486286
486287
486287
486303
486313
486316
486316
486317
486319
486319
486345
486347
486358
486368
486371
486390
486396
486398
486403
486425
486428
486428
486442
486442
486448
486450
486455
486457
486462
486462
486463
486463
486477
486497
486502
486521
486527
486532
486533
486535
486539
486539
486552
486554
486569
486573
486575
486604
486608
486620
486620
486628
486630
486636
486645
486649
486654
486655
486656
486656
486663
486667
486673
486683
486688
486689
486690
486691
486691
486692
486697
486708
486718
486719
486719
486722
486723
486724
486734
486739
486740
486754
486762
486762
486767
486770
486773
486773
486775
486778
486780
486781
486782
486787
486790
486795
486795
486798
486802
486819
486820
486823
486832
486847
486848
486857
486876
486884
486884
486887
486889
486898
486901
486914
486915
486917
486933
486934
486940
486942
486943
486943
486946
486947
486947
486951
486956
486958
486976
486981
486992
486992
486994
486998
487000
487003
487004
487007
487015
487023
487028
487028
487034
487036
487038
487041
487042
487043
487043
487052
487060
487073
487073
487075
487081
487082
487086
487086
487089
487091
487093
487094
487095
487096
487104
487110
487111
487116
487117
487119
487131
487141
487141
487153
487153
487156
487157
487158
487161
487174
487178
487181
487185
487192
487197
487200
487216
487218
487227
487230
487232
487248
487251
487260
487262
487262
487263
487265
487274
487277
487278
487279
487279
487291
487295
487298
487301
487327
487329
487336
487341
487357
487360
487360
487361
487368
487368
487369
487375
487377
487388
487395
487400
487405
487408
487408
487420
487425
487436
487438
487442
487454
487458
487468
487472
487474
487474
487486
487486
487489
487491
487492
487508
487513
487514
487521
487525
487539
487540
487548
487552
487553
487563
487565
487566
487566
487567
487567
487575
487591
487597
487598
487603
487604
487605
487606
487618
487624
487628
487641
487643
487648
487649
487664
487669
487672
487673
487673
487677
487680
487682
487691
487694
487699
487701
487713
487722
487723
487729
487737
487738
487739
487742
487766
487766
487767
487773
487774
487776
487777
487779
487795
487799
487808
487808
487808
487816
487823
487825
487829
487849
487851
487851
487851
487853
487855
487855
487857
487862
487863
487865
487866
487881
487897
487920
487921
487927
487933
487937
487938
487943
487947
487947
487948
487950
487951
487952
487960
487962
487986
487999
488006
488008
488021
488023
488023
488024
488028
488037
488042
488049
488050
488052
488056
488064
488067
488086
488088
488106
488106
488115
488123
488125
488136
488143
488145
488148
488148
488155
488163
488164
488193
488198
488200
488205
488208
488212
488214
488216
488217
488222
488222
488227
488228
488229
488235
488237
488244
488245
488247
488249
488264
488272
488277
488281
488286
488291
488295
488301
488309
488309
488309
488312
488313
488315
488316
488317
488320
488321
488328
488333
488354
488356
488357
488359
488365
488365
488370
488371
488373
488383
488383
488384
488384
488389
488410
488410
488412
488425
488427
488427
488439
488443
488445
488450
488453
488454
488454
488466
488470
488476
488480
488480
488481
488481
488484
488488
488491
488493
488497
488499
488502
488504
488505
488505
488523
488532
488532
488539
488543
488545
488545
488552
488555
488571
488572
488578
488581
488585
488595
488600
488601
488608
488626
488628
488628
488630
488631
488642
488652
488656
488656
488660
488664
488677
488679
488687
488695
488695
488696
488696
488699
488704
488711
488726
488737
488742
488748
488754
488761
488766
488787
488791
488792
488792
488795
488796
488797
488799
488801
488803
488807
488809
488810
488810
488813
488814
488816
488819
488829
488829
488841
488849
488854
488857
488858
488859
488859
488877
488884
488893
488896
488898
488900
488905
488917
488931
488935
488936
488949
488966
488968
488971
488974
488988
488999
489000
489010
489015
489026
489027
489033
489035
489037
489039
489057
489068
489069
489080
489085
489085
489089
489090
489092
489095
489097
489099
489103
489107
489113
489115
489121
489135
489139
489139
489143
489147
489148
489149
489150
489154
489161
489168
489169
489176
489179
489191
489217
489218
489222
489222
489228
489229
489229
489231
489231
489239
489239
489244
489247
489256
489264
489271
489272
489273
489278
489293
489294
489295
489300
489305
489307
489309
489312
489316
489318
489320
489330
489330
489332
489344
489344
489346
489349
489355
489355
489363
489366
489369
489370
489370
489374
489389
489396
489399
489401
489404
489405
489415
489417
489423
489440
489441
489441
489448
489448
489452
489453
489458
489464
489468
489469
489473
489475
489484
489487
489490
489495
489496
489499
489500
489508
489509
489509
489510
489514
489523
489533
489540
489542
489544
489545
489548
489560
489570
489570
489571
489571
489580
489585
489596
489604
489608
489629
489629
489631
489631
489639
489645
489650
489651
489655
489656
489659
489664
489671
489700
489703
489705
489705
489706
489718
489721
489731
489731
489732
489739
489741
489755
489760
489771
489775
489777
489789
489803
489810
489821
489824
489829
489835
489853
489855
489860
489860
489863
489875
489890
489897
489898
489900
489905
489919
489919
489926
489928
489942
489943
489947
489949
489954
489958
489963
489963
489970
489982
489984
489988
489988
489992
489994
489995
489997
490012
490021
490026
490027
490030
490032
490037
490038
490038
490041
490046
490058
490065
490073
490077
490078
490083
490089
490089
490091
490093
490100
490101
490105
490107
490110
490121
490126
490134
490137
490139
490140
490141
490144
490147
490150
490154
490157
490158
490158
490159
490160
490161
490180
490180
490183
490189
490191
490191
490195
490196
490197
490214
490215
490224
490230
490233
490239
490250
490257
490263
490267
490267
490273
490279
490282
490282
490290
490290
490292
490294
490294
490299
490305
490310
490312
490321
490323
490330
490330
490345
490349
490354
490359
490359
490360
490361
490362
490366
490369
490374
490383
490385
490393
490398
490403
490422
490436
490445
490446
490450
490452
490456
490457
490464
490472
490486
490486
490498
490513
490515
490516
490520
490526
490527
490544
490547
490549
490550
490560
490560
490564
490566
490568
490572
490573
490577
490579
490593
490599
490599
490601
490603
490606
490612
490614
490623
490639
490642
490647
490662
490664
490665
490667
490685
490691
490693
490693
490702
490708
490708
490716
490721
490725
490725
490738
490740
490754
490765
490768
490770
490770
490778
490794
490800
490805
490808
490808
490811
490814
490822
490822
490824
490824
490833
490837
490838
490848
490848
490850
490858
490863
490867
490877
490881
490891
490894
490906
490914
490916
490916
490922
490932
490932
490936
490937
490943
490944
490954
490959
490968
490976
490977
490979
490980
490992
490996
491003
491005
491014
491024
491036
491040
491040
491042
491045
491045
491050
491055
491056
491056
491065
491069
491072
491073
491075
491089
491111
491122
491127
491129
491129
491138
491148
491152
491153
491156
491157
491176
491179
491183
491185
491190
491206
491212
491214
491217
491222
491227
491240
491240
491243
491243
491244
491258
491271
491277
491279
491286
491286
491288
491294
491299
491301
491316
491321
491330
491340
491344
491344
491353
491355
491363
491365
491370
491376
491377
491379
491381
491382
491386
491391
491402
491403
491406
491418
491425
491425
491436
491437
491438
491448
491449
491454
491455
491468
491476
491477
491479
491480
491480
491485
491495
491496
491501
491503
491504
491506
491507
491513
491515
491518
491518
491519
491523
491524
491525
491533
491534
491537
491537
491541
491552
491556
491559
491564
491564
491566
491573
491591
491594
491597
491607
491609
491615
491616
491619
491621
491627
491627
491628
491629
491632
491636
491641
491649
491658
491659
491662
491668
491672
491682
491687
491687
491687
491692
491694
491701
491721
491723
491729
491734
491736
491737
491743
491750
491750
491751
491759
491780
491781
491782
491784
491785
491789
491790
491799
491800
491804
491806
491806
491807
491821
491821
491826
491830
491831
491835
491849
491850
491851
491858
491862
491872
491892
491902
491907
491907
491910
491914
491914
491915
491932
491935
491939
491943
491947
491953
491955
491957
491963
491978
491992
491992
491996
491998
492006
492008
492015
492018
492022
492027
492036
492036
492040
492049
492054
492056
492060
492062
492065
492073
492076
492084
492086
492093
492095
492096
492097
492101
492104
492126
492126
492140
492140
492163
492166
492170
492171
492198
492206
492207
492210
492214
492214
492218
492219
492223
492228
492229
492232
492234
492238
492251
492259
492260
492276
492284
492285
492319
492326
492334
492339
492346
492346
492347
492357
492359
492371
492373
492374
492379
492380
492381
492404
492413
492414
492422
492429
492433
492441
492446
492462
492467
492467
492473
492475
492478
492484
492485
492493
492498
492501
492502
492503
492512
492521
492521
492522
492525
492526
492526
492536
492537
492546
492549
492554
492569
492570
492570
492572
492575
492581
492586
492588
492591
492601
492602
492609
492612
492620
492621
492621
492621
492622
492623
492637
492641
492650
492652
492658
492661
492663
492667
492672
492677
492690
492691
492694
492703
492713
492714
492729
492729
492729
492731
492734
492752
492757
492761
492771
492774
492774
492802
492809
492817
492821
492822
492822
492825
492829
492833
492847
492847
492848
492851
492865
492876
492877
492887
492891
492895
492901
492913
492913
492913
492923
492929
492932
492933
492936
492941
492956
492959
492959
492963
492967
492970
492977
492983
492991
492991
492991
492992
493002
493011
493026
493026
493030
493031
493032
493047
493049
493051
493053
493060
493065
493068
493069
493074
493076
493080
493086
493088
493090
493096
493111
493117
493119
493122
493122
493130
493137
493140
493145
493149
493153
493168
493171
493177
493179
493187
493191
493192
493209
493214
493217
493220
493225
493227
493234
493240
493252
493258
493262
493263
493263
493274
493277
493281
493283
493284
493297
493301
493302
493303
493308
493308
493316
493319
493330
493335
493336
493339
493342
493344
493355
493361
493372
493383
493384
493398
493403
493403
493409
493414
493428
493433
493438
493449
493452
493457
493460
493462
493475
493475
493483
493503
493505
493510
493511
493511
493531
493532
493536
493543
493544
493545
493555
493557
493561
493568
493570
493573
493576
493587
493613
493613
493621
493627
493631
493637
493645
493647
493648
493656
493657
493660
493664
493668
493685
493685
493688
493709
493718
493724
493730
493730
493741
493755
493774
493775
493779
493780
493786
493786
493793
493794
493802
493802
493812
493824
493826
493826
493832
493833
493835
493841
493857
493861
493862
493865
493872
493877
493877
493879
493880
493880
493887
493888
493890
493890
493891
493892
493892
493901
493903
493907
493911
493911
493922
493928
493928
493930
493936
493945
493948
493951
493952
493954
493962
493967
493982
493991
493999
494004
494014
494015
494016
494019
494022
494025
494032
494032
494033
494039
494041
494042
494052
494053
494055
494057
494062
494063
494075
494076
494077
494092
494097
494102
494103
494103
494106
494109
494117
494122
494125
494128
494131
494132
494133
494139
494146
494147
494157
494162
494170
494172
494177
494185
494192
494194
494195
494201
494211
494224
494226
494227
494230
494232
494237
494256
494261
494265
494270
494272
494275
494278
494284
494284
494287
494288
494290
494290
494292
494293
494293
494294
494297
494313
494319
494321
494324
494328
494330
494337
494338
494342
494359
494361
494362
494362
494368
494368
494369
494373
494375
494383
494401
494406
494407
494424
494434
494446
494451
494457
494457
494468
494471
494472
494475
494477
494485
494486
494487
494487
494488
494502
494507
494509
494510
494513
494514
494515
494517
494518
494526
494533
494540
494541
494542
494555
494556
494561
494561
494566
494568
494573
494580
494584
494590
494592
494600
494616
494627
494630
494632
494634
494648
494650
494657
494663
494665
494674
494676
494690
494698
494715
494716
494721
494724
494726
494729
494729
494733
494737
494741
494748
494753
494756
494759
494764
494769
494771
494773
494773
494779
494782
494782
494784
494789
494794
494799
494805
494807
494812
494817
494818
494822
494831
494831
494846
494846
494858
494864
494865
494872
494877
494877
494882
494888
494889
494891
494907
494910
494911
494914
494923
494925
494943
494952
494953
494957
494960
494976
494999
495001
495012
495013
495026
495027
495028
495029
495030
495034
495037
495048
495050
495052
495053
495055
495064
495069
495071
495085
495090
495092
495113
495114
495116
495117
495117
495120
495124
495131
495139
495148
495149
495149
495151
495156
495157
495164
495180
495189
495189
495190
495194
495200
495201
495206
495232
495240
495241
495248
495260
495261
495262
495263
495269
495269
495275
495282
495292
495305
495314
495317
495319
495321
495326
495328
495328
495332
495334
495335
495338
495339
495358
495358
495360
495361
495361
495373
495374
495376
495387
495394
495394
495398
495402
495405
495405
495409
495411
495414
495436
495452
495462
495467
495477
495483
495487
495493
495497
495500
495501
495503
495506
495508
495509
495510
495511
495511
495518
495519
495524
495527
495532
495549
495551
495553
495559
495566
495568
495572
495590
495590
495595
495602
495603
495613
495619
495625
495628
495631
495636
495637
495639
495639
495640
495645
495655
495665
495671
495676
495688
495690
495691
495692
495693
495694
495698
495708
495709
495744
495749
495750
495750
495753
495754
495757
495771
495779
495785
495788
495789
495797
495798
495802
495803
495805
495814
495824
495831
495836
495851
495853
495857
495861
495868
495869
495876
495879
495881
495893
495897
495904
495918
495923
495930
495931
495936
495941
495942
495947
495955
495957
495964
495966
495968
495970
495974
495978
495989
495993
496004
496005
496005
496012
496016
496019
496032
496039
496043
496044
496047
496048
496049
496049
496053
496053
496056
496063
496066
496071
496072
496073
496074
496077
496080
496083
496087
496089
496095
496103
496110
496111
496112
496113
496114
496115
496119
496121
496122
496130
496132
496135
496135
496136
496136
496143
496147
496147
496156
496167
496184
496184
496190
496202
496218
496219
496228
496234
496234
496235
496238
496243
496245
496252
496252
496256
496257
496257
496262
496265
496271
496292
496295
496306
496307
496312
496320
496328
496336
496341
496351
496352
496352
496357
496358
496364
496371
496372
496373
496373
496377
496388
496394
496399
496402
496405
496406
496409
496412
496414
496419
496429
496431
496432
496441
496442
496444
496450
496464
496470
496481
496491
496493
496496
496507
496507
496512
496513
496520
496521
496525
496536
496541
496553
496557
496562
496566
496566
496575
496582
496586
496589
496596
496600
496606
496616
496617
496627
496632
496639
496643
496648
496650
496651
496666
496677
496678
496683
496684
496685
496686
496700
496719
496719
496721
496722
496724
496729
496748
496752
496754
496758
496760
496769
496769
496775
496779
496779
496786
496786
496788
496790
496796
496805
496807
496810
496817
496822
496825
496828
496841
496844
496846
496850
496851
496853
496855
496855
496872
496875
496876
496880
496885
496890
496894
496906
496918
496919
496924
496926
496934
496938
496941
496946
496957
496957
496962
496967
496972
496972
496972
496979
496982
496982
496984
496995
496996
496997
497005
497005
497022
497023
497032
497033
497034
497035
497039
497043
497046
497052
497052
497057
497066
497073
497082
497089
497095
497099
497101
497103
497110
497111
497112
497116
497120
497123
497126
497134
497147
497152
497153
497156
497166
497171
497178
497194
497195
497200
497214
497223
497225
497225
497233
497240
497246
497264
497276
497278
497281
497282
497282
497289
497294
497294
497303
497304
497308
497313
497318
497322
497339
497341
497342
497346
497347
497352
497359
497359
497367
497367
497377
497381
497385
497389
497395
497406
497417
497437
497440
497442
497446
497454
497457
497458
497471
497473
497474
497479
497479
497480
497490
497491
497494
497519
497524
497528
497530
497542
497544
497562
497563
497566
497567
497568
497594
497608
497610
497612
497618
497618
497621
497623
497627
497629
497634
497638
497641
497644
497644
497654
497667
497671
497671
497689
497689
497696
497701
497715
497740
497748
497751
497754
497763
497766
497767
497780
497789
497792
497794
497799
497803
497807
497808
497811
497811
497814
497817
497832
497836
497842
497843
497845
497849
497855
497884
497884
497890
497891
497892
497901
497903
497907
497908
497914
497921
497927
497931
497932
497935
497939
497947
497948
497954
497960
497960
497965
497969
497971
497976
497978
497979
497981
497981
497988
497988
497998
497999
498002
498004
498008
498012
498022
498024
498026
498027
498027
498029
498032
498034
498035
498037
498059
498073
498082
498083
498086
498088
498091
498093
498095
498122
498139
498154
498154
498165
498165
498172
498176
498189
498194
498197
498204
498207
498208
498208
498220
498235
498237
498237
498239
498239
498241
498243
498247
498247
498249
498250
498262
498266
498269
498271
498275
498281
498295
498311
498316
498321
498326
498343
498346
498347
498349
498352
498356
498359
498373
498380
498381
498385
498387
498395
498396
498401
498402
498407
498410
498414
498420
498424
498426
498433
498459
498463
498482
498488
498493
498497
498499
498500
498506
498506
498509
498512
498516
498530
498535
498538
498539
498540
498546
498551
498553
498553
498560
498566
498566
498567
498576
498578
498584
498588
498593
498600
498603
498611
498614
498624
498625
498626
498626
498634
498635
498636
498642
498648
498663
498673
498675
498680
498686
498686
498695
498698
498699
498700
498704
498722
498727
498732
498733
498763
498772
498782
498783
498789
498795
498802
498806
498809
498813
498822
498827
498831
498832
498835
498836
498837
498853
498858
498859
498880
498883
498884
498901
498908
498908
498910
498916
498923
498935
498942
498947
498949
498955
498957
498961
498963
498964
498966
498968
498973
498976
498982
498989
498989
498989
498990
498990
498998
499000
499003
499012
499014
499026
499029
499033
499037
499038
499041
499048
499049
499060
499060
499063
499064
499067
499069
499070
499093
499115
499118
499122
499141
499143
499149
499159
499159
499160
499184
499188
499192
499193
499196
499212
499216
499238
499241
499243
499245
499246
499251
499256
499287
499292
499295
499296
499298
499300
499307
499310
499313
499329
499329
499330
499331
499334
499339
499342
499364
499365
499367
499374
499376
499378
499379
499385
499385
499387
499401
499407
499414
499414
499435
499438
499440
499440
499441
499456
499458
499462
499477
499477
499483
499486
499499
499503
499505
499508
499510
499519
499531
499537
499540
499543
499551
499551
499556
499560
499562
499567
499579
499584
499585
499597
499598
499601
499610
499623
499623
499631
499638
499654
499656
499659
499665
499668
499676
499680
499687
499688
499694
499695
499697
499706
499709
499712
499712
499726
499734
499743
499746
499751
499777
499781
499789
499807
499809
499824
499826
499827
499828
499829
499831
499833
499836
499838
499843
499854
499857
499857
499858
499862
499866
499887
499896
499904
499910
499912
499914
499921
499928
499930
499930
499934
499940
499942
499950
499950
499954
499955
499956
499968
499987
499988
499990
499993
499997
