466464
226160
279217
277171
337296
343197
66451
265086
427180
33405
287638
178204
451999
367067
333922
155927
108256
477141
128703
482244
334873
483643
422891
175468
456644
323135
483879
15597
460363
416375
273811
83867
117595
2795
345469
386447
413629
263992
47561
315673
238740
21483
407686
134497
339978
272614
109066
52034
470299
130701
134464
93008
99418
176372
418328
306844
195057
330203
274809
426602
291394
456693
428190
458789
320765
390839
483219
59761
327611
424201
212334
447186
468108
207937
367030
261759
161130
90630
120765
417710
497927
290132
162129
459997
458764
262153
45199
313027
169552
418498
39167
130230
99876
174445
145625
441073
399085
90388
115644
41702
400654
187213
91014
229054
380736
154472
150976
204775
492214
79515
245263
370672
187124
419785
432779
366951
497339
70114
146115
312191
221724
66079
119327
381529
390498
66008
104247
337781
275237
407350
29389
262573
16760
161787
363953
483310
196975
275998
321954
252776
485536
440563
387444
20795
369231
435662
376251
265298
29100
440261
333220
7395
437256
82133
287367
339315
295445
99336
154106
262039
374159
60072
143365
353869
241685
247554
184228
435049
290692
404203
450704
221940
65852
330164
419629
157684
382316
492381
400750
199033
479396
29669
4096
151131
320517
53692
432771
485309
99430
403021
25363
348186
286677
322915
70164
322663
492140
459964
42664
366642
2097
58193
325719
195048
178795
216395
288829
242612
125388
213576
83628
219219
370474
115586
344363
190817
212455
156354
151608
57528
51375
400314
86232
47462
471242
263226
294276
388021
322328
215332
164281
414524
188004
83176
315079
158965
11571
266123
136818
47690
237254
54383
165583
122433
130485
105610
365926
482993
132091
213765
9368
217713
90144
299156
250676
436679
270834
256081
47249
381203
164661
347441
110153
462578
168884
246896
52236
164979
111500
219131
27356
327371
429593
363811
9456
421277
239240
176886
236286
290080
193402
214373
56510
202670
68417
463880
184942
113956
26828
478677
367438
330005
89685
64179
302269
384919
429761
413622
107011
67973
280974
144739
475127
300763
166758
316484
434362
354812
260402
399756
150710
490349
439486
178853
383352
59568
189640
84858
449448
33607
413830
112303
134291
321940
454869
154575
332211
491799
82796
8649
301650
469474
167285
435097
380348
189415
406570
124399
495851
205422
254118
83048
359985
408915
327300
399317
867
360293
29707
338698
209333
377893
363136
163108
346560
80886
65150
256046
169256
265115
474543
472404
457378
174301
267727
476842
60520
400962
301174
10013
2885
441567
371014
385561
57009
86920
408892
464812
270207
475179
278863
123547
54388
332596
366899
311206
456802
62891
302628
238203
17841
355639
361242
351737
341762
304854
426789
263198
28234
177334
80962
17983
220584
327110
283503
24050
21447
13781
285720
55100
346780
352465
32274
410952
5974
88628
199189
179881
201147
497811
363771
237613
652
153572
27814
141915
266538
23524
373370
4452
275297
203568
363359
429045
82171
268898
204369
76564
491468
316545
345922
409709
464646
118468
48050
350227
491750
123744
444847
416996
473166
273857
100060
324384
120823
192773
248431
194474
264843
445700
471568
228673
372700
43999
456744
250101
184958
240058
103604
403994
215965
236094
244148
158770
227184
140310
398276
473902
34828
331400
94105
263580
362388
284724
79923
437858
24050
140277
229353
213613
327742
430075
254078
33150
398280
431759
363072
180214
450576
137023
142948
451189
296160
487096
357668
222342
346428
447532
254551
349325
445625
468866
151349
184579
245212
78543
428309
115
122478
219225
17389
1720
416286
460734
389094
62905
225639
375546
346460
489629
440978
141282
242545
43537
149222
37001
128461
67425
39235
282000
306412
473467
367675
60268
293206
385476
214183
49770
1463
265751
284330
68741
106953
97169
147814
496700
154013
111486
341540
417033
77956
69939
150814
343617
95220
202051
108615
63464
171075
364135
336749
92003
227713
133932
267458
239772
296135
341233
325747
219348
198551
466866
179429
471341
256513
342023
27318
331428
299852
25063
22945
376692
87609
7905
179708
57348
374982
4397
196615
230221
100629
383806
244046
241039
154853
286980
403580
191861
43141
240069
307317
214347
483368
423341
375652
372470
17243
44903
172941
353077
336821
72631
354270
13873
298581
47718
380797
4158
300239
390558
456941
357652
384849
350565
393401
98405
107296
380748
282846
40980
379626
422367
187725
34336
243664
384778
277013
385885
359087
251139
193564
359899
344809
162945
272765
233892
489370
474003
316750
459297
494690
51420
181483
336420
36794
425197
117965
269303
165272
73796
72496
272794
140525
47409
43351
288157
157400
79602
195244
278821
91668
213276
363099
105560
190541
335362
97107
458080
245386
265626
376426
27554
197672
276440
191239
374292
160138
162386
5348
356752
260379
350546
380638
86095
295427
307024
200837
205017
261087
342703
51461
66620
348192
385160
118872
61274
468026
314998
442776
359437
100086
96438
17868
312893
190234
182428
245440
480905
285390
485238
14315
410601
423459
226746
343595
474936
13264
489229
24605
57072
177201
468437
330281
420134
187873
113700
300804
457594
476247
337029
255231
199047
318252
236267
73744
81163
392388
131291
77705
469373
298897
236216
391863
292488
133594
196335
217243
471489
207107
25563
40541
145124
366724
79821
441926
50611
253212
103031
455203
148028
355957
444651
380669
101115
93945
483503
201725
174446
37083
445416
350639
126643
439980
301980
464843
128884
113344
235561
469004
466038
243181
495151
429972
417450
125620
310036
265573
173277
296652
22384
132333
402806
394194
251858
304115
139081
395859
384390
480709
413630
430415
283061
393842
94583
462142
74571
450709
179838
237730
294396
448827
259833
170137
442355
305731
347544
322503
308132
262867
80711
366297
127429
418888
231657
211292
39564
174510
191703
114628
262401
133966
472991
216105
471562
150014
495797
478230
421863
321578
463869
174054
192476
380237
269161
54227
4940
241738
359473
414930
4464
64195
324226
181372
19794
124288
305245
487677
88143
60993
391043
186793
186289
276612
302095
465412
34979
334558
29343
127361
342402
91953
492601
428051
62955
494313
231304
182340
272038
4239
229707
154339
77119
68095
410778
328683
467813
436549
308248
249539
398816
340444
378140
206592
229740
182871
22807
478823
88260
451908
235417
485646
388554
196060
189760
303363
307373
102538
435950
317437
301494
230313
5497
54646
58443
87783
247330
121599
238302
106243
422123
80736
285153
354968
83135
225591
132939
86108
444299
86542
122933
11024
146614
146469
433081
229041
165735
69640
196732
54851
444105
227420
59528
69374
258270
384409
466906
234449
247862
287976
335657
329404
495814
142491
53820
21808
362021
332175
367154
178430
279259
123433
435220
22316
94136
441194
409259
173124
102496
189779
316568
330586
288742
102876
115838
198729
211641
184831
455110
258787
361698
166197
232922
30415
81117
154481
227554
245051
373115
234220
307336
305460
486708
33319
361496
286011
160226
124447
199410
280749
386394
90421
128650
67987
437475
169500
331084
444690
32897
490361
102597
183843
214229
274522
419540
226926
337541
189788
195458
96525
412771
341780
63723
12350
375714
251599
403909
46648
444075
333023
169465
492847
7179
434583
219536
366438
13762
464252
478916
216693
17805
362727
129403
68232
169783
128996
454412
453634
113037
81039
128194
178671
279090
355258
123020
366822
239567
32950
9104
137141
3365
452768
347754
113499
200025
249964
422149
63580
234535
240370
44212
58833
270916
425351
146279
488145
191850
201210
299936
404148
66988
423446
469988
190685
477271
34662
287534
498433
63164
258411
487263
220094
179815
73483
94292
390480
379398
33715
138267
497811
399534
102795
462045
202996
54193
104568
447142
492521
202038
209261
433109
364974
134334
282702
110888
201619
398706
19585
86229
31618
64104
297713
190371
326379
164055
118188
353569
464703
89427
2385
269126
368855
370713
298275
10469
456675
148762
46915
438226
411338
127727
433537
452810
95113
320258
121147
372770
340649
47002
366489
361128
235150
210859
267825
233668
426019
357100
395223
152850
288254
218850
110442
392621
384815
232261
255955
498733
403131
445926
429908
322740
427379
112990
404750
196220
360993
212783
346091
257246
75811
104181
455336
189210
329471
448685
371632
204549
238196
228119
325195
392683
309429
430681
161738
188300
89422
116614
203844
447671
423772
283017
373063
265138
97577
431467
315228
471801
362069
266289
361116
118041
348383
172250
450898
191012
495200
19181
213521
15845
201968
467466
99877
430380
19064
440824
8635
215942
148093
122860
321919
66995
471764
252974
458975
33433
483811
187109
100378
363162
378367
495788
410911
417237
157064
167321
465784
149742
416918
459777
304342
457628
269460
489631
20540
215219
384369
437810
481737
418706
478279
189207
145510
55899
19905
424764
116614
454732
413948
1161
212277
440356
165532
489705
176998
182605
76337
342070
248196
27829
246584
5746
147758
380185
14024
406431
258302
264690
132538
495321
246510
236068
34802
269190
209079
368773
401484
99927
231787
495676
15055
118376
245826
102535
140455
142060
74779
362974
183045
272067
114467
338028
79491
142920
331968
192524
350713
79352
459092
404142
194942
244447
119808
42013
236167
87025
33120
115846
435859
317247
350800
386102
467528
41866
170372
369234
404384
91655
186036
412003
61255
74483
57833
73855
267780
243622
495861
449743
373155
496238
249376
1086
317769
384525
237825
400407
370771
250922
60801
392983
456733
80580
440892
449021
311531
175179
81440
22640
349637
431013
197163
496586
163901
120175
79144
284741
42783
61764
242202
478291
389723
430294
41526
54884
326896
398953
428713
69597
241434
449322
313877
48192
246755
19702
101232
464878
346727
141266
275207
274241
44875
137196
318475
370525
368738
299461
308155
123152
110800
306128
35862
8957
23268
86655
336226
20069
182073
337157
109134
145339
197762
327514
382127
282515
26739
484632
453278
112692
486620
102213
362341
452717
329959
18659
433746
251771
362096
288923
213359
437436
208402
468935
406072
468275
442093
68423
198194
392742
474390
178557
58113
202696
6404
227649
354735
219436
19853
428087
483292
31669
257899
407306
424954
203758
350524
149226
207070
157587
240176
190174
151392
175201
482213
365466
339513
280396
268117
319749
404450
319630
91275
205191
225890
244771
7232
452442
218332
139349
484463
106575
368222
386748
33679
15663
32539
201688
144149
51222
366232
159492
302912
151377
212323
191419
51554
293662
113382
437452
329741
397810
71657
54333
431897
269251
176913
16884
294181
83380
398114
449444
490577
176107
194634
388336
29154
299050
488799
450480
260421
359275
331437
222311
459263
246708
328141
369037
492018
242561
236526
459187
145993
350459
461182
106224
263804
356385
387225
475915
104446
116554
376455
361894
203744
170990
72635
152180
172659
226029
282584
89052
145028
482533
64822
83849
273559
91403
261343
326084
96978
42022
386791
462498
462316
353895
369896
463295
60263
228488
107781
227150
245672
389256
438996
365856
55970
113438
24188
305522
308064
283137
467161
346671
481241
84747
385663
21851
295496
495030
252066
465172
291787
281642
57365
395823
234884
344972
398051
354046
296725
383270
477443
419295
135326
76132
437333
230646
143328
468315
208090
185066
377380
281250
168366
31367
204326
401742
164352
227875
360152
172567
438335
134012
154943
470415
84776
165306
260
412457
213984
241452
46789
111353
140740
236404
174083
237382
422008
228599
387080
485291
280061
397059
163334
389257
272570
334849
55060
149607
256465
478050
290221
442383
491907
307768
208660
126987
384432
406002
494294
281274
245795
251795
213059
440935
493922
252422
230600
288815
58966
16878
49408
392210
90350
34793
377497
446644
318964
335063
184192
209925
114324
239075
71763
271854
370092
177483
62037
441254
202526
263859
31835
136533
419172
127696
207818
414862
374701
240334
309370
396424
465903
174537
204344
257951
352524
7592
374909
471502
384070
172825
2983
201131
466572
461032
465269
205215
96764
146017
427651
469241
81281
481156
420401
65633
234746
151159
403129
171528
165201
130244
121924
148179
346537
475893
26768
291620
420243
390170
287044
14516
7192
188628
478974
455983
84621
299712
221884
407608
148283
26762
278301
353838
294892
90659
328405
475867
103039
357924
344420
424565
124138
195881
95917
236612
152560
452987
494657
294561
236967
104959
379
293766
443885
144236
84926
272096
328916
480232
453447
141684
191885
359889
452691
469072
11799
318364
137733
244136
495402
248818
344108
111633
494106
323485
298587
263928
458763
28918
190961
445800
205057
145525
426678
217372
370738
473579
427710
421445
398796
230144
21565
10634
310489
432389
441865
60608
307660
272744
252497
316388
200260
94263
103634
214032
1362
456737
110889
484761
244858
410145
174029
156160
193710
168639
110324
304631
301333
406225
24682
161795
339403
187071
431595
462198
456179
362687
168358
20748
454786
163627
28654
198331
463942
168638
476539
146784
248240
209934
479720
350305
130233
268290
389171
118149
407620
15195
257419
289546
189089
461052
117282
416339
197396
20205
418835
144298
482371
330249
92919
499149
358178
455353
361976
209478
407282
114222
472235
452468
64588
259237
283638
251380
485135
473945
120340
495335
270510
344146
232168
338211
146428
484045
332988
389279
229386
185982
175538
2429
415350
167397
230086
295214
253948
227881
321000
38855
198662
227102
419354
438378
279735
145050
214027
191637
199893
227325
317853
138819
296737
457021
435857
476315
270022
276158
287144
340662
13327
128412
260258
45448
364997
148706
222930
146399
52835
272891
96125
317632
446546
192243
124626
137858
345164
190564
28823
337941
219055
495897
120975
63643
25345
398226
170532
196836
122716
346234
484846
297186
12789
27682
76995
255818
175794
398657
348506
453963
413316
357129
266153
342046
202751
459495
412269
70013
401427
479695
403065
79312
70401
145750
52375
111304
441342
281297
448325
267638
144268
248066
355228
327183
499519
386367
191891
347503
378845
470412
64111
341850
395753
12411
9312
209214
117723
243974
125926
147151
124872
205124
377875
131587
363964
129401
59720
43066
439873
319770
200526
414554
483653
76400
494568
401503
160276
239573
410796
440761
427838
321699
142697
197223
397565
369489
367948
82018
424957
35390
441897
295868
40364
262809
325258
396973
323667
118700
105402
104921
463934
282754
363540
329094
57809
282751
12860
104488
282468
406781
5954
106401
262684
312769
234843
380450
55792
417113
13280
324677
410820
414653
213890
269667
213809
62956
135207
81940
376607
78472
408000
417576
481018
50073
259759
463669
34171
104277
95516
218720
434440
251389
123409
416631
220357
65509
181694
401295
483768
330448
133246
62822
186219
415557
130225
366757
362545
301217
37200
464594
385805
124326
401055
467491
248925
36135
361853
48880
328523
483445
245692
128758
427687
67182
169238
256685
470194
322210
197702
53876
401530
443688
307888
91045
105309
421787
140805
203586
62511
273173
74138
162488
235193
209903
337903
176974
440481
82420
202999
11125
195717
72819
418675
348997
214620
256710
433005
203808
269306
43092
426812
228859
370356
263319
461293
431543
154809
131234
173134
106184
183126
161621
354421
12514
349983
398527
176845
410807
116750
131207
46571
40772
112229
16788
168491
127618
85525
136887
361913
378446
10992
363590
483039
384439
462455
32371
390445
117754
397851
115612
361130
18444
314230
150640
124753
125782
36987
301925
334226
485254
388284
269063
418657
487052
426460
454666
399050
100087
332432
326267
206385
356112
46158
405944
334380
152080
495071
330626
305856
360855
384710
118490
34937
57501
400710
441992
446318
373317
67339
472765
431965
475115
66012
30242
99850
223501
387208
424170
104952
46903
428647
44333
191931
369034
366449
64583
242205
377196
436819
108310
386557
364185
238550
24555
345329
293998
127972
458589
17648
130026
420008
46102
177664
173639
448810
460919
472966
212851
193924
308267
118091
275562
14631
162273
104249
54701
294642
66122
110409
299253
14556
102216
163466
407668
42884
404870
171306
469760
308291
368633
346018
16019
422181
417638
391103
1050
334784
359770
382808
391567
279225
326696
292603
388956
495064
220844
169804
257866
449442
126150
196863
111690
82440
242821
379468
183486
398725
481391
149183
57170
254127
282301
48012
93578
204489
103530
229906
445242
487036
91457
378386
378904
28894
182766
415519
396777
17869
115987
439225
423354
315140
153725
411096
299644
458129
337256
11994
283902
344158
342051
440716
295832
303956
382744
226457
242276
1140
25685
464927
436920
171352
310342
7304
343591
360710
79941
431193
417111
249804
190849
5909
272572
428395
236591
258108
34986
65572
239435
362651
68177
99061
37107
102523
305089
391300
386422
334223
128188
66841
68052
225610
458877
217000
101745
317806
163908
46431
218208
382443
94377
2942
336721
432397
488699
93897
231051
249668
283236
254350
434954
428657
59824
173852
458217
18942
419510
66886
435946
300944
27014
393351
61888
51478
427109
463463
280832
141571
261639
232495
70964
358683
46840
410441
118441
173984
215903
161945
315797
131427
473830
429484
204006
39798
158234
369896
360280
299509
296125
202840
375802
283709
459969
15250
206135
396206
339624
151742
496257
296303
52517
423103
156714
299684
70985
456031
283345
488608
387307
272267
279993
36561
489963
272624
361678
130550
394472
320494
411907
56584
368129
99941
492713
443130
116104
304417
69956
149388
469435
183242
283309
83221
300426
293746
439616
490383
265379
361836
402797
239400
255979
293935
36335
197124
328318
270552
405108
78672
309410
302836
491525
222512
321854
466447
93455
44398
136895
67628
194571
47826
170087
184674
273684
195061
164370
488370
305829
159639
359081
111664
372538
338847
143059
27315
380497
259970
266723
481679
496972
337643
293295
93966
341575
108468
318036
195748
109642
72230
99183
36354
352096
466097
307930
237561
316816
372290
55864
303492
369774
355801
139786
485425
355886
389532
146989
436431
330189
295520
469124
120099
87447
83751
112839
472342
247444
323304
453655
302594
78528
383457
467051
24365
365565
267815
340820
129125
295646
17494
286833
204054
143521
146737
399721
35974
20922
71334
32792
234125
473167
388490
458457
137949
107700
396194
191228
340601
260878
71241
18460
349141
410515
205681
383827
55452
129948
264976
247750
125877
140471
123811
441954
415355
187804
11393
55043
371888
477899
123121
17729
284637
403105
11714
362268
279898
359122
82269
182958
69411
451586
172629
451099
461908
36418
232727
478922
78058
269088
177274
251875
193006
83778
264910
374368
357734
380447
371616
360505
340789
143793
157884
223397
493030
302097
66689
126923
21332
326502
207607
320321
347807
395986
320467
375046
90818
410918
342999
352699
234999
381236
322779
172303
229709
376542
290144
267077
466942
176170
93101
307171
316572
333754
217474
428450
417205
95812
287588
260419
394573
90944
408503
371996
14663
291080
195616
34011
145207
265955
438144
480759
312338
41576
53892
370055
6354
474146
367226
237255
432737
398631
140234
474584
48051
52321
250685
497346
79062
458858
18581
392812
329924
408132
445657
10964
11978
309303
373401
496218
489239
128822
82146
318178
111662
114644
158795
195238
240286
252567
13114
115562
165136
120281
62312
448448
80044
118130
497701
124530
262954
481369
32895
293720
431500
94594
96345
402721
473552
186052
149681
253133
357642
21250
53873
242530
25613
65777
15680
435497
277175
247055
73235
122027
368297
221222
162782
128028
323881
37248
76154
302007
263521
290954
466142
359849
179484
420304
376473
476896
116239
195640
495248
432604
31793
66216
196018
151399
294222
277573
169796
260389
56093
110936
50605
255421
90288
452180
89401
7909
353782
309481
32081
60530
44357
413091
307103
463584
55271
54003
447342
393494
908
390887
65653
445176
480239
271565
237292
170739
473625
108889
272123
297762
51987
293958
188938
213782
394538
306343
83382
14822
5270
440543
41261
428337
373637
275927
265728
4758
151927
325300
46942
428215
60293
401160
440289
484296
105785
35557
158543
106711
499709
374526
67150
38161
427728
140000
465341
284372
350444
127916
377968
77834
417256
292915
132244
102027
463400
366397
72044
21480
196816
257100
466471
400205
282010
77005
53286
189883
421291
454172
476176
276981
469546
335092
361883
417293
408463
367643
465915
345167
401084
297984
66080
74938
480281
374844
177686
165419
164247
181145
462742
442719
447982
388777
358595
485975
327652
18904
465090
475303
329118
222996
486933
98703
448166
459061
69114
146436
129115
243262
61639
241584
85442
484817
481406
29148
211876
454149
332640
109351
140424
284690
435643
67824
106725
431480
297694
315557
106409
358501
63773
336370
444645
424677
333867
450291
221455
477020
241917
58807
308861
418482
451848
74733
76236
451311
424965
457008
388348
162573
258233
448976
106764
425968
487360
215290
77286
428515
317378
244950
454197
286305
32181
446602
133154
460965
233246
405554
478446
196610
136880
473946
323437
469255
27726
16175
312516
393760
25998
268337
19256
152433
882
497304
364398
297318
320856
138948
314093
65913
363628
307768
182739
293072
256309
394406
133430
84770
189624
30412
402005
480281
442814
193573
493880
345061
308817
458668
59737
216027
452726
469050
272384
388165
338129
264863
304521
177597
442412
376137
93421
217139
134685
35172
168024
162463
467857
268314
222822
149866
452966
409802
283785
134840
340569
104996
52213
309153
54549
441283
315993
181040
322371
246705
365450
366643
394614
320631
388076
451002
313674
268272
118539
66382
200329
240476
498698
379949
100632
315230
347554
106100
324086
366975
293899
195377
148269
417618
221479
221692
415662
24025
42908
320214
34445
363717
124293
455463
187826
222638
282892
205516
290555
382458
247512
13056
378202
345997
959
226148
90174
474819
291724
496493
426694
351925
6756
101071
159534
143271
496853
343757
418622
276007
76982
432617
43779
57244
127968
334766
487116
64766
195356
103838
452671
166418
132811
338516
119199
381597
126745
24043
407901
108152
44362
67163
477632
278375
190902
12691
413959
149370
362583
300438
444946
133881
195682
107264
29899
319699
236961
437736
196191
377525
168926
343095
248680
459015
124530
56317
335622
73224
389992
276052
296066
414469
77204
197953
140828
260353
70226
6664
72692
66957
222313
407043
447751
308346
217610
413081
21827
270393
383243
439296
147521
332600
442602
453103
327305
493967
170709
107507
82564
475195
298230
159510
369092
78080
79054
451877
361922
365820
151851
279139
147675
294934
210630
366842
367652
270777
402309
15586
375177
153560
265363
31535
71532
238859
186079
487093
262914
78403
435516
413509
89178
125357
267566
351733
464823
49529
70280
423708
437621
235433
170041
113641
474314
37588
48501
396035
145826
473573
31602
38822
94190
296057
348983
130863
157442
489312
423081
103658
236049
377547
221763
473395
398163
350748
72254
262506
270288
180616
212878
404543
363995
8977
499857
466902
3723
446986
92959
278000
230020
303481
433969
395191
30375
290087
71811
53281
53809
492588
492232
119993
159199
146558
227040
303766
269614
302474
413677
496053
429117
88632
354351
55491
231999
354748
145408
125734
40524
141096
168646
336052
132364
63897
387179
371443
239411
29140
242430
481054
465638
99425
109184
7977
363602
293640
419712
118742
11574
355780
449439
495148
409523
106444
140667
290272
332520
433845
282600
60739
280204
74099
133467
64573
90731
461980
494724
373224
241330
251372
76584
39989
47053
2713
211385
429355
340167
295099
59906
156158
126046
400828
10738
8011
170136
334730
62429
467532
317572
42610
498349
124346
210841
405612
14206
709
10056
243533
172561
215308
435954
97286
51051
196291
241392
469381
357109
99557
81092
228644
486663
473199
194256
472603
569
131663
246710
193185
403713
384670
185473
385902
369035
144996
387755
261461
106433
113669
429537
315772
389561
66415
366493
204672
109546
213571
390677
2520
358035
74230
471240
234414
312562
483676
398481
188170
451865
431733
404452
257264
213174
429369
225219
316903
455156
423239
395267
19101
146465
272017
133312
439077
77133
288689
345081
430042
48269
385626
376430
148915
481364
380164
406228
109690
120106
436500
240020
365661
202124
298141
169378
143833
99113
295360
274085
132523
453322
349547
242763
115083
82152
454397
124604
299499
319523
120955
318478
306918
90784
449485
214679
133621
391151
281314
271419
271319
177022
270026
181115
154280
413720
99009
238771
203507
311966
134013
269768
137357
61679
200402
347654
134254
230636
42568
230936
435483
154454
162894
247557
64526
211374
358768
30391
178503
144303
251998
313317
254156
207406
107034
344613
477606
89348
22267
8719
465510
415205
18906
458405
40050
48338
477135
209194
429316
398708
408767
302949
143775
478508
25515
198677
157235
361376
13159
329422
227217
448247
164177
146884
303289
242907
340787
260967
57786
313722
57936
95320
364781
442156
494911
79884
24799
207818
354
370674
137886
286640
155067
60105
284119
384047
438477
341185
97568
306987
461286
126690
300303
354584
196830
266924
492101
191080
483467
101750
482162
277227
186605
35366
482283
291865
243400
67440
368187
98690
54301
33645
433330
412861
422318
7939
296399
395436
366827
244177
2761
482823
8618
277433
7399
450683
454611
236698
406185
351524
423425
131343
97034
206841
491658
234908
134845
429872
283554
266087
233816
292731
270635
282966
144462
43817
268363
170422
29501
138114
31226
67779
244640
436614
91908
448791
335190
358103
234979
238306
130932
387322
343008
418688
359854
276298
405991
405328
321558
124234
233376
212120
243933
314564
1141
211768
170922
216473
16686
273100
35370
421752
9594
128413
444845
164692
446358
224603
108733
20840
214077
432366
217789
4083
31242
481402
288699
69195
410020
107387
174899
313578
457572
14544
478951
140909
364519
150218
137811
227657
428277
483300
390828
179584
363136
402245
112076
65782
28549
343056
296047
158655
461973
180440
285624
499836
25434
459736
94320
94453
32366
78996
53731
221921
30755
51239
447310
385288
354242
470310
160617
61585
485770
10621
331242
441858
79981
180547
42953
420657
439467
230289
379205
407514
462974
367840
440887
112194
152447
116033
88626
428218
121842
90627
496371
368138
47733
305983
83970
153120
450260
90601
58281
26553
487360
9190
405553
359648
464136
225581
377828
203235
15151
184286
427858
198944
137828
205046
219596
139885
6018
413513
140674
25234
136579
78397
480504
481654
432576
241732
34633
461205
341237
487474
7615
248245
38802
78740
50816
245810
418769
43985
292942
21224
434790
12497
165733
278771
52914
321651
486072
39159
153667
313182
310660
411904
403413
242937
487301
326471
270740
239571
315779
177073
495881
342370
485859
401698
87699
354789
424144
190977
476969
235990
22995
328347
221461
243778
289063
137635
192971
404281
308339
63621
447405
22139
170719
381651
270749
84560
386232
25225
68818
5578
384418
436814
285863
149631
329759
317029
488795
413554
356717
127880
206468
25747
45138
226257
435180
494648
336071
290716
337268
233315
15119
76756
460766
199282
430777
305815
483438
166144
251995
359281
442569
432498
57605
254415
339247
186495
222141
35264
166635
308667
58413
383025
445878
170288
133299
250336
407469
496372
129295
397044
431092
271014
70579
73115
275198
483617
185710
444062
254390
436658
469431
236223
418678
260583
257
135170
208859
139340
417803
447348
28588
101407
474240
483458
380952
409352
44780
298844
160962
320392
339000
415230
26314
434081
340245
329411
388318
319826
295927
299033
305837
287107
70654
224478
349741
59590
24317
407446
448978
129040
9424
365473
225817
327130
243060
281554
496388
334462
470686
304170
349637
161010
436718
131588
475882
273269
341120
170643
68709
348917
358638
45742
383
94583
357726
413969
483815
263389
116114
407462
97266
36710
63716
375054
427874
73823
424954
384651
295359
334821
419912
310904
51137
218742
54188
456936
370143
296170
332255
271331
353762
4543
383328
277058
32284
197166
253710
296224
45658
280483
374482
35563
62275
192859
366035
267302
271344
412937
344108
34356
219559
185046
20663
159489
456347
76143
54023
103828
415617
354357
331822
118979
104809
261878
489982
186417
296365
117660
403540
25839
406846
420920
156708
6922
360406
464778
425345
22781
431550
484819
193297
420106
420674
357598
6243
230588
150034
361005
268193
288670
442944
398513
483519
466607
153063
408473
70275
446759
133452
88506
11364
302284
414173
28540
257525
344806
441818
267586
369430
376214
464314
26636
104307
481025
177690
353364
239667
64469
408256
82946
328120
493262
299726
143435
219116
130952
419850
458761
16331
430569
368980
291338
261945
130072
433772
25733
153970
307582
99680
121945
292051
63321
1068
399902
213571
389961
431920
93607
143927
446120
409768
466515
301111
446220
259652
260960
89876
481001
28598
122568
107935
326241
231238
472054
391546
325638
234707
108124
327646
359512
371573
156826
111300
318857
58072
442658
240677
323209
398362
347361
48694
255818
180061
283158
150176
368065
305900
15042
215748
116349
172401
301041
90440
312892
323961
346982
439198
470136
363588
494290
310359
60398
414299
380843
329893
280591
424835
440561
457284
227454
200675
213023
105699
374383
292615
232450
14190
437180
86113
2713
346429
7193
385488
48511
312252
78871
338815
260177
242673
303377
302821
419080
179868
472081
286342
424779
80910
145107
98683
470238
12527
222709
263509
116395
209673
94117
420729
475846
21762
348091
99142
217095
90300
304482
205254
191172
79522
432768
478227
391251
116319
322900
166886
26561
61242
49002
424730
286939
362960
263968
10811
455423
230040
318550
147551
10381
304196
59563
112641
400659
376003
55705
82829
141001
105995
256640
478792
375781
441261
439719
337587
468390
436168
415282
416747
370998
191644
432508
70599
38465
271847
498553
48046
464388
374085
487673
118931
424573
211208
72339
41981
251916
461195
326039
186341
309669
207063
47492
85809
195870
210595
370461
336220
322601
145937
248559
409991
310234
143694
309370
249349
385903
101990
280722
403151
174370
208166
87598
32360
289860
97275
423915
201307
497763
497903
227225
218577
45136
345507
338761
482773
301274
186704
6501
441959
202506
492833
341622
408053
119206
89717
83054
300619
134705
57926
458421
458246
69862
101890
288603
310620
226079
183926
471729
496846
416243
320848
133502
160357
160870
453493
133500
323366
39445
105659
430129
166112
276206
466150
130729
273489
157777
494882
361674
86086
139052
422931
457573
35217
116107
316018
365784
380391
135764
374565
106517
227066
336309
246854
450034
120181
427333
137585
225849
100298
297500
189490
429536
111593
445474
27132
429859
410845
59465
249467
308524
469074
100559
28861
112508
31613
391019
123748
155660
320011
64024
126596
379944
461090
440213
449675
461696
215679
110665
296290
370584
135984
332204
151480
378577
375790
43714
154249
333328
213131
285763
81533
136272
166234
85386
445141
247696
47095
119927
489239
141986
191096
248612
315206
83836
244364
229854
217935
374138
32789
332655
120471
311544
166153
439120
215214
494726
128895
135277
27112
395069
100917
461069
382481
474613
373965
493080
484768
6261
328779
244368
296379
73875
443419
261996
100567
123470
368988
108844
299387
431826
433092
408709
433340
391906
49547
132388
63941
75313
94258
227915
103572
494227
89516
336681
170344
249437
216640
272519
170504
2504
65935
370398
78008
282223
338843
96950
59005
337625
313169
324215
379483
436369
251463
164883
267161
214098
120971
202279
243763
341432
62052
9676
292922
154697
98990
109726
33681
379208
58015
446846
14563
68193
345619
495190
451521
53237
124033
193414
12848
466419
203123
186560
293891
499688
155842
104730
64479
86083
307695
397078
80424
282701
196443
450323
460605
149860
186554
442764
463952
483819
360625
496257
205917
59947
188238
410174
92178
416293
462739
307898
364114
236777
323055
426368
411711
383235
65995
232366
324843
222227
15418
29233
95313
90862
267167
157447
75595
332165
365471
412515
307027
45942
458171
53810
495993
32586
322362
350442
58108
87958
492054
376970
138811
447580
35476
57209
421433
106834
366767
238728
357523
64051
22134
207182
52755
251276
328963
315695
99126
36198
138163
66820
261976
223387
464724
479690
324495
106715
97176
29920
356559
44611
332317
98028
227631
358184
317596
13573
175770
466837
462432
321110
168378
128758
163825
406835
395085
432477
314393
366782
6450
262575
199751
103139
244503
133529
128471
120129
497225
452285
428425
324377
125839
283429
403128
140122
350855
435068
498024
404692
435129
441985
161758
267526
51441
88920
181509
7214
37353
7595
343327
206591
289812
268097
372485
277506
331219
358886
451114
400436
394690
263010
152120
489475
314160
56653
1818
427643
481097
147671
116471
271667
342692
305175
63394
120858
287779
209680
285154
45529
330501
295
241899
72502
116125
167057
166693
230984
42247
322276
124830
81010
24199
23858
375682
220185
319522
312617
422431
490456
458420
149432
312328
449785
83626
153875
82557
401646
296296
220917
302834
219957
453198
116859
132870
200045
491148
225040
178001
278162
295162
210457
221438
448087
493812
409891
193917
499826
234447
204321
385510
281187
322408
30607
297031
358577
414126
69049
140475
194305
142101
118464
390579
261186
419261
302144
477398
55299
495497
379764
150936
297003
22574
417365
177003
76553
261032
312530
191984
41998
19480
389943
89060
489222
55717
437410
363728
349225
174440
285257
241511
380585
44726
222485
258842
315816
248189
487723
132664
156048
13911
149808
79385
196561
93774
262868
171877
261235
115118
395211
181789
337858
12951
294329
422133
352611
110286
112173
10989
493475
211923
76451
467125
288682
424597
459691
62464
110284
59287
370632
234453
85989
35128
326701
237075
129384
245993
309934
371509
219792
137448
310632
328255
377323
82836
73321
265219
126593
211229
313026
487438
146912
172377
353649
305269
226111
387299
203920
98475
36970
251163
70149
350448
129494
33506
179750
193894
217281
447288
216564
426645
320578
170550
399402
297226
432644
477493
157371
167245
26729
182447
43368
459498
286849
166096
198591
171035
177417
250599
104742
236146
67719
400429
223405
64457
321555
470656
453574
135518
366719
71775
263375
204909
453642
171697
483403
360956
104385
471688
97965
281804
221900
51618
181298
450894
426845
432231
295630
196168
405037
139243
390179
322719
41249
272554
166452
161579
440735
233509
1738
248000
485029
126884
281289
55104
104062
255450
444725
318406
410036
241511
473326
492991
299552
240965
123547
467568
129515
363989
180952
83559
492326
261580
165993
423463
339770
304406
120132
429873
497099
447465
282647
136137
263636
460286
449119
10536
201242
165375
268533
38913
323203
15938
267166
33770
430379
215048
138434
112818
445379
319197
311259
316774
428975
250667
209681
29844
313708
61311
476183
471133
270209
441924
287851
338770
497052
27591
123476
346330
469246
22356
66844
47716
296404
432077
204415
199191
230434
324485
145410
185267
272635
231490
238711
253890
66722
479276
266005
316953
171173
107489
450998
394607
298021
446929
229248
233483
370607
464067
186356
140228
195098
281223
415114
206313
359582
299733
59853
201502
427123
390976
62703
197076
213143
131339
452240
51504
69508
386798
210963
60958
120669
217495
22358
204530
143711
130478
136625
139109
215686
6461
253728
290148
209467
484719
314013
322727
119059
375178
311776
475562
265384
471024
393423
396812
132548
34739
311623
210807
103625
446557
154769
217545
79469
496805
444772
353321
140786
334061
470698
474769
161728
458098
267782
13774
90537
96153
48988
375864
224918
188945
238446
147043
138648
382621
450446
258534
184869
417451
417656
192247
69481
35796
164628
472551
246360
361340
170230
310281
15110
405830
113855
257316
250000
342223
62390
430912
16436
147925
198555
392809
295302
431317
465436
285282
325662
472061
179283
408452
302913
450863
216713
298402
433638
174992
114380
315789
48339
210132
310162
348411
184125
229340
84422
97571
328420
53276
231412
306481
588
444965
84377
341419
180308
93370
194693
6058
435594
89056
123921
91834
452303
18523
400044
452225
29916
253227
64072
446645
225749
121127
212496
447002
440285
256647
120637
98338
124941
73631
396599
395888
388418
326040
298715
101857
288179
466897
187068
205396
206393
132317
236704
352197
344560
204897
107536
54827
35245
315374
361283
215016
60520
452010
44367
78337
181049
218888
35950
90233
402646
241394
124541
69518
391503
335060
288683
462143
344203
245389
27407
376162
499385
337368
285247
432882
489264
43494
461897
22623
372899
478683
360767
310542
156343
147220
34445
229642
159958
203359
306876
243337
443394
205891
466064
121653
341428
303071
159664
145325
400138
386828
423316
235731
438680
370144
107421
143017
70326
161111
131143
66288
71638
152603
62794
110107
406302
366765
488024
334316
458225
144503
242888
482320
56439
13192
8460
473751
91559
67029
335743
238323
351583
447497
81832
463962
488704
350580
15403
130218
76355
165622
414085
114495
61473
334149
217658
438932
151651
139565
146838
328811
377559
12045
282305
209089
412103
195943
26705
63947
129390
114394
275631
402053
243036
272766
63426
63374
409261
231292
329659
181507
410377
265770
39260
245383
69546
356281
307371
354094
334169
277225
185301
144248
304914
436661
405843
322472
364499
12910
492093
451322
19726
14844
222732
117760
435449
291313
425744
73867
412167
309513
120841
382319
308662
461904
229086
429124
25065
175202
370947
456948
389440
153510
445199
83445
10216
6831
74661
35101
12608
71632
5179
442618
267577
274815
294501
440463
31541
320813
41213
406460
141953
268485
451479
437631
232949
465743
366845
338312
452003
129713
435565
441802
70594
235638
304715
235272
328203
59803
151037
34667
144362
340696
302300
330510
266701
320540
321064
303778
203022
25827
327252
362107
498172
125169
346332
410822
60356
20139
272327
67494
211299
150259
161266
8470
286517
83549
219858
374120
154551
305019
313973
159157
74175
93170
400829
442477
39269
309807
66951
332748
76238
34454
351721
484033
289599
442000
337624
6486
300756
36455
259011
232676
47932
392445
444887
384321
390171
410963
62283
486079
121473
107728
94054
166984
488642
359242
221540
321819
149864
170863
56115
193412
386371
441196
6610
281027
319654
383874
496156
236700
49039
435464
70064
35338
311547
467697
492586
184978
110853
139831
441531
352043
404075
335850
113205
250726
421768
409310
36962
327160
129725
94679
322729
375984
107488
90591
193352
457931
369401
54340
95175
414902
387012
353403
77770
79993
108596
491480
121474
99095
330899
441390
47726
280765
258480
369432
286900
253846
125996
476444
428290
115270
167448
287257
4193
26731
86869
432711
180056
468246
56963
23203
444102
57840
178972
137211
9044
319220
250114
400998
484780
404047
362701
145662
52240
222019
145740
158331
109570
87423
15146
420227
478686
370085
64553
437914
446561
133264
193342
78932
78883
158571
180836
275345
216339
138686
78807
23572
29373
426645
115390
141842
1538
457943
93046
377531
297859
367551
359557
352261
179995
337662
192459
155494
416458
245774
403491
463727
498802
336812
123460
180375
296030
360278
297642
293471
380831
251890
186165
199148
376306
399201
360978
418174
144270
32956
163482
243223
160028
39421
316720
415124
430722
437280
322518
156536
220817
414218
261751
131256
258169
436012
420832
399433
328387
486719
454146
267366
55650
277119
386288
319002
234548
177164
362909
411208
161518
291394
249391
438609
477251
74774
378338
1847
141031
403761
234350
286895
79170
98911
313109
104677
387866
221946
358537
139702
270031
320785
136074
282751
413960
330857
487866
152172
468456
101331
142190
339418
445481
277671
151229
367264
6752
454482
277360
118534
300781
327490
481584
492413
115417
18557
258145
375242
414806
199919
397661
288324
216636
150864
398
97177
171033
238745
359031
399934
358535
432965
428345
399263
462576
489560
304323
368037
397393
498642
152429
135899
243158
274564
132173
430248
432491
125818
34581
313208
145989
494759
180027
127391
297470
397166
218736
329402
430262
11612
319796
425219
241908
491217
481717
337678
215994
370058
159880
392866
284687
460641
56254
52617
28784
221559
168159
292258
309767
153816
203783
32421
121336
450663
56912
244594
329773
45557
166166
39032
411869
329892
44161
2509
258094
273014
191644
392821
222922
241646
396455
85662
384359
267400
365108
415485
274303
366450
386356
95757
58916
217882
448669
92272
47820
102637
124129
167092
201732
328776
128498
340385
258378
349146
50816
432450
80158
70689
283059
428618
127608
143500
220633
443665
447660
100747
68250
51050
86874
79075
77059
327311
326552
155118
67064
446896
90642
218332
155166
103089
302501
7899
59019
446688
155100
105566
321380
282509
479020
359657
489473
325474
432806
118572
102499
485093
395465
253236
455798
3892
100860
115710
249327
97613
352071
271982
267769
424755
323887
325103
394202
297423
443300
442254
180734
186269
149772
315518
246546
109378
100566
467229
385176
474133
107155
102906
236185
458811
129404
430771
354007
428147
189806
285593
262236
290320
347605
307592
480152
123704
178991
423345
373702
8262
172470
217410
164338
180624
378471
271520
438033
419387
263973
77141
267957
450297
408081
145144
73636
253734
284364
276369
186900
164494
22544
105385
330695
169737
242199
21417
276256
423333
96134
93604
226164
251394
415228
186170
218351
389240
475921
345671
375298
457519
175547
390622
119289
17074
181962
254139
78311
27373
86595
400890
426458
240477
461476
395844
269742
197234
211500
172348
133147
49813
218585
281597
212431
33222
146131
413967
252351
497921
480145
71570
442735
150787
195441
52973
402034
425264
320111
445545
39057
38034
339023
98223
474648
123905
117359
13828
221546
264063
110272
56273
391049
182483
292699
318863
400645
166167
194004
282859
476447
393796
116417
467535
228215
76206
425765
492
402025
45567
164078
225342
455863
339233
117885
487454
85898
165780
100509
414926
15533
227226
466748
238054
420429
467213
161177
81150
216179
103383
280955
436495
492036
206028
460140
33580
211986
139016
496450
314022
86758
402780
34020
331986
275686
83721
302519
21529
26563
374997
233671
318301
405788
234876
202892
125147
379616
104013
495749
487694
208288
387721
314738
430771
381030
322208
252161
400354
45550
255883
61144
189995
99371
308627
171224
247141
202203
163465
47712
59519
436979
479952
196497
482637
236436
147039
254872
489544
457774
273597
58598
126181
234653
330697
238321
71763
303709
99719
490486
151868
7871
250623
471663
368715
435864
210180
161022
86005
31472
308680
290313
218247
313027
488309
396771
404950
242686
341425
275186
291776
15905
88289
425393
194917
383401
75580
499579
30821
422451
361615
77227
158836
280371
22267
79739
212213
39246
203648
279566
359556
455827
414558
163216
142152
316268
37583
250423
67442
336824
217122
451500
345728
106918
270967
69890
463148
352800
367754
458880
105731
84785
166057
469089
109211
271586
405425
187746
138219
32541
110313
290825
447081
196324
17177
390631
95577
379698
69831
44672
192158
319840
305763
162499
144666
102828
473559
141630
444796
122525
492757
26174
142886
399208
367039
174309
3185
330042
304779
272396
98450
150423
34158
21912
498122
432119
345385
221336
169853
464718
198930
36240
153519
427022
251448
137115
343086
434299
456549
30040
223690
447188
409534
58734
475476
27579
135398
154071
489273
402046
353331
237374
22500
412998
142612
193861
184579
450475
227622
247666
429332
39676
134998
93243
285369
11715
290977
167684
215297
340934
313807
98402
365498
31712
483321
476790
499342
420848
413905
313423
172868
66926
392565
407656
480446
151138
300331
183765
101885
78933
68255
325386
233252
29276
436735
149588
314865
376269
224742
340449
153617
257127
249669
361778
287347
217916
384544
366559
224843
270836
12962
234897
48724
236848
446608
378513
188317
187104
437384
63750
37263
63270
306347
447404
172089
381016
315518
453981
479992
106487
115140
169388
64880
76999
442718
203589
246820
184952
8563
129581
357216
224006
464773
316035
241037
23261
190297
284755
280704
81608
115366
372829
167398
2133
305400
265942
214422
135554
290213
242017
64037
333037
418570
370605
277058
260710
430742
262380
414227
94336
439188
321472
65845
436141
436036
307944
110279
357238
489905
35184
145624
323457
165850
63079
138565
274496
315208
281120
155238
206790
140840
76995
19077
58054
99092
243099
328108
4366
306046
219566
469171
36797
469527
464206
182596
215542
244705
470033
435731
423147
76330
403614
216155
263858
224390
56698
407827
355148
309579
475397
406677
474079
1102
208920
217723
321403
110154
70029
75519
421082
353512
319890
80995
76946
210794
279395
323214
280608
417867
133176
124003
111642
406072
422428
406644
338330
337561
138902
28278
480075
218747
355669
220206
83275
64703
64960
375409
480969
301188
342316
74501
103510
161209
128031
417700
18478
402820
310893
383342
174950
217237
312073
253563
492658
254560
92385
213210
375933
83285
481172
492404
167703
90975
105174
82097
273307
428372
192176
181535
22729
451550
450454
487514
109125
238905
230218
147744
452484
287314
381476
148125
221949
274556
257062
63260
345969
213719
232058
246509
203703
340666
312429
70909
279612
37341
88630
359380
38978
195273
322792
410799
421923
126648
91849
486762
471007
463687
289569
64206
414914
94715
484135
425762
475933
71967
206984
316917
175416
489548
340762
20790
406154
474836
133823
435351
420774
429534
475393
91747
341948
131201
367262
156214
69583
6806
137700
388496
463642
384490
69703
350884
54253
112603
291779
342530
92409
245526
60879
480022
241830
461019
118947
269024
315355
57882
249419
33440
462629
428451
400132
341198
58400
342544
490664
467482
300883
264088
216500
46100
435591
266583
273550
475609
271779
288290
52633
122837
454173
157317
178316
463034
342829
76854
251144
471489
103842
451274
119386
297628
32129
193539
194187
134767
188178
77626
411360
442936
238791
125635
143848
34530
272108
453293
4873
153901
18057
105563
19778
331986
227212
476194
143816
44302
170902
193722
239763
239475
62843
453609
106145
254163
73479
116628
203037
438181
84644
324229
317984
182026
169672
132626
490954
489161
477040
221605
183096
218252
49662
311994
7879
168908
64301
411136
427674
349766
477302
100651
483938
205981
210180
148060
413070
426067
45606
212732
306437
431756
365075
150819
219658
444754
177652
277158
145177
425989
423646
482785
105328
41346
418757
33783
61567
408166
121229
483870
133114
297785
352964
455072
121759
486767
19083
225373
346320
96223
359160
131803
485397
466423
249469
50134
46189
292811
85442
175153
494698
220822
114458
77050
8052
424600
471888
320701
228064
69249
358639
145578
377650
258092
259026
217438
27899
220839
75584
61150
245466
331776
245157
401538
256921
181638
52921
228143
239388
36971
328540
16215
493664
141512
19249
178618
462437
213203
48452
379693
342570
243925
197474
425088
295948
353474
493308
383034
444751
235379
421275
91887
311907
107267
165805
452422
40048
304833
478984
190653
348203
275667
218086
90749
194909
321835
178086
60952
444217
358504
367316
477609
163598
85903
240831
196564
278210
144520
368944
328384
138643
302608
126615
253005
333821
450066
162220
3367
165710
301885
375889
471538
322367
375250
45031
247614
142075
131752
386914
482718
127626
71379
343858
156810
43517
290889
155441
437452
193098
50712
171943
194216
418935
114897
148094
177853
180871
278031
161726
249716
386255
252605
466932
132717
484587
145118
408104
149189
141966
88067
28132
481202
196767
394385
165898
409724
233918
498673
99868
236005
40345
159144
5435
163163
439190
202399
398333
434323
280708
466269
169657
95819
203181
195281
401170
133464
404603
338297
71901
261914
199669
202090
93075
389833
451266
30724
209053
212114
441155
202878
284287
112619
471628
378509
22897
443768
455989
431580
436177
159688
490321
469416
12803
467882
454921
178383
357268
411515
240855
56554
189628
12470
136476
122342
370162
103013
225841
423457
54542
130397
233331
147388
213658
130591
336993
168947
22463
263705
480787
257271
98495
78488
242320
8956
367392
193173
28893
39044
136570
124067
127569
288581
11411
44725
305795
480640
140406
49161
279545
469665
371186
359881
479790
39029
483297
443434
230504
460843
451640
404644
126395
274231
15019
60135
461621
281447
192174
255779
498414
491055
181552
314219
215254
341234
231915
84665
226601
420145
8771
311301
287406
414256
11099
258819
160985
378378
307411
322774
426423
473615
422260
284539
238249
23308
357297
44666
345758
238946
248812
327608
63778
45152
471906
368629
112511
203315
312376
367275
230751
42721
218784
79453
102546
213853
177660
7805
195648
190080
427899
39381
252873
299565
37807
77141
400870
395301
366657
264177
262199
476382
342118
405630
311070
177301
347257
497544
274853
361006
42016
183568
499374
114991
433713
457056
184952
226573
62361
215244
117377
208577
18968
51332
379904
232986
272541
466924
6401
16681
46446
444664
74458
48628
141682
171225
429897
338895
337710
29266
281740
84101
259352
80760
336392
267863
495636
195866
251448
297167
172223
266995
490708
232061
84352
317716
235719
440939
36928
24946
31534
250002
132231
445826
268084
365073
221611
278299
351493
233024
188879
453357
79943
311060
240727
439454
430123
458362
442940
202700
450979
432709
464930
124172
37327
82041
430071
391158
88933
362132
416678
273401
54424
17204
227471
361509
432846
275397
125166
161335
161338
497039
299123
496074
283187
276821
399573
355089
257260
406927
45322
180318
299888
250891
88592
854
196274
219821
271341
348976
254717
469975
380432
185127
276714
312981
261723
442613
203222
27924
49034
332355
350603
232891
136203
101212
392267
223971
227015
296496
403815
381832
96195
482590
58959
82729
360749
78649
268813
460659
21418
341289
480214
370456
25939
212570
255927
410335
81566
437365
422908
208755
449766
334893
52245
33351
26485
186767
236109
333372
471306
212053
450463
117937
276781
146757
324372
114075
56579
363208
218841
173918
447305
419947
441091
397804
49093
305745
177152
484207
7960
144183
87241
229538
81539
465783
479971
25187
445755
283547
444316
329147
281915
440851
142302
102924
454282
134430
398636
397009
420487
33270
317522
302392
204853
380928
499407
228552
488365
476358
13337
145332
450348
325851
464948
218338
496312
348683
33184
1402
231884
175663
392228
474285
216159
256605
44821
483289
123171
264501
420647
162306
300007
79210
59717
342255
137244
82807
331905
383120
241019
491862
116105
298017
4172
229209
167407
306236
9250
7948
334003
362352
199322
57926
48561
412394
258063
9840
370807
309246
212049
177043
258011
304708
275033
227251
367329
237044
264839
438429
189540
199622
29002
167785
146687
448135
300002
253600
351636
85810
479428
228035
325473
321858
347028
449748
263906
455392
214004
325851
213961
158238
227456
148635
364430
93708
40134
264899
37395
423457
231915
466944
187346
339370
435056
300189
178942
16897
248826
212018
300716
302471
477503
90434
259525
282627
486230
468733
404146
86531
246420
124572
487251
276249
236466
360404
428415
112041
331337
488726
79107
447986
319856
293117
333397
207179
312306
130214
64803
3906
196261
169942
446985
415562
131380
65921
156756
164339
34934
462928
116934
266769
326804
231117
415328
56448
40298
493892
358529
17189
334234
50635
141689
184127
231283
376699
67958
431133
421733
403389
350499
296922
439600
383122
317154
434271
456071
203834
274597
349208
430786
385582
39642
321204
198905
398101
266317
79424
405228
56516
456100
471751
371928
355843
344429
163229
324856
499251
110082
206960
305333
129965
77107
441797
485820
450576
169177
199435
35141
365317
483956
276654
251285
46970
452988
191044
30242
75610
471260
308843
81062
166751
273481
326023
31398
494923
408466
252280
498243
331350
448431
262792
186020
114308
363680
208872
436670
269779
234551
475801
46963
130687
384809
275974
133076
151201
341456
62138
364917
229739
212378
463757
96442
240071
121705
76762
127890
358773
484158
11080
161802
465847
412497
206406
213330
262550
18285
316923
19539
275820
291137
346251
483355
181686
263103
355341
224255
27644
205141
100000
22019
69350
141086
172440
212949
279636
342711
262199
367831
306
346799
309195
366682
361854
396752
149641
109388
296123
432278
263811
303739
314765
467227
133858
76494
109680
278099
91753
452046
463119
190570
208071
2833
371165
96510
362578
85615
12018
214615
459457
166218
465199
343955
433634
441065
389660
193062
329135
170214
467919
38325
190783
455682
486795
483990
280680
287461
248223
290424
43148
261530
374090
485779
310503
337806
17053
284385
197609
329280
380292
483466
382365
497855
236343
416112
384782
330144
192383
422356
443123
86033
294868
49864
277387
413496
370145
149431
105527
235053
49042
427324
313269
158320
27884
470871
346918
23490
124500
461373
138864
167233
266220
461529
115348
149968
419414
85873
373395
33609
313109
245219
336340
196731
224125
265522
188554
478898
345268
387499
225387
373705
494487
125102
361185
69497
405798
76040
211588
270445
98871
451
302354
252214
394039
272261
195496
488884
301785
307329
218662
270245
306206
343314
431769
29760
189883
249113
112282
386964
36978
391854
457947
222067
357071
344505
136619
404772
232187
328377
175385
114732
488664
367837
153856
338735
238827
417542
302922
210052
225404
340192
5498
47843
496760
481901
401267
393785
165815
336171
400884
450884
318259
187885
459980
135215
443135
80559
473492
194480
248120
377926
299378
145799
299810
325589
109418
374010
496890
216432
269850
94156
381682
497342
279141
464523
423119
399465
415638
242231
16780
162764
225084
151416
23787
495012
147514
69740
295810
196581
214982
373668
311851
21740
243311
463995
217969
181670
37962
137217
430231
247247
74481
439328
482552
454387
274911
364894
416883
148528
216256
111057
334913
264926
192001
20041
473963
84148
312106
48867
127243
13382
174412
152674
214053
312131
488427
288271
1452
386107
26934
266187
450041
158417
348930
62108
471228
322345
262592
303066
213237
9942
98481
21373
172550
250773
478577
430024
243823
415830
88408
302993
78258
418384
62337
175784
199274
316224
343167
168614
317537
492170
45141
319686
489293
122618
382264
240313
177780
340333
380241
247187
182312
127089
187182
285929
105094
4371
242278
141133
4092
409807
59846
314625
298142
222085
256086
262425
387248
215672
179763
446159
10658
342661
418089
166344
494650
242478
441401
67972
67564
498976
108945
465315
74001
333034
231739
147276
14503
192324
327985
48258
387372
171440
231964
66522
54820
1308
254382
112839
325202
445476
403048
346501
105064
210570
375607
356719
418101
231528
265815
357709
267845
77958
197215
32553
236887
90071
302071
68600
44150
439182
106568
448843
160786
54831
151351
353350
300110
292532
485756
214084
264470
151118
77766
200369
26523
270048
431859
193231
3738
221132
106770
424764
40044
372847
427565
19505
264780
162179
227020
477909
446880
312068
151294
161314
347148
79526
184665
401538
176151
209068
87827
173746
217822
373207
76591
254007
333739
130065
61798
331030
17171
386972
248625
222336
152515
315098
155609
303077
30706
390346
335019
270038
411038
66539
39553
154375
236956
52844
288487
137620
267618
255183
254278
36164
14692
80989
241498
324733
369576
350445
138107
130669
399482
401199
420456
400648
60515
167197
120044
41417
277433
382123
183916
381744
452744
192727
21958
170628
449870
250278
429866
224752
172817
156772
411593
258403
23217
254974
30388
142993
363746
22645
205251
198053
165433
57323
190734
399759
425455
331545
64432
146332
420096
380877
153433
453756
200182
143958
211429
61713
491737
161782
76491
225448
238197
125373
325060
7644
129712
218603
313125
52318
318281
239418
314550
52612
106222
144877
275304
163430
79924
344541
67637
363049
359542
111763
322184
248472
322132
323117
231661
146278
421344
377770
87615
52015
404843
23431
196014
241920
116769
376248
362934
371367
226829
26640
170217
81734
8729
102824
222149
245574
36789
466097
442358
89076
19994
444006
422319
351591
314121
276076
72904
421854
440700
443074
131673
439617
26117
402079
220196
405207
297654
185613
150181
285844
415157
391355
471832
241737
271551
436821
487232
470090
229773
151847
300908
32463
465345
97894
221576
80924
350247
33342
339566
432662
100652
457611
172458
105984
365826
109951
212923
350261
180355
355450
171604
123923
261768
46316
230302
225725
331693
427770
396387
451074
363076
143921
495240
228019
195209
330715
453700
5813
154087
209313
446579
133846
407678
153722
220001
31776
442598
450581
328997
2130
456118
485615
74295
105354
107373
84921
69244
278691
478123
164240
484998
57925
226026
241315
298170
79959
185806
63214
74688
27987
126744
165074
351827
307295
378881
330106
474079
372851
29062
397627
356475
286039
94794
59778
85019
275872
336592
419857
202679
442207
456834
80119
245442
477048
200170
222193
188119
326261
128179
442706
431306
343659
410711
219798
402814
23582
72376
425086
410302
296497
399699
31001
110688
409792
291041
413409
348622
483283
67820
122159
209948
449997
394683
236256
203516
312487
453043
308706
178576
261726
469957
147930
161715
176518
466977
267977
437232
93256
254505
60530
492036
172604
149608
126286
381004
223948
213427
482021
180373
357116
175395
150674
465196
58297
383898
406936
457439
248487
392303
154222
99759
22925
389426
253714
76379
26257
44937
304550
318124
446577
385515
498990
338583
58338
213992
380772
170848
463567
291760
444019
452422
261864
110776
58475
387486
436757
61711
265653
18408
326429
41647
48843
408753
163931
144862
476094
133010
283168
252421
476070
353684
221072
113679
459852
57674
261728
412823
287011
248621
301803
218681
400278
5830
337321
482318
465879
61591
229496
182922
229397
343463
72660
75431
257766
372380
200669
473245
321863
7950
121350
461578
150894
161741
270822
238276
101411
233620
200894
395973
390283
129450
231382
121175
132911
384705
303446
466774
135938
260344
215500
283047
52449
238036
270032
277991
64491
231617
265981
277807
382780
323735
369917
265824
222179
389558
405678
444309
111292
276071
4569
154222
35573
463238
357049
86458
352007
404695
382785
77585
405516
117550
112649
260228
49701
365224
427928
348862
79168
8914
220952
369988
358487
3614
107977
79491
60915
413940
419183
481788
193909
390407
148974
456725
172564
321988
26414
122581
329892
62323
496032
413393
210305
172884
117957
314485
54640
420851
324243
397571
258079
373321
274366
126202
91726
314991
486217
32360
174899
188573
334710
162494
78585
285823
212461
25235
33439
478257
461814
315044
262012
192649
474984
139462
307243
148450
437846
205218
360613
480541
463156
96763
243965
430433
231865
405916
393779
325095
225648
56659
357543
379635
3379
333447
466327
200879
399794
354514
386080
444409
168598
356373
157499
293202
201321
454460
277728
305768
386891
35604
177939
438514
43896
280783
89936
332828
376807
293880
69358
363511
480204
72064
99766
37089
89859
98540
287406
23764
222130
393884
375810
301234
123409
297445
139391
407577
122982
244046
471384
496678
205984
230490
249998
301446
421868
452451
67866
391761
457938
321688
490516
491438
87177
431573
138224
50637
347548
429180
409656
454813
178585
467672
18036
18764
258352
91731
94415
440233
475384
441787
58673
44295
142275
265542
496336
184262
380820
225581
427248
435607
296787
403401
318607
153754
6740
443751
473151
428690
51914
235450
457434
437130
468790
202256
441356
69075
249860
382220
324582
471497
419241
440301
71082
483039
240941
315342
488410
163831
69365
481034
57051
352431
467244
251986
47597
17001
156799
373736
491244
282090
74380
448406
406821
192356
106805
447166
437742
303178
7079
162472
52218
206603
94388
357575
227854
376137
130337
421901
344539
449929
180613
36391
211652
6071
255263
59205
25965
305442
481466
390921
240784
247431
254548
411680
11448
301376
373608
363428
195114
85243
482883
201941
483701
294831
398770
471750
418884
432200
412008
430510
85768
21751
469995
200280
358222
116802
210004
278242
57779
221015
267187
179476
258176
414166
369251
168611
446100
366087
39918
5945
403646
166443
477389
235692
112257
379502
182242
177839
347764
192728
339704
144445
365724
76420
289206
456127
532
128733
304839
385351
208914
343775
388489
499726
147532
163961
370130
344656
159438
401789
165023
63738
78084
30826
75888
349366
277853
37858
93657
378519
205568
479324
296424
152132
473038
446457
245792
35827
196197
360772
226272
416683
199987
328552
386219
2892
41312
464063
432451
174165
168518
8054
267414
424964
494733
454193
95646
140413
491963
256015
345169
246568
339233
220691
122682
81066
39093
242917
385041
39138
491024
404169
226457
283995
335271
316758
394324
378435
448177
48289
226023
160332
393662
494716
404711
395508
234579
496876
225509
28437
357540
124833
187107
72405
63233
483683
348719
427940
42539
299296
413042
214767
342298
490239
487722
143422
177808
488321
221064
129801
111410
181672
292043
302310
348503
409210
257576
129941
334504
402372
5257
66312
67924
291744
69812
252867
90769
2512
177898
79201
219220
351395
237109
286560
58781
170392
194999
430097
93339
385942
193529
336159
317473
494513
433732
29404
147746
164558
145422
493002
141817
187364
310439
439311
54697
126625
41531
376183
344445
170234
209123
2490
47956
69734
395035
7161
274828
407730
331402
80344
432246
238485
262037
346094
246604
359265
141523
55926
43181
77339
78885
187690
451081
74555
153561
412068
394705
415025
8930
290343
453173
61036
357489
360351
465873
210977
44111
455781
499256
225374
396205
323576
174904
344263
419728
156051
493688
33443
125179
183101
72798
48338
41846
274257
317370
236076
292567
350922
432887
362393
285565
42192
318722
285097
421497
296991
284598
90468
455784
118880
451615
492621
128730
43135
154152
90461
45012
323428
330118
392915
216939
292369
142353
57765
19039
143945
108241
80942
53011
359490
250887
174536
373153
394333
311833
247403
143172
332835
138836
159578
201483
19054
171602
238742
366514
407379
416839
321713
448111
400387
387542
77458
311357
258125
359361
208451
128709
332718
377424
414709
323229
343847
285248
389312
217809
165459
7739
434781
187667
7650
294009
338238
309187
489988
140735
307979
470292
252190
288286
226054
241861
151378
2063
247645
150907
423889
285353
316668
232413
104719
314019
458755
287468
327477
494042
76394
368774
301426
419604
475298
54310
66693
257243
263141
228738
335521
430513
445646
406485
443516
308315
416542
140320
190128
135304
154217
427903
121113
16462
464003
375662
351426
157269
362639
464414
187204
236311
373395
435825
440023
223374
327354
323703
399328
378582
94993
413408
223344
72844
395172
423368
198093
431452
468497
495625
388833
300429
150086
148529
140518
457230
122127
142050
330611
88032
28338
138321
276279
478183
146269
67884
115037
455582
163726
121663
65395
32242
38766
245417
344359
106009
319242
158349
429734
21356
364800
228678
333643
419042
430532
63598
236076
122423
292982
403845
361124
383342
249137
203692
67856
467785
101618
211446
339789
124368
75088
295801
459029
498916
144189
331742
291641
244366
59331
320960
248916
292491
313575
410497
401147
499192
498566
444159
16533
25869
440828
246094
84804
48463
374306
268548
332244
32641
85834
235769
200637
978
495602
57550
307157
467159
267752
326339
98850
353628
287244
55630
67205
284911
442199
271684
83692
397953
449142
90674
79210
66319
418273
240558
434789
86655
38032
178442
443514
290354
181484
409084
256440
476625
381865
473347
270193
101311
127088
75553
291909
170568
132599
242355
101904
104777
432299
50183
117429
495319
152371
377220
396732
123135
492612
379205
359515
193372
213509
125748
84719
313387
251043
55786
243063
348302
415329
273557
93989
171370
358696
374409
80881
9703
61926
204995
294171
489346
484997
483086
231870
9990
357936
352207
9685
429574
298444
197368
481005
66586
29566
109962
278920
384825
246582
220571
291631
478734
455922
189580
8600
467530
58464
148643
126503
372837
202003
353153
343932
465847
237469
33325
364632
358057
380425
352653
346939
168065
392397
417907
93876
245708
13800
103034
168632
162433
458832
377269
363957
54977
211124
180447
281002
451267
184929
58959
332388
229064
487291
321069
119397
153417
70831
147400
277115
396603
248553
456837
232660
46985
231326
193507
475580
339814
174836
186656
29054
286092
23017
429229
21253
12467
257215
235753
225654
426226
139581
296619
397702
81491
380310
219338
391039
182346
306874
357582
140514
421699
478365
78432
197173
43962
28051
175463
156483
54377
456065
127883
37736
169721
319286
82270
185063
32511
475456
233717
291993
328309
240734
443987
74826
6295
307506
63703
481507
135204
208064
131387
168611
116762
271693
39708
393341
285349
54293
482488
23024
257559
297206
291799
189699
125041
471123
466676
270322
334660
129954
436457
442622
153911
197017
228644
323295
307612
387816
112688
469495
194364
185959
19796
176739
473838
255973
433355
186286
133939
93436
451970
179639
229566
27523
68296
208049
165872
247676
164217
69546
72090
365723
160348
281856
367219
99302
59073
149445
482387
194849
322566
317487
377417
239078
329813
132694
293774
440237
373299
474919
257388
382245
251928
10685
185180
267612
324145
29671
318036
407829
161787
347642
480760
263973
53411
126894
133109
440620
144733
382207
428852
251010
1037
237275
57902
217701
71448
99885
64591
424944
480185
462530
300686
192241
431462
303894
93444
95733
414243
235907
31437
285626
271848
248562
311787
54197
286967
223960
461413
444624
454750
395399
215299
456716
78417
375511
227036
378793
162863
444284
353921
417616
381497
279949
133742
365862
174944
137325
146594
291061
114043
52474
184717
9187
394125
149089
362790
399676
204254
305635
469469
18395
157108
253451
400631
149858
495779
126421
186586
363628
81694
385976
406739
302437
493026
325485
446521
4408
460137
238824
170202
155388
30171
338800
475584
450493
182019
261251
497446
244582
208671
117206
1851
488136
470928
454403
394806
454009
317153
120802
158928
269856
100815
417550
291456
269906
50419
256141
263060
268945
362766
398033
391891
412403
176702
343594
227404
453801
59376
354139
399598
96313
423096
475867
389459
253592
464761
40325
103032
417257
5793
415243
75353
470877
491156
176985
409833
153187
215442
221702
210007
61961
95772
47713
489231
66251
252473
25567
285281
161735
330268
426951
484636
290034
160095
436123
457482
347637
287129
119395
172546
131810
168122
433816
29915
455965
431611
220390
27886
52455
148852
181904
114233
393764
67467
454499
434554
172398
215401
125369
485813
447247
285249
47227
122199
474806
394725
413078
165166
446357
352453
7533
187214
96570
467229
487117
175710
170814
270075
465383
345942
416805
417625
111610
218455
292353
165142
433607
417193
347529
391789
222105
455790
5115
82806
395350
237082
375582
32207
146773
83822
275291
452444
438658
21291
323786
136305
90926
5091
450636
116786
363863
263483
456450
375797
233382
158520
346967
155617
210050
181797
318293
335856
102966
448679
279262
209818
211105
360698
259774
134692
69032
50194
119649
409652
63930
22610
169233
50404
1069
452118
434333
10172
74178
34721
151402
387604
23716
155666
463127
343808
252387
362519
158546
25213
397109
4906
251745
216928
414816
312027
240179
86794
453446
440748
159284
317906
214322
382312
456074
227
122371
322782
358173
252571
291270
332163
282214
96020
20735
14214
459141
260040
81811
179129
27421
113919
449548
9118
84769
363190
95087
286297
134924
355914
240586
174574
13291
133446
460666
291710
455012
440745
167152
467860
9640
200953
2360
263495
265123
7622
326868
491206
29371
71747
227641
479965
17513
470263
95343
15574
407836
373425
464289
96465
239234
422263
95198
273976
144143
123679
110463
31604
69461
224440
140779
324757
292093
446633
328951
412011
21835
192183
115075
33151
430485
91842
361852
118642
235982
463029
314722
145631
158564
119510
339311
267410
280859
378930
135458
451087
32848
260866
446448
461781
473004
111997
359194
406696
150615
17382
232195
49756
480175
206979
276626
216993
226034
36209
477313
216310
498281
297118
281191
309354
333684
29914
445591
90383
37234
154582
62615
395004
480754
424952
204495
249381
256720
108822
467767
279870
192763
218564
423797
496491
347356
297267
336970
410173
84069
471605
351373
414035
449982
69149
82157
53932
179915
37894
284825
495139
298666
491636
380351
41174
466611
344154
437206
473104
217988
167811
431552
183012
486527
271960
313027
404603
243917
172848
480653
113308
189183
35513
62020
61816
319408
229686
156966
313708
181348
53081
357753
192609
414555
398819
295411
115274
309688
32378
434024
142707
412489
40879
333090
72243
162465
394268
353529
472397
92896
360208
106969
413732
330594
371886
382161
100744
132167
378915
484491
238451
409495
65685
498086
391626
409372
2954
96285
245455
441319
260502
308475
393984
365569
412973
51337
297028
492319
345239
292930
10263
158075
295273
491573
386269
413517
170609
107598
119808
298555
320349
227823
248264
310200
353633
477270
26923
248984
287173
205181
454360
368557
401067
209221
257715
439933
292449
347174
325577
131600
346817
239270
186337
17782
329646
119738
164024
189513
327254
193320
18918
312181
31910
360688
450978
454514
394459
26673
385696
314383
490838
212117
280072
92464
36143
478666
351659
63940
307366
268758
42740
187023
67262
94382
224889
259257
289238
129236
444951
418661
113521
318438
329430
223605
187780
112735
319302
320818
190979
466582
60086
325896
335699
172596
270680
476163
323465
35205
32726
357376
256473
339989
202079
48683
66460
161151
24988
120889
284793
292977
181328
358281
99497
182421
418199
429847
492970
11669
499956
47330
102494
321105
341424
161671
67304
70021
102480
486775
219473
447083
339093
450157
137934
44694
267468
368228
125092
312370
118326
322293
235280
326731
67637
258009
360407
433233
461366
333443
274912
279791
243738
231961
302071
136964
61945
181120
121422
267567
143495
46738
437624
211051
486202
105174
290323
428729
60595
44709
156278
273678
163868
232126
275513
132089
65293
297579
133163
376809
414548
258829
205750
3430
75182
473120
267546
10451
253772
46683
416104
404716
217899
113656
498990
259375
310491
208177
155159
48677
64670
169107
194478
119538
201764
83520
127504
63183
409602
401921
4488
123088
144598
88972
81125
304529
242614
489355
481127
152980
466082
252946
87774
497
300309
306839
30524
349669
378232
386317
17438
168282
332189
90433
64299
353564
399863
86079
57887
458531
420813
314694
357119
224309
357805
478887
452506
370154
101319
107245
237152
19053
183901
136489
183553
334553
46001
454104
445774
277756
472057
198412
400963
416193
265116
429440
332823
194544
314115
497931
262341
467206
407228
34191
55470
435434
257252
485953
80205
153482
20212
160563
156732
277304
13102
390674
190947
392027
394288
494103
435566
323502
384387
71892
86902
277910
241573
242667
40178
265406
11795
413036
51034
291429
8431
231116
385646
2892
11312
58077
160094
24933
47607
300184
389287
82895
86240
474059
151885
227128
456084
86892
78506
140244
327578
191833
159943
223999
63754
193415
13241
247347
413563
26211
36300
94203
325281
359102
183203
488476
5832
224763
98086
121000
461151
155791
328213
400563
317643
451679
115703
415627
186746
344750
37001
96753
16971
400582
16383
128968
479900
385912
239569
144001
54479
420983
275374
134086
251737
160206
139237
449818
35601
174319
355455
226601
16387
6717
105023
100338
374033
182866
182433
444538
391609
337126
482586
27050
407580
340477
8901
225378
316024
53192
12114
379445
135508
55190
218472
377360
26064
340635
328277
251529
425466
121368
209855
14898
297962
189646
439785
11693
428389
191729
302437
2811
30841
461718
69718
58891
274637
246666
52327
38236
318192
239489
295784
172457
137351
119940
478291
471244
51562
37446
277078
441568
68420
275677
136516
11303
226211
114456
372575
480332
77034
61193
469051
296794
246394
264320
423256
372546
390019
132132
209327
59657
175482
380713
414229
440773
204437
134020
46717
192989
180963
142294
138321
289211
463835
343761
300275
398951
183599
255570
25855
427564
493119
315404
427678
41165
458547
20431
148318
227919
335409
37507
314258
351085
40648
45986
200293
464997
317399
497458
335416
498813
337131
242011
129003
372476
319993
69741
172128
229863
459361
327637
303423
483781
326386
37968
477250
306057
273827
36452
190461
1236
450385
426231
109521
354749
257079
77322
425323
282057
165330
301243
216229
441613
42246
74011
361048
85101
17129
22123
239319
110157
292393
72745
431235
401319
344702
489222
453295
397054
392474
60770
292750
72933
66021
113412
405820
232911
197016
302442
158036
385522
426702
213864
406403
72902
140021
342632
179154
413340
322586
375567
311289
292897
63098
184767
495156
460892
396493
387961
215239
18552
106658
430203
38599
331198
148055
290835
256665
283621
324877
231141
65215
323155
260504
89275
478804
455673
45174
275992
88842
448035
152914
136069
326693
30876
17032
286227
248452
125012
58854
13866
227127
417820
26904
495467
424002
229742
362684
100878
26632
430251
15359
257626
410203
403991
487766
138042
20690
378474
355486
273319
352293
261560
494361
331118
64667
110162
334787
147217
417502
455674
471313
411475
181875
461404
485557
23834
406057
246640
249272
372674
73826
174493
106367
280000
489942
357692
342861
370046
298537
397126
342627
268663
263802
21514
66232
202338
11694
320202
467788
110662
334826
269792
127250
99687
209518
208515
102861
208589
448888
254113
312283
292001
142357
175322
40121
286206
202149
275310
73546
406210
457108
279224
405819
373412
347149
10476
14932
102708
51533
83919
122546
72809
493297
77609
211172
101561
29637
134589
420542
26118
422812
326155
50859
128535
433313
226434
320914
39032
493826
250793
61494
400244
47774
426869
200886
133757
173622
465385
282279
163936
374307
149444
245824
137198
120870
93470
211117
298684
234623
269008
185271
284952
78220
115982
275670
333135
72133
477778
409054
447872
342291
365130
118515
16071
392962
373263
98794
495260
418558
274816
64344
73370
280051
125058
321147
430614
279843
314708
66248
342983
231526
367091
268374
258851
346926
198544
315426
8700
29341
203876
115610
238293
177333
323215
110500
155758
27973
485022
492462
25716
372694
481115
367517
141336
371448
180485
224277
33001
149845
419507
234331
440086
406006
107719
394416
167914
145257
349460
403783
121447
204141
58293
257534
462176
351812
83884
289403
249535
268650
47355
296193
64870
128910
53702
58103
288685
349540
288082
192780
452698
292772
206852
215864
38859
338711
196170
337198
271236
156662
369660
159530
102473
42061
126320
40931
23478
396957
413225
306066
10982
211689
301535
90982
96184
353490
371102
46505
153797
474088
282109
436132
384357
325065
101270
117796
167630
137976
70564
432275
364085
264549
192380
383989
176740
195971
188984
493755
367985
192617
371567
78846
341299
496507
86755
79840
220085
20920
145497
67911
133786
373766
41776
186462
454402
172890
433371
179448
55267
286904
60634
158527
444924
204009
94492
50778
482047
236653
431523
268871
226715
26700
212682
33010
18974
398093
332413
248346
423099
314112
263907
410421
247880
490191
186213
398674
142782
357512
183372
359311
58466
353346
125895
229495
8083
168215
92597
409963
65927
372119
313599
66105
20017
461364
274000
194620
273085
416497
448518
2120
240668
236779
250173
197522
200360
316714
472370
10274
339927
128213
218883
391775
405145
419730
157141
106115
344290
191195
166030
191673
480882
77906
394427
344095
26766
436377
449080
25496
195418
116755
457868
142224
418343
347421
58338
383233
65281
96849
242919
420654
46274
215172
418717
427531
459023
190704
15228
276626
433344
411560
254355
33511
409403
420606
196394
311896
2735
474008
128664
155472
154912
285938
21885
163002
382556
28229
42952
440390
3133
80374
9874
482593
26775
472999
7959
390628
43953
43775
226045
261752
428906
24669
420492
45064
104804
156387
195443
458188
379142
142265
288077
187844
35540
106750
25680
17838
303341
411118
27286
294674
470964
157152
76538
228362
478730
455046
301071
353366
172555
216906
183614
328705
474221
87789
138148
83047
58214
289504
258217
332028
237448
90410
311748
398681
269911
466926
176764
262062
395009
42536
150735
11945
353187
336042
48130
474421
150567
75720
117815
252452
139889
296615
10895
229172
451873
151428
223293
207415
327889
407213
19095
86727
460617
134535
349188
244816
365612
237343
293668
329511
87464
80517
4069
219252
115764
29832
268773
439563
253950
295256
215621
361316
109319
128890
24652
5614
432371
291557
246676
165080
38167
89267
17297
409753
57214
340814
144044
242535
458210
150126
70309
302602
208815
277399
458900
311482
181945
347143
225198
452531
197512
414899
257423
15851
350660
441773
38753
435325
137370
383668
75498
316460
468734
325536
266230
416649
307885
450781
6820
239072
498883
158086
24301
351348
396134
330966
109349
128091
179383
162494
444590
148186
176038
5377
187106
378984
196838
466136
256400
305925
149123
372928
229282
393170
50394
130042
108610
110701
301240
21463
256010
235008
144258
453375
180431
420592
440852
205704
465101
275766
221105
489399
212927
373190
203473
209820
176095
53859
87865
420430
238597
186753
420221
58267
161784
463715
362054
202660
111033
405334
206902
235465
106593
9319
416895
11853
323285
345444
293521
369947
417769
144141
48986
58566
18203
253805
331499
295269
341099
467001
136952
129332
4145
397329
335054
296794
499668
488106
272273
162253
33486
106185
242180
53272
38397
372696
402478
318858
13416
92068
221680
233083
202654
102918
482061
205763
241268
360721
20473
499069
119334
172138
457004
291491
272356
273565
168248
452562
156798
272511
274591
55632
417835
338477
65059
109429
318170
61262
114570
159251
144480
118644
305816
496444
319795
155534
253249
209147
127141
313068
104579
395864
112675
307541
66490
325583
195164
222470
268393
249351
89508
459765
64430
301509
382283
269479
379629
470335
328189
5816
376434
442084
236827
189221
327414
268734
194745
48464
208308
473762
124693
223101
58686
158540
230799
215030
67614
207494
62143
359383
486012
19480
134633
382399
234558
457468
270758
278359
364817
115593
231394
461311
10446
168036
246745
89187
312620
15475
162361
354786
496047
490642
241596
128277
444968
183965
359423
487643
363321
472078
453508
62741
222303
373677
295105
41690
165575
423255
266789
493149
85562
47053
203406
150084
356597
113961
160168
139625
346733
376622
617
270893
331057
265950
223471
143086
417639
238175
131924
168586
97129
62587
174118
199140
255677
234262
387836
448916
300715
104083
393777
324269
97816
493140
376166
261837
66632
465674
50599
82281
420150
329203
349351
77202
201067
434103
228737
171896
69070
257355
98648
135610
192061
91309
285506
497954
405945
387735
316280
288804
149139
410583
446767
50248
108612
302472
242057
499734
146409
320395
244595
429602
329457
484475
219413
177929
194515
273294
107880
161160
450880
21787
200668
420617
337821
307606
381876
241608
115399
144470
428940
442349
247494
390561
392837
181532
58104
150107
120222
221733
327349
471033
302467
269644
211406
314236
229013
109923
426838
468622
132483
84036
480775
159856
490979
209755
280645
372986
52272
468010
27356
427689
163907
370494
358059
235462
96852
251808
75496
237044
35153
121810
48730
444935
410675
173151
37255
101422
315347
146133
167060
487779
57151
465462
181015
133434
248829
459995
86760
398939
474512
471295
220446
244885
193480
203305
176627
470946
28029
396162
278764
442239
304781
75157
96200
361879
11041
351368
165708
415352
418285
78973
325813
451897
33701
305835
437275
232740
182236
252915
229304
150442
276986
120985
111919
387184
221662
395954
408784
246375
315589
68347
470978
493217
32716
347535
257216
134893
426936
59261
190612
267616
188894
139650
314943
477416
97358
380723
17434
357153
294446
242445
474397
482225
216917
6927
38988
111788
170910
72110
15745
97501
170178
231711
286559
248616
346241
250332
153526
252972
42946
460700
253767
101687
233853
224949
328238
486078
50910
189869
134757
151386
455203
114351
10601
70636
399655
385393
101297
373200
205605
351179
129823
57689
60585
274272
187137
371978
193812
239283
398099
182445
73678
16367
2415
429780
353281
349609
52275
71717
319046
207275
416788
170652
390195
50919
41119
93243
6419
475775
355482
41843
454595
230327
265858
162555
406761
493786
448968
291279
25302
269936
192124
104538
87196
456871
168778
442432
126812
20784
48810
292680
338395
415072
239905
367519
403539
122181
205414
438399
358071
197653
231641
223442
13287
367893
78369
310408
264049
113782
59931
251716
433725
338636
95322
446594
435491
423119
307189
258661
433471
5870
435150
385655
173154
382716
375973
5343
30397
22782
456867
315836
61862
132543
98512
122404
182717
371339
149673
382001
321724
271146
202110
35130
8587
43150
292313
71107
306031
206094
103392
275877
493438
418012
492503
456999
293242
140444
134906
87344
347479
104359
485234
54460
416337
463168
213438
403506
364181
159471
161444
494195
427711
372925
78799
173031
217162
277286
323596
439237
21503
15023
276972
271535
124571
55635
400313
437820
110749
128932
13347
67051
42766
125680
343684
112112
313069
271688
383586
270135
159019
486225
396127
252792
261306
462253
376136
28546
211117
206726
259460
452277
187684
327041
181132
464435
345684
209653
344885
417158
392251
149010
454114
349673
180545
298934
261224
356765
432643
128340
277929
354705
285629
285595
390103
98153
369815
376394
275893
101075
148914
130173
367240
242476
86724
175061
310630
11637
215121
285363
376198
302414
359265
358180
10769
324065
157062
164794
279489
352959
123709
90271
166089
35285
406128
52622
159973
286364
198812
395751
382290
483391
401137
226932
79531
294141
150226
85290
125152
425976
276342
419872
378613
95388
388485
250474
271530
72532
173952
333609
404529
495904
400257
194933
414175
491821
211789
231396
256099
95348
111965
83179
369561
419579
377406
327900
277038
58660
422117
76163
293036
264299
59739
256953
360207
281154
142111
191039
212293
46813
97586
341455
179678
228397
464257
254723
211802
284139
396868
355247
490021
303767
482572
254484
309127
109319
180401
109571
402373
272970
163919
313495
76436
432586
313657
107840
354465
109713
364939
361411
218547
47901
65208
432129
184622
37371
3126
443411
304108
160556
59846
43603
432344
228115
63193
428141
477750
418478
489523
81471
413133
184032
449360
160817
214531
95643
477858
166319
178624
201159
332883
410123
169846
201820
465843
475077
421669
341808
423449
127515
181848
365654
454104
445958
209394
158684
389844
185079
442906
34238
315502
46628
477228
185490
475980
379194
144036
45786
309418
24826
92423
184508
479782
401598
432539
154857
486280
460328
87485
290285
70283
271503
229398
388202
109866
368583
346149
107680
359086
497832
278890
383442
178832
352491
209348
218672
57421
209672
365752
92533
178848
244915
274985
453587
40478
451308
282777
73360
417896
311537
140257
443131
95594
7662
465973
469602
445769
381997
147104
243266
238946
412231
182237
317686
328140
63356
106446
87323
119258
7672
109935
428120
198661
356648
125940
62905
381514
89067
223001
89315
370892
452047
154990
34302
6178
58773
271285
94786
430129
426636
48776
318028
345106
15698
9677
172820
441008
91364
262851
351276
141604
72624
332503
227576
148767
387754
10529
193597
154445
80149
280115
485646
384899
223988
239147
43461
188742
423548
180875
46342
98810
58778
410464
498722
239998
135680
369311
61744
471148
42616
42366
37631
307966
458491
458425
367489
16357
70105
429632
345659
39051
109183
250167
381740
398901
136030
494033
128604
448871
416094
2521
220953
182669
316576
484544
497494
385878
443608
131565
184778
132635
139819
4346
490126
333033
6755
240931
49164
273484
244391
464726
113676
50968
443376
453799
261587
424889
235269
281658
170429
127756
426447
207132
106986
495206
341124
446111
97581
203700
131492
214859
382862
288496
398769
23440
103220
8803
422408
382968
427523
479361
385569
100821
72593
83922
353612
81237
489731
154695
111526
30577
255153
22347
159338
77676
91947
142795
366398
117828
332860
247198
273514
453657
19468
405138
345562
398274
61421
206340
131351
402811
28265
339788
6117
138146
346547
367882
292168
198058
210393
200268
283506
334803
306224
418109
355157
386612
202588
197022
418304
389757
377603
136560
344513
215584
359159
301972
495232
342272
4830
14626
416540
39876
323683
100645
248351
36297
314401
233157
388243
464183
420930
368597
357539
499115
36977
348426
200991
384227
480702
109992
381350
403368
437037
330322
51323
267110
351455
498002
422208
213530
296463
229782
156081
89305
219590
87142
239744
259156
321790
479457
295776
349659
497948
315272
295798
428943
464788
116493
30075
428545
145727
453380
15286
21355
197266
46443
203118
229103
393474
51279
335932
41040
195014
340281
477416
11000
163435
404491
263429
5645
277896
340996
69644
213326
316425
391611
374339
217572
116377
282065
182946
399422
400004
286227
245269
485944
144811
454723
326818
388372
323197
462388
230784
182037
108949
424028
13212
455044
275941
212423
172619
316216
265410
63327
190116
312708
318645
159470
322291
327749
351073
258544
26531
250760
40560
20190
391851
272887
17345
489484
251616
52370
204537
151037
341349
350547
71664
487086
285444
394500
61598
395586
432615
138527
495409
280406
394883
69811
87403
227856
4051
489970
8856
181571
337793
199440
135386
21805
335516
54811
70146
255245
84654
152990
369102
37938
481423
72038
356582
194236
452937
287369
380587
420173
301610
7409
354942
372115
387446
227269
426535
24576
134331
361995
432570
144917
75969
93161
47267
79910
150242
295884
485106
78236
404960
356523
127666
499638
380772
193803
261339
441840
52949
376339
324065
468041
325467
162467
110570
435361
111142
59874
231354
112647
492498
173083
281047
361443
364884
182138
483550
460153
66205
37871
236812
237455
153169
157015
175881
480958
165488
147675
256036
4821
126062
133649
220209
143422
93069
186670
189815
221435
464348
145460
70650
483135
15152
64943
264643
17925
410626
127884
42043
72953
440458
428992
439070
405660
173564
417517
201172
422529
315880
377007
229624
433253
441646
406514
216226
12579
321659
179983
16239
248248
129177
474106
131685
470221
105749
277351
319812
160825
279259
98254
340156
288300
224128
299681
371399
252760
151593
3078
222361
408527
75036
101801
421340
43846
178636
3858
5997
211905
240607
10539
11895
455229
492932
408190
382198
321523
325449
128444
417793
468618
374815
153715
410568
476002
85742
116947
472647
460059
352120
497965
313211
271272
179431
160861
340786
132895
492752
6781
313587
133797
462453
470286
393643
164028
89667
23735
407661
180302
33352
412582
387381
179452
256236
194064
191257
85422
32687
206612
235133
256011
330887
319719
409861
155229
356132
26795
441749
454060
155289
76279
314521
378005
23241
75782
71068
239851
306698
18673
192241
8987
464749
306436
379529
221259
283393
293488
392789
177831
396460
483673
299189
269611
156754
82024
208234
226173
230773
110217
126154
453124
134067
184969
187397
16709
199978
242662
407321
434796
363661
278772
314148
145439
133446
386187
461897
112638
268202
135159
419772
60557
92957
209923
206293
272365
478047
308290
476870
76637
412157
85768
135029
495930
129565
380247
214596
94445
267812
169083
475651
461205
228212
380765
387484
256357
103057
380689
138885
416046
232724
444339
13122
355760
192732
43500
378583
225767
248451
124299
270751
206560
32379
134577
184879
132909
371252
410976
381804
34865
133250
391647
289804
277860
265206
62365
287749
432599
98141
85930
304996
47519
22324
375768
459446
6418
20887
140543
339672
446455
87523
35661
341741
382147
445706
30868
13308
109896
179797
419059
235215
440035
305953
307210
187429
405514
141923
456204
375486
302498
369361
180463
49553
192208
426978
419788
26967
213497
122988
321079
337752
210416
12925
411196
319239
409621
15769
358796
272122
401406
174380
216438
440293
331134
75670
117552
233031
287693
205576
453729
16728
207974
496822
245170
333125
450317
238435
449031
347140
237045
340819
459525
263938
9019
436343
273654
161766
213478
36202
127753
140658
268835
165368
222143
273587
266151
180163
71865
286442
232589
363666
384844
27695
144981
196792
50902
478794
78967
71828
3844
185984
277655
223377
105229
167018
193998
487521
255257
274747
242910
125860
483425
204197
307856
174560
109415
130462
94850
223093
202143
24677
107909
487539
201460
55023
458923
361128
93245
306766
244343
71614
45125
369549
232514
181004
489510
21060
99752
7910
37903
58149
48376
88018
256683
448133
486267
39181
441469
325850
28888
40672
336676
471719
63858
318754
328611
141663
28770
376393
487119
176430
225835
271126
10377
43489
285915
463636
371946
39863
338142
200365
359820
134095
210434
267982
110309
182852
489085
484260
314769
225239
275884
286586
475957
391065
393110
61070
452207
431491
205244
8804
230032
22806
79958
111846
281275
226154
123819
131980
60179
352193
456248
446198
492667
36229
363036
28518
440547
266479
277753
35452
378528
225013
227152
368049
152341
424747
348291
225563
359209
67449
395043
298224
487218
272794
148801
274557
179268
394581
216268
395924
188788
323272
246469
146499
401259
165110
440638
214283
35676
213127
100690
326393
94424
5151
352360
365297
444372
463932
483597
430299
498407
453707
423562
445681
28732
122978
36328
219937
27906
364787
239064
490267
35049
333036
319487
35949
144673
144445
12202
53961
95501
456804
154761
119417
267987
424785
7164
378955
285116
498626
20794
479975
98418
297583
5820
241101
46894
193133
313964
127741
476970
186443
68073
367738
130632
176799
134797
48855
370148
245991
324309
305814
386850
478537
171768
401450
4526
213928
56101
278097
382097
37323
29080
111165
123387
380804
313045
363206
10962
16835
460772
981
283353
319493
164667
102534
256996
147572
14314
169580
261284
302213
160363
294476
395113
190630
44456
283054
242850
431732
79663
338495
394033
358396
482084
208388
100896
321566
17092
54010
497479
350673
413561
261855
82874
96565
170274
26091
159206
36765
208812
369303
402365
183989
110055
330039
60358
167860
363473
119922
104189
436206
168048
54753
468136
190058
17472
231354
55178
204502
55446
403676
37141
384696
140217
282928
298635
63196
444315
471333
252489
491609
498835
381949
306421
116866
102156
300381
206836
331279
348835
190666
385498
315913
215210
1179
241175
438218
407402
35546
448378
44474
224165
162202
14562
264304
101048
474427
356816
16875
458418
279408
285442
215056
18895
401596
151712
356149
161017
323673
323309
176881
381060
297417
85421
235898
44568
296759
375740
156637
305699
29071
250853
328376
352610
146832
199930
142491
324603
372425
418318
137295
227052
185725
355842
127277
133278
357337
449678
172667
382813
36057
475495
167767
228171
330481
198412
270115
364455
368151
380029
42368
56360
498008
373168
207091
240189
39851
342219
232960
185530
190856
393491
426327
421774
316245
148520
194637
462969
437078
281302
249850
382741
497696
170765
282182
102960
392525
454611
218165
131018
70110
151892
379962
359416
184489
266995
496880
452753
247035
156104
11550
183349
491243
194138
29640
266668
195607
445442
477950
51085
246072
257226
315276
175715
301432
306013
329504
219937
458528
86969
71175
265598
19072
243364
49078
316185
307451
230404
24004
156149
269442
120084
66105
58328
377464
71308
40625
80520
304029
89142
198315
67543
238002
196832
424814
281567
316702
42750
339569
189215
37196
360114
255039
73188
377930
446661
39475
163413
196398
403729
19122
165936
233205
154659
215978
34728
338321
207197
476774
406658
18483
319747
121430
22260
4462
363117
250510
130346
391099
124706
121379
244010
141876
80024
293466
320059
445777
344055
459886
20833
288771
107668
217521
397755
235876
111403
476470
174842
346763
323494
411438
327786
327932
298714
357444
150261
483654
120244
318899
340402
43018
438247
209689
357209
98064
282429
93916
336540
44155
284381
188288
170113
4504
244319
234043
18586
265582
442587
490863
261589
372316
190277
79054
264464
146001
443477
487265
17566
216442
114013
90082
105854
379294
103688
265414
262188
268252
202423
26466
138548
101614
123353
127697
143950
64231
250727
346889
140977
181690
371637
137130
178912
145243
422641
239320
476541
464068
49239
276080
716
329761
422354
443295
81765
473433
171611
86349
258737
276020
432436
278682
101799
467162
461384
373366
242327
189331
232857
212650
35224
230279
239403
272711
49127
399275
266535
231462
476326
131785
481093
335477
662
365511
70249
469279
372676
381974
132491
216683
369966
125385
132520
272665
356903
228059
144477
332675
39021
109417
349551
179155
298268
281558
200991
123422
10132
116971
13817
206057
280901
477152
185826
482572
245182
291803
76750
246304
83421
359592
344173
334406
478957
401804
464375
187888
172318
336950
250110
406146
226153
69420
440353
88264
11076
331247
10401
187199
164549
162882
305382
362750
141043
304395
411569
68247
241129
493613
356776
137323
40813
219484
489994
419481
307590
434536
37962
371844
372364
354463
145881
279447
63087
203655
3076
76110
339886
59995
443211
211296
81198
291886
243459
425192
439411
237411
452805
360880
160336
392869
486667
234290
6271
102420
438642
390995
154044
182442
471960
404731
47547
43902
494616
317930
99369
236635
422396
436216
289040
7954
348393
270690
444526
23957
17498
142146
310169
60621
40509
144161
279795
355990
2992
179082
132164
404007
352708
293870
406781
399264
13455
318098
425260
155569
290324
226708
84897
244705
185832
349729
402440
224008
459466
430546
161021
250456
103416
77500
340700
397778
326561
59989
285116
158211
163401
475368
482910
69790
424094
110122
243314
188981
181787
241680
173900
48962
458050
99344
261444
331658
476083
153565
432675
195204
21282
339922
379373
102970
231268
498239
458916
133498
265587
213755
473389
203225
192176
138859
389598
224420
298729
53022
158803
251661
222131
32442
434155
204178
447507
467826
238296
413913
100719
8573
358919
312417
391975
16603
61433
181073
312259
439869
104690
216339
186211
244718
85227
333070
270509
107544
427046
251596
288925
317633
413865
373396
175269
16810
99909
69459
246766
298494
108891
365613
113792
290886
55489
86327
23604
189414
253782
360869
396470
161217
221142
1133
96478
144684
59337
426921
205324
262535
12098
88207
367465
92690
21104
417048
54898
18935
327679
153556
458191
73692
162631
168418
246988
490808
82552
433281
203524
81772
171377
92927
332369
138243
246546
210362
138095
254913
387850
594
200637
5517
406637
426325
442670
328693
482570
87318
173640
424942
340827
386045
77696
262607
290920
306830
307281
50199
295941
415208
304394
468590
220077
430908
100587
106000
104877
207201
267754
379869
351988
223294
156045
345038
260305
77358
115282
95378
292967
463581
37295
191778
260571
105014
205647
91554
370262
375229
191099
407647
222934
318744
332845
122180
458329
473426
11233
98590
303593
264596
353696
371276
89290
435540
221660
407452
203932
13087
381475
89859
421892
224867
470248
266148
331835
494383
52948
408207
400131
195984
314901
233505
264472
99843
1191
234455
116496
378306
485488
157483
62415
85167
66874
471176
306970
204080
459515
17320
163464
487767
314869
40432
136060
342831
101540
383834
197496
41330
176382
130597
190595
417384
181701
197027
172699
310820
357332
327811
22050
172128
470750
78114
395333
381838
208747
270571
22467
180580
153252
346173
53199
102946
140048
62974
406912
304058
28155
49601
186997
204418
378101
447252
126115
141101
449406
88572
497322
428524
348972
244224
407589
94479
126940
483792
253249
420831
472000
499122
480587
275508
480004
290374
67994
445395
24979
224410
58483
215073
30962
314200
42964
178442
57896
402033
121696
81343
249967
25107
418605
417318
46979
373640
106496
435285
385155
291718
267063
247597
232745
482356
291716
246479
108163
113583
472522
150110
4185
100532
355182
65461
154494
277273
23259
57356
292393
62288
189423
412624
418271
91013
263052
228879
444988
364826
241761
110663
458491
452992
311210
151374
232283
471778
50663
370247
333219
158064
79844
329309
385784
433186
350350
374138
293794
166820
339877
191582
495566
411537
352563
339053
154682
466044
176314
154195
342616
162017
327396
173122
382367
1053
294266
386885
276995
388464
142095
36429
157777
173938
126041
118365
22586
470894
495394
280717
76262
491649
419702
484827
369102
301036
281570
286535
6593
10426
244762
54371
347562
446979
242731
48967
123580
215659
209489
329797
162821
56915
8973
4150
59220
429303
283094
389253
363830
305572
156295
68064
454407
286639
56535
80761
203029
486127
417372
370492
233874
65688
50870
321001
65328
496513
64762
341083
300859
277760
209598
383075
93922
499598
74411
389844
364849
404670
47804
94212
247565
279760
270475
319763
497689
376202
439360
13360
283429
17266
9396
396808
366666
373117
455206
138284
227961
233132
161220
437756
71602
249520
489150
268781
235289
311296
448984
275705
262776
19092
136442
447382
156926
320998
24135
110252
85960
280997
223035
425974
135698
293747
205576
84974
1951
428520
168373
341789
221102
256196
340720
179256
147744
449476
416561
330552
99787
279455
198857
171972
186445
369961
112661
48481
153138
446573
377437
305468
22294
99833
313266
434667
148260
70891
212235
352747
155263
289963
339855
61586
400167
64701
386051
354273
485261
104141
253756
383385
304966
18893
416768
260637
159050
353135
52779
229841
479054
48268
192717
132032
151307
322695
46281
446760
233796
130055
34640
443781
477286
126241
209807
102700
286961
488371
53100
404533
77029
356087
197376
62009
446012
270009
276821
189085
85329
313433
391236
401764
386124
95140
234408
209982
407108
239075
492334
103329
490996
479282
465601
494224
66762
398997
337862
355950
338776
291110
466884
225359
345416
209800
308612
290795
301722
210416
140024
557
139971
418229
475538
299946
207400
243421
360638
396405
310408
183347
156248
419530
129413
220440
180155
344589
441771
542
292829
318109
182128
300593
136833
368159
479242
134699
59516
493668
142364
154597
318259
179442
478171
376100
286517
87430
386309
492207
458329
306006
258138
304372
283541
25953
152561
80912
59658
402017
400528
258689
416769
138495
241755
302989
26735
199120
100250
372289
26490
94589
58936
284532
277683
150612
249826
275985
371205
301397
4664
443576
81469
166392
413737
326219
235734
378759
41910
329542
105748
349881
457085
359196
55692
264382
25071
44746
425267
177299
24187
408992
29999
69490
289499
464592
72911
447214
224109
96880
409746
358877
256203
150305
55770
212140
91017
415112
466557
455154
440564
33043
126717
135603
288326
469213
311727
61560
293011
284676
35579
189202
20994
454044
282117
369729
37436
376965
52467
154593
193918
393046
287256
485325
170159
309879
467545
20800
472637
460585
49697
464104
183484
174726
405385
84299
377992
477224
284563
14757
68561
462175
26726
334285
370243
412962
235387
254938
314740
116995
394545
491632
286957
126020
98663
482373
274379
155882
15340
184592
390803
224865
454623
444848
397962
212279
164359
381811
97500
82783
164091
107159
82002
191445
354747
385737
495803
214891
255116
90631
387312
57967
100961
275922
209920
116521
488792
352874
443614
163227
187971
471317
465017
315766
199810
216611
359176
133443
170027
132941
185584
334726
320095
319061
379713
406372
169494
22469
400786
499531
128871
173943
372377
114540
339075
102260
343485
355103
302021
314538
355019
317091
234905
10748
105105
209316
72432
62174
373197
435016
49829
426821
296733
177070
339891
400348
448897
5086
280495
387257
35485
55279
484983
29770
494062
29820
154836
414548
204752
231357
84151
456698
488291
197165
490513
218614
275314
27109
315164
335263
465400
142866
459339
122920
234473
241790
101016
121288
350383
27592
39920
223693
94538
408520
463447
55547
334758
244834
426141
409586
147673
243995
469761
101703
28950
225781
304834
451033
483190
215070
454010
171465
317683
377773
15425
288491
301928
221648
113760
42500
397980
263519
314846
219488
111245
478258
345324
391943
300816
420425
190955
189064
12642
439630
221597
403409
222230
82283
163105
79834
163618
349133
452554
297409
119114
316447
89479
343668
53554
387877
353583
65019
466360
436627
82302
2157
49797
120503
489115
401491
90135
144549
85928
451090
407737
459584
199317
160137
213344
180293
348301
452756
131194
408363
273207
210609
89623
266358
394302
100875
197058
424551
262779
286444
11659
403343
349022
3771
436922
298894
367021
70609
1360
130058
189741
97189
423669
345531
54775
25757
14486
181773
111819
490105
394903
288556
95813
199465
96979
374017
75531
267594
289813
244926
278804
73957
100064
434783
355644
222402
494337
19256
95637
252124
53369
233855
475784
289463
425844
295775
150978
20954
406125
172635
412088
391006
27387
248676
312138
444849
170244
100456
294316
293364
60945
480393
287649
87414
334327
138925
195972
119875
475413
218848
174083
238053
456034
124516
127965
263126
350401
31581
365355
200352
45430
359479
62596
301229
471102
5214
193
87525
108445
137297
57471
155853
2098
409862
121704
177710
162097
122690
244986
417349
85671
450322
230482
113351
26152
62094
58821
70180
330683
53895
59127
311195
196048
304568
16687
338762
471219
278149
9255
95849
178378
124923
58701
349782
315631
221609
72573
314959
26858
299691
317432
494515
189032
93098
231123
425804
151877
279687
88556
475319
282629
274065
351260
267931
272469
108644
129746
249077
228041
391039
106594
384571
352008
36971
189008
320880
421125
106048
386678
341885
117594
216929
418206
272660
88452
90745
86003
483490
77254
273607
189940
217565
277277
398320
129384
157971
235289
323221
293240
418215
406672
158082
267280
47603
259235
254243
86232
293864
357145
188681
307151
403052
493457
244226
410753
30955
483272
486554
64341
227793
93004
285722
236050
344805
33672
107778
244641
450518
462184
476994
263635
131925
91066
116060
475263
36114
260133
378490
403001
311328
68101
290739
76743
8602
244928
124039
330682
200663
346077
486463
21366
204436
18820
27381
157902
388846
487425
99931
389390
416084
341661
211010
145770
116017
353614
11367
27323
210696
265236
25161
32928
75116
301865
191458
409966
482036
9096
187989
159806
341203
49321
456466
196985
25190
218764
364960
217998
437138
432101
257725
353432
153657
136845
355455
191397
64485
429797
378080
76327
235070
106057
109290
280592
415184
441290
271188
285953
280512
151448
240107
41678
385096
345368
432083
304137
402809
85246
255971
214605
28799
415027
494457
478671
79892
119137
251102
378682
181549
85876
9015
49871
283558
322693
459386
323244
370606
477384
236413
437131
260944
200859
420130
336936
216009
103426
453479
60678
438037
366429
282805
321246
198425
448684
189635
37289
297812
168641
422594
64145
468239
297955
102069
76822
203456
44621
455933
9033
51187
426201
110042
303957
109111
295786
76032
447725
236927
193506
167319
487279
286212
364669
197041
412525
209106
200776
449700
152432
10643
138439
361562
272015
57220
49056
397784
55504
53512
489739
225787
2104
40395
107296
40576
302312
91807
46543
453340
24494
17570
396961
256597
78143
297182
30329
101155
472772
85494
64125
454589
79065
368844
74497
227384
365244
466013
444509
373517
166102
447300
341678
126755
84694
182801
313635
453682
1670
243378
9550
397701
93682
184851
113563
282058
202348
20374
468601
389481
84723
36774
137355
245418
289791
69001
140609
227470
64059
410052
102683
97391
292748
23535
446491
87433
250800
269668
339728
459178
134614
106251
130224
198190
193783
242773
295806
175129
358119
179188
38343
409851
259393
93008
309521
342222
223343
291399
287116
427717
494630
497988
404811
298777
339140
369984
295799
438426
19984
467836
480890
55922
82977
496666
315135
488383
351656
349807
261567
21325
262695
254977
173225
102442
442721
402529
166061
108453
91088
454282
348242
345476
190490
340582
94407
442741
260483
104326
484025
499824
448169
390794
35241
200336
330475
353943
338259
203530
88611
401751
423544
479390
275398
273786
78308
75846
364256
33750
105277
122684
458759
171261
134827
18848
58502
97111
296138
357473
368419
149204
2524
410230
346052
373121
497890
230079
38719
106238
42111
431070
415943
484426
366766
371548
64945
5810
127090
403245
323770
249931
383772
246313
293334
166424
293057
47813
302167
309971
124870
415302
18559
278367
317522
186453
429623
223314
207151
124318
345768
87315
153629
347168
416807
191032
378189
173682
39498
469084
196912
374991
473532
367722
304791
369963
344609
52099
232507
263455
272795
319697
203900
276924
357862
106042
422887
442792
335773
187049
387680
274514
244096
375058
467261
438465
219160
398433
421575
26850
15024
334764
336739
450753
336102
243129
840
37254
291114
223737
58588
284018
224880
25806
207680
49624
428476
302501
443604
137863
433195
352421
174488
462031
166905
370043
255763
261120
55577
347527
226353
243242
42395
61089
435440
379135
310962
191482
297416
364364
138406
188220
334388
8075
296686
238804
34194
9745
492569
369263
78255
206096
185160
117088
199736
478887
415022
345387
203813
402519
228241
440750
148634
445316
350501
383442
410213
212962
393140
351797
231289
14681
437696
353738
379449
370881
333340
452324
345130
209483
61148
41395
251181
18939
234789
45034
389299
473601
436803
286345
261969
341233
157380
318272
389036
49221
333875
472269
357636
430343
338935
86045
230644
448577
162695
201940
113195
233492
86130
305354
252524
80516
49400
363701
385388
316942
135966
464123
179158
184420
325991
50732
156811
147810
389901
803
484398
68243
87514
22077
437123
102033
72160
347800
317876
335796
249799
250438
400284
415030
137924
291840
70890
264129
284136
412682
444127
370509
65630
467351
139537
367174
18116
51715
130213
314216
157591
394341
102247
448711
211434
327808
142141
136083
61980
21628
15581
14841
332250
146852
119292
433963
193451
78661
258293
308310
316609
408842
300516
385600
449247
232217
427199
476556
352339
145120
40504
15978
62341
36846
349496
435090
101652
285658
381038
260031
337216
181472
294440
179045
139612
480306
122854
16001
263113
164523
302271
403397
293253
146109
99902
497474
465480
118069
237112
304722
164057
378079
250120
403206
391373
493053
346652
221899
61223
164603
357309
305168
222079
110138
254767
369734
360322
115094
475730
338303
5660
24429
92324
181642
371143
162361
475443
78187
381242
173180
492621
84451
252116
358170
44068
263838
423807
375481
466948
188113
230235
463724
312990
39545
58498
451432
171001
271513
71518
381199
450573
303324
448401
423652
382227
103143
33944
251900
415072
406930
459048
138329
10347
73540
223689
428954
309896
444580
57780
226397
436547
91544
136786
97527
150017
198269
125161
194033
425951
335949
423791
40087
324516
140142
281159
195520
152374
274058
93610
49077
1480
108206
351849
171434
24381
103084
428263
323931
305670
158172
23953
64943
81416
16661
396314
111009
432779
35104
206100
460937
280417
131407
422388
419890
267395
131355
170133
112461
290159
282549
385838
265389
278130
247329
352629
395765
162993
475540
375054
52558
33973
396158
452098
437174
479824
385524
21684
240009
486539
193612
430892
266334
330615
247662
298266
280853
350233
96698
206416
365856
143294
362249
429724
330887
479796
39269
27647
102250
46844
94510
96437
71185
330323
255400
6640
447660
12663
392174
275354
329170
420154
122878
196376
45995
412081
240241
227323
141353
490359
203656
243653
327373
354306
319467
79935
45108
395683
39478
113135
422563
82240
12317
217240
252753
361475
22111
71157
334183
160335
378534
252816
471448
354171
483644
411909
194873
64443
279900
229043
40644
69153
206940
21719
297316
421829
361099
303701
414470
337105
179128
283234
257834
149368
236596
392872
471255
306150
139689
460380
106112
284649
30367
322038
187321
212139
179586
160901
165576
198604
215733
306715
456187
173967
245154
373044
172770
120733
326667
4223
398211
492821
301343
114595
123190
399363
303752
394535
193390
467374
274709
53404
179855
309209
153764
216312
202535
106452
229717
58579
433430
832
284609
169038
129495
214725
442797
61921
13324
453307
101566
294080
386815
380280
230561
159817
449191
18697
484096
78246
294840
215908
411134
234932
264500
476130
123179
348046
103693
255392
75466
308760
366440
194990
395011
352530
401977
309549
317929
46882
56521
152768
285817
34725
3313
137131
228124
376132
368497
66861
188508
177895
400472
115475
351449
180873
13362
156028
3544
184157
412861
191703
375885
228534
230650
156546
202480
12013
283397
66790
292374
450815
136888
295344
321820
149045
247503
18141
324904
80731
205771
373244
299039
123458
17757
85901
123266
173870
215801
144939
108795
248730
429441
433016
5507
235678
45095
339256
478908
95154
459768
209291
152878
493145
135014
39839
320601
95083
111528
382814
175041
494373
95466
368721
309484
410753
200021
258513
160927
10688
240589
177555
379848
268771
169160
420497
60626
381768
415784
394224
440344
24051
23112
152644
10660
180651
282313
9758
464700
494566
272772
156984
182019
204502
216315
389783
56400
149811
406071
156530
346527
218121
380847
344791
265749
272237
176485
64222
84505
499385
37811
363681
364570
245957
364008
498949
99346
325089
89263
34359
359137
68057
190300
297729
44925
21804
484
104168
396913
490550
415470
499695
380035
189312
409805
137795
346471
22913
73743
492467
363442
406985
344859
404010
195133
28451
442442
33811
427108
169597
227149
271749
483416
282377
30976
372502
257541
288814
96804
253854
233573
483830
468510
410939
91727
373090
4948
6687
361112
170639
462972
383943
113447
431958
52719
294230
36483
383292
131447
360768
32278
276964
328935
121130
394884
353976
77651
396483
200736
132565
212018
412662
102584
445717
464429
384118
420380
80994
285989
285052
471229
363375
150520
249084
142489
485394
171245
192071
344613
451638
34074
120955
404127
228925
118839
139762
207054
262399
104581
213550
233211
290244
14230
128515
428401
215672
89812
27191
357273
157146
294323
27088
8744
133881
286873
472291
154931
191158
112695
86021
107330
217991
421783
391057
170433
354918
373636
215230
210146
17728
364259
55198
278810
334547
496982
176047
67196
250271
116743
225815
112521
324181
155941
463579
432581
227471
328185
419642
221019
76125
386710
423658
464933
78423
136364
271982
479994
273401
147750
363775
401803
441259
362043
166640
479715
285433
418883
135167
304099
71955
282574
320183
68861
34269
320188
11269
488504
489417
180511
45689
439019
342119
68500
360054
42242
156498
137614
353223
352776
464562
27349
229424
446496
199670
52659
376951
111522
299221
217526
491227
222802
254905
289979
174787
193071
472006
25410
308428
63807
186660
175749
112605
86030
324558
42760
168442
345110
114589
176541
247655
47114
119793
410522
171107
446082
315823
457468
431581
243681
178598
241324
313501
295227
317648
137946
54019
163366
273034
314831
205763
39408
368721
62269
136666
356090
139110
401558
143916
424072
304151
251841
36982
170030
259263
167758
130496
226890
308778
344072
200530
93702
191994
492008
281777
344269
167247
478783
156847
213382
279853
208707
80405
276628
401724
309140
434951
255335
248224
87325
358380
191705
355120
180761
450941
293979
266913
445582
271736
362641
104559
16722
436931
92085
489540
188953
283204
245054
355272
117765
76847
352536
251346
136981
491157
23551
217827
103138
202308
137945
178339
284286
484600
109584
378547
198862
413655
304433
394681
361889
50445
47039
192260
407292
461041
197277
280303
106996
193095
70331
68381
238777
87946
359824
401763
75689
318299
173085
273985
327905
147777
251263
421781
272257
116889
211468
470166
477176
65087
155844
40789
406404
308591
363272
34089
189788
32743
378077
354417
216790
284419
357362
320095
295143
559
319979
290067
405404
393161
403672
485291
340870
292187
230619
499070
309866
477349
391028
250515
266107
216181
118169
272789
430551
335191
442927
442945
460691
83545
196121
55094
256464
444561
393590
487713
58864
38110
174726
56914
64625
252932
320069
192422
499934
215532
136405
169597
276021
197672
74969
266889
73914
6609
228136
56878
472321
357960
34394
142463
2021
350529
47464
489085
339874
121175
272710
326287
374485
226349
40292
376215
444430
360915
245932
216476
441158
305802
25645
257653
406489
70520
456985
328612
422665
62490
464968
174948
250035
351982
362292
271586
334543
173201
161928
351857
285373
322996
358968
272614
116024
96313
391280
305437
9972
447655
377430
855
489500
401766
449797
15192
226919
412178
71862
287069
328522
460701
79989
418678
214476
456904
51620
11555
465997
277568
40673
482397
41489
498359
229826
486319
459000
359764
461431
171325
306647
92458
165838
106731
149130
93890
124324
362313
378602
368709
38663
185006
187231
275082
121492
238394
497276
363802
403995
69109
291553
488155
309300
187324
498551
241342
373802
77512
227227
193510
69878
82072
397314
92459
166555
338146
299095
406754
284118
368397
156855
175038
494864
5572
384137
274023
354635
433390
300097
422371
384653
356185
496184
208182
195910
277665
478579
295861
394040
127191
234373
111053
153835
241165
46889
201151
488877
321296
86019
308433
333331
148688
18272
52679
403678
137057
467457
302392
463506
452501
359542
393975
219577
381228
196754
235900
357192
379623
63562
345518
23036
115233
195188
373712
309733
247993
223700
117746
470100
223379
422341
453414
248712
391551
400111
358687
195754
233863
344764
173522
270762
201688
266059
269516
2640
358206
73403
95564
453794
29534
81638
153252
341392
30614
3168
130637
442059
426472
343202
393235
76029
276379
17970
406291
12704
352642
360853
330937
247294
303500
252923
368441
463681
411964
480155
144400
47687
317202
381223
407656
330121
146160
199489
6415
128347
118170
23371
288078
57676
384399
145260
313418
278016
402737
222007
310013
466351
317975
485172
277783
137446
250863
127229
489469
451037
471154
351943
187448
245466
271622
429275
18957
248370
153257
491621
80466
367794
217828
454861
142665
316352
9107
183755
31270
317288
160345
16489
190596
25810
157347
149742
83657
223736
309487
287213
472462
9036
135839
222876
27140
498998
92691
239818
23543
108572
489217
224305
240791
64899
205645
333370
377497
320414
135042
78380
454156
439990
203936
196066
480684
61330
56727
117689
420266
89922
447616
87657
491403
284523
41833
425926
360260
305751
89069
495328
495124
156032
149921
11006
358860
75294
63944
162646
85051
392384
33184
105667
270469
277859
221862
363421
431391
459617
334420
80951
476944
20821
111563
373804
54476
390870
360277
144855
104024
305071
414002
73723
50812
53056
292175
84464
287267
21719
301856
167090
462575
71676
148921
273111
393512
490738
253591
161116
102732
366769
114355
456195
60096
220913
246593
374128
155709
428533
237186
253100
479923
283834
18653
6786
239685
364292
104288
483850
144699
199087
97409
398425
399606
271349
403260
107782
27639
477219
115172
135847
62208
313111
5932
341038
254909
255570
155762
263324
338835
404748
418151
145320
117029
449630
209878
152700
418693
277833
19773
380910
296331
298335
444256
144047
124242
488443
143422
455242
296517
483718
371131
64718
324076
480648
327804
281905
477687
94981
128618
253484
179583
492223
251872
16273
301842
141285
287962
170098
65863
153217
471951
130855
331045
240204
27121
489650
480931
415408
290885
383626
1835
415732
361244
27321
108632
1943
88883
380795
165340
202970
491448
242462
14048
364984
475879
332905
238856
180318
5548
450079
75995
16235
242084
45544
472453
306927
137974
230819
170748
298934
169545
347516
121094
40027
106050
249469
492895
292806
316405
220534
118811
302804
4320
226289
8861
14363
82277
149882
401463
485148
17143
475748
128336
299142
35588
78564
154495
368728
62213
137839
163625
388537
310059
473059
445931
433250
34948
425166
301258
230486
434509
419906
231805
210461
460277
70453
328532
208451
196066
380754
10551
432992
180321
178726
332643
375631
379716
351130
262604
465637
292780
262730
499012
44353
390817
383638
426659
393955
351880
50676
289982
391579
179219
496995
41273
418480
349830
495113
126125
253061
130104
42419
189117
73951
129416
354835
203978
175359
33862
152777
458284
301096
42178
374091
208998
73097
453030
237514
394452
447771
204442
376684
246966
236615
305453
61922
141530
405464
461400
216982
128181
480734
478442
480467
261603
184814
194335
116890
414417
284033
441290
312675
398420
55430
214966
383326
421055
307080
95821
90316
50139
276940
185201
130802
436282
346300
4408
86694
39230
68089
67402
395399
148858
483824
55834
173893
378413
157067
183830
307588
229396
72178
218005
149024
229216
397574
189209
361328
146637
57093
173669
326982
368986
312731
24431
401679
55075
399315
54056
250538
54147
100820
405114
488628
470819
81466
240704
139336
488829
399197
366058
59146
375960
203978
32086
266637
67623
259755
309577
5663
493051
66844
389656
19120
471191
307898
359616
119849
376784
328401
239605
374989
170562
392244
392265
92412
176316
412033
204307
282155
237086
294279
126689
332390
102265
315147
199243
143432
246510
421200
53112
47473
373255
281757
31245
101701
495261
203215
33623
493383
499499
450711
50406
490662
102787
412056
424368
94153
439504
352421
315841
446887
305834
11723
124482
483808
188560
161960
196933
201792
385049
483816
192490
380722
463227
1377
294490
164506
180841
366629
445885
399016
53056
147414
158554
401488
283033
111393
388308
249743
357698
179370
472098
141842
451088
170624
303196
365029
418467
140958
91624
6009
319301
447712
431144
206882
327258
363336
267353
86447
77786
451245
425871
341975
381488
455099
219847
249364
243058
272665
61740
139993
353795
154728
377156
355815
121174
65236
384033
97824
352112
199115
98212
368144
397490
50337
363020
415142
151933
6556
393029
420248
226148
466010
26185
170353
251822
41090
424171
258129
116352
357842
268891
239987
190648
60198
243669
427213
261356
344426
429094
149838
88643
473254
136728
360087
429566
169524
239230
112702
400594
75897
4794
108658
68629
400844
389751
438618
250686
253935
102986
153298
259309
87928
252956
263601
135641
349413
9110
190544
444319
61522
185946
179061
142125
126203
12392
215987
402019
313581
417549
208117
57927
96142
173902
221698
89585
262970
489821
35007
139116
201852
497032
164467
446128
191765
113880
492373
58158
278393
156539
361504
474563
362370
304985
323714
73608
238344
4347
178005
339364
430500
175118
117801
51067
461308
470829
299916
85783
176725
203378
356026
255916
156218
394845
327936
266021
131550
141396
457291
244635
163465
487408
479482
66882
478705
357030
393883
138570
292317
413040
326990
230361
387016
221109
267097
207423
477150
24114
358876
222493
40317
211681
273318
363839
380569
265109
300140
78464
363384
276165
452457
12419
256112
114143
339963
444481
374257
251053
469002
244177
358824
400604
220443
75549
61343
131613
421805
268226
54255
479565
207148
2136
219760
445488
359498
13119
408052
422066
427337
93663
439303
268937
292153
397739
420620
213434
48761
436223
348988
107010
305258
154919
132429
453759
254613
45939
481962
355280
494359
94852
99927
202557
64208
466166
81571
195104
380597
237400
463760
45494
465420
186813
482831
433894
189705
368970
393074
466619
97897
300067
197085
434433
393533
111760
264981
276874
341438
403080
386186
223238
211378
22769
148751
348109
141415
171818
47641
375861
44760
478574
383010
256504
207625
132405
491641
100589
356804
299908
249563
182847
166011
167137
332371
108191
112133
170665
368531
430286
456843
61038
469111
116811
58468
242631
250659
143618
39603
455878
437159
239046
203398
386954
245181
85994
443978
94431
57354
257016
326719
384211
432295
110414
119971
19846
48893
330879
322064
207585
145722
42211
71999
369351
479221
252873
64664
264827
404211
68009
340189
393983
206145
451066
99189
38712
209526
475178
160741
312459
354896
341010
169242
148605
30238
155516
171347
116450
257711
293591
113300
283946
165993
260389
235414
203027
355067
382691
371446
265570
20892
137370
244005
387887
349162
97103
87786
379702
166454
26596
398901
229475
148553
449871
391366
124608
267594
337500
187585
426745
61134
212855
265646
248189
301163
80406
270928
235899
366232
488315
148721
443998
481862
210914
365507
473250
210311
462303
154282
70643
324819
913
305278
393316
275089
134427
167586
245341
184026
202173
172401
235015
42417
71313
452201
348028
18822
247894
292715
293970
103522
206341
448925
19900
330963
325044
343340
240904
187586
50613
279177
217807
330126
67245
310712
491065
411404
64833
419917
219024
61689
195532
454864
430866
52470
28740
366211
147197
250196
44399
297867
363482
59176
345272
439720
21648
158959
197621
75880
346878
322149
292593
472789
214286
242390
372461
336591
198374
390790
276642
471918
192516
70523
272986
183112
389942
265915
418669
253895
156031
183536
431882
398569
401966
233653
412011
270588
437862
291963
210652
162530
166817
34642
344281
429783
22267
364064
220787
62259
439701
19565
144608
206487
218087
4411
364300
214897
486942
154965
20588
381818
279569
316272
208458
379194
46107
57123
451357
397346
468495
402737
288641
354069
351848
74928
236104
95454
164756
138088
413965
453268
477342
342827
244452
128349
96964
491996
459617
339086
441244
315042
436367
91542
425277
261132
455620
209314
460106
219086
248175
474086
164316
238679
319320
300779
337518
147682
191130
63267
475013
476829
208520
104583
382003
356704
363608
284251
65794
250135
75481
79547
54109
20447
98970
423249
20158
177505
304130
357771
286388
7922
85553
405003
62257
374184
156434
188450
483241
358616
327770
384897
422638
2356
373865
236802
323764
455727
424894
216842
156169
391190
16665
141945
11896
299070
16960
270229
257234
256406
156874
147022
413891
144114
308076
12457
222588
124035
194824
109603
372965
234827
102757
321326
220775
373583
96135
380741
114121
267951
474730
71218
150232
51947
210352
439403
180121
335606
344844
378128
254617
464356
81548
100384
18298
458046
60256
403402
407581
165846
459946
349667
74666
97628
390773
146587
136172
116392
433255
118824
394150
42633
290627
372857
18188
61378
278410
325823
178215
41852
123438
344989
99504
138276
180445
126870
45658
301535
458244
87008
123464
49012
250840
463571
325741
279348
365792
75092
57959
314029
121185
169772
242030
325606
186238
165147
285447
165306
394755
21026
6746
260605
242102
42744
365572
294730
187851
357944
418673
139819
356309
419584
145812
203019
308270
462614
334278
226665
186981
274216
158914
64956
183216
140073
404793
24577
422932
446356
105328
97956
99137
133476
81239
210209
143779
365650
434413
423960
134911
76316
100259
132706
150486
12891
455683
350574
353881
164903
480222
111267
431721
364814
496686
161471
321309
183371
489580
299977
232023
451687
39101
190259
335457
276688
74533
104544
404734
427071
325284
446304
18379
489330
364877
36939
35094
193760
478642
67357
117795
301515
177900
130603
83932
37254
387796
192041
200303
296956
330555
170966
22295
326530
116615
313516
56640
63461
3786
280525
246585
426196
346700
36348
111122
196041
364115
53526
160911
84954
45536
422447
75868
444118
472960
314618
254022
6186
272150
29813
235058
294333
420204
418619
257587
348852
73752
106940
412036
6991
109246
375793
119118
455868
434181
483553
392468
236138
420464
189096
419348
385658
39935
469351
224043
269912
317585
484591
349397
94183
130931
454454
465776
244332
315094
300169
380243
444369
308643
26544
143479
3372
422914
107815
487960
335565
212544
458719
285554
342379
78643
40498
418331
125923
193877
252090
267501
102486
59846
5353
332412
580
390099
280013
187663
94911
54165
288642
155345
137903
386624
173839
446384
273693
218731
114370
406219
38149
370421
54521
274414
233725
82193
347874
215592
402208
42509
202156
495334
359781
228593
59111
92372
34246
317031
483600
141773
361726
65603
304816
498836
81870
14286
407252
200477
34861
233949
176989
394218
31228
456827
48748
463761
24020
486396
108534
367043
17287
160031
486802
138737
125743
484280
317560
390714
122428
24890
253602
415484
197285
32626
204400
208643
427755
23861
404965
58022
163826
358665
353889
188350
473902
288439
281644
473156
185379
295035
185381
358004
177059
407892
61612
53729
273015
281736
20860
499159
61727
126497
474866
11744
433343
384728
116704
196205
158405
228596
58245
413894
261932
354096
12484
275556
199250
457418
97823
96279
289860
127579
365078
317109
368657
406121
1859
365410
61734
475468
187015
277135
496132
414862
394638
39940
172331
209242
309562
187832
330105
194423
4968
191159
435723
34354
157621
302881
482174
245602
21189
240466
178486
27497
403046
79342
365400
85402
27988
499243
472268
229110
30338
496596
90900
482508
145526
56054
231007
123974
206087
295635
406494
275850
479056
332179
9031
20919
44177
229266
105136
24566
314168
356116
65648
294050
105119
494407
177767
299294
356909
53377
144611
461594
300996
321874
89369
281310
147314
103844
369842
311689
423588
139290
323618
233889
2415
355625
78520
59092
279449
90470
144789
406498
234958
386605
479503
230403
16924
473491
93741
182115
415747
442946
451429
347130
352525
662
413628
432219
102610
96114
215117
69358
165332
218295
443077
301102
69151
350053
332344
179106
411084
306896
57913
248389
312287
230865
57431
8255
142312
252286
96911
277703
113795
66587
40156
360616
455118
184082
52388
268543
85503
480166
31273
27569
36556
305333
110628
104834
339105
41333
85261
463100
354584
326756
166174
55329
122966
99456
23004
448337
16067
155257
293000
2880
487548
475369
371205
22225
10356
149535
174609
41856
496651
187471
297051
111774
139016
161479
195966
280890
342950
18770
431956
186892
87044
461130
459771
267783
267431
442448
164959
299151
250201
440715
217260
287394
493398
232068
499623
3568
19234
178382
439641
236445
352158
135551
494293
470593
211868
483621
239930
468362
358646
66492
487565
78282
4135
243453
151147
296737
460858
171684
246220
311457
278477
323173
401041
391567
350595
415756
253620
324212
435112
203156
401071
393348
472513
31098
295648
31132
172793
499014
347296
88432
488898
378867
254811
326527
446071
172679
153859
179239
116336
12845
72304
303366
303055
181522
368280
498831
50193
490180
299439
406485
385122
78019
331450
372184
268756
2882
233604
374885
106034
359486
361045
81224
129160
243026
432240
420496
124158
164956
93976
293612
452034
285473
89772
74070
376635
476514
463804
359524
449388
43288
333967
315860
149459
339525
60217
495360
472028
111657
70164
460830
135715
271661
28020
192122
395323
193694
313481
52748
454525
57175
128387
269701
336297
183768
213737
160200
380691
403769
387969
294058
143775
343485
471624
164726
486450
3398
284738
334416
337692
77814
399986
88868
339257
9697
459118
476223
56476
32911
467715
418396
31237
370852
42939
360225
247638
219736
235421
286735
351858
418882
416419
92249
43291
448226
471107
147189
174558
336283
431677
291755
126635
18061
224657
208597
314501
228243
357458
185209
466705
376572
221222
337004
102869
496184
307941
293264
428948
60388
276814
298119
339420
392058
328185
335011
178827
105440
336048
168314
101326
255769
33123
80046
210844
329054
309993
223808
85386
168927
90032
122772
246068
441056
454522
328830
174613
397008
193414
425983
89013
22678
131771
26184
419857
42481
261833
284322
112020
409434
442045
428022
156952
138260
477686
490398
221546
39329
27127
258941
80038
274291
427647
267435
364819
457507
67197
424735
402619
398043
104367
231253
23729
272048
153340
390543
220615
318621
319927
377113
240806
28442
219676
87258
477997
141455
408963
487110
278396
427142
98453
125289
366008
101844
438659
166437
419121
279326
303330
367261
278368
245759
104768
34208
269615
92087
470938
136302
64866
174172
398021
371918
245466
309039
78826
221918
346616
384321
425976
334903
83748
27427
264210
373926
355904
373235
441189
403804
165688
230352
477181
7684
264180
15170
364861
238644
299271
31519
344057
176340
97518
297226
227087
294701
477429
154971
161092
364435
348954
133111
396548
449757
248819
453176
20236
58788
395636
228875
294095
439323
128069
484417
318074
338374
93179
34464
80066
427967
9875
257861
150238
162941
173679
22006
457614
380578
421532
367891
416725
373403
193736
397109
244053
317684
490811
461055
345259
129290
32661
134230
3236
58859
355385
371044
218035
160333
465072
221466
129750
245951
230394
258128
11961
67475
241872
313199
163845
190385
498648
417169
64044
6671
376422
439109
277472
38001
293575
256408
204479
348477
124231
33077
118370
359816
70596
444257
417566
226343
135878
350262
376844
197259
285917
128294
132370
359354
135015
406834
75858
95243
400923
3154
325902
439212
312731
34348
142770
272
167778
267566
349546
228692
282751
388808
17006
376992
186354
114174
376565
109114
477657
270879
159115
149110
373648
160787
114459
102019
376098
315276
373420
245026
2261
27539
61878
419783
128298
59263
25693
293058
498884
47204
140998
200427
189359
284463
456647
306759
180146
362251
67178
364166
420396
37696
234222
295797
464618
113483
252396
170863
385600
416361
383548
482913
22635
402303
132646
297107
296981
90793
18921
350080
197202
473482
207243
141531
171561
466335
319159
243725
22971
376949
409510
351797
116182
123535
167075
499665
305487
387212
100036
396473
319946
227935
230321
351261
347627
318615
60216
215710
279394
51912
179466
256889
440275
346681
260650
114480
357199
249300
307895
394330
296240
454776
199451
342621
469505
402271
217121
326321
86398
6950
259982
80854
325477
433831
193340
409766
96549
31868
329191
106015
113940
86085
37023
383884
225977
194852
181074
275185
406423
94458
352543
481933
439968
281469
13289
357530
67710
207921
385276
115968
343621
460249
464246
136522
231234
143894
374302
146885
37458
126299
212673
85692
190711
389881
90495
483560
403132
489080
336159
35108
470565
291784
365048
283675
250037
477310
71295
238126
121540
299270
184315
106960
237667
153044
237884
319152
163856
255189
400353
171914
130914
419749
283732
404226
79567
228398
296801
103407
81892
178528
435752
473660
247095
497156
161578
370425
248296
31973
80669
164911
68650
344703
363569
87685
206393
242056
456595
18307
332465
140105
238523
438294
385307
450128
207149
354502
363182
80978
166163
160523
224449
228543
28439
131613
203041
369146
196566
158827
416784
214897
59919
452686
287011
251498
254596
331550
342995
72166
324515
139174
430700
386848
285276
136212
361316
436948
458967
111310
41488
325440
202436
290678
456298
317453
70644
424815
194093
359591
469584
346653
304908
152403
300534
460903
411836
287946
128170
50261
41482
432181
90262
490606
168941
192267
392564
201813
281308
427292
453968
163302
308657
164635
10693
296383
363147
245165
160669
370281
164429
468389
318165
195688
282978
389819
487007
295855
263113
4694
133532
461601
458463
142005
46297
174761
486303
222054
54376
118163
182609
45426
440684
318968
10875
20447
181832
325075
437487
481551
142164
84956
72933
246725
16713
457698
56142
48253
472677
416630
441052
137033
7331
375650
352799
418973
102120
100476
323055
424536
167133
116131
34470
250018
164844
197969
455597
192895
172592
496243
172787
339583
257302
10506
470906
269994
414848
265989
408623
498189
444021
27008
136358
226992
411442
126963
151709
205730
177719
59111
330051
371079
80305
119872
131577
174542
297724
77707
451
183072
178145
330251
451951
93475
450666
218701
31069
275459
201242
484909
484268
25609
327175
379486
148390
297059
27844
461738
285003
316300
280335
418462
167624
342927
237804
160319
59954
283224
117393
161320
484484
163417
197806
404209
419599
364586
413768
292233
417428
476012
278093
350784
427711
125730
430576
362506
462854
281502
259121
361320
202741
38719
477339
470047
498387
214467
393482
391650
76
418459
469814
422410
215898
127246
244479
356629
94266
434395
239300
168235
290594
28483
240861
40992
96024
231687
194752
381647
42741
266635
466042
369775
373309
466787
241170
203251
498220
29016
363767
256268
411067
219979
32164
150255
376145
79473
320727
1388
194168
387667
170697
135574
475198
415882
354068
421811
20897
132974
363966
170478
90046
97544
309886
415895
446977
456939
12399
379448
321167
297553
419352
54325
302041
264642
26492
160343
256968
175790
310300
368072
129454
481152
116216
107884
184562
48145
436609
415582
372437
257938
191358
66269
260625
328426
479207
479291
143476
209470
394413
127951
46433
403717
415317
247434
207941
471620
413
44492
187279
196415
437259
384786
357892
56028
220478
259819
402851
459334
422601
397054
188143
378218
178274
281376
13953
444528
358853
392820
237843
171918
8486
314257
140464
477552
195012
343417
138600
71603
481268
483483
82511
156638
388368
477880
239225
373894
207481
61452
16020
241811
146914
418018
405064
140995
426309
469729
293344
162377
261111
61959
137306
313214
156045
151811
250354
107231
134847
61115
454083
453444
331906
363201
268317
151960
47249
231250
273828
79056
23143
491501
130274
445049
365794
120627
274788
107727
188794
400190
408260
218965
496828
175656
276163
454297
475047
143671
383236
407865
201626
357063
183938
263678
35927
190119
484886
87887
426604
83030
95529
151498
204861
382646
326288
132108
464071
311175
293517
169471
489316
419060
120575
299323
455123
97379
76018
469902
152187
113423
178721
152873
124747
44664
18413
494177
467594
273177
83643
59612
89341
84587
250850
65014
425352
191150
244937
185864
7146
320051
432679
389404
347168
356269
243418
319366
213133
188671
83916
83197
422460
42462
331640
375285
16324
427794
458792
204894
238361
330325
421103
195670
469358
268065
479335
321593
410851
98018
473139
360087
309160
440374
183832
77129
18478
24648
137519
196500
353963
170488
104517
241386
169685
186285
273958
205231
221103
173861
113888
41157
365821
260537
86488
381284
458585
432793
156134
430121
88919
89455
158128
122640
96457
337311
109924
187662
256146
224993
486998
4997
420049
278427
476030
344919
419000
241501
47857
174274
47581
465237
50993
377619
333699
221171
449555
102410
99731
496147
92445
111584
247102
111581
125586
241484
104228
482073
488711
177849
312055
87256
418463
382802
377894
367049
441782
487341
446060
416099
61735
191701
106675
211669
426682
32997
431653
125679
272732
390573
277674
324424
183514
236295
239523
395067
367989
185806
298598
432658
136933
291227
204441
115289
186792
51724
113031
404232
452831
201658
84004
483094
159676
140139
107658
74556
72621
170214
91737
15768
211270
353446
443167
488301
260784
240248
491045
165578
100785
181219
454765
169521
339623
150365
318092
462780
382929
378488
9424
497289
497480
111625
130867
394261
41915
392454
115869
214372
320234
122639
243561
167351
157951
65246
112685
41839
78118
110760
169819
417362
242923
71059
18949
255913
399265
118432
215542
336796
325354
285082
196875
491785
248310
279242
167618
471518
434402
287902
186631
279115
313424
242531
37255
362805
439457
329766
406584
361923
96077
471677
347509
374255
432461
150217
16387
499033
275920
328613
263957
464596
379262
20350
346071
49739
394787
378453
335739
339284
282439
56266
213663
481960
400951
329374
311346
40382
341612
478370
251856
367243
399497
496677
487230
233205
83160
35544
279411
140792
269909
382803
1274
1355
219029
64752
462011
356127
307353
189209
149364
363693
239541
146922
372602
186670
216600
26299
250993
478559
126862
317361
17296
398517
456393
83726
85220
33368
396480
287418
232105
465483
485509
210073
419137
337281
53203
489468
477125
179316
253619
40123
44658
279408
346520
53680
233438
50900
190967
23704
482533
225877
191698
211451
166553
449206
347307
83854
191621
164579
279540
31932
173739
395621
436406
440041
255444
56886
236280
378646
98455
18194
138522
240659
152253
2391
486655
102129
85703
178949
45655
473598
264919
29322
357159
438584
247891
266938
242032
181889
162684
485226
75681
79951
18000
116570
216712
42506
304186
233044
80493
225990
404224
235548
426628
154344
482163
24389
205421
251926
148310
182450
412780
118138
207480
46403
166451
238984
223991
396184
458951
42931
48439
116373
47759
153469
322455
320079
43862
378339
404174
483251
370296
182807
58710
30149
112249
80758
150101
276366
30998
66966
285847
462165
74542
288476
441198
269934
327039
115959
259738
143756
187886
416070
442762
304102
429899
363994
250874
128897
207953
46112
179122
37065
369958
498509
330302
200325
318353
482915
475366
223101
484480
66536
181982
106731
305843
102337
387697
319125
151533
193147
165367
175624
318393
220724
223738
333690
295106
334990
90966
266140
174774
419031
454225
330701
169620
119041
288195
311712
39866
6492
480838
419351
424848
447788
304716
186197
42551
84670
54273
486645
39459
162142
151614
281340
291911
382525
161289
483627
230048
148150
97386
1738
48671
486723
459601
398375
128432
490936
1761
193986
51222
493336
239113
170472
145731
262370
56114
382173
231041
325351
97240
22404
339245
284074
155351
469350
122810
422685
48274
182647
98499
37709
11323
7220
293230
320263
323914
349428
255369
470142
463304
232449
372580
25311
62678
493631
250801
140836
319992
182009
226990
451284
467231
440231
7449
102476
193832
90289
322660
30115
277383
269783
163624
287994
470866
312862
412201
461638
176142
187944
192763
152541
468079
314557
420496
185572
226583
180830
249713
426553
7275
50870
432870
422341
411675
139863
116080
168732
217954
230784
499585
200534
466652
386001
308906
119913
90913
423820
47063
114338
17624
406007
189409
351485
273210
245388
335893
19526
404638
224435
361003
191555
280186
126183
43704
160530
171979
315706
74028
206234
30821
407161
398601
284413
56057
79081
179138
172212
187778
15684
138125
417704
142990
302846
401144
464632
439838
91775
28199
442397
230694
6166
42142
201493
327614
298861
126385
496807
15339
343997
152925
440382
196298
426251
409371
314878
86505
35728
319348
198248
125404
25648
459355
295854
201082
390946
433889
402120
89650
65259
298009
92062
188824
113612
476299
175513
163123
185104
355355
239345
460572
489656
370707
50219
47449
148563
141983
415059
158376
320447
484099
46499
395114
158501
269037
123996
116004
491780
70765
224650
164865
373546
347165
254578
380898
412024
72820
158716
379940
199077
353135
335919
58454
83791
332336
456420
302676
451386
252784
63274
11302
297609
318376
378181
445858
182950
215382
326937
288775
65334
124534
380839
143712
91653
19144
291601
136464
51843
104045
42755
41902
314300
382303
437554
287000
240576
230723
78212
49224
206581
373356
484621
400952
110987
191097
208065
302657
119557
485984
477603
142272
21372
311675
298244
129396
184098
465282
30713
307976
310123
4204
362295
426392
230788
108100
219328
411342
285042
416675
181996
362162
320025
55113
198826
457126
273908
179813
42748
419569
56684
180235
241151
183757
145354
422315
125771
288352
30769
293849
222388
258983
260927
332049
61308
313151
61684
378809
38346
37242
141569
152794
349927
393958
493561
279548
490968
143837
402237
116221
69067
117236
282987
23916
70443
339693
136962
311906
344026
59508
287287
428176
129742
142738
440697
35532
494265
20226
324889
32967
439348
210208
96841
206272
432352
209278
388780
13655
63645
141011
181103
214279
386137
498989
46185
120611
388519
164788
165038
31133
219613
168494
334998
152557
281245
227266
480263
301454
398779
235840
426807
492913
210144
471864
375989
443503
441230
371382
111816
174646
170795
135660
15558
374444
254721
48618
285676
293011
216259
332077
257555
24342
37231
180678
498027
129888
414659
21447
274227
493645
118827
414815
303408
135382
91403
48590
29131
433967
2388
297655
414311
494446
19785
128812
357363
129577
314599
428617
262662
144489
212736
308793
79012
21344
248468
469722
216817
178653
321526
198680
288079
305060
9233
475123
4523
455721
101087
400198
192509
443498
465468
364323
62653
495436
283103
169985
303688
408457
206262
11838
112243
46814
14016
459144
449666
444004
396791
53389
100493
362512
110025
34211
215051
23224
418784
377763
140088
158999
147159
402222
27792
380278
409942
421027
285890
106338
125535
179333
417051
192044
378704
464277
380648
33253
196595
497246
259012
72876
328227
178746
652
476153
236547
481604
90045
15439
237598
298698
337342
210226
8910
230565
406916
437028
418131
224325
277581
405622
43756
197553
418226
181060
295643
235045
147950
136008
210347
337110
345415
460606
283750
199879
100631
129101
172873
298735
87896
411032
108783
272036
50960
225603
109030
147926
171767
463890
63434
432651
96787
462331
418822
176030
442362
77959
80941
200523
134834
411003
359691
51492
204929
114094
263364
401442
196935
235599
66779
347258
241903
246765
381402
356995
115675
320560
291369
66986
133306
273303
138918
21139
352067
431637
397336
247531
373570
404816
192527
326083
260605
124452
355121
481402
100204
428857
209541
345669
294117
111053
215721
462396
98645
185928
451612
347678
185909
369761
51615
408531
16834
483935
110154
91621
420667
138687
216924
11539
166029
77057
361054
338750
33089
222886
307859
56249
329571
108755
214335
468860
113375
69650
336913
353965
45835
124218
137495
337527
307953
464513
278317
302350
408071
473894
177218
483793
6087
380293
308098
160405
379152
296589
472698
54677
23372
148935
192380
253296
410044
267172
416389
214128
244917
437742
426932
499954
56217
379530
140792
8215
303576
402604
164961
313691
106298
100391
71050
331086
491504
396374
323978
384382
147878
40584
23403
75988
304021
429854
337206
79308
100175
333409
254311
7561
325573
453617
139061
338226
395176
442508
224909
292198
267670
268293
369523
155154
303203
150950
127386
125410
474302
202989
110368
32261
136914
75748
90444
400718
417519
231753
304618
260609
336185
42028
382869
84281
102154
216504
215380
105599
45872
411112
68379
317604
150510
135670
146700
36688
74427
423719
253037
347882
115634
361609
213321
264451
430299
2257
210
22191
443587
305223
335681
394667
247126
143898
365646
139161
264569
401787
367330
87417
312050
165454
187315
217084
244708
308933
133429
142245
391748
380338
127858
355424
13406
450465
8373
66624
248097
346277
176074
122830
264631
426102
427729
385397
442110
96515
59164
1231
370900
265834
321001
95087
489639
73677
227917
273517
235970
89167
27238
294444
254516
287389
157916
313050
274329
136525
114176
82479
327292
59699
263859
424567
255750
14998
403750
174444
374208
381495
498636
114915
134399
100725
397908
31746
28233
184285
192685
236473
33725
1640
383119
271724
476746
287543
125593
436282
11049
355569
243100
166922
325094
53881
94507
196882
40887
229748
9143
384815
22352
325970
328399
302871
3563
268573
166208
391396
229568
446129
231305
140439
38099
453142
379926
132623
368053
462567
18460
495194
317377
28578
137038
230357
298867
450751
356552
133387
386866
264542
63770
73380
331273
315622
60581
35013
346770
325372
413627
318976
47232
354732
339827
304895
141012
258587
64201
476825
215976
304775
169381
233433
358117
443848
73568
352009
76719
378340
344587
190878
491127
354773
339099
192085
192535
286599
167944
353246
365686
369697
104128
218897
192479
259631
270465
497005
301536
360996
371483
230503
90995
285195
27460
5359
64426
244518
325917
55092
138571
37735
428409
368619
213752
494146
341567
416059
394181
494999
370253
60331
123885
27194
410172
223733
246411
100381
304696
319984
489295
494600
422719
224354
119930
377451
374215
296126
321663
224285
248732
289239
156640
409882
445427
17592
119614
152808
267639
108003
119075
452325
414082
464995
225240
261242
6928
259119
376443
3976
185324
476464
230231
481914
498499
107022
28531
205409
60543
301516
441154
276508
92244
65195
378319
488491
337352
155621
78017
264031
396913
75947
17593
148198
185788
381443
329807
318001
63242
152354
81020
237958
261528
167542
57137
386290
353547
52586
396027
150348
61879
276119
365265
50869
230886
413101
319141
183061
40267
151361
470368
63463
262302
322593
431501
493330
130990
97167
184005
309218
202565
344098
254707
295416
457603
252758
432528
397628
101477
78002
352072
174149
78591
469885
424185
467100
380613
292099
406644
46193
456412
119076
307376
456503
461746
197634
3702
499601
435243
469575
179512
76737
411210
188494
154090
171222
360980
304495
217124
376738
99755
43257
382228
480775
172137
86777
183862
361977
36765
308276
414044
108572
324144
295562
341343
65196
263543
248697
163298
195401
439383
12111
20042
114418
159634
140979
448656
121677
305042
45485
202927
176748
443303
80411
223283
481302
10195
126619
36250
119499
42830
76577
220696
278405
5249
200292
443613
349203
427085
179919
395610
87832
485976
188632
106160
363903
468499
481443
207130
481505
302302
161954
183525
370409
149216
450352
497792
367857
65611
181437
169180
444623
475272
363179
142099
115549
327646
333914
429118
353514
181298
444677
496235
149232
399490
245076
339348
254844
433177
245894
269903
484785
218571
227002
66993
437489
249245
207183
39151
246983
266997
426474
315318
288761
415241
181838
236745
206499
394070
190085
45846
256469
410880
424946
306772
431402
286850
277251
91370
385342
32847
227952
397690
6175
447305
33194
28362
230847
403477
457295
277998
108501
474303
86750
57273
126680
223086
345198
135048
330466
348282
272883
15765
374805
281895
351581
228884
140888
372332
316845
46704
383330
444155
192674
482953
438552
470881
311523
93090
111719
341273
158651
225228
264721
131968
440614
289852
236024
309853
336521
84339
306142
340389
389344
55009
281923
324597
241469
184234
163624
209405
112172
101759
217053
489148
160426
463166
58206
141146
218499
138487
111896
129682
355944
84770
32781
392511
313496
178180
211006
448255
251091
369270
310294
37155
97926
280711
94477
344373
235108
31206
359889
66065
395993
307123
273487
392260
249043
185684
86410
82826
130361
275485
231120
67183
365884
444897
37570
36207
414433
66779
51724
232596
213782
66713
101300
102143
41740
18308
180266
351597
357199
91967
229297
96676
297529
467178
147088
107313
80137
377394
448566
356060
469272
465379
369320
129977
404815
266900
411512
31070
461163
386713
142794
274849
257333
333804
190613
288970
333224
430724
379202
472125
260522
77600
237010
439830
409161
182778
8295
483536
451945
472241
276259
7386
136264
153795
378827
430423
297260
286630
422559
250864
253264
166871
301284
305156
32735
384128
476943
277378
390699
259396
273318
80414
14217
81558
451239
38995
328270
52483
54277
55978
213269
355389
25622
383509
373214
221439
301944
203804
197614
450714
155141
325524
116321
423335
492652
56741
225082
31790
129224
103649
10172
174666
89714
48163
388902
317333
1079
338205
247681
123882
381486
132296
344589
218510
144168
15813
336554
461352
464739
177496
451486
488857
239863
480738
345573
170582
342799
182136
54329
198601
402909
297838
296276
399297
204852
275008
188358
28762
245436
496683
313409
257462
481895
54155
212888
416910
467210
472466
225815
483927
15808
475811
454488
7269
266145
378783
333546
463031
405304
24159
419202
417931
466874
21165
162349
218881
468831
48380
349131
279956
157001
103863
443212
224977
253487
259475
272086
433651
257805
63501
115479
488384
454685
389582
292060
354615
340048
120616
144640
55150
409760
475046
347236
61907
326663
132135
389153
443184
202642
30845
164991
99613
254254
205000
406716
214014
173888
485302
247201
337999
415279
124803
342939
428752
119559
126204
268811
403564
486160
490693
188274
404437
296521
443628
114903
178453
460894
2364
288286
78239
52900
280147
157733
468384
441161
85605
236031
410373
67217
449372
354777
116747
403513
216071
22829
108041
408536
426422
302091
223402
101330
104291
211465
428893
254284
75158
266232
477180
29173
373235
345847
245402
89650
118933
48524
455299
303701
94167
390327
20115
156259
343716
268117
506
341738
238759
154761
303943
269755
396368
324488
46098
241702
225094
116990
425988
10090
419566
482810
230525
224920
450065
269741
244211
264828
251086
344933
348535
428878
191252
177026
376582
265918
121808
223044
318810
138010
403764
96525
224880
350909
399414
1277
291758
493573
344154
140831
141354
141783
106273
345375
66743
453970
217235
237623
26729
249095
201776
6683
135130
35129
378648
281669
141147
186956
367071
71574
379617
146690
127875
296449
230176
303093
191606
55463
446134
77373
464347
248002
336076
19391
366097
96094
319855
164909
115177
172907
69341
19251
54636
28271
184715
211550
265534
419408
244034
394130
329925
28058
89381
107749
226719
414225
481537
138041
284137
381231
334461
375511
132474
48026
262923
398881
253424
135324
26749
132945
39718
271122
156363
197199
85569
388932
250388
333469
242403
222392
289879
314380
346636
175959
202984
207504
482051
278070
160945
358969
209069
2939
31141
17582
58236
180206
135484
184291
283516
170916
155923
403296
235604
181606
354327
16562
94421
405986
474375
488247
130139
105527
353684
267792
399344
209624
295741
101653
466476
381975
24621
136253
375625
1388
245053
166269
243548
491907
89611
118855
371839
437548
191693
187250
25419
109543
237770
267914
307092
397723
417116
204325
104483
463616
253344
169141
294870
174547
450955
289162
162906
275657
334155
13797
391941
174305
276322
376217
433040
355018
402842
287590
115427
173230
91010
370044
60632
77753
405690
331548
44913
331652
452689
79907
273878
125142
211845
485840
232478
86121
23394
391241
309596
98224
276051
59320
313056
411454
286992
491826
148517
180324
264859
54683
343317
274369
233592
13963
162804
380288
170810
342985
461310
23363
198320
271437
4224
81
99227
142852
414530
4601
242354
36688
400524
260761
143990
179581
317358
277839
107830
202790
493627
196430
131664
491496
60051
434795
142257
375203
362831
498401
277068
461186
16183
363374
98284
99162
302535
11806
176871
160823
216913
482207
454911
109249
312080
119687
403761
365907
12582
269349
59909
349550
142731
279778
325871
383975
404134
333952
290596
23859
196628
371823
435866
313849
36366
465887
234983
154581
167769
235672
353136
448906
88792
131555
388094
326740
358344
397591
36889
473391
319079
317161
300983
89392
461229
401114
238746
39814
343620
166418
419222
237325
65781
150481
248638
407302
372417
342317
431983
324568
89065
66362
110321
375298
489027
328900
221328
85301
370162
107473
471223
107186
452142
465860
430047
37577
117824
179603
467942
289012
380257
250030
325299
452248
122294
211556
266892
442157
265945
285615
341360
271616
180730
50339
126020
155583
485981
53996
28102
423544
107815
224806
269644
202941
473525
202980
388302
498923
106690
179754
120857
266955
25418
72046
339171
348820
440212
219958
65228
285438
75569
68581
165269
81540
447790
208906
161637
108133
433643
198414
80566
468783
301240
55001
312817
428617
340133
67273
132097
396564
274124
359123
285536
137034
101135
199677
359175
350319
447042
261405
185128
394444
285719
114061
472271
32142
345783
120757
63217
408398
380924
169059
258054
294457
258039
380757
178919
56658
24942
209340
95977
274444
494952
228242
492379
92764
462908
453442
63754
226894
89976
25269
331538
363166
51898
16040
879
377271
454082
355395
409878
12897
410706
321393
334181
269886
439677
323317
463872
374400
477271
472248
309494
73001
132215
6242
106100
349340
1632
403455
72807
140988
31305
97640
130645
435844
232475
199090
321335
220836
269497
314824
284039
331755
262921
367108
26450
183566
268722
325665
440330
52583
499196
431331
462876
182593
260446
282441
226187
428694
344382
477679
239699
478358
288092
55733
215640
400903
305026
58833
166468
387066
122695
256639
142776
86367
429251
80347
142728
56748
445280
328392
215031
101186
384395
389388
172734
350470
456897
322295
77482
98925
420113
188982
332199
451093
384506
377962
396058
118655
188074
465265
261796
12116
348699
476592
56194
480979
332712
158948
302259
163895
472478
343143
487156
129766
428431
282524
36290
216112
391205
283935
402460
109386
50057
101255
64430
159282
210543
451032
113739
279056
459509
389345
127846
105127
80771
176826
252505
333978
425526
211215
67589
127491
215138
417112
156208
446494
189580
137416
366934
432323
227302
2753
328961
245810
101496
206795
395552
128357
231619
154553
187916
366192
48338
41821
25784
242439
446490
474237
114112
360083
216148
425867
421632
471258
46727
117721
479132
5460
398526
495034
342633
285950
293298
495879
62802
473270
199819
209366
477334
484425
417253
71331
180089
444026
431983
467370
59701
333343
124183
202824
39658
433542
151559
16070
122260
121594
129966
50974
434975
59915
89838
258752
348035
176579
227834
397738
312210
139267
100431
493930
274959
38703
466549
261730
491129
177566
60848
298318
322845
394241
491379
348056
142913
10737
16304
468760
368074
469637
4553
46370
487181
289910
132895
428533
467115
467653
219258
101513
401611
283172
314088
78016
496019
394643
482335
61187
79591
432533
68980
62200
265322
320936
276685
4302
192969
413262
146287
277397
176512
259125
152883
460514
452861
221310
103165
376974
319839
100047
416134
11827
108725
433533
66028
389440
267561
242970
358690
203258
187275
99612
51369
250587
396094
172969
389359
422960
474948
16095
144222
321020
123927
273974
298150
46717
222607
151514
259788
97865
304455
136792
24505
161874
447851
77266
454491
256683
400879
239251
392223
499921
448264
451145
426506
175986
219640
381635
347585
166475
134350
489405
487855
345162
285211
421788
361329
57584
20321
33732
492502
71044
308912
76887
138985
225440
123464
279766
153535
328604
386867
479771
223197
406908
415938
434496
200335
374595
135217
66794
86558
183326
166386
479848
167929
31741
397799
303351
131737
57151
394109
389216
4897
268983
463498
217391
246344
226544
398136
438613
344878
158122
462484
360075
283372
176722
372576
462883
249091
97268
416067
35348
404973
207719
1016
456030
193520
332471
44916
55791
249571
46568
109000
410474
450193
200068
438338
185532
395284
78287
192367
435772
214604
130942
75621
43263
176830
185672
353887
393834
337115
342367
51345
258999
262896
355142
398158
228506
305503
71325
436020
273113
103879
2245
132583
184158
310401
447338
435817
4055
137699
46757
133781
495757
325995
301502
443961
440964
250989
188856
359170
125986
67787
463817
207114
76155
52746
291843
17138
424923
227486
399229
231530
320504
83959
334422
357246
226657
70541
108906
30843
418648
486261
75706
489107
338833
352416
423220
19723
65896
360155
120501
362303
268506
129431
169859
3520
26837
255804
168995
184198
118135
437810
483628
382132
165510
215124
15624
37220
335468
160174
162951
113461
140825
89324
226090
215839
444031
49535
310617
218927
401390
218787
159296
147613
399788
22569
264216
348747
27810
347748
203938
320973
388673
461322
196505
313146
114340
225776
8620
449124
389186
470780
128184
306764
455464
129115
485350
354174
182300
292912
26641
418212
217265
219217
80595
1654
468036
156120
32039
420998
307319
473998
495637
136938
83194
150898
472689
84180
343224
190737
370354
152441
278126
4790
251495
36201
432668
321041
434446
413976
401888
181199
4424
118764
259119
415332
76081
499862
5795
86855
60217
236068
161951
106595
425234
60751
492963
270740
313981
497152
256092
164126
11175
439540
22310
219554
249704
54122
16324
25914
286506
50505
419743
420657
69066
494226
352490
140643
446120
36172
431686
488212
52870
82656
44310
178070
468219
304032
338865
443673
79851
58919
420339
340398
68286
102164
131005
426283
195748
346695
308528
105376
55661
260374
312890
178796
354495
181561
66730
246475
225390
117830
241921
299786
281622
251425
124176
182645
123806
215859
114829
355626
452221
479496
248905
12595
123340
427453
214402
126458
28160
284539
458131
8975
438080
330490
158333
470492
167394
430897
3262
68219
43122
203707
38561
491872
350433
306678
348550
256590
329624
280694
352245
484322
315819
392496
349436
371159
147533
225804
271504
24037
307363
435316
396339
375481
240133
311225
426696
401008
383239
451896
436747
107146
74549
138655
423629
277185
345356
187482
240097
428380
386338
336358
120934
255146
346951
379021
341246
104930
191977
190029
243295
148668
295876
414842
153858
386258
40855
439753
7532
225837
252921
37213
86123
483231
457829
124101
472976
17796
18130
381239
44718
313236
394556
78209
85331
142681
170387
329
300521
217620
212905
42214
287647
226766
3793
253051
197074
232793
355248
250840
280534
193030
130938
252833
141354
139916
27436
169619
97444
75751
32194
217196
337291
257489
302687
271111
373473
334950
238833
62853
242249
120700
234508
433461
456919
429735
446675
452467
219757
341460
86208
223690
408518
34381
61086
150938
435142
259022
23571
178774
60937
14599
251579
231146
274104
126878
476321
241382
301895
336145
113591
386816
139407
366291
284402
330255
413011
417314
274727
47908
212901
257842
370027
291505
332573
225043
265974
185769
140678
442819
264165
43913
433694
150179
347555
23930
356497
397395
350430
312089
350313
136929
479637
90951
336944
66639
83462
359990
342613
1517
148875
431931
221361
291611
167678
68429
296465
239511
223296
283680
60557
147997
48146
138297
64816
433712
115124
313703
322483
241712
30067
389456
463985
450614
370759
177239
145691
67978
472535
415293
233188
292764
380723
417270
127282
462615
352541
453566
4277
104727
467515
366326
365229
41425
56755
199432
253739
233130
205436
470215
222399
395528
142001
446316
104822
393453
452240
202895
323354
496089
124149
206826
165702
436563
389042
1059
332130
474031
10006
478659
144708
34042
24056
440858
403836
207371
194713
274373
302988
287260
98841
479767
175368
258404
258870
234400
202106
216776
13632
425804
287773
134576
91023
39919
332799
319264
54535
40073
368901
39314
331655
213624
84065
159946
494561
490345
358048
389886
117252
388592
302550
194019
117726
167260
463508
96516
445482
167533
306680
401563
267662
98245
313586
266789
105847
375489
483300
346349
60591
53756
55098
114096
289085
361293
256252
472927
481883
357565
479019
317419
171819
272111
29641
467219
46641
421640
43093
46626
61228
96333
112527
98346
491377
418660
115080
122697
210933
321732
482759
159268
389915
449169
265646
133388
116940
183596
443544
127000
431231
63784
231866
30590
363830
330732
43993
404612
286842
331006
21917
158299
463061
265847
315616
288868
287291
255082
100099
99312
332228
313537
261561
135381
466127
177478
132032
171591
181414
366730
193234
129375
295989
97805
353776
476137
314774
219352
232154
470098
154150
255910
480785
440790
119035
281945
434578
217241
83004
446037
390360
390552
399028
386772
142346
160519
173490
493263
487597
158277
436172
10934
36745
463245
357401
317913
173555
421624
362116
309030
136539
58726
22496
484835
344963
247233
461854
381864
15406
136930
312730
100143
106145
150899
278957
394765
218858
151952
152181
395033
277695
274248
32153
193267
300843
6289
374206
106636
374343
211218
373172
240936
9754
156453
4285
155436
67331
355728
336903
90852
398583
114360
69854
471325
40425
158159
350970
367240
341631
173081
167683
212176
293029
128222
446495
95123
50504
376990
426960
462677
146295
412618
22782
199437
360251
282300
282753
303117
206655
113366
497278
485763
217803
227876
481328
437222
97209
261616
461753
127000
294690
298167
410920
250082
60211
160043
309119
153052
321884
285962
484544
302356
131188
18546
253414
314142
452093
98111
259354
65611
360740
449442
224966
265823
485516
470561
306397
280105
109071
124677
397934
160132
302449
125394
254062
45389
363094
50992
110335
434752
286720
207861
35296
406762
64044
265161
46098
352335
241080
477716
280382
364680
131898
408313
379367
150724
230671
403464
122017
244243
322868
252106
202886
135250
178427
196084
445880
47864
138912
343868
384788
496039
264272
331094
176349
499505
286291
126058
311745
358287
377771
266979
243080
195442
484203
452087
132649
248758
484912
447665
482776
473286
268454
67811
426565
256398
27814
162167
268540
369642
336368
270238
319643
158118
117238
323320
429178
199070
189187
120694
45999
387676
384498
81084
359073
140790
131563
315497
410583
398054
312712
12495
434152
78902
485675
490233
227931
157302
64587
58296
48982
157394
300432
485239
166368
328111
241388
179603
273402
25234
151723
199793
410850
159672
255973
133209
339596
278138
141999
273202
88953
394708
37603
13468
75015
31876
476296
409153
457988
227156
226613
188458
294362
394750
210695
237756
211685
369231
16554
297523
293440
19083
184813
264837
245778
262485
4384
55551
282882
291504
110336
459189
201443
225264
498154
348836
128868
361652
255504
30371
76593
232510
205510
303122
265418
446406
474108
191146
151685
18642
404612
18457
266098
113972
418855
362061
327111
172260
351894
489256
72653
12928
50465
281239
425809
405706
143721
481722
14761
87425
202747
318689
123009
40312
68771
482560
132671
205466
410571
156729
290103
418344
313548
93696
419802
111115
388825
148790
119761
41371
46719
498795
408478
443587
40224
50217
453251
493890
369748
87142
134804
246684
29938
144701
232600
365242
329445
33772
429964
152702
490393
148085
384260
297449
132072
116094
446698
135963
351782
420913
91093
190224
274983
376461
38849
323882
496320
217805
416650
410964
193276
91830
146384
439001
494014
98402
378422
322387
248638
69295
117012
99779
430975
28117
479063
140092
77569
50769
330447
443464
175255
312084
33840
143176
251114
14528
12750
200399
493862
193301
66904
392699
100989
266566
201707
52594
284595
373683
373802
179593
406887
73185
342918
485989
166426
362152
168900
337513
499118
496906
127421
272868
112852
203147
46170
197838
134970
115761
277896
409333
33441
74166
1146
439487
163698
18233
44568
381865
497313
413766
479208
484204
287328
153982
459018
62410
304575
71671
137916
360909
316138
426312
499462
480394
327044
256771
122198
50673
219483
7629
14915
286596
482327
142466
235003
226378
294369
235707
158190
496855
477972
190911
376666
26130
425588
88591
408437
339664
79028
227200
472270
264995
10509
315193
209939
171363
225444
420053
400479
50758
70874
190549
181269
416409
318539
434991
45445
435826
421237
432250
475386
474817
457966
453868
87755
117830
416636
270120
150275
388579
259588
80397
161068
399561
56486
132192
499659
257506
61995
175119
115125
245754
128063
420894
129103
403416
17627
85533
444059
406389
420646
447283
399415
382015
108217
424200
346695
461943
485321
244848
434178
444055
379327
106076
422514
362416
473029
407990
167196
186716
329832
141577
382366
295596
433513
406445
365632
339886
254662
366444
348461
469234
78724
293643
267484
88893
188622
223505
318711
213229
72610
5449
122148
312011
157105
116598
402864
86433
8850
337874
269416
46546
234958
183320
136461
364727
61304
64409
282624
104135
49720
56465
383035
283271
294878
361014
270388
378440
312547
278440
306716
99263
150603
457320
260055
174811
137229
44541
207200
192832
236207
346785
47657
320893
435325
14780
281961
218983
19313
220647
486533
100589
349023
358545
196427
58949
55130
445057
336420
166438
50908
28403
117661
259954
168199
65056
334916
94633
177077
492602
156874
232929
289660
215991
180360
52205
175077
48910
34854
499292
201991
291867
167471
47042
83876
246839
416710
365202
61809
381070
23736
87283
341284
467515
420955
36952
469576
418861
484136
415348
443455
243153
64124
29088
167232
90238
385358
235558
421269
451075
447065
333960
339385
158065
385452
343641
126169
98154
319831
391228
474648
410412
498262
189913
451815
145155
138131
238430
287314
26187
162508
409480
183726
136362
6725
195712
212939
379898
3074
175089
105008
322045
344453
188025
423547
129223
454215
207361
55072
44225
313074
395307
333827
425626
371662
208545
172549
98407
268967
322227
223520
445166
107119
396552
194946
14865
208492
434003
450442
245097
439441
53050
487474
422550
96243
358770
304093
129203
43675
352937
97853
141335
188977
307025
4775
324931
194570
339677
357183
379940
472747
109225
199649
460655
358396
25537
86607
382046
53399
439375
448167
485015
224835
356511
451147
78459
206158
236387
377597
123550
374827
490560
295710
237815
394594
478967
423313
50571
385271
492802
195482
444204
477754
345217
248366
323982
241885
454911
221936
34472
491418
339426
207940
354240
50875
495524
320078
210441
462039
479691
494139
119931
270548
309729
314941
489191
267373
145788
142452
203704
315807
83917
337032
326247
411294
375700
429031
413410
260426
424080
491607
433497
116357
355829
1498
81926
96891
180148
340348
424003
153877
418463
379723
17939
152838
494888
378580
468040
157013
489604
377482
258003
191633
54879
49509
307864
106909
101919
126966
396561
342391
66516
226825
276220
461174
170228
473229
64723
97936
225316
119077
143401
91909
481061
417225
9339
45087
257006
499928
52220
241061
403657
244667
100166
253331
490180
64782
412937
268467
217776
356034
310181
43783
12052
19966
145582
211263
354994
57443
62060
96391
328053
269886
33523
454255
256053
488316
64652
348074
1091
236264
88989
425858
161025
235992
295948
249712
216877
371743
325948
266824
307680
112016
444617
77210
154852
396866
435880
167186
319138
293292
26191
174180
207679
61247
490292
200984
241385
155351
93232
260624
322031
295035
24943
296348
82400
311969
319563
387078
457862
466758
17546
460889
71790
126190
317508
141120
10970
71599
393934
120365
385115
323469
40997
205964
399930
293282
141707
167990
300139
32227
150065
23951
358067
479789
421896
473866
251290
369555
423776
136259
129320
283689
499551
18310
12155
131396
242974
274720
470430
210602
489228
457535
309031
384246
319433
214315
351512
28044
100589
119474
96030
365408
461450
192763
106138
390223
339039
39262
16356
212258
84446
149873
235521
262929
214573
303189
157242
71417
232828
445789
283071
499295
37997
184020
271885
29011
411604
451228
90486
266662
420795
368790
336753
195860
64473
468964
126935
139034
90747
467137
487851
186726
201693
464848
185952
132051
460270
165458
261075
461294
33803
538
165131
376899
22457
277790
437476
9439
12162
216773
85213
474039
108456
172927
146492
258949
408681
347167
403567
96667
60905
204375
9385
59846
15773
351218
152263
93596
474207
41152
174159
321576
167777
104658
248783
146641
178695
327960
369732
156215
475615
312665
262964
278372
16611
304381
95158
219383
294282
138290
152235
220984
93128
31682
340922
104047
76652
117078
265381
321122
419973
45088
29640
226329
158575
235706
253224
168426
244986
63224
4174
256982
414837
96582
72552
240650
404165
4892
136422
200032
181982
131277
201092
271177
130471
271525
434683
306164
322308
4733
479880
448777
374383
298200
314636
199332
182940
395817
475442
36840
43163
57116
254395
287802
71919
302274
134343
221660
328080
493111
190997
390232
313728
252441
346374
6137
432456
46261
480240
107295
19982
471167
128651
89060
337372
165620
301890
422271
258905
28742
433067
39977
281782
257086
243886
128062
400108
143750
73017
439696
490599
32195
126020
383210
101658
63013
312587
386503
411997
316152
39550
436602
76155
18673
146695
176448
229378
278212
345218
197265
453123
316712
363196
365225
457847
157290
110062
190545
227952
275860
312610
493130
316420
324658
457214
116658
99282
35446
434787
24028
60427
489154
131636
404300
473239
21517
85592
51972
149063
161214
82487
437634
184583
433812
360813
333089
376531
89788
35061
6582
256008
259996
212557
181343
466571
370571
143838
239304
349744
225684
396152
16780
91691
375709
209553
434414
490765
233450
23565
474566
210792
412399
10781
294338
342355
391611
112511
64340
146610
41148
445165
7503
478038
166488
498614
203711
48504
419508
164206
3792
247183
444529
352527
114531
110586
189581
32046
116792
86689
301111
110510
381197
106090
118289
452196
76787
470753
287849
265518
398551
286353
319456
347926
322155
352314
298239
79919
83293
405038
108063
373628
84805
445074
128091
430226
3977
149759
318794
124013
485982
200305
225938
135009
449
171645
150112
423241
211141
58825
316861
115375
37955
279719
162721
188641
310061
12901
197098
124506
193336
94208
249028
338896
367612
405962
315798
445352
205015
202046
232301
278621
296646
139760
308053
20335
491518
396147
142137
56008
175546
100656
1532
215268
227585
420023
224677
100044
442723
34775
95609
333236
495798
365813
121571
316152
397709
83297
480841
183894
269241
156347
243025
429522
407718
164469
319998
257682
487618
75460
310082
217812
299022
210379
31746
71319
15576
382792
132415
222484
279192
320464
116434
338473
176368
229010
211087
242289
150106
329363
403210
118799
447384
73968
48933
259317
490330
301114
193481
403023
108056
188746
166482
398667
443753
496934
367702
41078
233312
315451
233342
110179
98058
131837
30155
259445
46666
184036
152414
395572
240301
263291
202976
265099
307754
90132
499950
235666
10971
107425
478900
118330
114090
142481
282844
252827
126739
274983
207197
192614
68395
193783
114365
294693
385630
214516
469469
225129
41798
199213
489490
259765
176013
354297
215949
245064
418806
165815
431158
472784
177514
159149
115789
97530
469197
234362
86697
387978
358814
4461
349901
142314
309689
128125
426390
104069
186312
343340
395307
78270
477518
20217
408396
261080
468055
140200
364492
40474
452729
86845
266221
378190
462395
158059
334472
364073
252905
308702
292043
325924
469547
109330
440844
62042
224181
450696
392740
133402
798
132345
457373
200629
275139
348231
43807
486258
253148
471590
71572
219622
209122
293697
13845
367429
85277
236595
62787
442712
371794
119755
234746
387234
419648
314444
368306
398513
336481
480213
402163
140073
245268
401109
396767
190127
8427
217308
32616
440380
428628
446132
46619
52661
375994
195221
419427
52775
436569
417800
266678
100856
492347
413906
122115
292658
370338
446310
83054
494475
327122
381555
257507
424443
409561
159523
102533
305480
375104
405371
141759
452201
281063
116581
417454
141919
101113
98123
300515
477721
36849
169175
23355
307011
212041
96541
337128
346202
39757
139958
132644
314592
308345
429564
28523
30536
43695
184224
214768
370411
29288
12655
417904
437537
65208
45099
156386
284552
483800
294311
135373
253593
482932
29945
302630
242117
383662
187728
24308
276543
433068
21704
306182
377459
390889
45108
274099
350869
334611
356233
30091
313759
127966
314133
158303
234228
25496
150848
480244
274031
27492
496810
194931
142689
17073
459864
231537
104264
41141
143217
447234
193806
5410
335092
97334
493214
399060
430822
77752
382402
286442
300920
347143
12851
94621
255446
486823
490191
111518
335362
444435
128277
387765
65539
364879
183989
481944
86343
155467
433133
325864
376650
348169
363554
416470
257422
45161
40644
140234
419217
275789
356671
435198
325734
222996
150377
191841
239552
445148
244276
426875
296158
361809
64589
131020
384937
413613
77826
257995
181712
82620
119465
15881
475466
268326
81993
431395
275978
332145
307052
404028
113828
103897
107932
65253
182577
256139
52297
36315
271147
268568
148413
385027
117763
124299
71610
101395
240571
328710
139170
88416
124640
93919
2734
449685
60966
283588
283259
76283
287230
383861
302123
250415
355165
128246
177089
205257
484152
283169
358173
248185
59837
202401
376705
227504
452111
434124
8307
127797
94446
138788
257019
259503
13351
449627
122077
50976
202740
475690
38224
245982
95734
351970
100897
333570
132755
279027
151868
311406
31644
92980
386926
118168
341305
255220
228321
47922
81211
78038
31458
109717
26656
168608
73334
282524
366327
197875
127810
485979
54985
423195
236953
149192
188066
366498
326656
437466
156832
474239
227958
274612
404793
298959
285134
400367
259796
30773
366896
244570
289135
329935
383075
328383
499143
386124
290669
407269
15773
60480
168096
272897
445487
432001
139763
284352
295757
307123
348499
74403
294083
184127
442053
401245
283235
145902
460195
397862
187597
8303
418941
296829
6536
457392
492214
490250
11112
115134
235267
493568
281614
113806
222945
491056
246361
183952
23374
262530
168254
30331
452988
174222
101299
380075
402765
440698
117333
126461
130145
284786
252423
335201
395480
390019
86217
213422
95050
345670
240659
164741
16907
145361
395713
107687
348287
360192
379275
128315
463658
415974
376756
73421
301042
354862
428610
4229
495314
461650
425823
100787
372183
323775
111975
461974
477630
79393
253033
354938
258638
143764
234707
62987
284242
362842
41124
454768
25746
155411
117405
432239
105922
216020
360355
1520
374257
258903
263271
371991
138650
460251
499503
120851
262664
35427
188550
148516
142769
117112
6660
142305
164937
33476
185711
302014
342694
438288
387854
384338
455822
176694
140455
208024
461330
8954
71055
253342
381745
291787
108307
463804
150603
430049
394495
272595
375103
18267
406992
314569
153247
14238
381534
335191
419943
64376
131880
453493
247018
118222
27486
201200
391303
67502
290246
288704
192214
174943
126567
298798
367470
361720
139245
163354
448865
221353
455503
243719
220767
73032
483668
287951
296613
459671
127825
451571
247816
96046
365321
111474
355776
455685
364158
488200
41470
348016
185500
254151
227248
479316
489139
18704
206765
473924
235100
264001
174343
375505
287291
414338
269160
191686
359689
454174
409411
377502
287728
230704
450192
222783
256086
342737
393597
457351
380447
52776
230483
475681
399801
91911
183519
488829
38439
174314
335835
186464
302036
407300
347469
273856
237449
19131
440875
81788
298795
287870
29260
347731
434248
370947
66603
131441
133157
494132
405693
48579
398574
27614
456011
488056
335759
189039
177467
122629
98885
349720
63014
382234
357054
224936
41339
67922
25731
37807
466025
389943
491830
244872
20603
279071
86513
482817
97406
60568
378848
51442
268070
100023
61637
145275
244308
70332
131844
246515
133017
400067
481278
466239
66286
206004
356850
176452
212104
335744
245223
450118
372207
52819
99137
229590
499456
148275
307266
479544
345780
62608
437322
464302
362655
416583
55354
389598
420597
157678
231285
9790
316749
377632
49015
210061
111969
364923
483901
324952
258095
191751
221191
374130
423421
340107
343769
169785
22593
187035
97962
356105
100457
340059
27878
107621
305950
420796
210376
367680
183593
323834
476722
11249
237877
383402
158451
455224
475608
421000
224859
273430
489453
497519
295007
480750
27481
48536
183200
213789
40571
184520
483372
263993
400095
425214
117978
433608
130070
23616
110918
253787
133984
373333
64586
55022
2583
23970
11677
155455
410303
390026
40824
153172
337298
81537
294851
188214
418570
472409
22929
403017
188902
250632
87119
497618
225467
464787
95765
383967
75708
373127
363262
207363
480090
156407
181567
90502
360619
354624
159210
207165
101388
400279
22603
306212
266687
56697
185896
195165
234608
358432
147641
193480
341681
317475
82302
326394
298129
276651
397418
180061
261866
12135
407466
462043
104591
428500
466240
499310
220716
98894
130382
138011
461014
101037
330232
73119
251546
244332
209437
80004
147028
255583
355979
22423
11943
108226
486455
14242
396077
239954
340673
471153
342864
375624
110793
58637
346809
469610
329848
485620
33894
484166
471931
105452
325919
357997
173071
277133
141406
438502
377769
351637
18734
145098
410497
184138
476917
83520
307687
454767
300009
33316
83482
192320
247793
326616
82852
228679
334267
53412
100413
991
498410
394879
353636
257724
196581
325820
19851
441767
380031
184510
80312
9275
238925
367910
77202
25798
292719
420113
402954
6835
160340
157281
283206
431517
39725
484808
170110
68745
258524
136670
442901
102373
466731
188871
205528
277664
8856
270458
406622
173373
453351
203105
454931
276881
224507
285505
146425
494172
371571
32759
234504
386775
251767
2840
281323
311050
48073
176878
60414
188348
369622
417997
258288
258027
187033
130277
288530
65870
240764
3606
87702
74990
134101
113989
298487
173023
433398
249642
223041
219175
199589
487491
312987
150908
25248
433929
121314
457851
285653
92468
50686
449288
98209
333628
499990
19733
437829
263888
201639
112263
104153
418197
275267
257763
206758
260876
424165
466824
280358
383862
369780
58119
103859
374932
323260
58634
151711
439934
212060
28360
173231
281180
339679
233081
177748
437386
153467
405799
254347
222687
143526
65692
302373
363515
263043
83408
83568
168644
457541
74637
425812
180170
335748
76634
11376
27841
466689
371095
27412
328548
207232
442873
50015
424837
199206
349230
69373
297274
242291
427075
28295
301594
365169
409006
298561
345014
28975
89522
384935
51870
178992
45222
416184
401877
234959
211707
238078
281930
305697
270453
274411
124542
371245
289770
144364
251036
39514
325467
389754
141797
322445
226254
237123
238847
228739
463019
65414
47478
356496
101625
451108
485348
463332
64516
495027
133089
444779
15484
354933
224588
241633
331306
340776
335586
102596
452091
154710
368727
54317
223920
351219
217246
270886
263138
444897
278606
259594
106581
419280
141313
51640
52976
420374
302199
144743
491353
281337
76928
332255
376898
251869
32103
496358
56026
37248
8258
105139
67351
178246
385493
130273
79509
327269
379993
156962
133810
485529
51406
207806
101722
271083
80824
278911
414518
300794
362411
76967
408019
172870
369650
476407
209954
335959
382143
358320
51478
387141
231540
214338
482961
267257
234970
129809
389909
182530
89638
78509
249985
8948
58291
469596
226615
145673
157154
138575
195656
297139
113056
136748
327180
282830
439366
493877
489487
52185
219947
315072
54949
191034
109620
461053
453808
277559
14585
309180
435048
142273
211049
408478
303857
394258
118123
260422
266249
92809
478788
466280
121251
441878
143863
151081
254428
72505
354528
155424
481858
438626
413803
235357
32404
477740
408242
214937
217175
144807
109572
436589
70234
137971
90051
442585
371166
140343
10825
345245
307382
309825
197069
217052
144355
174167
436904
337635
24938
441478
417146
177642
416858
358644
228121
305932
80274
21949
438797
379886
456614
73077
452866
52416
95051
112940
212945
52161
45897
453368
76425
103672
225314
56347
307508
70610
311195
135332
31059
396231
411929
261642
336015
232733
30263
226418
110854
493031
471158
383804
319018
135268
360216
394545
481476
122807
35492
408216
333406
152357
177920
192943
53399
318738
404938
144597
487853
187156
117294
286811
198378
340096
250442
20002
215366
51161
31656
228419
205434
197975
400307
43424
459835
310571
314886
310480
216186
441673
388334
98156
410042
266607
262047
469213
60244
87714
313091
302390
95545
21214
16069
54628
466692
185686
328811
339245
22695
241566
486497
411143
245531
116932
168803
259217
306300
57416
27359
286216
421902
239243
24595
484499
457786
492484
280857
432707
292589
278822
193279
131494
369264
380569
110333
226957
465964
45880
397392
21834
355677
156619
211785
182496
253951
264841
123766
381580
378454
421186
59774
207873
475517
212679
138069
350912
295451
431195
241385
72159
190833
326296
40532
432592
368741
56204
468275
80501
462701
265121
190920
292105
480972
82914
95574
370517
109278
214732
66601
311757
361744
150724
457255
70109
155044
460973
330865
115984
32632
47827
35098
154311
332137
38125
57971
347004
361195
26579
62404
266513
423398
244184
482866
252628
456956
52074
96832
39980
183459
363419
13362
396695
83180
321898
357568
382409
369377
237422
484903
147650
332813
172304
289265
223492
14062
187452
97350
251553
445063
52873
459653
38386
480074
48949
389335
62777
162218
345508
191698
110563
9521
101600
217494
50248
485903
54000
331938
346762
491694
134352
89430
26140
479814
188482
240783
494846
33251
335275
15981
67742
221846
161093
99007
48826
314682
371302
10022
38401
177660
228587
463244
351405
162320
167572
456566
12280
151590
207468
130036
11216
39044
12693
192576
83279
138080
266174
158613
385540
68725
405316
125484
444469
310531
120316
280685
231650
169212
275235
409137
336367
115893
480417
173020
196866
336896
309619
206386
302997
334666
327828
412867
135436
49619
358033
170826
69737
292606
410269
77637
468874
172158
418074
113007
363896
309987
47414
149446
150189
109269
342234
210458
257029
315586
449432
12922
271958
125957
10685
499401
150464
205380
183502
265800
196473
492591
483831
111001
460569
298640
351001
252696
491736
416301
33730
57416
202991
9665
329159
397133
99287
476796
38464
167095
120621
493069
2512
245988
455515
261640
34806
499440
340713
208626
412103
322761
225335
250022
270478
254490
50017
235139
252718
27049
168752
28304
469624
113141
400081
404221
365600
466579
47177
164978
33897
362633
347607
150312
486951
174893
244585
396472
162201
309811
198154
268634
158707
62170
55852
137511
293997
327882
145138
42747
118856
194929
226072
192986
94328
16345
131338
237387
111357
494342
303983
437649
443256
194849
40851
68028
223503
232516
497437
264356
103856
356901
298189
54368
404190
315150
224344
20691
257746
206598
220551
253487
336452
362150
91543
292706
142259
25919
103559
203059
425560
167383
496926
150072
259322
27259
227404
368741
236216
247563
9836
458441
273855
288851
110459
427335
77416
315086
166845
28391
446738
454621
335075
296191
330929
254081
287982
231676
364787
230401
110536
90917
33715
72569
404625
379507
70858
83700
465394
220572
480051
371173
13357
409982
284237
384119
36578
401153
79160
242811
483843
54377
351585
93491
372732
326743
464068
281748
428322
179730
76556
150029
216583
350138
318825
419951
291952
459197
255748
98900
360777
110549
26970
209058
499993
87025
108687
380432
279063
413311
154176
311071
194072
474538
30133
105373
446196
258273
65998
82579
10700
65702
41339
223037
209301
305551
230959
136360
77849
124224
186482
168744
308609
396087
440906
339907
294146
269175
232893
31527
474232
188759
257317
475029
124124
272250
98860
120735
172459
304697
77073
338178
206798
180900
376097
38086
437588
276511
233758
408656
191354
281257
8635
203047
256265
9180
454276
118907
23643
4915
468906
110886
428589
471694
231983
269890
355524
32536
344971
460957
195229
131915
303957
328442
88550
464235
198931
306504
369423
312143
47221
139644
308954
429099
89723
24911
180257
174841
231779
288452
391203
227123
405244
427233
466858
288649
475566
448019
493339
75417
348710
316118
349517
471717
308778
116501
22367
337655
246388
225098
480803
392061
336487
496402
178377
118902
246735
269978
395234
239349
135711
279172
472729
327732
189452
131359
11987
360709
36418
202857
147830
258312
441880
395095
367010
304648
146381
153820
25669
180408
388176
481655
47381
385288
276970
208821
343370
236517
421610
119197
370654
109539
67534
499049
363963
181992
243127
160523
158391
174145
474425
487104
451809
190656
281446
199690
360152
42860
53933
103261
177777
277160
178927
173758
409672
163354
125604
220928
151879
233826
223937
194496
49279
268150
240797
204512
51536
482785
186737
153286
31902
133686
154061
134643
370335
215812
128921
458340
284496
257028
362739
226196
364203
60628
387933
378342
247942
328147
341458
327488
3807
279526
243186
19442
252274
91378
175437
81072
362371
380030
167660
73478
12972
58834
172633
454453
115320
380688
357759
426809
435796
252191
256491
349250
104804
67843
246417
129612
165982
35883
314382
294660
30035
98080
385012
377617
434
384051
443750
480085
367845
115856
421354
104281
160402
137096
152763
228605
128197
340317
159728
283000
157136
207716
128927
160728
424150
279436
156699
238002
76653
376233
78479
443048
24024
436849
400565
364681
320146
265848
261335
284377
87803
446083
414824
32910
164526
123491
234778
92380
465656
100958
33298
208537
497999
366983
302037
418010
358872
176975
80260
443457
15523
465583
218514
59805
235443
116705
283725
239810
303329
257967
224601
61830
207543
457653
278353
70939
106760
277526
72652
340526
230915
56418
26452
410840
387259
307632
246730
10098
323985
99814
174863
177756
244719
183912
200421
241737
198344
384564
164015
477682
371591
432001
361275
276273
68779
386909
372788
353556
39417
469068
166548
189256
319725
69974
333417
369860
170580
173422
9982
286715
155252
212863
21720
314602
379179
105556
245280
403524
90473
183046
65762
173641
221283
224427
385654
83773
183141
363745
233807
132977
408640
499287
99752
181264
396040
471716
149731
97693
196106
77756
372217
229420
441092
313199
37459
138166
195021
212158
164306
414469
389515
210472
195785
428183
486251
196335
498789
231723
92210
474477
248707
91651
274122
425168
201656
208735
278314
120526
452928
243216
381432
368514
265267
419408
428557
352592
218343
478202
350545
16896
244460
401598
367682
364076
459639
406733
198305
271630
160730
171819
29096
49839
268480
71244
399254
51114
142331
356135
95351
454179
460462
8142
248544
112984
223607
365856
183542
220903
230146
61867
28891
406685
203220
209215
453706
182048
233304
236673
46471
215943
363604
286022
52095
248560
28499
34531
449804
14633
192999
148021
333691
281409
39588
240905
310386
112647
435602
118882
48731
23966
38799
337779
145050
5794
286854
372526
157836
443636
66455
190226
322858
235248
144896
432069
214354
22494
62864
145034
446341
22516
73927
187594
36107
238518
422240
291930
189780
152508
48890
490032
81662
84100
283370
120256
131836
304577
381764
363373
171306
155302
3518
325578
216872
395964
277656
12574
175317
12996
123682
20342
119855
382076
312982
207759
326095
203430
476292
149378
245450
402683
421530
123658
459402
410467
222527
451273
372532
74411
384100
77631
444194
414030
23650
263703
439122
148134
167488
148600
494957
350404
343458
104744
414016
67593
70152
436238
466379
108739
4484
493342
326277
324496
309151
215661
440192
214939
214929
161525
19791
59457
9385
413858
300960
24935
92297
365356
86237
249457
191818
271706
128389
284793
158489
54786
310574
211593
371786
222805
290131
303040
394971
179512
175207
310074
394219
377099
450790
379246
451912
370347
198440
106095
32712
154015
253419
198030
115421
344284
498989
60043
18004
290004
376247
448643
293319
164717
47850
498237
261331
365158
141617
380397
24812
439017
419246
471320
177312
113792
117182
34678
89707
169707
93266
213381
341000
39434
243399
50465
306999
460211
133310
267288
231546
6031
64763
141774
384522
472274
314376
465043
229181
468619
245255
41249
237346
87832
342091
218409
95739
162285
72176
371673
134966
249378
313616
52580
418646
42657
60076
102585
359611
38891
352583
456376
10496
316818
185162
269601
326731
55876
236516
15837
338552
136629
403615
24934
460748
279811
229478
289903
4402
336783
305973
443150
159457
5583
415306
114299
178403
17109
41605
282723
422132
392931
286797
230041
420580
15522
454284
94412
443163
63164
188726
362904
278955
155880
402808
421314
263972
154569
85946
450659
228592
197042
343904
304032
43998
313373
251564
485135
202017
431778
186391
188612
26118
492977
312234
225127
186400
148381
291066
467780
468429
150040
275041
338604
316353
86986
23087
416782
22545
45959
263947
218305
118231
149820
399350
212246
18313
411217
256851
110359
406558
280504
145983
64835
411898
254745
414841
265478
216724
312911
298901
134840
452227
224780
497568
245981
120253
74936
151135
300119
77571
149908
149230
226371
379714
309544
132292
217737
350295
265014
362453
237595
90881
166749
39337
217220
86811
31336
494541
435058
362857
34175
178801
439827
62171
202445
333963
271129
372440
18955
370282
235588
406554
444556
30840
14671
334648
259039
231568
161685
154801
288262
122787
211425
121651
205783
265456
411056
437154
498004
434974
287040
448089
227081
72356
147149
195075
299666
96127
155777
359347
456012
354355
44647
72626
442806
225397
30795
9386
344124
289991
207844
179093
34144
388517
96493
152664
180627
187557
297884
206841
63919
32074
44496
327346
393327
412654
441399
252002
257192
235519
443114
377011
62919
43365
391639
21260
494025
486140
198006
42003
59444
100558
425441
400415
211526
154324
193117
152263
457427
468677
262403
167521
42363
465033
88707
25134
234556
99803
301720
399092
31795
162022
490183
307374
17265
469302
206964
181337
399791
286052
338086
170966
471743
103835
346975
126017
397660
432534
249251
347252
108867
56012
226597
481307
72136
259830
478027
451338
112103
367836
210610
160800
421883
394176
394342
401659
197696
56194
401476
390809
455527
12468
182629
43242
225505
335245
290295
252793
58124
434559
433828
209334
283026
202675
141684
277968
487766
330303
479440
449518
398125
255688
309307
294064
396256
425579
364221
426969
275734
19300
468958
161430
444361
260828
43597
291933
344677
403858
94011
312897
187579
46823
364622
259100
484963
314431
75051
42712
118695
128261
2970
406031
341235
324770
385617
182545
201063
188796
165515
374800
91049
417991
33285
347651
433267
380712
128783
389258
242790
61576
153648
437362
255349
121381
76646
157970
81658
151544
378699
197641
39475
79846
176446
423491
321441
468934
251053
456941
124061
126355
100643
407219
68465
231725
308548
70053
330537
173324
18149
44468
95824
116944
18527
117358
465400
88149
51187
92151
429209
405422
457701
379110
408709
435685
387525
456822
207634
131452
197922
284258
174243
30828
332600
142245
152848
332769
143062
144878
310631
348513
358498
29574
366833
371228
229964
203820
191813
120372
455330
458624
252946
275239
412971
376093
388053
1600
335436
212226
71599
371432
10132
277534
282443
304172
316172
359084
261960
130533
81792
409731
203211
74525
295074
260165
290287
240977
491089
101210
53202
448281
432081
393556
309328
421766
69929
310110
414883
403460
347120
198880
276546
339292
314920
410280
62606
468987
113121
108277
67967
98987
381296
570
428700
424528
58439
319689
454289
129642
132125
474520
306136
1183
126132
215679
382635
245534
237279
121636
219164
99729
325927
410553
444099
140952
179054
203151
163772
370971
225655
271428
380177
192412
368276
392366
418514
370245
17569
245821
33338
381121
267859
13726
291020
445914
486316
312760
305158
11507
436596
205143
143569
237943
290148
310851
103486
16424
141802
39245
335234
74021
174574
448340
337928
233066
465149
362685
84332
399799
141406
301017
430516
327549
183055
487729
482450
418080
276265
484482
130847
274633
283921
132883
395657
313152
326881
241908
377133
58283
368267
460050
158459
82111
154354
276719
9899
356927
471370
154607
252874
177017
14893
43989
438483
340175
351786
372898
337858
225893
46694
412763
27666
463831
118875
265523
355
154911
72929
323496
474220
204607
494125
390841
25622
345680
326629
298755
191617
38261
286426
460927
165835
250595
239145
466671
10382
372213
227902
272858
93163
431023
488106
167804
9045
131367
434551
228428
244974
214275
81503
17776
149866
436256
66878
421915
421224
121005
75441
379174
492171
484481
187165
92413
26752
34570
211379
202471
427125
282613
430855
58442
64506
60311
74764
294383
50630
21033
233423
483723
94494
79245
413799
119747
58492
11154
454403
455619
84102
94338
156416
323966
444657
341159
293429
66652
212058
294493
160389
454586
35489
353826
320195
198487
256282
420821
35005
11487
389556
358120
473226
349258
351557
407229
76536
64496
133971
330988
43941
273368
333687
19594
409586
175287
17507
100778
36084
97974
428862
254300
287391
137755
184998
49573
336377
145998
18143
197889
395038
341224
108065
489318
451825
332474
268063
376697
168207
89028
285223
234434
373087
453506
400648
349448
187737
389555
200419
110324
124357
43781
319764
390707
173412
355675
484730
327638
219987
213852
35993
85313
9707
102813
47516
294155
8166
12230
266385
244973
184065
178249
439391
53376
183164
370437
475401
476516
77931
169728
279178
165354
424452
117845
429882
412374
14933
381786
363088
269193
109139
222260
134122
92578
45280
462146
269448
361504
92312
362003
359494
196625
334042
195063
83371
253337
488754
385127
141878
483537
296380
420884
17854
247708
471492
416249
224395
175391
418634
464681
468294
270663
456389
442285
268993
304872
427371
491615
143393
76321
39370
175167
340714
282923
410658
107564
15656
136441
77082
378724
3833
170936
263092
461216
261465
79483
311798
266970
263233
444298
117118
24616
410730
207952
381139
164543
329141
404065
469529
270720
413500
327576
52673
412295
166605
352160
384808
132720
412670
324801
299044
38347
342507
430861
331569
455377
110850
371286
45808
407728
488601
499298
382444
129378
442734
207404
96075
272522
288629
416846
433175
225941
375197
2733
47600
251823
173655
289543
2993
377485
226655
169435
115007
283924
362193
289876
59439
385712
110408
391846
131635
191197
441427
69420
327326
411885
497194
116727
305035
410526
272021
143942
25876
425532
363793
233292
118571
48144
323242
344310
6839
362221
316120
291684
206019
1172
189548
128274
488333
308066
379971
392746
389539
80825
371400
304052
282024
295884
319208
187552
343796
307354
413569
47382
428320
369395
245290
79371
464628
443894
107202
281217
437096
159352
347960
227424
34849
435445
440015
282108
284953
46515
188097
49567
308845
126835
316683
267074
409177
15703
357121
94158
11221
361241
254840
466405
467358
400631
317515
442342
243738
84457
133845
372431
354627
243508
371586
183959
364622
302414
489092
34450
146618
323157
107012
35562
257425
386517
168623
341831
98317
463651
110155
235712
259491
447275
455994
418768
88250
150343
56970
452484
283024
326824
312600
337258
187795
449850
390022
408799
441652
357881
408300
439379
478131
397593
30732
233188
315538
84001
140690
99369
364467
265041
163612
288020
339017
470311
324008
128654
210889
247243
259996
357039
328763
375564
327377
426029
394131
470399
254881
393357
28797
176335
22093
30674
400842
39884
183184
368878
189053
321187
441220
282609
80932
152598
382220
230143
348614
284141
450985
13621
447472
402786
350321
405751
41659
339148
299802
187781
179994
196538
373632
484220
476988
259906
135804
323002
385114
41850
178467
171184
3801
493220
154095
328602
269785
258688
466895
377574
175152
157416
391376
238530
150451
272336
280959
409977
348340
253474
126741
430742
350951
212858
245820
29109
207936
225434
11663
449638
347147
205146
239908
265462
373884
232799
61550
422040
101890
460606
240616
29156
88575
367764
397731
218421
309565
83554
440315
481667
74665
94344
88290
330630
372832
254307
130066
242377
459637
61209
86836
46089
457780
23697
35172
339969
144647
310913
462716
80327
11715
35826
219420
344709
399676
84025
4112
290473
364986
310508
159427
73923
149830
377070
181279
204661
221399
242235
426485
241336
339754
76518
423936
454751
278133
55056
382816
251019
310697
88176
3511
201510
36181
297821
409650
186787
453709
405691
366490
450169
328191
98867
188410
164773
357461
375079
5414
479658
284505
497406
87715
248704
406995
270408
30763
42637
470551
401750
342387
242555
57227
318330
456142
290515
186256
100351
300611
23977
136
471135
73449
466109
62695
13873
156895
198994
450602
224787
35423
33155
494976
138046
364549
474848
48393
11371
351349
326557
228699
308720
111329
174417
92496
290751
433106
176623
23052
119394
52288
233277
123490
261270
176688
458576
19559
192842
297139
394678
389268
334770
332382
122138
471052
320106
400038
382542
116945
125071
306347
483600
40118
403896
86897
179540
153323
58522
91288
493657
460732
137772
11934
5154
248591
161818
485170
358111
283222
174603
159378
213347
301652
490263
20322
79952
316959
308167
277670
188186
271719
359987
129028
48344
190285
236135
223778
478396
127286
269325
81926
325986
496049
353983
218487
266497
327952
131654
465258
191415
300981
295433
41710
6968
114494
446960
135873
419118
189630
310849
210330
36508
472935
133163
278576
30856
184247
198592
456605
300724
229322
197557
220524
66836
297804
388954
146384
155732
350095
261113
364961
492621
411909
315179
114966
47236
283237
430647
275341
439316
414457
165525
302255
427110
344996
312050
492941
249667
331540
214318
114218
472029
355252
226115
477910
275583
342982
446945
288034
251349
408160
442603
390418
146425
49549
364581
476425
307799
394190
110703
221182
441820
98656
247818
140773
301107
494715
240546
286981
144752
421644
182105
102816
411835
208988
113406
437412
398405
38826
358371
329002
196825
256384
248532
344740
452674
31448
203477
87749
221067
402240
336987
257758
180173
426241
60417
231492
281607
348252
5505
58344
54241
322909
163518
229556
73675
43427
7242
347840
381967
121424
275364
374880
288794
34898
54486
198679
229309
293054
360888
130610
71771
289170
442306
180793
23691
337431
471925
126419
123053
212881
55098
272815
143128
470184
497294
20272
359101
13079
477466
367507
450099
148680
62083
12201
378632
446406
39643
406074
322200
398976
344266
57031
194878
135018
349354
307910
149333
248374
81847
377727
334843
160824
63662
213040
75448
147157
60830
490593
482512
199032
327374
144658
186152
56399
352661
112355
273568
324015
287526
495688
52542
72817
369660
251681
248960
148755
43370
413516
11395
126620
295344
141499
226099
126138
155702
106723
228208
161772
412856
176556
74128
415425
44454
169407
5609
399275
187569
174995
376766
373510
313935
339658
12452
397367
277268
161969
404136
497612
261498
122590
237387
204669
443225
78728
11145
264163
465663
292659
174873
200490
249683
351862
191765
423377
241236
108517
311358
65545
231474
188864
327401
298012
313751
370214
248711
322973
185469
143473
153025
204051
184139
198520
270893
50902
453308
153993
320833
268502
152983
349239
246528
30673
405015
37366
174362
470611
294694
331428
35552
308966
211713
347602
215585
10026
480119
102781
128261
339486
446490
180365
411990
47601
165426
448975
182317
84582
209279
76648
358642
15830
131642
488235
372885
443342
497134
53957
41627
249333
402780
429029
337353
73504
258885
219473
105266
382406
108381
174733
210244
117743
354697
417542
73105
451536
146566
15215
186848
168380
36764
408406
270445
317376
13538
134235
116791
35561
40373
412143
160413
313806
386024
91591
222716
410190
128439
471878
44456
246745
215557
344496
245569
338606
70432
366291
367984
113919
217417
38081
307711
449139
298976
399255
14893
369049
494764
10086
295965
362034
190686
59710
174869
170847
488222
121554
354240
259812
489113
310373
115651
68
388438
176590
424989
43090
416071
346798
85954
243250
66398
115681
133687
23652
98566
479989
442102
397177
47446
389222
467519
145004
399459
279199
288749
441176
29246
456998
489229
227539
262302
460935
446139
49893
460386
240866
222940
228390
33334
312916
59809
245036
429965
427583
95953
147533
149211
114558
311060
231277
405165
496941
139857
236501
150472
3737
367178
413188
220483
302629
331762
313653
132275
379144
120906
133506
327664
378930
104819
448016
136435
181951
799
366391
165352
49244
406255
4318
53066
273800
141281
381787
387993
366526
19096
420615
435968
258021
430004
374867
161234
37886
361895
69062
139297
10076
497976
269727
136446
313806
190319
246465
283304
478350
361373
322674
113389
38751
447942
5781
95856
151214
15256
350744
25579
104210
106151
343336
428157
296572
72782
494230
434079
377373
205598
395765
160648
259868
69049
402701
78566
95225
414152
94058
489039
146408
34336
66315
353938
56938
257275
243960
204482
25962
63679
325220
201955
2440
64380
49980
489890
417728
100639
390494
54106
286943
19326
441175
120259
390068
248975
33416
416159
398383
123549
98600
344541
334186
215545
365795
69457
434745
91133
361809
402796
390984
337693
455810
433591
248969
345774
498165
311863
206976
54288
467998
229131
200150
2663
75718
219281
456869
446435
8379
169428
264429
316025
40434
301921
99101
120708
95729
6364
241986
269327
301520
102939
443608
351544
197058
292445
383703
196239
248898
493428
35262
142036
122765
101993
71727
13833
341885
466892
416850
220372
246463
422309
381923
98480
277907
273670
165040
321245
101791
283537
226763
415521
114518
221365
19268
300772
310250
114781
380752
217996
375249
134978
357823
139021
94037
349331
234378
352304
215869
234616
261174
202078
68855
127801
390322
234020
140574
402638
42787
361713
406469
374763
180039
379934
127962
492276
68655
390799
275666
304129
352297
92916
306145
106643
256844
62050
230568
157768
228451
406388
445441
275925
252238
118270
55154
90748
468013
242227
121796
144474
23947
293160
302738
88583
344542
197660
465331
328922
167352
147117
179943
376975
224008
854
381876
352302
372128
37660
215155
433255
132309
150129
263688
496252
192186
305155
367424
123041
112591
471807
211950
19094
274862
429372
213635
244348
445189
362484
270011
88422
340118
186316
12332
172123
53780
76378
310162
62685
25505
23707
341549
299374
188773
2479
450896
53100
259189
465103
184432
23258
252913
141669
245058
302126
407173
435017
227372
380995
480053
408806
76976
8129
268175
385873
153076
33492
249906
312920
184171
234350
99812
257864
361376
383425
449575
9760
424413
462504
245249
64073
187084
450360
285184
416687
210343
414781
407338
231938
407307
403509
27705
284264
426676
248299
70144
55664
21035
207714
283794
48370
63771
494053
57978
82173
39481
90255
27593
327790
235330
459674
66535
492554
22374
240218
241986
315085
379535
63710
89246
149565
439244
356485
35981
109098
1216
431661
216742
105197
486003
206025
412022
73671
186617
58948
118419
225478
76067
406663
134086
463426
491784
11500
444308
333031
430961
236407
433065
208229
489332
13229
236125
191210
349388
172762
330394
361753
244926
298776
378730
135258
308773
384738
262998
338523
294745
198729
319027
372064
119459
468318
381205
72723
62580
83371
403633
181583
315098
152445
367171
267148
452998
417585
293485
249070
117075
1071
358174
107123
434422
467038
461335
342982
490944
178670
27916
149466
364316
133247
337704
63524
476341
462380
37609
146000
356581
100652
36226
483924
60237
245943
31673
53395
30358
46614
284989
456603
411515
207860
382404
148342
18239
142996
325698
32576
440207
414259
159702
420610
477566
878
141973
456858
306523
89795
206619
477255
260629
379833
486832
365839
151059
450678
246750
465471
181188
93720
448920
217758
411182
94933
391782
19685
359511
413761
310160
486347
34446
430710
347715
492848
187470
212999
470641
20348
389334
162452
312719
443100
282068
277935
412283
288566
130484
3345
131341
363837
301438
35970
360867
134658
25100
163431
362810
90715
211373
33540
457894
373963
197289
272141
335867
327920
301438
225533
118792
156442
262305
115847
239384
192525
30716
386444
428735
110723
30132
224085
393897
228110
308527
283307
115202
372244
355687
72549
434066
419184
311236
143380
452803
194655
290714
74718
343771
213489
329331
446370
438703
218081
160410
327771
24816
375502
326206
212178
67175
263566
270727
50700
61720
189797
331130
95221
378540
134301
281175
348838
58326
3315
433494
154395
320357
341792
438575
126650
106448
163934
272079
400851
430358
323899
149220
334330
57782
331844
418613
332152
259746
430916
436447
171983
435965
273574
350784
58406
383477
104234
259536
445756
334732
129929
116978
457842
227488
363090
432245
228998
275211
140421
249737
103259
383951
431887
18504
31846
78317
189658
282871
472350
92269
466544
381476
198703
114337
486025
209590
66955
90872
64136
3999
108002
11935
335919
35211
62795
141509
47608
457127
410810
321446
172394
250348
378228
408676
236501
86907
105029
177541
131287
394868
80836
465597
383888
315411
125403
27000
79952
450504
269745
477219
268512
379978
133215
448340
89818
361867
124578
380785
59195
186991
263093
309235
366467
103962
130980
418798
388013
184658
479983
369732
437926
334358
25132
464508
395500
158492
133829
387681
340211
251432
288494
124113
258795
340528
477572
164001
97071
98850
270584
6614
365106
160548
51697
324966
321251
300254
247732
181241
326590
400860
93429
389529
490808
134147
51114
483781
473370
316505
488328
182318
139660
452268
401760
211847
133461
228777
167796
40921
322108
378966
248376
215887
355013
208631
13158
154694
462447
362838
355379
142805
83021
387585
383192
335930
488229
232559
344633
125332
157513
146679
107146
25601
498194
223430
159216
75085
38973
345425
317914
311856
363326
307333
74784
145210
372817
100424
350546
259868
12204
321755
155264
38363
350395
145833
446215
19307
327524
207423
246250
407428
226001
180797
320831
195582
62057
307906
197749
359012
498686
243786
147739
27454
487075
345878
348678
19029
80041
370671
479799
405920
233004
341058
269340
375583
371360
335184
396207
395866
82891
129703
337679
59263
494502
125895
328775
382727
18634
400066
262348
192550
458128
178598
346403
101645
182336
158985
330152
380517
304356
231784
460529
163435
393084
273264
57998
369172
461413
115365
6501
61810
286439
443143
158446
90338
341732
457246
238173
422649
389998
15747
227526
428627
90407
373593
481621
260164
119581
396705
467162
239379
128218
228828
149228
325455
417231
375363
344426
35968
327830
261064
206443
489247
160568
452058
318823
459151
224815
189913
378791
44684
90454
219914
111964
62943
475653
176148
356212
9331
345229
50507
299037
178839
31339
488801
158198
234429
361690
158862
388251
306326
472345
385750
400117
287461
121005
444624
395190
482796
28910
168148
207234
314191
244131
335378
71855
400227
146700
356151
277939
307614
373888
58723
352839
353864
197633
444479
472216
182109
11437
99698
496464
432808
79602
177514
329837
316105
228595
131974
152181
320336
41606
99875
486042
120610
99997
374320
337791
470121
64081
400344
386326
97063
67649
354447
375062
68827
10602
366305
249326
478337
108346
442969
445721
292466
345849
440823
496850
190874
250447
173790
317881
62152
227580
201725
167856
404168
295039
262893
302966
320388
336749
241925
462053
432579
177225
445918
219481
13938
278992
127695
128329
203705
99763
309504
334857
411551
191164
43640
217775
217539
274851
477598
303372
378042
307054
94957
378977
72268
118618
83272
294805
71556
297850
111343
275299
307477
414441
310428
427012
135976
8820
193357
69464
230207
383188
348862
134899
344235
170138
33791
385301
354443
494133
263455
164922
260489
119977
479492
214610
93529
251690
397842
218676
286497
269352
414276
15635
241930
320595
401321
139008
76056
394675
37219
248620
472957
262333
408737
110592
366251
140423
75181
64032
216937
272445
255221
178142
159441
247212
224243
57573
301815
396205
359708
109874
159020
68893
136074
346754
131697
345603
186275
161277
339436
116355
323736
457762
380193
327781
232858
236102
331146
41522
138282
473527
58312
336736
296554
270998
263314
330287
154095
457672
185382
26247
469692
311800
252917
383640
302091
411363
473122
36807
311454
228070
399971
308845
328596
263086
318291
290161
248597
355272
406833
137322
480973
389256
370370
4301
19102
276433
201292
91958
10239
65223
120480
133579
339550
357637
103130
194621
472104
237012
152117
20203
302365
281181
284535
321439
299224
304733
448564
420217
81461
254040
496752
475339
50732
453299
271924
87759
154691
486889
166427
380124
430365
250829
363662
328366
374130
439673
490158
396850
185268
117043
312191
142095
31195
108488
129486
377375
98796
187388
102693
470075
149749
259989
4708
324130
8530
469366
338646
115638
70041
273922
46766
94971
53802
234025
10249
338445
288758
120731
392424
75396
117355
161626
201279
345608
36918
131847
348861
112801
406052
131580
393992
437168
132665
315073
349660
421836
166082
485891
352021
221372
482215
125725
420518
232274
398313
410311
138978
76527
382360
107380
266140
320745
130553
405994
85352
400413
152599
330540
293222
233336
44550
248702
73292
442914
374983
53555
365250
160266
19833
172013
239933
87161
401508
366203
179651
81864
386565
279841
237546
287325
344688
448484
120510
59415
13707
490139
192061
16579
414426
346896
242326
485416
307296
458017
370595
305880
299710
311082
374591
231721
436059
115719
425680
346602
173261
24833
318540
178879
139502
38759
499334
439724
211048
481923
69777
200626
263272
158046
214213
59276
143055
103727
476962
103077
315763
134774
301579
234166
460397
26176
279631
117320
20151
466472
233391
63866
351083
424624
392479
388821
54857
300274
110025
110809
398566
314371
1527
80052
63328
432446
316063
462220
407637
97881
53116
131170
100040
314531
252480
55832
393400
219364
96071
421543
396638
427344
45156
149009
98244
438914
208972
457863
440634
273054
95090
220058
379794
283685
183152
472278
92152
257863
471285
255320
134462
194764
436687
221594
492877
486992
132288
368223
149730
104571
218608
478254
227581
14976
166478
85037
60779
325919
243903
197700
240201
35231
490027
112796
43063
17864
435073
246747
431296
427899
36295
133170
475576
311898
407012
58817
489571
350821
83875
444340
325684
419994
261228
101497
324503
243548
74911
393673
220754
275321
36389
271235
369090
234437
223923
146191
277200
295380
437408
306544
171124
430851
4368
279111
139880
122988
331638
275639
40872
452116
178727
447499
259709
207596
5288
378593
283353
200710
248030
329866
399751
322017
76228
376410
64893
63641
348193
422731
381062
273842
245702
279388
2905
417818
310570
381691
488006
331167
200636
19934
249735
207356
478471
67112
60132
122419
71775
295824
75514
433310
445656
80666
355881
175760
439210
150203
337294
128104
289995
356715
166977
293753
65093
314401
433878
10123
409724
204228
476888
137897
158401
160940
496957
213621
96698
249551
417028
47718
74106
458844
248692
99349
378914
381862
334612
168954
81500
294832
464519
183093
357846
468867
209984
242569
15505
469080
385948
87896
165154
72765
337815
108642
7726
21842
49695
285659
42888
19395
52061
272358
255536
382429
88641
364470
486087
133779
450920
92545
171493
116454
51491
348060
137543
125363
292683
123139
285528
31084
171566
367420
274052
170253
175312
227413
227048
132904
19706
375985
468282
287036
248677
41994
374691
279344
265376
84380
288858
4446
361478
373333
62165
311862
229883
490906
179808
369958
294312
159388
185656
410935
254644
490691
88492
401516
299239
88265
26234
222287
198392
52859
464620
267637
407940
25962
278135
83572
121008
62398
415308
462382
108651
1733
106666
143054
403881
73000
195499
233085
490977
153634
413977
159487
270421
121956
370444
425605
284280
132140
352413
98108
455700
92668
206321
15365
248773
277506
153596
239171
47673
475506
41241
94147
24489
379717
24064
78513
74898
271736
33424
41729
89561
209977
64720
21374
53511
386275
372374
278407
297848
182095
343458
164504
426941
154562
230544
326937
13707
61729
493511
74208
110323
315702
30826
250527
378767
54028
119477
106072
390450
495868
108597
359803
167374
490157
109185
312418
291012
410938
269693
471433
399540
169684
263662
362459
374978
23436
353741
162135
126200
401162
146258
369634
65865
273610
282587
45134
344213
389081
452019
336509
179805
126764
172773
428768
148432
78860
150456
240871
356172
369007
494789
162785
260731
146081
479509
109826
471800
277984
356750
390137
382632
258892
36034
299728
118631
329414
29476
449840
364805
92860
419549
126119
360727
20079
43801
207911
69550
424176
487855
474734
307266
120778
27082
136236
232602
310125
95316
242922
194213
131982
208509
357862
251959
369357
176516
492166
437614
413182
368142
276588
34308
292928
20798
49556
291786
33179
146637
450933
405076
137997
487672
132344
415232
416932
404514
200290
86864
66395
83638
201610
481649
270546
11994
231757
320503
105558
262062
33084
97020
192847
226067
422235
363237
448968
49749
12137
64054
222829
118780
432783
341733
371623
18512
1561
167435
119053
140992
406667
157420
217664
381264
336148
404266
239824
298491
24865
396866
341190
134732
261446
355371
447498
108649
414588
235154
184694
101729
72078
117654
232324
244943
437830
237695
431068
28893
479733
438989
117645
358773
205884
481419
185357
340723
199644
431057
272990
453688
332834
294999
393423
75570
119937
438262
232151
200827
191451
351152
7451
206059
309748
390342
26665
405573
334297
204134
352440
41380
318773
62553
29086
86406
102486
350675
443960
328136
442733
363634
76461
312377
449279
330766
101
366304
133022
491129
9982
339020
155416
142036
307862
439432
496111
399991
323986
69723
352513
217274
161876
436323
430209
364588
359934
452554
398082
230713
180816
162246
110683
493656
348232
51270
143211
92653
146647
144184
35919
485776
495487
46066
103966
422768
341426
116315
189251
454608
464256
308942
109720
121201
265472
416942
208740
140389
435536
180353
433210
224183
439740
212098
400662
466787
450935
394091
237302
405624
350892
127240
88144
236371
362656
164960
12893
33505
320719
437645
80850
302326
269819
129540
453719
143350
209264
429647
31134
150277
471134
149589
21918
448246
394170
80938
105082
296852
22949
467907
308401
313539
18230
204825
487274
399000
38339
136749
399889
2254
127213
85061
456008
69889
85173
118554
415131
441917
398109
260741
254785
37590
322794
308990
48963
236011
370128
379390
423746
13343
370675
300644
29789
328412
190356
353202
259624
287460
70819
111049
96038
237533
354456
350066
345925
406512
464920
54978
139823
389819
194539
255612
84532
424826
170506
283571
12094
239332
42178
308329
159010
333123
48664
164270
268673
427877
307214
159781
433346
253888
274702
375456
311447
159573
373134
212879
358889
2307
367719
384943
344999
185677
98632
343485
8613
446784
134510
414471
313436
150914
176413
52268
81579
74751
234187
451235
294629
170311
150285
458409
328946
430678
302621
482219
232015
195908
360771
378235
258925
439541
25818
124745
241643
38648
4053
13118
406392
124669
179732
461231
125473
184522
352562
311924
275102
209247
40283
210322
346517
183748
272353
337139
180528
38073
319997
428723
158236
264152
282315
200471
101979
245798
157761
493555
408965
435723
279436
307891
289826
256183
115230
385903
259402
301964
215959
5956
439220
390164
386098
74660
331337
371348
118231
46853
258797
392246
144119
241978
87512
34214
432047
322480
354553
418540
439486
284955
419424
95784
4241
161154
25687
455346
411784
120830
259095
412454
439107
136284
401309
319542
466248
469443
277456
4661
152810
387475
328938
239079
460156
303806
92294
429022
325785
131428
386660
24479
24678
60949
498908
95911
14206
339719
216257
490026
424051
379752
255174
168396
19131
480139
396547
353907
387884
84460
207112
155764
101123
189869
68788
350813
285850
35428
474951
321869
456305
38423
47120
249854
240464
43356
197450
374385
63755
476543
129268
357468
198972
338527
216766
357974
223427
232682
4526
416690
194993
74349
219926
333504
87459
348997
107868
132422
336270
181060
406756
435368
277875
170479
435942
180567
299422
437421
318218
327184
460758
370319
361909
198773
198003
233305
38580
336234
94095
381326
180454
370104
312060
499330
300173
182982
207138
476159
482596
310954
222384
285512
155816
115435
237071
31665
264313
92800
278090
27578
442946
180087
247989
253398
348377
257625
384907
82595
312034
50316
459195
66565
362678
289080
181647
89951
336167
388504
326835
356942
262435
406801
379554
490601
213910
212454
405023
443959
335975
151456
292698
66696
273311
378677
329723
200836
117874
401711
399754
431182
128345
350690
452676
40788
23671
469817
93745
470352
334282
235
341939
97115
265474
337529
496130
336590
480220
283163
491902
202224
257666
273318
56706
364142
129174
474613
247656
238328
436256
240044
206570
78653
495305
465829
354437
83542
108821
304073
273009
195179
270987
354163
354657
366531
79426
457611
409668
221372
309682
380803
295652
355281
493122
98925
491075
489033
323041
83686
156665
459399
13766
345623
210130
164846
239534
352953
78170
71504
296397
209747
369109
82667
349551
403154
457568
415620
138821
263017
343530
217153
136194
131771
381439
112071
435550
393803
150497
364888
362322
490520
39627
12050
42410
385304
427267
439651
299712
398684
318415
376336
442143
192938
190438
133128
153285
254625
270737
193482
9980
227143
247904
442592
139477
97800
55809
481786
7285
348626
151859
38660
437003
33062
315744
115297
415236
6229
278240
25358
15854
263097
382228
471477
369586
197748
483017
134849
406849
263569
330232
479875
254425
492285
493505
33446
456882
220612
491406
328459
480960
266497
405875
428816
499987
475130
285920
133132
397149
57106
473081
465696
453947
425003
289097
465526
238711
232225
402541
356083
231618
143929
296794
233605
373326
473514
200674
107657
433056
130757
296072
297560
465856
112379
86875
110509
385234
154078
146873
458343
8883
225990
151733
141475
433666
1146
365175
440114
281257
353366
460427
435544
452852
61818
497111
184011
398891
152893
185331
360353
104813
154100
214685
472039
292156
126910
290041
101165
173885
148180
449840
139527
72367
479805
281949
459921
381857
317681
255862
273741
39932
465392
39003
291559
406618
255658
122601
151018
460669
304693
266392
289029
198515
418311
91071
470194
338116
290209
398013
388413
492923
17262
461110
373783
318515
102021
496429
381348
370810
308837
414783
64412
47921
185328
191970
492694
248014
241589
48361
332122
330102
183908
276130
99171
64598
124665
62624
245771
178868
192011
402677
10355
25847
221401
425711
37131
51626
181529
309959
346230
483330
429312
294846
343571
241882
170527
296945
427937
263814
177048
345192
450502
99125
43412
245491
218071
277053
56734
232359
372877
164254
342966
104136
369132
486692
29795
106668
415866
3363
198559
253794
105085
190957
391214
267239
442835
358153
302305
333000
426918
458560
476936
243013
316258
200885
479115
141072
392610
300134
218964
235431
487849
342381
32636
264070
23769
216987
212124
340910
355040
110687
317379
376979
77576
373437
332983
5842
307346
238851
213676
263274
321550
265606
264668
436531
229684
122573
250299
120881
442523
291132
70350
300868
387185
219495
9972
73387
258065
53514
227427
224469
313076
173717
240397
310068
152506
58791
28527
261721
435968
377951
325236
29202
388511
415282
16363
418541
19931
127950
425397
255485
318828
342773
363919
451810
475393
120899
156209
107713
170716
387648
136705
222079
29018
250908
171357
253608
79040
99456
190883
489824
436658
346548
412455
461692
480493
480377
403623
217070
497817
209028
2466
234223
251141
135744
230315
483106
33961
182240
272561
126536
178216
51671
36907
90921
342868
1698
389580
457286
401367
316663
111505
362167
248019
465112
407111
59831
224506
437645
392313
458008
137363
103533
118359
489440
355573
81790
104401
389700
300911
6954
181553
29590
204530
339497
323971
195601
49587
157432
248020
314045
87630
129725
478065
392463
36087
159832
44387
399095
344420
359076
266555
335300
491436
392225
448318
293304
427419
370083
415799
46744
236946
276133
43038
425246
323358
419213
12213
482352
101100
147671
312815
424807
248716
397515
246814
395541
407836
66714
186616
144554
197576
256374
493433
357716
142381
90148
302408
495326
179588
385797
444836
457422
282217
2927
290131
227977
54380
273450
9461
328970
69657
449455
79549
487041
436201
15827
339448
329790
77638
193241
113441
497057
118356
425719
207681
164737
262133
498385
418237
28289
68263
473073
86618
447294
23546
196465
375371
397305
495942
489700
33757
135789
396540
290671
287824
419163
332524
349844
409220
328092
238312
443206
84264
465784
263444
367304
488539
302393
91232
317203
370977
176473
254455
210029
112050
471350
450833
163110
258140
143030
370867
236610
404892
323865
231708
172822
125893
22700
312893
228413
117461
158765
138317
266859
476472
266846
17872
450248
187549
155011
57532
264495
35798
266118
316790
326391
11411
479101
190563
77036
65648
425943
149878
59757
337189
286371
272774
461349
208641
263495
547
165329
454485
468166
197171
282561
115733
133375
422739
229108
484386
390108
486943
126076
280828
237347
104885
379786
402766
173129
464723
330761
365596
290052
106115
231542
167286
199263
147805
490693
492346
141588
64955
439687
425488
193633
67950
15969
464359
479697
475464
484219
379856
341128
169628
35089
222450
491628
388136
34261
279638
27697
42512
342403
235138
210371
268296
402923
413730
235408
168769
63956
79464
76817
60124
240949
260042
277874
98170
365298
478618
281780
160033
57694
321209
356671
423517
82904
472039
9668
151745
153950
195566
60931
448345
320518
276665
498247
455243
225225
226054
318704
253301
113160
55199
243689
177458
64711
177147
199080
205490
177905
234644
117062
257949
4376
111917
170439
3352
104844
178077
248764
154698
263773
219930
356119
424519
111263
150998
128848
357077
377962
133356
120258
373968
383203
120825
466001
466588
420174
102722
90446
366481
469276
415388
15807
206527
487368
369586
91494
357711
306090
484693
423076
410575
469064
306052
301985
210356
228419
23619
145949
423307
413710
246187
51478
481781
108293
411436
160822
491947
192695
365555
422897
453814
457029
30314
189997
438270
132693
95866
441316
48250
54743
74848
289489
22675
383236
412602
236044
42867
68781
74056
49803
306593
460570
274424
160288
411112
97647
300892
397415
32807
376383
485967
65468
260437
367365
210881
18154
363201
151868
182785
199907
37789
320662
134105
339376
428133
278950
434037
340460
330333
32513
467886
182081
308547
338066
327881
128013
138750
118490
477746
241232
414507
278516
64470
282175
41117
320313
239883
40604
206384
326094
154942
180069
304576
346357
134336
260976
484726
160893
243781
381476
247844
397932
446954
39052
39689
191592
354363
72486
160932
94748
129098
79639
221345
382932
166592
83448
113016
107356
8073
157254
255041
489596
109644
293569
471598
24827
369233
33466
58084
161973
136806
302047
234477
270782
139985
280148
109070
353274
27195
361028
94028
143788
378884
296333
102897
36931
95397
415286
215415
346136
491391
30745
246080
103035
87868
120732
462110
130053
373852
334549
77260
480579
259289
451446
407503
4479
296938
235518
210669
83365
198207
418173
390851
124380
239422
321616
368577
353708
859
91790
292053
122760
168150
182877
192220
304014
410455
479083
128265
124351
333583
343174
120843
388336
166452
288871
282595
29441
484460
136944
132252
474337
346258
260532
188161
290150
374340
160183
198819
480432
478638
460282
65255
127601
92373
340877
162725
75819
470476
230180
329633
165061
494117
165320
280371
187121
148172
466120
72075
371758
97162
21788
288794
495117
385592
445616
468572
92597
366227
88290
360238
235660
282545
260356
176488
399396
153955
253824
48172
278550
74304
11290
286553
93823
480705
438606
126315
356148
179528
152833
289614
239759
236719
100526
370837
111667
476277
25256
489272
251172
241518
126558
490273
178618
376473
276574
32165
282451
71028
13923
12768
108674
49408
411293
47366
87506
309128
105680
431327
411757
465259
463072
274105
163375
444758
239459
265949
276506
285288
183422
253018
205501
411370
343665
352499
151290
166247
393923
437607
211374
321911
153971
256920
255003
246898
188977
377017
98735
25880
253638
256568
310658
272038
83222
148351
52686
13724
486316
85405
475745
344222
97280
264137
419396
181702
153463
123230
285189
337118
367837
184818
222891
446710
75448
325729
255951
218875
117544
487774
79537
30345
341721
136957
38831
270048
54367
208957
84266
422074
414863
64595
268844
163997
136045
249129
123405
201394
410527
225377
41783
231921
479379
494147
21329
259564
57492
62496
87490
235301
338739
404164
147782
158393
457322
352044
237019
433216
302842
378671
331186
410755
230933
32353
429763
104227
145280
2349
217920
138072
365625
160000
9811
225925
484754
138410
121473
152502
193574
84023
415297
118507
330539
260210
317584
328489
230704
345814
180826
205393
144052
212337
306281
304614
4046
159709
12022
299331
70605
364851
270769
22428
458229
7434
313892
25314
100424
34470
422997
56936
185803
248015
297860
406154
26291
301111
358896
447048
227215
53086
297906
320462
446233
104939
164540
410175
254744
329739
385231
212062
177986
226757
241133
81654
259782
76298
183485
498576
60271
194364
145136
105898
416524
59273
315824
363910
78953
163418
98899
35379
156845
445294
200218
480386
47701
48894
89304
153590
293968
483332
429405
342272
355605
166374
433958
322016
383636
278926
132281
143795
455539
306532
181636
138491
317588
12950
263494
349609
304634
271232
50967
428304
371191
132976
418867
166895
371213
441026
345625
166132
163516
232012
373386
452364
382309
435518
15681
449312
304418
294344
142087
185723
81148
126540
361215
177507
169222
94653
420205
244651
377064
19549
451191
134234
415281
215712
227246
110724
322670
295128
240290
445782
374867
243570
211809
68622
36259
90796
370865
353404
8355
416667
398034
328562
447120
48024
233596
450364
207085
310924
223170
489
140221
474585
482822
222410
381849
373457
443048
167793
489988
11074
381724
216447
2144
333232
231140
227293
423821
190495
70426
83015
28697
389709
336192
5887
177550
195469
372195
305690
101565
85602
304356
257900
491005
101571
38159
36111
368918
27566
395170
447102
406433
308017
131357
211646
285018
125629
257212
30405
408519
127391
113896
283303
136716
277139
416645
109982
343358
413163
297461
483152
296785
62564
188211
368407
433599
470121
295551
331574
478609
182595
104247
449711
61424
361744
127578
343577
377019
121498
369108
2351
4391
276507
100676
239588
305354
179048
433566
384803
234293
117294
454958
396337
183771
483823
130045
137125
252533
88792
391435
37972
184592
450171
485622
202264
307587
340507
105099
498241
200961
16643
231160
27373
41009
70703
200294
195247
127268
404304
423541
481567
433823
18394
53684
333508
459714
219805
366365
210461
236751
379761
66348
400139
181156
169722
459065
498373
433903
88136
36553
363110
310260
154022
282935
80544
101577
487552
34526
339756
399350
122285
190026
98549
494748
460800
394395
362237
33219
434944
79213
51536
73050
234138
267527
372184
237977
394648
443164
123356
467614
109261
158028
368569
189777
281222
103997
400683
265618
368273
73781
329891
151536
113451
273230
348674
395571
127402
493647
48419
416014
380658
303476
38975
197394
488481
86288
74737
46590
337006
169675
448478
456148
495640
50908
99700
30600
371103
278206
412127
399549
80470
97688
92865
35811
42983
461344
19470
276879
83680
284605
64486
197673
289506
245943
77676
102716
36833
274235
469691
153274
145864
248803
114528
471356
185605
419485
1895
283770
423884
15134
45696
13473
179064
460894
158227
74449
426940
358297
70486
7761
149410
108193
481972
168088
285548
29590
253883
220643
451917
102037
275116
55297
410623
182492
347217
189441
352458
1363
159765
460782
488493
142443
52418
334712
176002
196222
120775
260151
455219
189145
448614
218587
142522
398627
435993
168667
445341
133552
46868
119633
253921
418053
212963
359056
324985
39019
246913
313841
339298
185821
378009
413965
354941
179334
66081
258812
383671
22222
189101
376793
404878
287146
386046
141951
453155
374470
323423
410610
24683
485678
41719
405429
12703
320745
306846
259888
70907
63371
442554
292197
227548
81197
92735
108455
429330
182561
220472
22951
120554
50758
364391
45754
336868
358133
119016
141533
332027
28505
105962
314971
150497
285257
2996
287971
106582
442402
308842
3795
113457
134195
390686
392746
193988
341618
424832
314046
119273
387977
122712
492163
382126
83733
362099
169572
61560
483071
16972
6455
131062
320546
236281
409548
165299
183238
268791
262273
50553
312590
298122
19286
368095
448657
374903
456557
310661
135612
464167
206256
394251
325212
230175
109523
344531
75360
222194
209637
438902
81054
361405
417047
96895
442183
312956
392779
312678
20812
434028
183772
115552
402072
390820
275792
114007
149995
184669
169751
304697
16614
43799
381861
457034
358482
42360
250583
251096
262747
324067
449170
129267
238447
38355
117771
229236
328301
240172
329205
133293
358487
355364
231670
189515
384265
490158
47871
55429
470002
243537
102621
466418
255687
137123
404079
332201
354678
104375
170116
315995
359550
347924
200074
417620
9798
326868
42492
349595
238836
142347
285775
271737
148032
97491
302128
473106
138404
353373
448107
452369
337076
455659
186639
407357
274948
334795
47145
190158
324759
114738
89117
414504
197788
221060
432257
473794
211536
21508
281249
358909
219203
322704
339165
474175
319654
442613
440354
476204
124853
494773
79843
62918
176214
367043
467722
278709
490362
499676
279154
473075
23324
427845
146426
76777
440585
244662
408621
16084
479108
411920
42956
419601
171245
152317
416786
237839
242853
478589
204723
317624
212930
368776
467563
321707
485467
33207
487003
473026
374550
269062
399921
203296
94894
363527
364457
3460
215953
425937
52685
393779
184220
178183
101022
252572
415816
401615
24628
9600
239789
145319
207450
427019
208074
438614
103311
398124
270128
460284
384145
71027
287131
31956
196389
135554
55875
179796
353825
229820
344486
46834
134425
464301
464986
330858
497751
133092
405962
148742
74743
263916
261314
52257
76150
312992
411231
82181
70098
189088
326986
115126
29888
490914
333581
244253
287659
402210
344045
236244
372449
382310
54537
390980
107653
29288
78044
48008
346545
343088
283201
325562
212030
264406
3145
79271
290813
435980
396303
172500
82125
273765
70046
413708
270728
7172
104314
471634
110134
207504
428664
338175
9134
261598
268254
163364
254148
460427
234073
202320
51790
135361
392745
252746
304001
162839
163788
69297
490065
455371
85015
355320
245146
181951
235538
341842
233914
370223
365668
471071
10685
145123
59273
137031
218540
392356
267534
371277
415110
129030
479221
37193
71501
36942
87172
457033
321535
328311
374284
53403
307071
146405
425756
68338
416376
278129
477220
209342
365137
314545
61963
275050
380577
46823
422824
175891
332682
111392
457265
83791
366490
347312
54474
168322
44518
160635
238993
294819
196626
135780
385226
449922
477328
109026
478801
409929
27595
296123
349864
59188
183590
283696
11026
126216
436539
79090
242122
408755
319278
17149
265141
251862
326685
354350
242496
209439
292880
491851
443390
33310
389813
452287
192442
490305
319211
312749
140188
390974
57843
33046
25687
96813
44068
469578
394814
268039
146268
258508
433648
416600
137743
445016
390936
351687
349035
290933
394464
112528
292003
121657
405903
266948
424954
346685
275517
307198
8233
385540
36997
260330
341153
293701
458023
349182
367002
393594
237029
22074
80018
221514
392701
155695
417040
427731
479064
314268
417408
78630
397309
299422
387380
462678
76078
139024
329554
239054
131390
108147
430051
88302
9919
82950
497566
104649
95453
296528
456043
146396
108931
343138
155053
230934
416917
377563
130736
1904
315062
269678
44693
206091
86364
223802
483014
97637
45725
460488
73583
345677
115094
237709
201231
320835
130455
77333
167885
187339
63420
43789
410934
385118
448238
110743
343949
209820
277292
400399
93107
124246
268552
341663
38853
432094
110656
240500
62510
161779
70434
487881
314997
478539
222466
420790
289628
153979
117668
203149
476830
348155
170298
400931
457899
285373
122915
351515
267033
430670
65862
182412
426009
253759
1278
162668
141218
223036
310901
244491
208119
16020
353973
228300
130473
147251
192661
94052
45429
241720
396395
55021
161880
30476
492259
53781
42187
455199
143900
57560
368
337328
209736
170180
150234
375870
223803
219853
313608
364437
250490
169027
489771
471649
395171
347542
105003
236222
100238
162641
379346
452737
455778
59274
238778
128175
285526
273060
19676
135827
455469
318714
325927
418385
458666
472251
187944
496722
281360
22737
81624
271120
27583
442060
76307
209250
330206
115778
366841
461139
63547
299416
356415
306913
198559
292132
163625
13063
390054
334090
486403
403692
483062
196744
201684
416718
375930
179427
441141
488383
294812
85836
179568
426344
309629
308313
144749
12843
472113
460279
147285
326221
265394
158496
107149
421853
490161
476369
301117
26704
273496
94188
61287
167703
117163
304594
365372
259677
278581
42654
16317
291645
368470
97581
181069
252751
334993
393087
35971
340763
403653
204876
8418
83892
204135
268886
399544
41069
393296
487000
41466
308438
142786
357338
173799
296518
201981
492929
313592
409444
391819
300917
105489
106329
214367
5166
147487
164735
374430
202194
281686
313027
433692
493281
286196
159930
439569
291775
228188
293435
315922
191661
17428
251354
495989
347190
14499
163391
300721
209403
270815
435801
28175
62020
255970
73225
403044
466952
105283
131568
260843
219607
171348
323215
192521
375916
395782
337988
197000
120076
50693
124465
1624
292846
138020
368391
412929
241310
138054
319983
158262
67285
420837
102486
328760
480918
383239
261141
2309
266335
350773
257814
309414
174424
378388
95648
252874
295891
162526
164054
34194
359375
327746
369399
156503
116108
276191
304196
282807
342619
131437
327767
260640
8174
356184
452479
428773
38212
368376
63251
226996
147905
243196
411433
23211
22525
42785
362426
413961
56778
98813
369235
78363
361334
344802
394654
250764
307051
483033
425873
282332
157875
243367
447978
16755
334754
463960
47545
470438
211018
255088
379348
10223
248523
65675
53409
137190
308271
354031
475292
360810
221080
32208
80050
429671
44497
1389
298275
390049
14110
399667
340183
57617
362934
122584
453128
328001
68496
74712
306904
335111
271710
148338
124634
142334
136905
146857
292510
255456
342283
215616
9063
473585
53127
89043
273123
411212
405477
97363
410495
358747
411351
62924
195415
225161
230259
106349
436366
283767
28153
318907
138699
356789
261148
118353
336818
338470
31671
37528
107986
288391
370689
104805
299885
487641
166680
491564
370707
202277
264779
472762
447304
68425
435700
441528
39335
420679
144165
461725
181379
128829
428986
125923
294274
78335
85200
368915
378598
249016
411626
397150
207078
165998
247950
149225
187062
270294
362873
380768
85294
335886
447516
486041
440078
2125
229198
369603
243958
45170
46270
86671
270937
393340
258428
228718
214896
458180
256735
212933
359059
174934
125565
396701
220668
183001
336507
395302
308438
53015
289888
95096
321755
62198
327899
458795
152928
49302
170922
161037
82919
313817
105809
23151
59278
166862
170342
50850
124105
66221
16887
367508
240225
32997
421397
491835
50993
441150
213486
308639
274978
226052
338549
351383
400065
179170
145182
440323
11689
190982
466213
425327
170893
359116
260782
45144
87021
139452
272023
92385
429760
408730
443039
367166
22306
109928
201496
78891
15544
148593
96408
31049
454954
293749
401617
403423
476712
37786
304483
406214
240324
191819
439865
295788
133428
58013
367565
10416
201061
282166
409948
4917
290129
490464
406934
339242
488505
206525
69027
62573
398802
233123
436186
467361
52407
388370
239021
109323
84308
79066
195690
186929
132224
361422
135179
213603
123808
399223
150174
309518
285775
449158
28386
290533
456161
99322
257614
498396
489037
24148
250571
496245
253064
292051
6838
135778
341380
152892
72595
201939
91101
376984
89889
157750
371081
164815
216863
147291
27632
1537
102997
26468
127892
434553
203915
68106
359359
136851
62778
51714
138262
165593
382747
326231
118510
85495
304700
419819
369612
196729
482551
392968
269848
279719
181727
290594
214221
196703
85157
192480
11131
43712
193156
282184
14152
475594
498809
156069
47146
255864
406964
195101
327184
225284
40920
51417
100728
330800
136641
453816
46779
76348
423640
300916
338430
473809
74717
191724
277515
9525
414632
282701
232567
178730
468233
207367
260833
364571
326442
113924
434422
204344
149344
28258
407834
184636
146817
271537
74933
36915
334207
86719
50578
71937
228150
339324
90947
141325
431328
190425
186882
122343
346292
290568
343209
465376
47935
463776
5100
460006
396468
376916
268780
374792
491072
181191
54590
371262
435590
305201
461973
316105
248935
323093
65288
436665
260553
15179
429934
420675
295732
228459
118223
118848
389765
286008
194504
443114
442293
298610
348325
266221
403794
3204
247236
262403
238940
213584
64287
295119
489218
14989
103322
455690
326315
406888
429534
326865
268104
435497
391179
53196
462703
215761
240149
246352
339806
467968
101562
100033
460546
419881
228943
20546
351575
266226
266373
116433
285694
413185
439698
204875
18310
264178
17063
154507
186940
116373
351509
358816
260086
164123
144847
350960
359298
16965
76954
251408
111339
14942
303344
291068
192115
100366
118609
170754
444605
207896
469490
490041
271843
494284
282764
23701
315775
401382
428722
391498
304516
220213
292047
136599
116731
215083
230506
265303
236287
483656
496589
381736
310753
496525
305408
192138
209550
225773
45420
261988
161171
452354
57879
250534
233620
462051
421235
157268
144747
120209
479133
296148
142127
339789
158253
230542
94805
178154
470309
31528
354237
114111
413819
113297
152397
287164
75854
218476
318045
495164
259588
39640
316009
323308
56489
2932
453910
297465
77046
275123
145940
53349
114008
440641
164636
155669
256665
306812
314569
272916
435532
187142
279711
418737
449828
254013
303796
183636
241684
325964
71503
286495
338951
218272
398595
100420
252400
132529
342565
443143
304271
331284
12493
60159
259181
468265
974
184727
315891
75842
266132
132309
52169
133054
254682
449759
53334
329169
198193
431934
270005
370304
50506
65002
241297
178900
3902
64734
5680
214459
385027
90234
56601
294989
63494
63194
222654
458888
367387
381777
42589
188020
424549
149251
96463
287537
293276
195080
293652
50633
109609
77621
259354
86919
165620
227954
226125
107887
99204
168678
162947
28587
189882
131022
84223
323376
51428
141141
406930
422736
172434
182168
48785
377801
156205
463569
188855
385771
24769
91183
492771
306077
431742
462440
133528
275085
330576
421358
425367
44624
293083
158139
495639
82496
13956
191148
211298
12303
56832
138361
4668
140443
298548
403638
39013
175022
247204
351306
136539
315582
71503
482594
336262
44174
240965
140204
318050
393766
330658
488086
51039
338508
290324
95776
158064
482022
454
7445
11264
329970
26494
112087
470527
43121
191918
300825
164534
100858
72266
54033
152903
176760
427754
433551
70227
86113
358777
229449
59010
319164
401848
235745
447066
320062
104516
45050
114289
60955
254708
86063
160450
425451
252684
172881
367130
468105
29067
102901
51650
5584
387762
265648
253140
24372
165056
13399
498560
494162
109698
402039
77860
184676
28464
332950
107803
135980
359475
239508
420803
133362
322482
459332
313429
349106
110862
341217
406671
257220
476711
138690
360116
235287
123747
347599
309310
428084
24680
486847
53959
54627
145164
419195
117234
344874
319706
285822
445592
477589
331422
347984
162082
445235
178431
23383
425646
329654
232017
83624
284808
248153
322989
401833
342608
428581
228617
122914
169838
489949
429149
436514
159967
13712
331974
36299
474170
236868
346528
456850
149922
359412
356823
305226
282146
126599
57301
32567
455716
462604
53436
175538
125273
468122
210156
345350
282770
343889
462842
484358
9131
192900
27418
198243
433492
13704
2483
83089
373017
113185
241466
400101
90034
96714
277049
17562
461341
436261
48153
494674
277692
181999
67994
452649
278136
124897
86766
139669
4893
134595
389729
342004
388355
22158
181945
355133
151828
362146
465058
171975
427062
435412
488356
75222
70433
61200
194747
388631
476551
24297
484499
454280
367295
226887
314924
447923
495805
444592
345398
154727
443470
211662
161996
409858
202737
102165
375582
289543
75437
168110
463188
103705
171121
427584
423111
180003
4250
190121
297152
104078
260389
148717
255143
162722
44455
263518
62157
366220
360664
70426
4931
184339
59408
219916
122892
131433
243523
72387
486787
228787
62397
94927
236305
429436
323465
422070
109059
324238
190021
239644
89229
389145
21122
91431
379237
12195
462108
491176
250579
277754
483619
367914
349554
445542
214260
117494
242656
165115
421239
184689
25357
142773
499942
331406
366082
388015
174370
228170
375045
358357
459184
262141
377140
7458
153088
324453
270026
297223
298298
84088
355610
368805
458712
59465
481550
280896
285495
170616
198948
262734
39790
181878
210290
100157
109285
374676
389472
25809
307920
131040
497947
497110
67667
256509
373651
431938
370593
104791
236829
396142
133313
434976
420984
496219
276964
432978
411315
142501
218901
370546
378504
305957
309413
237889
359687
458271
187549
344504
75234
472158
378008
99812
435142
127328
94134
326553
468239
166809
398112
5635
246745
263618
236929
75511
448964
284508
327197
34112
187773
105068
378246
392678
369890
259694
412410
262316
113710
380261
437299
264265
319149
226210
115902
157336
6734
115403
479613
375219
454549
151921
440343
229334
358217
297206
235552
265339
481665
377735
422007
2152
476639
156054
89214
296152
433976
259547
389007
295635
218402
225233
210433
152554
72155
467016
42149
160608
7261
111430
93133
206870
465945
86071
410602
56056
101706
491955
121566
219077
31656
295660
342865
392051
350219
271728
185818
254177
236451
194994
202906
406027
383752
36401
238821
118431
420847
478572
94952
182871
226787
48878
447574
455934
149506
217608
248289
230963
89146
93973
241043
366054
124063
225495
61495
102913
21577
175310
356962
202533
77666
36258
94806
215369
359850
447550
410000
112167
116331
487566
319986
462784
487111
181189
239030
309053
360538
432710
464274
7090
89290
164846
38866
161485
264950
278716
305962
418117
255478
225376
69116
448507
29301
15975
84644
247366
264351
50995
294565
281451
21892
381893
362984
293077
440688
433613
421441
109301
107655
85020
232325
442394
362745
487962
13536
459118
302186
117038
164000
152164
404820
429030
322239
483679
156839
67885
465352
279193
80050
231707
317624
127806
10516
40684
188032
63457
467604
343685
324582
93147
297808
117951
439155
372528
470136
27382
296726
270748
347287
228011
154150
254342
340153
378991
82950
486656
412034
143618
29919
157999
229147
238258
86465
253703
43832
140784
481752
421532
366477
452107
465193
110198
9477
253989
398797
127176
461188
84268
150316
166126
166482
58239
184103
199358
179113
252318
54409
341832
146638
423954
90670
44820
48942
209694
112563
422331
158562
211349
428328
169929
99027
220640
92458
114837
322817
87945
253112
292713
179530
94021
145564
21760
387920
394121
146587
199307
378606
66616
217054
426234
363437
36006
28889
10630
230652
460375
69103
277487
327669
20332
170490
456241
377605
309629
280747
152198
339442
35428
271307
196348
118060
274646
56908
231534
214309
364979
252093
6826
181630
391441
136574
5166
172580
183626
394443
187229
387934
12591
37685
432376
174735
199723
232161
481209
326963
393557
64192
240877
428323
395366
218361
476447
462718
261383
402230
82805
66139
384485
400759
122427
11421
440073
117773
122142
50831
400259
366654
228309
429278
192072
1283
119441
482550
291594
406318
163350
137690
204160
49961
165379
194173
477604
199640
267135
172501
207102
191173
192603
129807
348502
152320
453138
211838
61872
48350
926
213930
307670
301297
379778
487153
443156
36705
360316
179757
40283
192713
330837
317925
96633
405025
349466
303991
63680
424595
133750
307784
53827
387185
41179
498029
163498
429360
423460
425956
177065
154677
466640
276232
235126
3683
83236
135143
2033
442236
157344
4394
208018
245764
389088
477807
123864
379465
486773
433206
242503
472130
166760
104710
253460
340808
325653
167078
360692
48526
236024
147618
444744
359576
337449
399321
11733
241446
356103
403231
318535
78718
293124
243825
494362
401818
442064
299017
453441
195620
114072
388558
264872
145535
101952
432598
10548
443535
401469
83746
100827
134452
36382
201763
276624
233553
305134
366817
16125
89201
109582
124359
105762
316890
82042
384081
200219
168943
135091
355239
397427
401077
285299
330571
455221
35211
312270
185359
140759
445387
253853
22075
40295
299978
45051
433582
55333
89461
393954
131922
116776
183262
481697
454134
375026
94386
38012
499037
332107
231008
486425
433783
66646
182877
256881
32292
391662
492887
66286
114332
87015
72651
347958
193067
11943
64470
492992
496080
64530
110737
7231
233996
318865
117410
74806
169049
89943
283483
475242
247511
134809
65757
297946
457051
423612
457737
313138
197238
256657
414633
32097
456631
179702
303510
422785
335696
239112
236357
362185
31153
177433
393492
90596
124438
313653
160865
164681
249983
359375
475056
197526
440582
249196
425391
409881
82465
97860
401953
30199
189708
63844
109554
35573
392343
147594
354653
278835
379277
322757
201192
197821
434289
464397
7534
480493
255549
248101
182511
355491
282445
321777
61946
414437
49378
303459
347158
285384
3024
166822
480602
373166
462902
149158
257797
277914
396167
315506
251397
347284
151786
271439
199583
397309
208377
151152
53738
17544
44705
451079
24564
260130
488023
232170
184507
113043
398782
406650
99728
220001
356298
261751
317931
269381
190680
391313
431457
258458
456865
125135
235210
167020
477951
440823
144140
198137
84409
384918
115209
413723
82337
360823
12885
130812
391361
163773
123658
26346
361270
72682
342067
79679
52740
66029
426195
150213
111848
151876
279419
338276
495968
267023
138508
179326
143797
129604
333772
73896
425771
490599
135060
459472
82169
361378
363269
133143
417296
221386
332582
211274
280692
272431
156241
143709
220250
266841
493802
152482
249393
45923
457399
437127
120878
301276
111561
229826
108102
303152
100956
129477
2924
308658
291230
144906
116582
30036
44801
233612
28912
325915
462500
320803
452004
251733
385759
434787
11204
379397
235400
211053
35085
45534
9301
231455
136339
55721
427003
38544
35137
138335
375424
67447
345203
79026
155578
226541
317678
496769
163266
141294
432196
58459
492229
305482
293763
383893
450162
339178
417990
271206
242470
137530
282452
196296
423748
350900
320281
391551
88021
98901
405318
255976
104822
117331
304942
160102
77560
479972
485984
342731
491992
317504
283707
425566
47149
177587
363693
292413
123785
408561
239598
320785
447726
399688
273320
71974
288288
220325
378524
93755
21915
30086
232245
161435
89242
101679
367700
197441
263691
363098
371857
250771
199361
33700
183760
183284
15928
264813
116990
497748
81374
110956
105780
489703
437794
200600
364177
244248
376439
56534
307915
275268
189825
151130
245696
236337
336301
232332
86313
33327
47248
395743
73085
214600
40915
472381
453692
495411
223351
43209
37192
349379
473170
448267
39202
76391
271416
3363
309828
82521
474337
98298
434545
306434
380518
441264
163170
88391
84191
335349
368608
425650
399077
328985
449936
484239
33644
76326
268431
469125
436096
56158
95965
221945
48298
176160
489760
68529
468897
202655
455421
455283
116281
382042
348051
319285
133508
6208
319371
154545
98843
135682
387723
340965
91695
343284
367082
90344
72759
489533
38439
309391
498424
434345
292884
108961
300151
418142
73216
328527
15915
278164
311994
357242
248723
241797
453228
31219
407361
331413
451314
281785
312363
114597
76700
199005
488125
159246
415037
75646
113014
378052
259862
200869
454377
278158
401834
245113
43665
57727
359098
199630
186322
231991
163173
75267
488365
395938
450290
322748
142662
195473
113791
29349
406613
427395
261290
166022
478178
232487
453284
91084
404804
112284
181756
418557
217418
51448
497641
411428
475821
113177
186327
486739
105993
1738
372759
432815
213976
30393
126618
201129
271127
327817
91005
229109
175386
488585
486539
18838
33603
15453
141825
199887
96994
260089
201547
353520
130391
244491
453730
304851
26932
494468
207299
450396
377071
415087
273056
352237
355855
438326
100578
1439
428887
89883
433714
391418
384489
221000
73246
488949
173070
412653
411708
83044
207982
131018
83717
317754
462601
244322
294682
162610
301677
217531
138547
488470
308412
260221
284769
296760
218033
28822
134922
189573
342214
435902
87812
170065
496844
158005
400682
62838
237270
429679
91425
280141
124041
214692
42498
57804
476404
374292
314524
410192
254712
490046
400386
84184
53169
26141
461486
272346
134630
161687
214772
321080
262648
12707
99800
303649
155721
253753
358102
27207
342508
408080
406175
178109
102135
93324
274887
80446
159873
426832
422376
256514
171731
179996
56903
402266
231279
192511
265411
158720
209674
289134
400135
369007
10994
162894
127324
266219
113204
284384
30258
411125
120620
90329
30085
210208
220855
33529
240600
240854
81097
217401
430306
354880
327370
360590
465624
356655
268353
369091
130967
248046
385445
452153
19381
302009
364426
414221
109596
113680
414544
31437
95890
129643
463331
330245
242850
390329
167918
427934
303365
319167
97342
9252
218522
150702
69949
94926
472479
197937
360679
26876
301571
129735
290556
349719
484216
234044
202611
385371
281553
439491
227932
393417
222233
286558
464420
224198
216070
65879
440246
159291
446231
413098
77423
305109
403261
126581
318480
238252
167885
474873
392332
498908
441108
302064
159708
276079
444927
55145
363606
9726
486254
157075
179110
95558
451994
61435
190773
75907
311831
34739
22933
67164
278898
413542
225719
340496
335771
434041
121955
374622
250368
493177
39606
18011
421649
190984
314155
463054
20282
350572
351349
467423
87805
259892
295091
302296
137182
432349
259694
485224
233186
202217
103212
188460
14996
165453
260965
417749
95239
405738
316915
101309
481814
407551
197415
197767
453496
37042
428173
432513
116164
83355
477958
316520
33941
403530
87722
271199
183161
209848
136653
422708
209959
261388
312359
347019
83049
493833
385326
191451
49241
71931
326810
490833
17498
111116
258965
283750
209238
132840
413102
266153
10695
72356
186885
153837
239228
120041
155408
353751
250455
78537
114736
160127
75577
105634
265930
181554
412579
401494
314640
258132
229110
237262
352399
419813
425486
107093
385275
437529
244981
192070
275666
35276
195914
410145
112488
139960
247140
48618
39529
3067
6471
114990
350882
278422
20521
152819
205423
24964
470461
398355
234850
200128
260452
288894
377997
265793
483694
443324
257099
331001
276015
9136
391206
145016
353564
497473
484522
199340
382388
164552
469533
424980
465461
286907
162175
195938
83442
115668
401369
470478
16424
303468
84782
84685
116120
313130
199692
59822
134754
58941
46890
269119
76960
195308
462999
14060
243509
10809
219343
284161
304642
453492
174622
463213
281661
377246
494889
208908
300687
420378
257297
358112
14048
155418
436952
33897
169345
1737
45934
469417
117544
194350
409949
327092
188183
282779
306095
78399
61556
374034
319176
180750
178733
472468
313472
116916
397009
371256
262552
8357
161909
226265
100063
148922
241861
257734
478427
39203
384433
308625
69017
191623
389575
284806
130251
311322
373299
339816
414863
196832
251871
312356
327174
238339
136047
290713
371150
230834
187742
111572
244555
442211
406918
6991
394811
268500
122230
147888
26409
346070
380174
184536
300316
172140
164478
354808
351805
17320
349737
102837
392508
483101
110850
402367
275511
51862
211206
359735
427311
205806
216435
348313
77199
201541
440030
346088
383613
289342
483430
182252
357136
122640
47138
361390
344266
109927
224850
138390
403243
261224
381536
189907
136602
6156
220472
170222
15596
357702
117867
184935
89038
76562
60683
316706
394997
242751
428614
174128
384188
316670
210113
333279
181160
91744
191863
214036
410181
205207
361531
483721
293348
79554
86892
470435
496650
113807
478643
22521
463058
309412
199935
184115
433002
81048
144666
495085
366875
231945
454538
208643
196454
253276
132655
340025
154169
416072
24439
381482
34868
346647
240219
213558
87591
5166
387689
81278
123381
200790
236422
240425
50083
430831
476818
178270
468574
219136
72344
43442
14185
446437
340316
448455
318656
326537
97853
328438
62050
232752
178572
280851
60529
375310
437372
359491
265138
315831
320891
454258
475433
240902
402521
419483
491566
328728
334079
497442
393807
125007
372636
378398
150845
487947
103427
82530
38446
307198
98763
984
464952
421659
51130
375644
426882
311083
460674
330023
393619
325199
284402
480170
149475
59691
381277
73016
214260
145142
117339
134313
46092
161914
61928
226377
68012
115641
448785
301650
247073
108847
102377
352647
373136
366730
439298
105779
382339
192426
70498
109668
357640
337730
114569
12657
144767
496
376647
427995
331639
104919
213635
211606
355259
33662
55403
271604
256903
125535
311758
363205
368109
300268
211064
447742
4606
91554
14771
250905
117590
72894
247077
312748
159893
68126
456669
438660
219075
192104
363285
82179
284924
23595
349091
109498
131906
308005
103428
25459
142697
456301
286897
84387
71035
443671
237061
143856
346830
475844
379912
246007
313308
152355
350879
47271
132540
454581
20203
318121
241945
146944
252710
122395
372390
211936
422962
414494
202432
131031
315396
50582
210989
253704
6912
289852
292087
264912
321353
53266
61734
432093
128863
376417
431127
135320
183508
248698
364769
496924
434476
346139
131203
80359
63812
461806
91582
216207
159322
141961
191162
96131
169093
426438
147124
64781
55243
162325
67171
367991
34781
44167
335424
408329
355443
73065
491036
270365
137608
336962
216712
130362
332753
431186
67062
431059
284099
349125
2792
152729
69986
481348
292518
433933
187190
469272
302416
298794
196006
370771
128055
496972
443786
110825
29573
177391
493872
312030
324020
176965
451443
466366
175797
417455
167575
168899
158563
209602
393728
412501
224490
370010
25782
475520
111511
17792
350409
80283
161220
312059
360447
293883
88684
93946
222291
479550
83496
473353
215515
47643
235944
76762
117539
387854
24410
150302
255526
37372
248836
435526
172180
450400
133192
392963
270314
479844
370997
238140
92484
136214
419330
322894
59722
108552
441993
306891
204183
327917
52094
175960
136309
165900
97777
212435
490374
35126
172361
61600
264224
343389
457342
338375
89472
305101
9965
125430
56858
350306
183178
418584
436026
182819
257122
395266
30543
437484
473411
219279
128752
351571
51969
178092
475043
265060
379920
173525
299139
55906
31146
182403
335963
152717
333607
333805
460594
123542
133798
139916
28626
430708
334528
152013
258279
199143
367779
498027
332109
201100
77014
223747
353239
395998
161686
468098
456448
485255
202632
382411
464320
366819
335937
332107
360333
439000
61395
105763
97825
144227
59109
342417
427122
352640
199805
307614
134460
191615
428924
139565
7358
128872
198432
113390
12471
399163
235818
218999
5332
473097
220352
67650
12727
302032
301639
272269
247937
248461
206669
231000
304204
344087
283275
455508
73937
190706
385718
472743
103245
88374
303868
252066
470110
209221
136156
166653
320220
63497
138743
244361
132492
226753
273644
316090
340479
469594
279172
226572
128368
11286
43452
28239
73602
390282
446643
211782
340690
416993
314610
367640
320469
102283
56469
202527
439275
414471
460133
297122
388352
401956
448372
366448
360801
207653
69652
480775
39431
491190
259284
89369
391727
217493
24402
388542
423183
205229
363840
221756
175972
120674
450798
394805
21901
108271
35887
372538
148285
322326
30232
417507
19761
244819
111268
203410
321581
364876
422432
231414
381411
349445
238485
187947
496769
384024
52790
315489
117478
428518
248252
49575
394354
453301
148091
470120
370380
179105
21220
226278
62635
118932
163698
436665
187627
79103
473271
205301
417865
234489
293705
256876
192700
289389
39481
353799
125232
262820
468242
232079
333315
136183
60080
462279
240005
48844
473855
218716
452845
359723
441500
122732
63391
187515
389637
312841
342918
147873
419044
476138
358548
137238
93209
243544
259481
122692
152890
78237
392075
428063
201336
113919
336006
499656
480502
366325
175135
44653
111593
281773
258309
463940
316164
308520
380969
131207
421967
144325
276104
388289
309914
452098
68083
460087
34847
73955
444477
36350
99348
280131
437846
438882
322718
120695
295800
323054
22080
300571
428093
445101
83657
495052
27977
237807
251883
119099
437560
32971
249031
176525
92123
264218
49575
405083
179497
353562
300072
342357
18992
368373
477859
306859
43155
76789
338125
46905
35476
359713
433735
91541
411385
340372
441660
212605
147302
10392
483000
406508
112001
343636
36830
169909
264739
244221
84435
409951
465188
115273
366314
283609
112740
368949
404709
86421
88019
63361
411019
393931
344818
342922
97495
50827
47681
473408
204537
113580
362128
477486
252873
467157
177436
11671
458259
322649
33968
257083
171122
439300
110419
323807
55525
266673
484285
44509
310286
94340
33250
128804
203993
406729
251025
280589
321016
243499
218400
440058
325411
392926
179016
38023
23966
416932
215007
489659
214924
26912
202034
213109
460390
270290
129295
350729
495694
139302
391074
317853
45435
330216
469221
138995
125108
80299
390534
341503
222087
282411
281900
17131
181523
373146
478793
234256
110931
149330
150849
18195
494592
241822
82778
170322
117015
216298
400030
342053
106975
85969
433437
246638
209327
125553
408224
375049
271697
371479
250388
114519
290227
406012
231786
258899
22531
74426
90909
57155
488552
227873
197425
392874
386883
456332
335392
448415
297337
108039
261958
472305
375051
72175
124209
350330
497367
390945
9813
213600
36390
5480
392079
256915
27383
229036
102088
472356
189086
291063
90317
106539
92400
410572
379173
154457
69008
405733
247978
53508
401662
318932
370769
492622
338631
87324
479576
134093
394461
442557
490579
4071
362608
405311
245647
340750
48363
488572
496256
449703
217543
202635
454007
286734
109779
102620
256763
35943
92778
69270
453212
249012
259263
374546
203940
315918
141640
115268
99845
320768
139889
116258
340430
350423
139078
379943
331764
367332
93414
285263
14745
241214
214290
152964
93949
401112
79948
307228
131606
383343
363987
466710
186445
85986
116901
235151
136280
79674
301722
34075
371542
466992
486166
5853
273314
138648
240657
233456
124710
147891
258950
67658
231382
493047
330377
200416
74493
369847
435151
498035
155857
143945
298485
154617
63630
68504
479364
72715
124795
219373
418157
479198
127994
79418
51811
7189
243140
491687
100459
253441
365916
14392
31508
468032
387774
40967
269136
379955
449226
37445
81978
384015
63507
162566
356470
290262
143140
1365
102634
225632
38674
295338
41371
399787
258808
150872
187926
236508
249536
103767
376561
125724
392896
170012
479417
175163
381558
424676
89707
459918
173506
3878
199332
348156
265304
473476
107003
388840
246350
422238
177222
228204
388387
32725
370104
2972
190873
355171
115536
445435
483465
291013
11309
233165
22036
333846
422352
225686
110603
57282
439497
218572
490452
11248
217248
307597
198496
251955
72159
484527
337652
110649
83200
283295
82725
237651
99967
79492
121018
345423
59774
29254
50800
370760
489853
227479
83572
382564
133068
248158
276458
97461
411101
26138
353411
305433
451616
373021
212455
145040
492774
483927
432295
173140
209604
417689
310173
83073
105031
268755
189434
50374
362068
140647
339013
497166
488445
254365
291445
68990
15450
263915
311969
48775
325937
288572
48432
486795
284816
213147
309766
450126
323126
469093
221417
121731
91299
55094
355761
121874
173713
306092
228574
321881
62109
317510
486462
285123
60725
350294
139777
129828
415113
421947
232162
46922
253603
423591
52624
484841
416720
396788
182334
124862
380982
64854
73970
312050
399633
122908
474517
139654
358079
289886
229622
91055
440797
481767
415259
453761
153865
489363
83216
57545
449845
378371
85893
20074
333027
405551
40478
331986
157469
9191
271296
449442
457102
279483
112561
358612
240905
224125
228939
454574
428413
308279
3770
264248
267075
313419
224653
280737
240111
48167
79784
409821
73201
348244
180138
431383
297406
274036
17095
312756
387613
272688
457860
433255
91169
51338
134532
387986
220404
164303
291224
127192
11812
96494
336690
325020
332686
479487
470756
457549
25524
201289
109159
122631
249294
139532
209930
362073
135382
472436
175434
56435
15705
340018
244270
139410
37945
476566
497195
400270
140886
297657
276118
272745
347924
47603
260976
59919
134339
275001
297973
33554
80563
9958
443416
170883
465602
164480
361901
52107
436151
345635
368584
9935
52043
325039
422992
367169
482803
363989
474129
170772
492422
335175
425452
90111
33154
207367
343748
294565
324183
357715
460101
382639
499376
188790
97416
189072
424791
393512
246840
422497
428784
34336
493153
386863
256947
210683
24648
185199
480902
342243
162307
258783
175752
343029
246376
387250
168287
465963
150693
165860
376096
185269
238878
340229
232001
74612
448957
369618
80977
493724
138696
385247
223666
470377
75415
395838
268880
436699
381147
329965
319758
453271
62017
28194
346218
278998
173369
399698
110059
182775
107858
239152
455186
718
453117
194235
330835
129043
295870
234141
417024
144059
496004
159533
172490
124414
186384
336210
434578
250753
399219
325519
448636
102240
387841
233290
305908
289412
199909
403861
117389
99679
448707
482299
185427
130902
143533
52188
125318
17513
359156
168248
392691
284040
351561
113001
122134
265753
218515
125431
376831
288747
152499
6211
272693
37719
108164
268684
397400
204534
317324
148711
172070
307974
119835
165456
190087
457064
428557
116147
337214
49670
300202
229968
340893
359012
22001
414836
482221
266732
310761
273477
485513
267486
346146
15221
81011
128739
113625
111670
336817
19449
85383
476672
310002
208343
4941
292025
232109
182196
432397
20787
253761
376372
392484
14258
365519
396950
36251
347309
92894
433862
238399
273488
359845
238035
259597
98776
258024
425363
380015
368850
343842
450046
158612
167872
136002
275100
4651
417728
486532
220909
40443
143073
387007
324896
6195
151934
371668
305452
5197
110578
318424
19118
189764
409018
189708
185821
111514
109486
280305
238305
294582
23248
418245
405567
50669
159875
451451
378835
81912
220691
179955
65539
124076
34047
233770
144123
78581
99840
357203
471447
190756
274871
17706
182925
344038
48627
213218
340228
40315
480236
58728
444402
372371
291646
480596
101051
245396
278458
121091
429729
291174
271233
217941
147094
50584
412522
418388
453017
219160
432993
146646
85120
231979
200161
314111
116049
133102
24660
445642
56629
479552
416367
43465
34776
275239
330335
198811
245358
167006
328549
329259
484717
338760
373213
56778
227437
129162
165317
70194
434576
352383
330708
341887
250253
265088
214981
485386
145149
109215
245729
164273
237393
476773
266080
97408
276922
419484
110765
145979
8663
13654
435249
4326
16739
2038
443820
87241
387798
411570
307158
96576
101206
409932
477706
194645
237275
84574
166629
143990
304871
363116
339809
482214
493952
15654
304803
375939
445157
133196
177812
78382
239610
91561
22240
388094
432299
183470
208583
10260
305810
279233
130970
462005
127901
483307
435895
488766
126699
125420
159278
62960
479224
378965
205899
412969
353529
373982
364653
338426
355185
351515
294181
124162
380052
343910
374131
247221
411629
81508
279823
80284
421810
485999
244401
251704
399034
364392
444219
305779
304720
499241
231274
43783
325199
263805
483038
186269
351952
64626
406994
478992
80107
429846
314131
349671
332464
242222
414976
269171
230432
230952
92652
266062
271365
426214
435871
457232
165901
320257
330222
341076
375966
11299
45762
432092
461715
400740
493510
347256
16130
271636
131407
138396
120989
206939
49442
362499
485899
237244
114343
294443
338402
475423
123399
126068
257687
330175
281309
136071
478079
467764
124661
40313
188279
134188
272134
280760
166502
272853
129203
348602
279844
496202
210069
31289
497225
389845
90943
217524
229326
133955
361410
301255
257147
453236
264490
388103
295351
391284
177396
313537
481580
117380
434066
66624
96697
263540
221829
456415
225928
25107
115352
163555
141408
296447
150689
385866
19432
438974
321607
230045
311899
471516
422633
126114
197589
403675
192222
349992
67825
191079
94415
129569
367578
43882
451372
144469
190392
171391
273161
472508
338177
264923
323480
54215
279567
171068
179231
50190
33194
384140
319673
203835
428317
89759
332313
169295
248717
9507
10782
274258
216850
132310
129034
333611
327952
124817
494769
38967
66059
220425
496135
90541
28775
50077
59379
224389
340760
190995
269119
408635
54747
25178
140091
313179
351023
110668
55447
298793
327218
69938
358172
30140
464928
266919
380250
59858
161182
334670
465668
354008
62978
41024
482487
400972
256791
360455
56277
387921
198702
419522
429820
84800
216649
494362
208859
121233
493891
230241
458988
49841
283769
459777
76147
465631
267501
322829
226149
402091
170625
194498
253333
427584
220243
218240
319290
228578
177779
368314
101705
428131
92024
247451
310437
195939
442734
62308
470542
238134
78471
276415
155358
433505
389407
178879
314927
199689
163204
228048
254138
277254
23636
217064
429556
488849
69703
227318
188744
456798
80326
2702
376697
339671
73342
215803
156328
302987
115004
80275
444411
49847
282383
50829
354949
84959
163693
465293
188330
299802
170787
72846
130340
149919
54942
64975
403332
158186
91801
47452
195126
184184
461068
51938
395612
144981
189652
319195
78089
127579
45249
473632
399943
242005
225765
225062
366453
314527
193590
218264
114884
222768
145953
339899
140373
296420
476031
351429
248725
226975
19053
204191
112261
174387
336901
170380
397439
71403
366424
110560
215257
293868
23514
106604
224991
121209
257805
228742
235535
129114
411216
472140
459538
478835
46029
486079
86014
437517
1932
255979
255276
369434
214004
44049
108893
461333
67869
422574
293936
157816
134833
487277
283543
10206
337736
171150
388764
256626
345497
471494
262507
338913
477241
247935
297069
368954
407948
476553
253723
267548
114914
326568
122873
478058
271773
317204
34015
74523
405455
367080
494324
429022
313802
382531
137997
115879
41129
471150
350520
207663
60769
317804
11800
411334
187481
460846
172588
180679
472994
368240
69343
173920
188163
229162
428602
456642
388054
108869
465561
39342
441284
153063
181409
268602
196053
411229
359258
460163
395333
69650
253802
334577
467175
307163
225433
9072
23877
290643
462833
310426
454945
100286
358947
454358
442549
126031
355890
208535
75805
310554
72409
272156
6024
49127
290269
37073
58129
386934
212022
235275
83182
276131
138487
99699
191713
61846
392831
162916
453571
38038
202615
282110
13005
379871
195136
394103
394220
210787
148057
32685
77613
157580
38461
196045
369368
314422
362244
142699
431117
305893
63580
1781
460494
75649
334224
114700
334524
330814
472031
264920
414907
47229
141650
137413
73767
386638
133891
266172
215267
76906
420020
263449
113392
464101
478745
363106
350388
269172
135576
81811
281979
222377
56166
156818
377410
301272
199507
383721
119851
184493
126800
294491
62991
328613
438338
228436
208016
213710
160430
360370
59065
320044
58050
75513
485283
94802
447033
164736
372708
244146
248529
444327
267891
252561
57709
332186
481650
31942
235233
165615
98771
433728
464589
309324
77251
454290
348705
492956
479963
383882
400513
107352
64403
26194
28954
182624
51169
334457
402455
300498
85804
108764
68775
49522
491556
453889
472274
1543
405584
153381
141050
302416
10426
474093
349800
44749
50734
416023
484497
444269
331300
393211
246443
300462
256994
7664
110698
69993
367905
865
359742
228622
246249
232550
245568
204699
282791
436599
378649
390459
445599
56126
444436
145194
167107
23733
254245
287772
198441
441341
205066
121472
166060
345812
56890
327802
46749
211984
251452
193904
241962
450813
244946
254037
82498
149322
332599
243585
395453
272509
382470
193214
343766
14343
325111
140968
77072
218563
448962
351363
145443
102416
245826
240559
163441
58651
158568
276726
236910
106473
20846
20274
57818
493122
227774
29590
421544
311735
37472
277219
74143
177215
49803
255490
120450
10397
90616
140529
299538
478964
152620
345588
210439
437102
116356
476590
486734
212337
4703
216080
126562
455569
81276
128274
74576
102144
487375
242062
49150
260623
417536
20183
116370
305259
127513
111623
88819
315558
109948
363902
50630
96730
142804
18851
345184
155341
126751
192529
340803
270576
256082
253370
104044
245002
50924
55683
261899
246902
291554
393656
283802
371271
202710
333711
160637
233662
303630
117932
401768
254955
480976
369603
476036
264871
145570
380112
241783
470686
28287
470692
84251
98190
59819
62415
85370
62123
253917
8676
494185
50395
368653
57347
289255
429395
499833
498704
85197
247766
279361
200974
167258
221102
268959
406113
80762
467382
99732
67348
121921
69495
390525
348067
77285
439225
67465
191133
315234
406952
160613
97701
172983
275659
171936
26116
124523
421409
206025
479387
49236
472942
96223
44020
51264
38781
67121
437154
290699
18943
170779
303788
187887
355764
31520
24085
382486
6986
189213
476449
142982
26306
86688
15004
191490
434630
358127
164611
110567
37101
109667
62013
342838
73213
298389
190258
443098
183823
383576
145656
376572
117543
2417
282148
355767
281010
224548
54171
169877
282625
39676
261450
180309
461737
41155
410121
237105
234452
46851
254757
14530
124116
429586
293480
254224
10517
331320
293815
104838
180856
192889
405317
447162
253629
187170
397847
100254
456196
96065
123643
319091
23554
120704
328299
183186
151242
162218
165383
368811
442425
335489
129083
423472
59106
249584
355223
53041
35098
27414
86139
106845
47541
215206
434804
263363
144662
395357
445899
492913
38838
343550
93539
338276
46469
205206
35529
401282
284622
48256
280648
367320
177280
352559
399040
376480
360769
310377
346093
386072
343893
471427
251736
291670
256642
13838
475730
206806
106233
171142
160178
92294
92369
22193
365494
187794
78144
186857
140029
334998
248235
36188
39458
306674
322692
482450
43549
258653
159159
305037
218065
214150
111242
54171
481420
192022
396687
227551
237322
488578
233035
178375
46535
432692
431459
34507
375452
476677
375331
182827
355025
94892
127365
124008
391352
13385
474070
289536
221747
456883
276452
241004
351610
96894
270560
342976
137452
311075
149985
216088
108338
249106
367123
440535
250920
392059
382068
71637
34893
414000
350862
178734
282616
308763
154565
53106
347189
175421
63510
316569
265107
15873
216953
23751
119203
65862
105713
110005
111921
316441
456032
105886
94277
397062
349514
143889
245237
396883
317891
309401
497440
216128
382291
69770
209174
416868
411103
285956
196001
202585
4571
354607
499887
208408
143902
321725
207886
253952
158428
400768
490121
126127
439845
168134
421167
71943
423155
156501
287029
382868
107990
257942
129529
237201
262648
498935
418615
156390
402978
285308
322770
461742
250660
300240
133121
468940
284821
125065
418247
252813
471124
393519
467006
454906
81076
7410
353002
101975
93727
317128
249051
439920
427177
305641
231730
296576
334023
480139
156880
216671
246338
43715
245209
151240
277208
127734
6650
420495
385637
364707
168001
343089
374628
256182
163892
191649
227749
378270
263192
484349
379070
142763
307195
328225
477428
32674
498269
367628
342161
427682
174570
465388
472789
211575
377105
400853
348774
261450
394515
337153
131690
317039
338650
268011
298738
296986
270294
292759
397277
431349
441448
454480
92828
182673
184032
489278
457866
472537
348427
485995
25637
418655
51057
327271
119528
493074
32865
107028
273924
367535
338873
148252
142723
223188
283766
193614
393756
21543
291648
22002
443167
137856
158162
345457
241748
358155
138668
489495
131694
291786
295844
400932
97960
159049
493252
434255
453992
185818
426356
243316
279334
316351
94132
385248
97670
200550
187252
70692
98718
38739
436935
275155
350158
76378
56765
178699
363234
218328
46894
284072
153144
429223
220556
451352
15471
228378
359739
52489
271652
129492
68475
337934
444595
22097
143477
262516
401198
353666
435302
243450
455527
77872
420190
153501
149293
202666
215696
130303
70538
414170
478137
24240
173015
189284
97078
115924
54599
397887
439231
234248
117422
290258
459589
444760
116784
474458
233964
419163
433263
458937
106728
484697
36729
269069
479753
236837
95937
286156
421633
333284
456248
43318
234728
223160
389517
330277
463750
129469
102525
274614
151610
456499
408659
492933
8177
461209
21226
299930
320555
38754
65053
424747
358222
227752
306996
227677
342420
422376
472517
250434
107991
138480
240739
193918
495876
263401
60834
116951
419698
446655
66817
405990
81680
178147
101478
187297
417246
160410
366442
320182
276170
269351
52231
305674
140743
138061
232158
82940
360435
19247
462067
444488
5133
283476
271716
13482
173786
238506
103878
375844
399998
70950
192768
207825
165651
369815
29395
319012
360762
245737
51331
452951
188204
73622
429814
172815
64953
106189
70530
11082
259179
320890
48183
14803
296158
103786
89590
370388
383791
366339
315923
278591
291159
307515
32633
62918
373142
140343
73571
462352
317547
10554
371311
225429
185082
380048
113811
370558
374102
438179
456918
315725
67396
26148
204963
466521
39709
315673
46072
181616
276863
94075
385407
209570
148184
406050
44225
445414
94749
415551
186337
377822
328894
280773
174527
354789
257679
333114
210591
164788
442063
394058
277664
188140
51293
493835
368194
449025
379470
121645
243354
202531
197702
435835
444269
499483
52862
495263
439420
70260
26142
198351
30999
152134
92733
28142
396705
371804
70924
498247
25465
338702
120068
219130
377738
463125
130639
418751
7156
352323
182766
315879
122185
454461
90586
103094
275604
308496
102928
462482
414561
107969
148123
404959
403031
256748
102273
461917
483033
364445
153193
279976
191695
46515
440491
29257
315979
466772
321117
61674
297550
85157
326580
304695
250134
275410
452747
273597
360040
97027
461437
465221
75727
45821
298373
64153
444745
130039
16422
13117
447952
400237
421837
435598
21628
428264
33147
180151
176369
361253
77313
152156
261036
326144
365485
51938
377890
171677
127620
260852
117346
251955
45153
179448
163743
183663
239751
89584
174963
49640
424688
382542
206781
69819
94311
1835
194223
148863
289118
363282
122133
411864
282358
253069
206117
163995
71850
385101
130973
494157
338228
199218
271101
299394
89939
257543
212701
128109
234603
216780
72024
139220
257709
305232
498235
214892
438615
290777
468281
98723
387473
252925
138873
87978
172707
258221
209165
124049
264541
471957
447507
245900
435345
179108
438246
269227
83153
222648
281041
396254
421673
284821
427145
485950
227786
222023
391940
295159
111462
173204
466341
37310
365645
192809
311708
140561
59416
162275
54978
360334
455131
313503
447066
72557
458692
370260
60318
153133
284090
281898
423201
335256
10440
494270
34074
198704
376505
183616
196343
163834
464658
167305
395702
59777
390739
178402
497935
367141
21198
253192
420672
357450
178813
444612
384210
294526
20670
391169
247334
326130
162018
326787
483491
40459
378196
452910
232680
317074
74758
25389
7742
48354
244693
319191
142544
100919
285280
67432
7820
444261
213697
342929
378363
141882
438666
288437
87694
232129
391510
6913
315980
400758
283980
458287
230818
316174
224004
49529
183142
69964
491662
91301
384694
445765
118690
460084
12286
162500
328753
381858
86074
261728
159254
130393
428609
378496
71714
78729
234443
389334
337883
218408
329547
87960
260080
396604
192602
354886
359099
40148
496496
220555
137160
409884
481595
304900
101403
95089
272760
285039
417643
51549
163385
461599
46100
181569
156140
111708
324611
285813
306226
56194
113839
354184
455269
390774
345312
480156
284868
386238
4113
89053
50233
44559
495477
123471
299389
356543
81184
221239
200993
427303
120433
183270
143654
479090
184462
473864
353817
6204
124210
142784
21541
455504
96841
248965
376802
258880
359189
147230
99155
479773
385710
177435
110285
221424
269118
427062
438620
330568
338302
300291
226691
306766
216313
397935
428452
163588
300463
74763
403799
499556
29617
54543
77267
284646
145432
706
399709
36644
168447
390337
179041
236362
290402
350588
365018
105027
446378
353647
352484
324990
292061
271147
487691
88299
334786
117028
254000
440134
114158
330789
62962
143259
415695
228912
266359
110802
201495
271999
67814
111483
101481
475736
150138
136153
81720
33443
124197
222023
259970
392920
305107
323055
411118
472667
437673
30845
367024
7489
370606
179810
160728
376320
483121
127520
378841
253447
253343
239675
322357
168990
431731
116810
487131
90263
84845
380214
318257
138037
337008
89803
100513
472782
465390
162287
323831
404310
107350
330451
361909
40643
497939
161621
431680
2581
261573
111080
207405
362441
392337
111978
202182
428483
40161
408211
142855
286509
415360
425501
313652
238013
263469
209870
165137
352691
485492
169699
448707
420507
289127
340631
194143
223445
252228
413432
443468
427187
392518
107394
293789
122430
285604
443684
114275
458554
209995
254831
150199
350170
107185
13488
299850
124563
52739
124026
325745
373450
125608
149567
375928
79170
242383
148018
366223
478120
239474
262723
232151
454489
339443
246214
138095
150668
480759
424062
84894
286122
114192
233527
213807
375788
482051
234198
211453
299612
270812
451397
235032
310745
36398
231093
371222
222532
349202
130423
420965
96931
372488
16957
124684
397362
335739
165287
461769
254487
360157
334088
239773
4614
91488
767
3304
175869
109260
285826
364970
116973
481633
241615
127246
22956
68944
465797
70973
288087
239629
443290
118893
499930
192792
383804
51093
157557
35364
304857
373612
430430
36190
302155
2122
323543
422524
62521
465832
315585
263653
445592
127391
116454
730
69199
463728
282842
430064
119421
59287
33668
348899
360455
315470
110648
20434
426716
143901
435233
498947
175805
488803
411855
138725
130789
313416
103069
114206
23484
219909
28955
362210
339938
103695
264379
387098
442409
209162
6288
301039
110558
44983
481831
451633
325004
184700
327041
51174
152346
243802
426635
178167
276898
75757
344293
194328
387604
76929
497845
200246
478354
259629
148349
472207
275331
200615
175684
7813
499597
387188
156000
60700
65076
311034
457117
139808
259312
103655
327990
86485
341653
199850
88865
89562
87364
43520
332280
153219
135526
142971
290012
267870
47152
121969
477283
350037
431728
57144
129209
201141
30998
444265
337985
119257
145127
294681
337819
109849
73463
242164
368656
379869
47893
435825
364784
68666
180439
454454
287456
287658
34204
236850
55845
405217
370301
457902
130515
483849
296819
452963
279958
21354
166941
327887
471190
35772
53313
432695
222787
66742
353731
138179
469537
394114
252691
499414
183737
451310
257261
304066
177593
480167
161980
355040
178574
154798
279114
236359
280802
186695
431794
429494
467248
205960
447903
43766
259813
137381
62305
371694
420062
317575
161040
145103
114102
477259
193291
352216
199920
352718
26303
413665
227892
2298
208025
333714
58627
365922
428688
209818
436970
448895
395331
74634
99056
277438
324682
418851
37889
492731
464090
405976
402334
38707
112218
116680
305484
91879
456555
408321
163214
461738
167553
253645
216870
260053
191999
396743
108581
49681
170301
486773
417318
332361
367481
55874
320290
296149
292781
437197
417791
12594
115483
252592
277062
70596
184219
158387
78878
456273
239766
294791
467929
39982
153969
422724
399554
216251
194391
81572
42994
423873
6629
298986
238829
185568
494517
268913
13824
367013
85947
136729
173231
361119
308826
64440
350591
258263
334919
371922
158657
396312
21294
450568
135697
86141
437572
118940
227133
218759
339304
96715
101604
442284
256685
332372
33709
139573
365135
370259
24975
52670
269395
484212
70107
40126
54442
72646
379671
390008
383442
135057
81426
286490
18830
172518
481770
499029
12378
8725
104287
496470
327069
327419
473509
476771
321405
395525
266060
344672
419892
135529
253189
26708
50194
256363
349419
405881
8862
412604
399315
314233
188145
233938
104773
51597
81284
65722
120753
205241
238703
96299
141899
341308
208517
266565
458501
143796
340317
134552
200030
263503
264760
58065
338592
279471
460900
346805
85901
333082
212261
31564
467185
341573
90228
422291
253659
6346
391508
437308
269037
335560
255225
387641
36044
249722
415088
266715
392736
87872
320141
48227
472089
334081
483516
162317
226611
352379
420561
62712
257810
121489
497563
413254
264734
51144
99274
385212
361387
29566
28602
375943
229766
222478
257390
252604
286477
18925
83834
278935
44192
490916
40898
201108
454083
238544
161108
170971
390790
166762
214520
57542
83910
85253
427385
460898
399139
232503
52335
279084
290887
103140
282583
31704
242539
48895
130836
416938
275534
333999
425989
111383
243636
210315
147696
172966
180744
99928
26484
72378
14423
179955
465741
433178
461720
22424
445254
15760
296224
159026
406037
267877
416166
412557
61646
227629
237457
227025
345703
410669
149893
105083
199797
330572
9782
3545
376995
431981
243457
189533
6568
475111
91115
229845
197010
498942
184399
71718
183620
41207
262121
487851
305582
358505
169365
70331
379762
358222
49630
383640
456851
145919
344423
122752
479433
222394
1332
307587
219156
418841
38351
267160
460757
489926
492140
9744
254468
155438
200299
58196
492620
148617
485050
233287
253445
285885
74088
349702
159366
285447
224439
431124
94079
28738
462248
199252
283841
420374
152729
427838
394784
150808
467540
3325
453666
157730
124434
150940
210826
36642
314738
133014
386430
161722
226232
395146
22290
41044
464486
233285
297095
107560
305530
17287
384780
118661
391326
99087
312685
388424
111514
297153
471621
414237
277593
143326
260090
282112
12292
250469
17101
42867
264348
204725
326403
173368
364797
362655
93563
32438
357864
314150
170629
156492
29102
215516
299574
473999
214526
396318
259541
408052
269159
203766
147444
341514
354741
310043
417796
485666
449759
467416
239558
226605
390687
392528
60409
439181
402586
80754
432097
62495
128268
263413
94755
369631
60683
403705
190747
346195
288007
218435
29141
199950
127557
96460
432929
147715
266040
441937
401402
148696
309501
358280
303785
233602
315752
376177
473356
240721
312592
78755
306845
74907
132192
23967
335251
147379
345147
457357
424542
161743
122903
245495
75326
314281
450116
144025
17516
424404
22217
20280
181443
371903
175810
355488
42707
276421
196293
3763
84983
170253
407469
458136
312447
353804
12643
382075
316744
244027
316347
243469
322045
287939
450867
304953
350314
489300
472624
285027
311692
394402
218753
302321
461368
58397
479836
370153
86825
345181
53676
220404
122820
73818
428174
143408
486317
269578
369395
255346
424875
453330
220555
188722
193811
424738
372071
224855
131887
201159
336583
216078
77818
90362
297112
122519
289446
83659
747
313694
357874
442637
36593
325695
37785
423475
464271
484813
351221
492076
125536
11232
157449
190081
116886
313360
377494
222639
196382
302538
315905
114968
24353
9433
110889
104207
132252
275022
124807
57594
215167
489835
139980
248907
133815
394253
287272
323426
103074
361492
206138
306937
143188
66686
214829
180049
438193
114022
303251
218982
182407
309026
12196
173461
88910
196248
306487
260762
342741
147951
216615
401334
236661
217931
84708
369752
498249
129354
168328
261733
381020
411156
113831
182335
225560
85207
340064
221053
377626
214316
61628
460725
97373
360653
457513
336856
434118
203025
473563
444324
3461
404809
283142
304058
71208
96466
146672
165894
492206
266382
256154
348571
32160
77883
286430
296958
223520
82557
244624
151415
52041
395435
90351
273549
205741
412516
199376
119427
424655
178840
105835
126250
236646
359622
245568
205341
483763
109962
104779
403806
77629
66514
381583
318048
450229
241825
393365
330665
371329
348889
426
280808
230683
465365
273430
172425
442494
341827
22810
401365
351734
74963
467667
245555
214089
383933
377152
97868
472869
195089
163956
474145
218968
172689
405691
486947
58630
296713
283097
317558
179986
488532
132733
18211
285164
322516
471521
372598
16026
387296
160692
39753
433330
332295
337047
390501
71488
16060
235418
423781
385023
493890
207749
411653
13601
33647
474884
493302
468059
238587
159362
39351
405746
470264
328519
109783
185908
92766
484295
34126
232536
282515
453718
204673
352618
477769
438827
487161
259692
69694
428042
335535
411107
424816
495001
29574
464715
337636
259831
334816
357210
384299
108394
229314
258456
397321
153886
86338
134213
60326
22594
294659
147952
447098
92072
452676
452890
352801
73841
204804
371473
189111
413800
7356
75951
194922
158051
238069
466948
488373
104383
480735
25596
351068
159033
442977
174490
277974
45248
166141
206332
326040
213201
100817
57358
2588
232188
446620
281930
324742
133680
391044
187409
476477
27612
360876
404202
296676
190228
89100
251979
337118
238388
360684
418748
415615
179371
409730
29515
426439
265079
346833
91580
422080
79140
220619
302014
22429
273727
393496
402754
346664
57781
81998
479837
182771
303009
29280
242805
172803
34086
111578
135239
162207
86081
178602
354863
305899
265873
105259
56772
482380
254414
444501
342840
439492
383670
204621
229355
426787
103583
364838
240908
255767
294455
251692
244257
174198
365556
211458
305828
171218
237429
387909
261984
144955
286629
253139
67124
5091
177151
237004
317382
211843
79523
493225
224783
431865
374950
210042
423604
171235
81550
172491
416465
418569
204288
412511
354860
469106
9638
461353
90475
429221
119056
174522
128888
192577
172766
132022
362672
405470
99744
74793
226
5522
44139
463867
472778
122627
185233
16902
99911
371603
362893
46120
353957
219884
2690
110893
191301
15476
341147
51076
392470
456775
53772
479620
320774
101598
88410
488523
153357
78086
162681
477248
205579
428108
141690
417794
272302
307904
9034
187314
207424
28554
475314
169603
291699
188320
146400
19123
87324
359787
255094
437876
40949
342990
326652
476142
411037
219759
237327
271012
203796
312255
124374
468737
72429
383625
264052
49485
52
316427
29249
91360
260644
204434
45219
10275
93982
134412
298093
155811
284139
490312
166188
430742
237817
265163
198388
154804
209967
29217
411658
311266
376154
99595
367631
61739
494590
143499
447993
443675
443321
374496
479363
303931
128965
441929
18012
101268
206545
56298
303186
15288
477945
5595
70402
478577
212113
333027
91997
173952
254569
89260
489496
138383
15368
83963
489135
174922
391429
406319
481034
136213
283002
222847
258697
457917
297776
410413
154005
493793
210339
481383
404473
373140
238401
273430
382088
456342
256262
24211
268556
394577
403793
195912
148568
463470
418177
335903
825
315254
38846
285636
402231
204736
56884
469150
427088
195782
470895
73910
132184
356950
101775
235118
127696
451212
328534
313077
38386
418135
160135
368091
326857
475133
493088
206704
291332
88904
414995
248463
299543
157094
129753
271178
121894
240089
64432
116875
346874
67154
487525
130452
323805
298338
15643
334856
484944
134133
327110
193330
365738
84708
316378
370069
220166
142602
184546
342577
129959
141105
476907
1229
232741
158953
152636
14125
443539
329719
11864
202289
359394
413001
9555
295301
21364
312305
240701
428524
226795
204538
93660
127629
223790
420752
208324
6531
469706
280573
154840
26282
406304
82590
51526
328242
449651
425167
106210
221329
368231
321753
114596
484524
475056
449391
189513
1949
64462
136618
297173
467669
383414
374353
273273
271671
471602
465018
188999
127343
295135
221432
477929
128139
261248
24826
121869
70926
8602
212632
56283
292731
431457
25647
477196
269974
146694
497381
381473
167427
323114
245831
207622
33600
298722
281981
253641
382878
218694
496557
457159
194872
390580
438397
301094
418051
306841
174923
287513
183759
105692
177027
343389
381403
309798
436914
268861
168013
324048
410816
323694
6154
474750
413729
494487
89004
385351
413921
383548
362800
300515
130915
63729
399569
141584
228640
234629
430529
461816
43789
169555
397680
265278
409704
169574
497715
30407
162821
205652
367341
394192
162131
185529
42194
357112
488008
13481
168947
208916
156294
194458
275201
380866
476773
104385
195037
355572
177230
294091
27372
172009
212565
232179
26721
16390
169044
370054
400023
62783
293856
240566
281890
481502
91321
471627
61843
256097
51016
272223
91808
397539
79042
128433
196537
286105
265454
467555
320988
227222
287039
425483
241832
314603
74324
284976
62720
147452
80308
286347
307489
426672
86352
137557
383645
93179
49133
208924
313897
282900
195052
438297
413981
215569
370253
471464
106875
494328
476760
254140
272058
156613
192283
136974
418397
1527
136841
244754
429229
410376
1096
186600
203439
342526
332615
373710
235592
464744
377484
362493
54708
108424
458221
443615
86581
480120
372815
216480
405575
297430
241017
445918
318990
415760
250751
256805
304715
165858
125048
377905
467662
266628
333236
177296
260430
217207
97847
125424
471774
264426
433259
419527
236112
249147
99783
410197
412159
373481
153476
328880
56343
80066
240227
365003
189840
163309
380779
420738
140885
217086
74331
205618
259221
359611
58424
7007
368023
356697
333002
373298
83058
109513
187070
95102
208025
139436
280367
280255
333973
132080
38103
271233
76760
98567
77968
183645
259965
474870
233504
207899
52804
296332
109618
425296
374949
238853
390880
477733
414151
309563
405265
187157
407846
278053
387859
399625
127252
148551
138482
26013
216656
430988
52237
100192
154663
222200
106948
277138
323722
164718
381685
169404
264726
439777
154537
130896
103904
322987
144109
320700
369058
488695
310207
142863
389968
411413
105026
189722
320574
75012
480507
230045
907
289418
470019
471890
418610
229157
157123
3784
479170
62182
152751
349111
448778
198574
380210
350461
376940
1973
325557
468435
235691
212833
304404
353017
174637
382450
473911
483236
98643
17472
393996
377681
171211
126979
337575
446383
9009
215447
247768
124690
345179
177713
303052
88618
304643
475786
489015
423812
371905
371075
280168
98135
11460
379510
30426
273464
416654
309030
330981
365658
108845
418827
426815
154555
354075
11317
77847
174357
443583
258650
246629
3577
238087
395449
452469
67097
219351
241351
86254
394683
83635
200368
249065
158839
302340
422595
431566
351114
86460
459044
475513
277997
223268
48696
6102
176163
323507
244091
290465
210535
62520
267928
135049
317773
490144
423446
36034
17529
345894
249849
200560
379773
406555
364824
109498
79745
174208
144943
132847
54874
280038
113707
389970
52764
412307
383770
134989
479710
100342
175348
203075
390098
235960
362864
210464
465869
433856
482974
162085
18432
76431
248753
328443
158005
73289
20096
169231
7582
9096
386915
46640
146853
339974
273749
260625
296341
345929
270858
240226
177140
311897
52307
98881
148606
321100
322867
25867
214085
20755
255594
345853
294984
432066
441322
27192
151221
279160
294624
231500
397221
406653
182337
186894
246046
148141
230269
334945
408223
62481
334079
269815
66581
268695
463254
345196
76831
85941
301320
490197
468446
276300
480351
67932
15305
77650
170519
237043
360011
35777
233671
14285
262535
71241
79219
238682
47373
177162
151767
341884
420773
57196
444437
127826
366617
387924
399869
193194
390312
50888
255291
160674
83345
462768
360834
45069
74624
261612
73424
186098
329355
281827
461385
207887
173776
7935
382740
110429
350777
16196
80322
319940
265320
284302
396890
106128
349381
389692
244691
90331
112353
363263
383414
411053
481025
80922
179958
115304
43989
95609
430107
179110
27713
259826
479214
427005
390779
407589
255772
71623
447851
406613
75956
408594
456706
441127
397149
445457
154465
496962
260238
459725
383767
410054
295351
238068
228311
86663
22768
401695
394331
407519
433642
7655
366832
455160
365297
36635
24887
347161
198735
490976
106277
277651
45491
15802
69801
281416
284924
395175
359992
206671
326756
10842
322214
474236
33490
215850
263691
190365
3400
260703
98919
331325
35530
446485
367509
496841
422351
290699
480894
106712
311448
395874
163083
476650
109590
31801
463811
37218
342690
261355
208718
370812
10051
26139
162298
301015
472104
186755
395940
150414
336970
476239
223413
320996
310395
247329
16654
192121
126130
76800
442559
62922
254302
335964
88651
193033
82966
478310
314754
22759
471435
338654
418567
189665
128615
176171
123181
386601
17422
2556
460836
301219
127515
114541
117061
377673
233583
77634
235465
159702
382558
413508
347236
497034
358767
325506
92825
296226
32848
297185
339807
142170
346347
234422
121078
179131
7103
343010
115579
393609
14388
80424
355481
235490
354906
474564
29436
255033
455201
496627
69001
470203
51814
137945
446946
107413
344882
81777
265562
110331
334513
357372
173785
106616
486287
289749
222393
239739
186262
256627
115830
269622
38713
493774
215509
292193
197173
75825
106163
323480
60114
22883
307212
388784
383287
316283
237379
380191
362010
338063
395381
328875
207690
313516
236856
67420
162270
131251
316279
178655
350711
380515
23522
188777
236770
497884
55122
127174
225326
196906
430332
150089
112420
204418
427826
338118
279102
57118
36279
73945
443171
300982
75032
176239
160445
166758
348496
240618
417168
228146
15072
103963
80029
185328
483393
617
95770
389104
381433
403063
379113
475963
50564
454462
238037
399587
422665
475299
368904
116511
447556
80700
456205
204302
50607
378065
114146
20720
244539
271425
487158
434126
468737
71540
58925
475383
414946
52295
36558
327656
338779
458280
224314
269070
6799
397287
445222
456225
351083
319744
219604
306924
225519
401102
335945
429956
77486
75732
16846
351746
316728
224393
289402
258635
357307
248084
202092
492210
457768
161565
204418
457355
214979
331921
167942
245821
257393
66647
477325
99752
470020
99727
4357
94872
183985
204698
131458
472548
280917
441728
432616
456692
86468
238329
228929
335546
233466
139979
393250
279068
361872
494237
177973
146598
1294
36991
358776
333308
364642
349274
474661
305144
329250
74561
459183
192363
127165
383461
159981
282056
216999
287439
12508
18623
282217
333390
79956
221238
106522
374929
170520
369216
69543
253360
234219
384388
5615
121940
227247
485518
298311
132244
108998
119904
18116
192965
76823
327904
314078
232993
380665
5571
287167
207071
105554
39347
486689
221336
378731
324773
77534
55968
177920
72586
268807
261008
306934
333873
406577
91878
211702
188457
408760
45923
63041
37805
457126
463215
250591
384345
173096
61462
64139
96426
401102
55341
71083
351460
495978
19703
336623
36948
13814
245060
445191
236870
146799
473382
90445
349993
454187
655
476262
460515
195147
423529
11460
259368
165959
464495
411469
457355
190807
213482
276313
279813
447430
430690
36402
70770
300747
43162
326971
454754
313303
226432
150461
403422
401543
373792
256098
190046
209082
117925
98401
42563
199760
23710
251094
349192
414865
78120
234546
74168
6574
176067
58783
233198
375516
358219
90691
85981
196554
215871
210055
412494
499216
155024
232513
457444
438286
430678
95365
400603
451122
463264
438853
85194
321261
19032
51792
167481
288170
150282
299021
118242
40818
374518
250856
62769
210385
377311
291666
416868
126555
284243
267116
345283
175601
227117
497908
211214
466320
494542
92564
353663
68002
176949
343534
31729
395350
359076
389130
481595
196434
171452
413724
168104
143001
306152
432001
175711
322095
343984
84406
43460
80398
453300
425908
493945
101139
339820
231521
459427
278919
367282
44298
470189
373625
166129
308405
291353
3741
473587
129341
117496
429467
485789
13139
216865
220217
24323
153746
272808
126510
167478
202610
117970
179771
146843
315078
268048
244093
367868
480635
236698
33564
348450
332501
125768
436203
425678
315769
253444
121437
221863
465176
78027
193549
69202
377914
425988
160950
492380
88412
194460
401966
111404
127219
129889
174868
149033
83220
371507
235934
9589
326380
129844
495519
215166
366257
38223
131054
215130
157927
166281
195133
82433
409876
116528
138392
137050
283428
395922
481268
188759
205760
15343
247868
21847
20309
402655
152357
168531
399409
27933
260490
5783
51321
95285
407909
301334
371007
184166
192218
394168
67218
111649
465118
368394
294505
330998
89410
44264
12115
348398
64790
334906
32699
363883
60832
360483
40259
245432
10501
22255
22704
56426
296562
17077
62467
471897
159381
82989
485784
227866
472469
360793
288323
474486
405993
63476
440810
210887
54141
184364
215339
303922
47297
18891
92147
423077
71012
302350
416658
385490
485228
184342
181810
337735
233138
397561
180033
140253
345674
434966
342002
310244
260180
115529
154475
283101
78626
135259
34071
489366
447766
475211
480067
192289
451118
133046
379464
95131
450157
262788
20979
464111
486552
451789
218435
314344
59802
484861
228572
3402
184895
13373
417605
426960
487513
288879
14986
88015
258098
292219
214495
46611
202245
443206
266899
149975
9044
128793
259140
426736
164446
248100
201370
31616
135063
463840
308031
258885
98014
119408
137907
204884
312971
147100
205755
292303
255238
5813
390046
188075
482467
67
354084
98067
134440
217535
471224
113842
126138
277209
373091
377021
196382
328503
341495
283052
69811
222988
32649
90909
248035
208148
223554
466595
474439
451384
404453
136603
4952
454697
161554
232461
231087
120172
147383
435881
385390
346399
333933
455838
322309
240924
265641
190698
371651
172484
114490
7683
187081
488320
119514
379303
239523
160629
232906
386581
33696
284498
286203
124768
381925
432612
111725
73770
14172
184017
394073
428289
327805
15463
288035
199108
476064
45048
464593
374433
393044
120604
150968
251021
499789
226295
64874
291706
98867
448583
346800
198259
257593
146389
457360
47439
419176
358335
22153
123717
356517
67787
371495
460242
466886
205421
351246
289419
410207
348398
285261
210238
383632
85895
495698
249749
487023
371164
495785
252436
373551
261883
377803
468449
360301
172427
489404
295629
174607
169945
115566
123139
422234
255425
153632
80708
257589
366324
57655
278254
245191
21163
1577
304636
281816
300120
420982
89244
183551
185117
92570
82028
23087
401284
17715
146931
191841
40421
12099
8874
152283
23152
315955
152820
97603
232762
7519
286983
410643
364462
205569
354967
286302
12113
359294
118957
454306
221176
201604
290998
267353
49620
311116
19614
74761
8943
401208
140703
153228
77320
328611
53814
464718
28398
6235
41037
315354
309478
267752
305117
454204
171401
279757
485695
138486
54719
274685
399779
492478
286927
193597
255118
14899
28848
246064
384624
75219
315388
145950
88155
58376
310213
255466
73546
375259
388631
454827
412930
205416
175829
293796
297858
328134
392383
146093
19426
114987
118026
452042
212216
380812
232829
41672
281331
334804
259050
446299
249456
186254
410614
408801
74847
488049
249388
184160
117037
477080
345695
226279
149671
423508
34697
100539
41767
225
435114
360708
389930
252263
386706
137102
337187
380407
29707
69144
331320
135767
298456
418002
65661
340950
102360
30428
25127
76410
162757
6516
378282
444622
424444
462542
68551
462817
386431
250427
47039
382638
274192
457149
129787
47767
459996
403630
51473
233838
483293
420205
27673
203210
134543
257181
181266
110288
381554
472361
389269
49227
47961
369819
247335
47258
103026
296848
117119
315686
296334
58803
116911
210348
434255
293416
41985
236649
236439
354909
283927
311304
247839
410121
129629
317762
17964
449771
103363
141039
42070
321903
228858
124718
191070
478480
136543
127037
239306
270184
20818
220407
434082
261373
283783
31952
278501
226818
145520
149912
355737
265002
193520
161837
224117
9815
234664
204308
91638
416728
22122
150600
33706
425372
119129
326791
314113
74183
495048
260873
327168
310836
149750
203201
456941
81981
347420
132956
341969
280510
313393
292195
276463
235261
467656
448737
338428
191847
141002
280085
286776
332618
316430
381941
183352
15624
322377
2914
226147
405952
332739
372631
169337
8420
287333
418833
260280
464687
483591
454744
495339
348084
305672
375391
316631
270254
23063
56965
359755
115210
204211
401514
381205
365380
355421
422872
454162
224027
80998
67830
57518
343551
416265
274670
403018
408161
74120
182286
120120
321775
161170
311806
326771
90966
145575
333405
478899
418500
257408
119520
209811
306442
278144
236424
442741
345275
9740
33681
396263
114896
100007
386786
135964
354291
69398
430941
88040
393436
42640
110645
375340
252558
165233
14909
367084
160635
252133
214615
43551
309202
37903
368436
322862
435936
173577
57316
55655
144088
431912
338239
84022
322532
418697
5151
321454
437921
261158
296575
219463
64738
181152
499159
43140
235292
281896
12537
480965
27236
109967
126203
450837
25366
70189
50031
471753
426334
465401
495013
80012
438531
184409
398599
250854
376365
327408
44952
154360
4306
269600
296064
214140
369726
79757
128017
407609
289647
223881
420272
168048
197744
232725
53557
176884
333696
204265
44882
41331
159443
261510
273653
369141
398002
260275
392326
180337
448986
87785
107743
84014
245825
404468
446471
361431
125552
23324
493409
350942
467382
236449
57183
286455
97972
126493
394617
153255
33529
473009
481174
228986
148817
17718
154358
491370
338990
402744
8029
310327
495189
350349
376479
242224
164679
441065
13344
403474
298602
168361
434341
389933
201068
401424
260136
325419
345952
351764
134430
169181
378165
372334
324949
285944
315619
469254
119935
404350
399143
477833
384359
188807
203157
150321
456602
85840
101225
265314
271481
433447
482235
93800
417752
313296
47934
38185
97689
257146
82753
262901
464202
149716
303206
393919
219042
1515
365909
350549
343598
480947
51512
421550
29247
304288
272123
212109
318985
28899
40354
271556
379652
19228
107014
382015
135047
287057
329020
245741
182517
217915
331993
423727
13618
198479
378059
63809
318955
164546
201844
100958
180044
394780
73476
476476
435389
164109
257024
398992
37027
127111
45615
61097
341116
363933
498516
61466
427325
120088
231863
168543
92298
104692
120733
47671
4991
79851
106112
102993
348246
149231
54073
70785
41570
425582
153085
84246
58966
365851
9673
465598
67970
202455
1381
198359
495824
254544
144286
60273
278296
31091
43464
487034
130241
85764
447733
99094
3124
483561
317463
125105
102792
427773
419291
4929
436234
314817
364933
485385
366447
262125
269088
223063
331079
42693
150837
118025
99624
77639
426538
329300
324068
231834
132904
338772
195435
326673
129122
101315
395039
209265
129793
476399
145440
10194
449142
444916
89002
358990
130094
6233
168981
73654
252366
15043
111001
226300
141578
197259
153269
242747
85354
463082
149846
143598
54903
261066
477975
55888
102308
400815
143376
21304
416030
487368
303422
165527
497623
290874
127023
192395
389719
250952
125582
341846
396842
436580
161228
222293
228297
492022
60063
416363
132106
164066
459605
153561
158562
281084
407840
404042
456950
367808
238623
180968
297252
325116
169441
226124
196330
285789
277541
8637
48822
327191
200966
404045
52333
273345
482714
72494
343807
63838
433458
266993
57261
349998
292418
161520
98394
166018
437275
286702
424341
88488
443051
467256
216512
92114
183850
2882
451126
282323
490257
425479
133767
186558
69287
428591
202444
384438
272975
151422
238816
272689
435702
232805
236925
210864
176284
296676
108538
158930
399638
123942
480039
403165
271127
41929
470632
228318
299526
14752
351709
4999
426756
55029
38846
414825
304310
272785
30329
459416
322707
144749
120449
282703
18622
127938
180255
335407
260039
468886
134205
499510
146705
410770
219964
135932
326236
370179
124452
121539
258074
8177
399727
260896
220966
31124
414065
324947
391797
416184
293939
226560
47575
464518
148827
380054
118481
278256
228042
20692
51574
353997
176612
34410
147899
225449
195707
338401
310544
26221
448258
155883
41513
459632
185793
213960
363411
316382
292419
75019
217645
145143
493344
280777
370878
480849
280449
460499
256308
113324
485355
293406
406284
239784
366216
291638
440931
464684
310283
88989
227774
203115
472403
186691
362253
234590
372948
98850
432053
173144
485583
198201
54157
391269
296886
203535
41199
312020
304446
227325
437278
345018
434613
11468
118870
337579
209298
237683
440800
367165
431957
461115
53434
71999
44535
307766
398832
32023
108256
494486
441425
278953
240809
317111
374435
251299
15856
440312
86487
30133
175703
428888
336524
425749
167797
440058
200001
194397
139674
97326
27199
466470
82566
275944
422981
290767
218924
81366
216608
161937
429705
154269
129803
77877
146448
459984
459604
110209
432715
108767
298140
216195
455252
177174
393869
251312
468303
273925
318060
1476
381134
327608
23281
88662
319409
323788
187656
377467
460391
362425
388962
17712
180758
196473
371175
124245
498083
63744
363417
15018
27806
84035
265827
48240
388607
119162
59244
498493
410894
93663
315248
437564
52890
191616
409470
52991
289479
432366
391941
385919
350407
227605
466314
128290
349341
218221
480789
300547
76443
163089
128634
396421
246857
158835
207391
272796
151552
409439
494663
319753
439905
46943
434106
327929
237268
340562
160422
194006
2058
464814
215249
188026
401472
54570
409341
83854
406804
336798
459083
228254
467491
279930
26876
218028
413019
145695
299486
485194
282337
19407
448174
426121
153781
299450
6524
428617
246213
450290
34768
267727
320458
78502
14695
264973
145968
109151
156907
210152
61951
421448
477701
36612
158381
495292
229002
133961
227211
217126
100408
229766
347703
304466
195872
24627
224608
438227
30134
196579
251705
294918
192844
238804
76243
349493
498880
154796
204410
444668
389078
327985
55461
31664
273047
218284
461697
40157
140424
4914
380594
398419
116775
1262
496414
441738
431648
109405
22447
116659
38122
380581
63571
102897
456983
5238
348580
272073
344569
483765
390563
224537
15505
254055
272741
429966
33063
13586
80514
477938
469945
476120
478958
132085
1428
160013
295819
2428
163299
283653
473487
77267
40890
440206
453297
171600
265224
351161
498910
140596
52742
86992
48513
8539
393982
86735
297928
44918
109914
356970
447515
425656
467614
459678
229168
291114
310943
403394
406596
202123
397204
73284
389699
131677
235979
483539
114997
131940
436374
200615
69654
4849
369913
201118
20465
403864
36475
40824
493861
419802
219670
173521
404377
216334
402104
337888
70800
74326
399826
143410
491619
270178
401055
430119
50299
292481
76028
61727
101295
331053
121180
156454
29388
139322
329553
6338
393343
419921
165281
450280
337243
492703
72274
197852
435763
212312
483423
470083
462212
185548
474686
328348
111720
498567
198935
99211
288850
100384
39011
25845
478773
158437
485393
422162
55160
149388
404622
182292
336726
87058
318853
452249
446939
387657
312785
450934
257742
327384
194769
177096
426016
97678
176549
485854
96431
404771
39055
481305
499930
276846
192036
108572
217120
215028
384788
340586
494102
44025
37399
307579
181849
136252
10076
15989
390528
379661
63228
217498
627
198358
252385
177609
342404
231879
19146
279360
374838
238950
371069
296005
338335
85791
26953
460456
180422
211411
31019
288437
469297
183648
446475
21687
64180
441740
438854
235736
300973
436200
356116
478693
241013
356429
387529
435628
319309
375663
335893
22057
92939
333251
168498
217930
146339
482647
17782
204806
375171
54679
19713
334935
298231
316124
401131
275759
407271
175987
528
294012
457481
383222
488679
329210
450579
415699
68381
483392
83019
442454
286642
190010
32708
56602
181914
47931
22814
389580
365379
495269
76759
139683
139354
338711
21946
320295
76350
72054
193940
23077
70782
41340
213627
380768
309102
351784
359562
235684
19341
42244
376279
407237
372505
244155
302796
53026
405590
362352
389904
340841
244214
321720
152257
380775
271555
75017
444731
410446
181876
46946
111213
344917
347935
307667
364469
254581
228188
182422
477583
293041
200612
181877
320285
12446
299091
31859
330731
491111
139133
348408
289113
324673
370132
237129
396669
206914
378695
357870
403462
42953
254451
399453
394181
210895
348957
269083
234797
239125
187859
480799
107127
226742
125233
351253
382304
169996
112410
432285
306954
238138
429400
216182
427884
60536
167686
414399
336880
44670
427313
426080
225237
18461
285233
179337
356570
48973
437610
407297
116200
308371
75149
182141
337995
254230
429076
88622
233439
102805
329111
406134
30540
380656
357368
77596
309717
98952
254484
294483
27177
263501
16821
326560
485984
368895
226538
99823
478228
188850
324909
444431
382074
184468
270207
50557
134833
198380
30263
486256
69987
32648
268978
29855
310976
457506
243029
137390
173022
439436
97987
184665
149937
139344
178513
211642
340523
465162
130057
470826
463902
302693
344855
366243
283641
370965
244787
195572
256280
333564
74764
91173
396199
373142
362837
371308
166241
381538
458392
364393
225126
357483
448220
309523
423357
491477
327026
93738
426100
368254
458195
71586
125543
194360
241716
268672
387725
212936
128142
90889
190095
267975
58622
287797
148288
231135
102905
120141
143765
169943
22737
271222
440318
39915
45265
297244
82183
347070
77265
245193
347670
79146
491179
358286
467091
264302
232886
190334
266016
356415
167589
277387
203543
335046
239221
465963
239870
129636
461260
413806
386085
461161
211401
377515
373322
83707
277010
338114
112314
422391
20515
1690
470085
53477
119266
309247
37848
97485
154909
295656
100985
464203
387166
23471
284015
303300
267626
132757
344804
191122
460069
83253
134317
156777
153883
349417
84033
425382
280315
215860
447739
50545
373408
346380
114160
382079
321316
311237
47536
176592
4985
447980
139575
151492
140989
38295
413442
98522
79924
193871
330892
256241
355123
389596
448139
48037
308021
146389
19498
422399
49879
103391
445945
340157
482146
57272
208158
353258
207674
256879
62076
46836
73717
414407
451002
428673
491831
62266
485367
238145
348677
162580
43204
328629
398339
30717
166653
439277
153744
124158
441365
5304
59361
63112
211253
403254
240619
473582
225218
252438
109280
431363
53570
250559
29887
478680
348756
22860
398731
222660
205066
68048
101134
429850
435499
352186
108998
93846
295808
37389
268272
221583
68841
77146
444274
100322
243607
447006
225705
632
458399
110898
199008
320273
388850
436556
128967
263617
317067
78398
289144
407218
96309
284042
233804
380111
251173
165851
361542
196653
148722
403860
343583
111669
23019
454079
350079
77544
157828
463816
123974
451959
26781
75411
27850
195223
11165
293434
317116
169863
410728
116797
402346
109715
22864
120286
88972
459410
472112
66008
47509
139947
77281
429667
90489
388345
67583
123898
212623
174168
3961
288134
473200
189448
295916
34300
476827
231680
438076
484134
28452
290085
130630
66059
158258
176146
62591
212724
13459
133738
265132
261554
434858
159743
373038
73360
47328
201624
403538
144107
43932
55042
290985
326834
85358
133683
9179
436169
212378
483689
442656
290411
387706
290961
176799
140979
246183
84039
162945
460326
372990
61636
482601
410361
156787
351975
476606
342820
121352
286682
155678
18731
426649
114602
353204
275681
382781
150256
320386
401325
245253
481800
265967
60278
449955
221596
371362
208635
341448
318966
335639
429103
304562
45612
376898
64099
366346
322522
271955
267969
116772
308478
75302
405323
365408
402387
201195
140333
66456
422871
113055
282645
331001
444834
331189
353530
17785
218050
486266
31932
352935
484489
7032
192115
356625
402641
481693
33457
481711
223816
454308
359666
52144
176403
316147
326628
483666
429237
341981
102430
204728
387467
438806
325554
170746
201258
185392
301498
488357
451249
48178
401231
66189
328337
26553
91476
429189
401399
39098
374120
419069
393788
292762
254488
58148
257381
238425
197747
10182
51580
10968
413943
164142
419587
393882
311553
255038
388179
325309
332256
447489
433481
20922
9591
159190
115849
432636
216260
440817
411940
238768
481160
224628
407573
19059
320804
483694
356868
198336
97793
110263
465187
447456
422603
264206
304734
183094
274921
336921
157994
479059
494634
160156
312800
160754
393546
248641
91023
367824
100993
2767
356065
292130
265914
301768
29484
434959
159843
52664
88530
107656
361763
93798
418132
253579
180444
442560
82670
214135
193857
183257
37915
286195
231054
177742
387141
67212
6704
293245
244507
42688
42768
14142
130866
275938
257537
78002
396639
164182
58811
18658
354531
169040
6670
419501
369144
348697
393589
8839
34862
411067
123347
254174
31639
36001
274230
332640
11879
98549
101132
61585
381934
279906
53338
266514
474532
463387
321103
417218
276491
291855
394997
205413
455172
65546
149432
139387
205377
2770
430094
41602
216095
449991
17271
371464
67751
250601
159206
65106
385919
302102
461421
257373
50491
397966
159820
2862
20797
381373
80583
495639
357258
128305
228371
1461
176714
192185
23937
70932
143092
47353
405151
296140
421018
495506
323186
396598
335232
350052
112072
210863
90176
480124
168062
448496
96828
132521
175611
492006
346234
292102
40598
482247
108387
265234
226862
89090
376502
23703
292831
489396
184680
136702
29499
20018
339196
481600
27800
125278
177092
381305
272452
78063
177721
141010
277631
50016
483514
414421
77397
383455
441619
460794
389665
222841
201107
162377
296971
74554
136176
218047
213361
480358
10740
354495
426185
61795
368977
225866
107221
91003
192363
255204
224469
82472
335131
105132
418405
244794
86001
367767
18891
141328
63180
174743
370349
395494
104166
984
293700
266900
314033
237129
420328
245728
196616
45475
99066
422627
337229
276606
372723
335970
283746
484178
104910
235947
115005
143529
326607
110802
324648
395206
263863
447896
72451
338837
278038
43717
113331
174743
126463
426796
50115
432113
281814
121872
87170
204907
493786
470112
164071
235767
428479
402682
121622
24355
56320
113080
440680
314890
114167
76791
357610
185897
328307
71498
366770
51514
454107
92371
329174
274975
473524
124978
224023
82868
343337
261956
411075
140953
388774
288214
56028
4388
344393
107421
215965
261061
424388
285911
320811
290222
112722
292293
180817
222172
95858
16584
423409
176891
464985
196468
231069
205678
393708
339924
214179
377497
144146
206270
177293
103152
129294
435673
124317
287569
224387
329848
236804
310800
35645
256490
280811
256824
105870
496228
109773
408539
478430
19372
59532
160233
64961
467143
28518
417358
396172
474592
415415
475350
416764
132036
23634
285637
404429
490932
451735
403361
407638
398909
267603
23609
424647
42345
136770
488545
47829
38045
47348
192443
140808
4779
343751
460950
281753
146549
480943
412439
240702
481764
45740
399813
213009
378733
259711
105697
434225
271253
346217
125432
41132
262236
135024
356405
85883
187497
464964
331843
84820
467071
186577
108058
443539
183760
451913
468079
216164
96685
69642
267177
218191
59022
112406
208313
373057
382634
330540
342939
371442
31734
212207
466409
264264
411652
416238
474657
477915
424150
376427
481521
306913
379271
224296
259045
458555
220475
346417
229265
226818
131500
360081
457442
129334
434947
331083
20737
284926
468334
397418
375903
285009
160876
227434
94132
468096
191826
384533
27596
211833
159346
149281
3729
189913
208289
224881
81704
490038
143052
286033
64709
178954
319409
418780
345871
67591
233751
26388
57844
172196
331175
457922
211874
463978
499188
399914
462376
352273
368514
58461
101695
345373
21100
113666
452124
181156
203341
15490
256145
206980
326873
467257
86263
309497
303406
422086
154466
330054
383694
327502
308477
475005
466887
194317
49550
359213
125005
419433
174921
427484
291526
225058
397286
84329
189967
141565
416043
48349
225558
3262
354639
205594
294899
36734
371574
137079
296399
186690
434997
160976
473339
399622
206705
330861
222399
454635
497808
224469
381054
287721
115559
258837
242026
187312
272590
468508
29316
84058
217522
335498
308110
164497
433234
432239
386310
268584
391029
27168
165886
92236
42363
448118
54294
267560
462202
488917
220061
145058
470258
264565
91575
80781
139872
466579
79867
378917
28399
372068
455341
311236
107891
243315
404010
251458
57565
356052
438842
33810
410153
458648
325541
116917
37021
17106
62737
151427
130053
194523
475836
191898
225176
173185
109661
192544
53679
458301
300945
167425
68288
54829
414843
143880
443364
344101
69248
397508
264740
13080
332454
303378
158833
448488
299260
244601
446871
276325
366442
127656
291932
126344
254277
402621
69978
248040
128329
11732
497123
171223
182716
71661
391207
443713
88935
384215
481913
155445
196540
20586
249788
23924
467977
426882
114696
231714
143522
135743
18383
389553
62911
164436
396734
113214
437067
234306
415512
443912
258858
488412
416593
211754
201984
268243
329087
261739
476224
310363
322777
358066
375345
485927
84190
194669
44004
278242
452687
269559
214032
487327
305545
21853
257552
141700
323798
184732
295746
374650
27933
379701
288457
439329
204197
282619
291496
402809
349180
416785
362222
124826
254238
138496
371887
62397
355080
230507
164553
121732
312368
408302
199855
156588
114329
116539
56979
366767
360814
410740
124806
465620
391185
333003
326877
121783
231057
215456
131732
182692
404441
97049
135405
476004
119751
378116
344025
124865
398866
42882
282310
139843
469026
285242
15892
485224
407104
462403
365871
333096
26240
342020
110088
17426
199678
424828
313022
329770
183531
319644
491152
296924
434986
273277
148215
235529
177363
124031
385106
182473
164700
453550
316072
12650
226502
473640
118668
393301
202713
107008
180191
425831
361139
313556
294333
311246
210398
7670
370800
297753
477348
346711
65197
408019
345763
275220
344244
30304
248491
114904
128489
398507
393518
150717
368589
336714
62927
89680
29031
188780
340578
211664
491953
120718
390553
157959
159283
93125
135576
124025
478626
291797
121851
419975
40476
465380
116062
347009
182590
358363
194684
260862
240797
28966
217468
486164
208465
135882
330798
446268
436617
25787
74942
290559
146523
309316
171838
498635
369236
244845
399258
402801
245550
408563
363811
127964
369074
356147
440420
64974
305526
161760
175591
315882
102737
129124
390717
29547
113363
152701
242415
169591
197447
378113
263270
108598
128014
123559
348632
6714
8024
293483
115604
363795
134794
220731
193371
483204
275418
433506
34401
361159
470546
271749
17997
26216
67855
313301
378981
83384
455685
101755
185558
232760
405652
476872
393033
288842
330949
441689
407859
25673
224373
245512
139459
144253
105698
81743
21507
302189
470934
49411
171890
112349
485746
173500
405962
27919
184793
157762
404841
22578
182472
36347
393353
81101
206616
286329
246473
325099
141397
478799
480915
272554
183262
29680
236869
151838
73274
354714
362895
160615
283239
15585
166504
271396
422669
437747
163878
179383
373413
454166
407450
46360
159749
26024
436767
18427
370110
364881
353873
439819
449529
462582
433385
227058
303939
125522
86898
445841
397067
170511
239805
384162
302220
206219
214718
11692
315329
332486
18474
379898
103376
63112
204347
354319
22676
472347
459767
274310
96127
185770
122533
191886
420301
315651
194064
247099
377152
248711
370517
359975
5117
148653
481413
75295
200403
190947
323896
92050
218468
480695
243578
107361
125245
498316
160345
59811
497308
116065
90987
48996
9050
328454
421624
177621
379888
136449
55193
92807
119257
60632
242929
367916
371939
89559
364927
493741
423754
491559
263384
349126
140601
406012
296386
383229
312421
155088
289912
86437
369785
324607
194622
422977
110885
496796
86090
248988
425192
105781
186290
138942
300246
295756
190132
155554
237023
313257
416553
212359
441848
329438
226424
452148
331815
142202
462895
152824
99043
294087
23065
309751
435857
255869
176734
180704
119717
71096
339454
148084
92501
39891
220442
364929
457452
4019
399098
66376
464059
376285
350498
116573
181155
361637
387932
277953
411990
12088
308598
90245
37434
2166
33112
131146
208740
148733
56597
42903
54707
239111
104990
320129
331380
478187
13733
183266
8954
390810
374993
174935
89481
206579
8712
410591
254862
404233
499567
210055
471519
277504
473848
147430
230066
183508
160303
340722
430981
245076
401987
495966
112810
166033
404213
464813
402440
358275
93929
291968
352175
124943
202865
140633
25770
139360
86139
332938
231914
387111
360731
262884
169868
4242
450254
344311
319844
163502
12871
12811
290748
144634
170587
130410
391553
284996
212545
358812
403640
336561
396830
428397
247092
271686
125085
427452
346933
204994
276094
110080
22907
349192
443001
194083
255156
7650
235085
422166
68821
372533
465309
242950
425624
455595
72294
451616
447917
317016
342786
494807
365895
495361
121058
13351
106668
256665
103819
228081
148934
459982
112781
135405
134023
410499
260037
254032
87651
188913
7649
25872
148142
251463
284536
104665
342286
25740
63133
454125
338761
282721
244628
225575
491751
159664
407371
61129
93828
326419
78156
343840
405435
331479
420705
204772
14428
308606
400921
324256
244908
278034
499807
325095
494201
188319
300418
466500
32107
52343
414539
206217
277681
192581
375748
393364
344898
356672
41385
1318
197047
82370
486884
275769
240844
49778
403475
294841
75557
430323
95819
249669
262418
28508
30804
182441
144094
352512
242255
236859
360193
439301
471528
149630
258226
64904
41055
20022
223822
116441
113318
446211
340836
276580
408554
85150
388944
259472
289673
366648
208853
324456
297536
396229
436897
141250
234738
314901
229262
130589
194099
11683
309489
220745
201353
82532
345166
5432
202670
270750
356471
144586
104472
294608
262602
188155
155457
469841
267919
436375
376089
498266
274849
382351
434300
374107
383067
23416
49992
136726
188841
20592
136175
240823
422255
384094
469979
141328
326322
428092
215074
136912
48615
106599
371433
130992
411987
242375
411627
192326
349310
366842
160395
88507
18063
292562
302447
169772
250190
205934
30962
153322
469813
141465
20164
181868
39752
291126
487178
47686
478300
456520
74966
254550
446102
148570
86044
243427
32419
155311
85950
241704
333432
6843
365798
345612
390326
42157
86272
28768
396301
234506
458973
181650
336352
27111
387894
360279
473854
311685
107617
227022
262347
92801
291769
446941
132520
333023
78677
216129
98611
376599
40762
413313
300292
289425
396160
244472
128374
94673
334750
258430
100446
115594
3128
110591
288868
348317
260265
338133
7149
78114
491485
33717
184016
365513
446597
467011
25865
60317
259391
54361
280347
290378
20085
205340
18338
319815
139725
152710
387575
275582
270095
53174
252364
76991
150963
225302
242752
456632
67856
258241
491743
282061
25853
410772
382445
108100
179308
437519
134702
67552
339045
126173
380926
315567
293617
140902
49531
21169
305633
58562
24077
459639
193233
133221
222703
471722
36181
492251
438940
480588
252717
143966
190353
97032
355495
300516
357145
310625
254428
214376
121181
403603
94194
139167
114269
477609
298710
401954
444928
92469
312476
373349
79955
59892
333279
201459
250836
193775
313376
14034
155726
264984
324981
299417
89394
70898
408517
351488
244776
351280
229207
468023
27216
426079
276150
256626
262787
86270
277620
356083
434749
53022
281494
301954
325995
145541
26086
36122
492575
372055
303830
40941
359156
402267
70201
135691
494518
76288
26948
108788
485444
379345
156152
234857
181956
312998
392387
474207
361444
18482
422427
267485
48239
51570
204063
244530
145015
352616
482886
401788
435614
176098
115859
132008
368719
229270
439950
282275
424854
337413
271754
288538
9890
159748
210219
313381
485876
410560
35306
246222
452420
203387
330140
258630
385536
134415
143847
230452
273996
74605
86680
207134
263237
210857
325940
146756
345177
336044
405601
11610
389525
251178
439826
350954
346737
494471
164458
211574
26693
187874
153264
87177
463622
259501
431683
130209
424515
151834
154593
46559
296837
17051
488088
32221
307016
7656
53968
35159
56282
461859
213682
424325
62854
356500
472574
63549
6027
153473
159338
37289
498088
295219
94583
52801
269621
19177
432706
451684
79219
34308
412466
94331
27845
97831
109609
173179
238503
330220
357762
194506
34620
379416
262777
290372
316650
134010
19846
438760
282706
19846
256019
82034
477814
202205
476720
124165
410321
427778
249898
279948
32889
156755
467283
385004
17052
478486
180000
460860
404706
442219
60503
96069
53463
470745
478011
44316
389182
205486
369023
105850
355462
191064
187932
19534
380320
484574
287253
146056
158984
293653
452415
305037
469216
429982
375515
382594
15491
439246
444288
499866
459223
437094
48920
64991
15355
482646
266418
468821
329586
209723
423145
439760
241482
3001
144669
249440
407359
477530
185328
319486
121259
133244
425059
108981
94158
402232
126670
389019
409828
331751
133968
411563
184936
488480
51071
309257
197001
54206
291704
205737
115855
56819
384679
410929
345175
322493
383399
123431
113156
163902
69737
101525
367406
305521
357125
399383
449627
208522
320380
485221
274238
134522
399390
482873
99455
225960
448443
149227
251517
215368
147506
105341
157246
172389
346178
50633
167395
395495
50479
22351
49239
310358
228037
83322
54716
261951
333796
335719
130249
74449
18638
189323
147478
448445
482331
363010
205621
85768
332260
133009
214631
77178
441951
409281
139774
295174
238371
310651
324781
422462
306272
197565
449984
58339
471203
421401
258622
445367
189044
41172
346573
246440
231643
418978
20568
282202
403718
258560
161996
369739
15245
360636
223539
305116
197961
450900
10160
436767
77088
479398
91486
146029
487553
472909
191054
334064
118337
23348
201654
213328
356239
63233
463883
181362
405949
338298
455326
163331
448071
178168
82205
432969
476024
407945
323549
476162
374970
263722
327012
77361
385692
50444
248997
346152
239942
434066
275085
265142
464886
335612
145759
444599
433071
70080
12121
99663
376091
341973
483449
312620
77033
384513
399267
43587
193358
403839
190519
480482
219547
21082
327315
441623
132230
474408
275178
7045
176122
160128
104485
265183
161083
487185
375495
186460
166479
152154
414974
337862
307521
182998
456365
106364
372855
29407
481666
185021
94797
170030
253568
87206
79100
468125
466475
205011
311748
470751
383520
356903
244805
314063
178690
269167
315626
81540
240333
272518
338865
447911
176021
36748
15835
272502
409712
43520
392876
169162
87487
38665
57518
214432
382252
352324
140345
493319
24900
243034
80590
126852
223710
122094
266988
381573
408462
35381
116651
432438
8794
144298
451420
217064
80146
395894
150941
163779
264425
131046
246323
20912
321409
239296
453270
496049
342145
697
365420
431633
358901
206410
305214
444498
496825
122522
164291
367035
119177
320083
463526
150288
122378
447289
61226
32107
187093
65702
129198
376544
467853
131063
318690
254867
99630
242274
477178
94355
358452
271389
118176
390957
466518
481221
167120
215202
265368
468514
206548
2028
149489
11817
426510
459340
230828
228342
86322
491723
453025
51206
425905
222130
494556
367602
22567
193318
405212
173010
492714
472674
337202
235419
160784
479615
230246
115599
457715
375729
49851
394070
74934
419
10986
142379
460974
256180
360554
369151
62833
17212
7556
127072
164811
356591
487829
64141
252460
253138
418964
80425
145700
402426
228167
36404
410530
195422
235083
219260
477977
262628
432752
162801
445568
105021
111816
441682
375241
422363
47661
25453
33718
85088
424202
96021
497981
165648
128587
483887
313240
272701
241376
318002
71824
331086
83480
377451
231012
10154
39058
6146
284574
314520
436806
355252
879
421949
339652
347400
155690
330054
58154
195137
468782
318298
49843
364721
80749
425806
467765
81036
86561
300389
394804
209636
343659
478766
374634
460456
229058
55653
466738
296881
382381
445646
289338
27045
491594
463780
380668
370244
241315
329715
94826
469186
464802
54000
69343
1109
22338
374573
292886
396481
198679
282397
67025
305118
72781
11369
489244
104391
342837
331314
131022
283048
415574
487927
123335
333668
474263
50586
329637
165
14543
271929
77460
234310
411553
446290
16929
104051
52602
89763
1636
485352
452230
180077
296136
311004
183869
127631
386414
386117
253632
425290
308426
499313
358348
163184
79530
355034
142822
221468
59809
275883
137400
32986
143388
228369
472201
485422
285877
4677
101998
32214
63709
29844
66180
53189
456458
316183
292108
136397
420989
138745
211201
11284
390528
3091
237697
386711
53207
46206
244264
281103
318347
50326
85889
432330
469188
71696
211029
19069
484859
21726
283501
326959
478221
287026
495553
54348
408526
447565
465601
77811
241553
250778
410067
59592
227671
245923
443364
42995
247360
172366
314123
68490
255847
214807
257848
222544
277079
125971
114916
208116
180320
32820
297940
96474
69665
145793
4893
161730
267457
299962
277757
348898
203258
156616
323002
179968
310781
202478
57592
85653
481232
449139
139598
89475
48337
225956
374648
4891
83409
273331
302050
7383
111396
372034
295683
491750
76249
268513
491627
17096
77070
181189
471859
27396
289765
56465
260820
183893
311582
458953
53630
250090
356884
359018
140896
236062
343965
56486
52536
90686
293323
430653
11188
493187
487563
468424
369490
24537
248943
254140
218309
106152
157741
497022
170865
209801
280363
204162
467649
370541
139803
119321
444816
129863
333785
375105
421820
46592
158595
327258
168741
386549
446148
79831
239675
52893
403684
475082
404122
285440
26726
232672
237916
105108
77541
480682
121462
361586
14752
170366
261184
26596
116420
199332
335499
382432
35746
165346
18237
177079
468676
294207
479290
453051
323076
237277
447401
309189
202373
151999
324596
497367
155011
24290
327369
357036
110354
334954
277518
254527
262976
454407
110908
111919
410203
261744
87328
472074
192804
255308
390761
58339
184432
189967
222941
64222
138302
426976
314394
310371
69099
456949
84153
244578
138113
268239
496817
209347
485880
252286
406144
485859
128682
75451
153538
192398
318086
248049
19963
286405
28016
289451
108759
30772
349292
386083
149058
488936
100224
225580
199637
211925
198792
215835
400845
271620
428668
424358
115475
248443
66684
170926
35898
362771
191296
28861
265789
127500
342003
380946
136109
467797
74915
409765
309822
383978
269761
128997
134159
134321
432
115241
495568
349032
274157
328353
170505
218500
487377
331546
123942
350841
217819
451401
58397
496600
338964
317393
486117
349417
393494
358937
365794
297470
141308
273849
381081
60342
457414
439007
69685
472893
249353
281291
118845
214838
341761
223484
360805
241947
414737
368299
199931
266245
227458
219999
234664
74586
328663
92233
304568
299291
305090
457880
185686
15644
296129
315755
87230
193693
86356
427861
246075
188458
49433
24490
363352
152341
436976
16717
313457
369524
373893
264901
445580
35305
372828
95160
236583
70607
437722
415088
180796
305963
237835
438365
338294
279614
451432
168001
161875
227944
161709
472342
148540
328055
1228
85070
393364
139404
361488
142594
27730
344063
34210
200604
37695
322704
205252
381734
314297
110334
331363
141431
375559
235856
51790
437457
457431
314118
237663
333048
185476
422931
72826
319407
234235
367148
192468
127260
252247
43703
343639
264629
319949
359850
297791
490822
265919
419487
403178
203625
208723
309192
172965
371260
60277
243812
245716
491003
1389
225942
160685
487298
116957
411491
247655
35675
262380
111989
248285
193976
486017
23626
207948
325317
245924
460612
411563
217348
463194
433034
31305
354224
165946
476762
171527
69770
21312
88536
380772
165905
351772
306114
335471
254332
489179
316794
158145
286421
148678
86279
366487
321921
122317
163030
246508
178557
431382
349558
157756
196424
306685
372576
323103
318299
384504
483626
422054
445442
157194
450202
151696
30482
206675
282423
478589
177755
222351
456031
369665
8028
232108
177091
487606
91488
240979
30691
244235
86501
232111
57286
235997
466055
84478
425401
168683
104782
21727
41113
406331
339901
433525
468473
421652
288077
144581
339005
129411
466882
277505
197406
401130
218710
166710
208785
434212
438718
540
354938
496724
457018
45703
372961
2413
213178
388707
200440
270458
161288
279273
2083
440284
59631
235027
68770
248796
289650
162538
304577
170724
140108
81498
258255
137473
1186
327439
196594
343396
127683
342802
489099
421975
48681
361224
170334
110959
332755
439040
312355
212264
294597
216405
496982
114488
477355
454982
26193
37982
293535
332460
455996
42613
343762
190871
329859
16712
250602
391976
320328
38526
423662
271168
299957
64236
193582
451473
420476
426278
22424
223696
219745
44190
164621
486428
189610
402769
4842
53345
126535
477
13595
50469
380025
329666
105951
389449
127349
338989
403680
9864
16338
496632
181004
154624
416201
106685
41123
489671
487369
492549
422592
420836
470280
472849
93143
207485
382728
449191
320949
242434
124668
337647
250003
178067
143762
400635
7015
480710
133747
450178
131258
110393
158956
26725
91127
88326
76935
186274
436705
74522
377561
265122
375011
16074
340961
120715
242143
165682
469659
35233
159638
493892
328008
80718
41466
446006
227430
282880
133683
162707
52080
29817
400778
82854
295731
158404
472879
465153
249519
340962
327176
68090
471600
86407
157466
268825
6996
450998
363666
273593
206389
458616
228877
24218
446037
249113
473793
489355
380099
419822
211409
383763
165068
355785
362526
348734
237778
499829
383936
255892
491185
119010
55474
274147
164199
213268
157684
21563
435643
439537
203077
245195
189111
38461
348813
95525
305643
244084
450149
464016
91232
78754
449523
436891
260221
372057
59379
261497
299722
179646
421759
303086
481538
331388
334579
453388
249900
294959
458088
36377
280804
390926
136902
356573
316912
88323
422440
456468
24878
191118
119767
347147
304096
467809
266854
381119
311841
76668
421731
246002
329752
4498
269727
90565
489900
432827
424901
210748
452840
224331
57850
14949
90059
331684
94390
158437
215003
304713
165950
412753
426426
122441
427467
194137
248217
470554
61741
104178
33591
213696
63823
478262
222737
132843
240193
31929
347296
384395
383241
267599
363928
239350
399349
424556
440961
308355
11089
378239
153615
131456
264113
277011
80966
490330
156586
277223
97355
145150
311304
165724
212122
135185
27828
379259
196509
272722
60941
90413
885
382118
289991
48843
167433
468863
152883
189001
228554
247346
233690
435128
357851
371184
359844
21894
6633
345344
120371
192001
409867
386168
147918
30638
334607
417491
336917
233636
343804
409893
365158
210851
426407
225356
246678
122948
343038
229067
312861
83640
488067
386526
95023
469905
404572
172387
349824
314470
6913
392270
181201
475080
388983
178178
315062
400474
75413
431884
489068
330543
188112
198262
360046
421060
309980
138820
424442
91072
469772
323748
225021
175242
384930
275980
149584
87375
297105
480352
167715
491978
483397
487799
496996
212184
119901
246838
330095
21705
404051
273215
247384
269689
455932
261012
96528
465685
67022
486167
41424
179180
177833
47610
85594
451446
319273
491258
21059
30811
113843
378359
480588
227729
19027
230779
268280
155494
110979
353681
214780
48161
246497
232120
41704
22252
53854
211494
139240
482509
181142
111124
253450
67210
464461
167134
3457
172829
363735
302353
94753
437151
80480
306
129795
415781
207578
208075
128109
4339
135168
418204
285307
256810
59592
190006
240189
386908
453633
499238
109952
248566
284946
50838
136407
203179
236610
466443
256798
262694
419023
54339
183700
44534
375721
370536
111648
10768
110371
11468
5271
307123
487950
253347
74159
455279
39962
101933
260810
375718
114600
405977
116434
406702
45922
70356
237811
139810
48185
311689
434824
428310
179101
425154
136816
388178
204687
21319
153771
63863
140850
151559
210176
301173
1904
141086
221518
282441
361507
188460
366000
487336
491672
115103
307515
91498
336892
151696
30222
31725
406702
221669
368647
249036
234452
388984
441806
26662
309909
451820
114107
324460
162672
400553
100004
434148
371078
172396
468745
76542
376826
248064
242687
60717
182217
333173
449636
13003
291233
35178
341007
10802
23391
11807
139958
426483
457430
429281
180036
473331
107070
143121
262789
461077
102542
117848
147071
83121
218556
265497
87868
282404
7276
95171
311816
464825
132278
468807
351840
140599
200504
417721
244446
473508
156759
120281
57691
225019
207157
489448
206475
73934
429833
317623
435020
355176
69906
253521
193549
482940
403182
63034
103468
84468
233739
474759
7852
142299
201992
64234
73465
369602
102073
238533
388923
435177
454834
177378
119339
72435
172705
148226
461407
243355
243671
309253
359030
211887
44663
421846
342155
96672
214514
43504
5352
79085
378666
6014
70892
108195
105425
356666
457966
315753
408764
357987
15098
142771
443337
255289
286734
251869
154406
236472
414501
415876
324897
423776
104041
275455
184618
71979
173377
433417
482490
439617
155410
393127
42652
225741
208074
495116
183975
216532
191701
217506
6171
477671
75233
474147
400054
477696
361146
121194
65784
374169
150666
298342
6295
122345
457974
184890
412154
196897
467960
277208
252475
299711
283208
326498
331716
259338
179952
161273
274081
145632
271118
481006
449043
12601
366383
195578
158796
332740
488023
31321
21081
484574
35536
208480
362425
12730
464476
310779
24764
284118
260290
488931
243717
6830
429515
186274
355131
201069
329741
282404
29227
338468
15919
171193
314831
70912
285908
351491
191133
484466
78645
9212
173293
327907
253351
200271
169347
278685
81521
110086
487897
330304
189501
23756
219450
215530
415120
206595
382283
62323
132200
246078
56939
28852
449160
241416
254240
345989
137379
142655
352771
22358
389505
164530
314054
36920
148600
432102
491386
441807
316070
356356
227352
16874
292685
265574
276614
453985
169246
309799
364629
282794
446202
147462
67575
6798
170445
394600
186301
134543
316061
198164
361678
415240
220361
40176
350481
473087
470434
390254
101971
31514
260220
315588
78317
395828
108388
294935
291234
77556
237565
470588
3965
27028
421212
53381
380644
426401
375054
378597
473137
487795
184217
220727
119569
313696
314229
60511
99298
357765
357748
316876
207763
493137
445505
259878
429779
346866
250800
157668
86680
216346
433177
249175
455197
51052
436205
437723
268120
359129
423200
465437
369053
284305
13678
43991
410716
471735
281934
116202
215788
367963
23506
131068
53624
493234
398306
107153
238975
162407
427476
411122
172576
125704
368338
54671
135460
235440
433849
451704
296407
161676
497471
291406
380574
84891
95761
404241
304452
40597
155969
272973
335026
302183
417996
422964
310573
352187
275941
396135
475117
421829
27553
42683
217269
19386
239271
415428
220503
295964
93261
414136
297052
415296
258045
31010
58407
173341
55954
34422
54217
426868
246708
341974
448807
478941
457222
31659
489149
310672
496938
116143
372074
104025
251479
384972
423313
269605
209134
221572
246620
97945
329994
478939
421551
40672
78038
378393
104876
443481
341909
223074
458221
252691
256924
294685
31257
450936
161640
197133
310765
497147
241630
217576
238904
467795
440894
237273
148206
437155
321820
131833
147052
279499
123924
115374
76957
156793
253239
44169
349321
113936
210813
182012
332152
20455
426632
94504
224446
119877
355534
225841
305266
495665
383696
375359
368853
120049
480700
294404
262625
202212
359284
304513
250850
184559
249542
67120
4819
450205
14413
241646
278166
15192
499141
208509
266088
36645
35161
309870
233848
227778
389119
80333
410641
140139
307101
218733
429770
296484
257975
2193
499339
416327
199559
363615
461105
138099
58119
157794
24304
422346
372915
35917
359468
265187
147875
372167
453322
382946
9780
171831
166227
391390
414464
158955
169782
144903
385143
54436
63420
302206
182449
490980
19270
50499
391507
452734
222894
57707
53793
178482
405965
16279
338552
497318
475163
279123
490708
383609
419914
101196
37385
3661
8967
290802
151771
441505
460013
235634
62237
162810
479434
195114
346244
145395
48588
433869
181680
166469
205277
303695
180780
268565
461795
71252
250959
447136
424700
120402
11944
333943
212240
331924
82612
245157
118967
476665
6348
387790
146629
468853
275421
286889
301707
146134
328164
170726
216859
433150
170148
368212
220532
188556
376563
450216
380691
239237
467836
373994
21974
246615
250419
121631
156798
47428
469155
472807
343066
324604
468293
365161
220899
240612
187385
204946
37469
116508
232640
225735
119879
134976
244885
397568
47227
202428
210347
25162
368439
444670
78034
21546
164622
277623
306038
248416
324304
430849
491992
227289
301674
217559
57982
331103
355641
130206
381896
408188
389360
412989
280724
104021
193911
471107
33385
75758
47848
105195
442369
490778
493826
354489
13047
100713
477821
87617
429548
11951
428609
267090
24605
249636
287853
366961
334814
475492
463069
166804
41699
269772
481989
228494
412191
221372
437592
375719
417640
308397
323538
116630
192408
402593
61732
444495
241385
211080
121009
65208
211566
315071
386788
361307
42076
296078
134638
324358
407602
392920
237582
256240
225992
119247
435472
35694
195729
407353
54596
654
274765
225872
355485
202372
86971
174037
245413
266467
485476
450422
36572
198054
62964
97847
91465
477148
310850
439287
316287
299932
444272
348822
120186
218427
249545
262892
213702
373442
292264
476923
262572
10172
59842
143510
478329
293458
390092
12367
265922
343817
32495
159792
119284
347906
343905
489441
429570
269863
479052
403780
125664
422890
433733
422008
451673
91388
123724
312548
73275
93531
480333
180323
180447
415647
151685
45554
240793
279777
140837
97770
232703
48792
295840
408525
114825
280049
189978
404350
229418
220829
130308
485841
384004
357712
172773
323989
338898
267315
153975
405362
283626
154883
453263
331368
82896
114157
252196
149812
120014
215079
106063
47026
112932
414556
131679
417142
269389
123548
355568
10900
112298
289112
79719
305010
48329
27213
498600
336965
402537
439044
60862
189557
95611
239326
424062
400577
441254
88112
449674
226754
44051
153608
256652
7260
67965
94397
111982
221586
304337
238212
205673
255552
77553
362210
40447
85094
276169
88819
127549
308019
104373
50743
352444
399426
333985
259315
122361
184104
306036
397918
159288
209494
17518
311144
110365
433815
388732
152631
460729
151490
146719
459246
189000
295799
156984
312708
357557
380533
37139
160904
11181
132784
116618
322562
217306
77789
419337
298067
368220
490527
222092
18876
284921
182275
300608
331913
222037
244320
148859
215193
269227
306719
86071
482271
143048
302087
4700
454104
412090
470511
287630
8674
321088
214864
368824
230119
176350
93240
498321
310390
470270
145092
251049
40643
434996
307153
373542
480640
458207
157038
57268
276030
302474
242673
216750
430302
239218
217610
260282
250421
12588
433585
309166
152794
335777
464811
313339
241923
191427
487680
487442
269662
333497
351075
438182
220040
70415
382355
245493
365203
377156
7315
235996
381479
326739
415973
42231
400932
60193
207087
424308
299500
379280
445058
425484
294818
400832
324941
280104
5719
288552
27608
465737
162408
65491
440272
467961
365559
70816
152850
49029
405801
438918
476032
302333
273518
71711
366449
32072
202973
264189
142646
464424
385106
476006
421807
465347
369746
455925
39945
411114
159567
20638
95397
335009
289124
247550
283051
479787
209954
475673
179840
466681
441121
122141
184886
356517
401205
216133
281981
410206
279682
22408
238832
495189
313465
126214
95638
321646
278548
343436
351248
359145
127109
467185
387599
413044
272988
77611
454614
393868
387007
200764
364945
233537
461339
96439
361573
127671
442615
84169
396845
412222
156036
464397
280929
38956
53705
411968
240827
107746
471019
23101
53528
301377
93672
248655
480568
257596
459677
54648
446502
102497
324633
430875
99474
33045
37430
276829
447819
218754
321902
317663
289639
220518
279007
440754
92846
40808
113154
146355
52742
289319
62074
56089
104099
24766
382113
415161
344435
397269
257022
146435
419808
261702
189242
208159
215006
414658
243925
123354
80776
49850
213835
192266
236179
319536
60512
291241
394890
6064
62861
31307
272913
393115
373629
186008
460476
107868
301023
86822
56113
46507
489855
405653
156793
127383
105094
142733
25321
191750
307740
406277
163511
458071
43660
32400
21708
282795
298605
86019
426691
475152
63791
37368
283408
384960
32468
113145
25997
35566
650
112722
382451
429307
428206
22801
257383
195522
97689
297914
181012
370480
36920
96274
216877
291503
123043
412272
265825
47007
25393
317418
66682
337617
21183
137308
98382
159246
104875
479308
352938
154436
333731
270798
69099
359939
122540
55923
266109
114958
76169
46870
36974
17399
433026
383543
481231
383666
30927
407434
49869
246540
198896
480363
488480
439926
75394
325063
70900
371874
87218
272375
10762
350046
250642
341335
205403
249413
64666
298315
461298
408636
145066
87707
130912
355305
119344
75218
262474
284200
347729
113762
7881
306333
266714
139536
407653
375468
307007
39516
258815
478194
2607
227579
113876
363644
216650
456407
326951
52723
142525
293902
451746
166357
63018
103173
6927
337222
141674
151338
238273
15455
291246
252285
7139
361876
195645
35043
8028
252954
444502
300649
100953
335997
16735
307442
181276
271152
73690
302399
441622
491935
277129
354612
316138
144131
440208
432749
105401
365487
129792
427908
121289
364389
433323
109864
296343
237548
292768
84315
271824
173125
352478
109041
481571
206087
315688
77228
285538
169971
190756
326800
253324
217968
128787
148928
61919
159576
103299
199479
211466
340644
6555
278959
327206
200326
10171
106953
182852
224654
416567
227693
216982
298577
278896
148047
11996
53315
263345
298872
464475
368250
278215
305333
150405
292349
455273
439038
488453
80951
189335
132298
10341
121312
223438
451034
37991
215275
167638
459156
302343
285320
243817
263364
420495
155656
301287
161085
437673
126120
260901
141195
432076
68973
413320
166630
35002
396446
136179
161328
277357
356691
251661
323020
490089
114469
355867
92098
347000
316604
103639
214867
16046
351530
345847
263841
177020
384672
282940
60375
137297
32836
28334
90897
445456
336509
189795
326081
265901
306005
166680
315378
326472
234508
283036
80326
253919
235294
314916
335050
90772
101835
55351
84312
326757
194793
82771
48964
39965
313702
412221
132866
373449
103458
19858
179761
116096
358083
459233
131378
342533
451220
35059
53355
231126
485157
5116
498538
364552
3911
88806
360631
24493
143564
455205
482509
411129
260724
351245
111102
11953
65274
5159
33203
397168
271063
201783
291855
173304
143423
282723
445669
56302
61142
280071
306109
219254
39132
96998
26998
371186
437998
364584
428966
456519
154536
165996
217296
410715
449869
443903
312411
409204
257896
32384
466367
467713
387742
52740
128063
343435
472971
235835
283378
256007
230006
157129
134704
493308
32192
493911
406364
477634
49473
330850
334212
433977
371518
204046
202449
134370
158039
460708
184706
315129
441198
53845
112231
337363
35115
433345
257518
434068
152959
378671
403123
170582
78338
191875
495691
414620
288959
414751
246149
372935
306245
460679
220996
206361
367846
387104
376593
44141
353834
335691
16254
333248
491402
333781
1247
175425
468155
214124
53275
304797
458359
172408
332299
248700
366172
96290
463932
278574
375280
432118
114569
184247
466599
275309
405983
470188
329944
149106
234448
101120
148856
234699
300492
178433
87302
240011
92271
151409
129348
372863
94360
3970
116882
468229
242563
233917
248928
392797
350883
60382
187084
423128
81970
251811
163309
55103
122056
6517
47545
434804
191481
322930
487999
217362
406312
360647
111735
3252
250857
408073
358139
242226
36646
24214
17710
463686
18694
125323
342052
435273
23725
132440
79951
229697
110223
282225
353587
467118
219562
292249
190381
497754
439398
367537
292545
447763
74041
145669
70477
288990
292364
333527
176634
393500
337338
491222
185999
195933
196818
32234
144504
318749
387096
416345
393441
139581
141747
214797
379807
30956
20930
243661
173554
56276
315604
204651
64961
273534
332044
333039
247326
92075
267498
318108
91218
215409
321520
96358
324308
121785
265945
133875
31054
108256
264118
314977
289308
265630
188722
498326
412972
109134
379762
19029
465084
21518
206037
20680
10677
415704
294562
76344
252268
306415
411968
389963
113045
364493
9295
490754
246551
389804
144445
158923
285312
344575
490294
322255
23938
124032
352783
419942
189947
58531
461880
303015
71445
463973
21264
433767
425133
278575
254939
468436
172565
203201
57165
46585
303467
297676
291177
32838
422706
27414
132026
205339
275062
429613
214915
353739
7021
14551
248206
405196
469874
413194
65893
439597
428164
218221
322394
307246
102466
414068
74038
277050
348567
245318
30447
153944
436465
269361
347587
4792
49268
331186
170310
183700
331788
401457
175044
158994
181489
242142
347238
406701
359763
323471
377052
187848
205206
355909
454273
369292
362727
81573
362393
104243
150151
144426
294523
173931
120994
37932
372983
486133
321263
290860
413432
116997
420230
347259
186117
185513
224755
37230
144580
383605
298335
247924
91983
401495
247497
341819
410448
197182
142911
286108
311773
404590
83111
319590
230567
229709
251647
278810
352785
262881
261914
368753
227106
472250
453509
223655
22142
117101
100736
1116
483863
38411
324982
67235
372070
75912
90087
122596
219440
478984
46019
280725
249543
114570
324475
148968
18507
111049
222939
490101
35952
385431
23335
489542
294564
428192
338652
413967
360808
84154
4824
223415
241553
84305
141918
273352
281713
14150
365933
470247
234961
329431
314059
362093
338141
241107
92251
338410
355749
325625
67465
15119
147656
176989
398197
425772
472161
203909
266822
189420
123664
273164
439983
348204
83241
239754
370578
127716
183736
188502
328122
182014
369922
160811
377641
84144
130091
173678
17202
235380
164719
329026
305081
103897
430623
112904
319193
97485
396160
70989
151127
57503
374834
435057
343095
159416
198000
421220
214198
446170
223446
94969
371268
185661
473254
308131
216660
464202
350073
174455
137938
324602
138593
411449
185841
211999
247296
214309
131213
370845
197115
38796
436035
102119
370137
41299
55863
160435
364771
618
93849
315327
66887
44411
173419
399236
271764
15515
242874
131607
123882
346916
379650
454023
19791
244447
12068
71285
355630
85550
135915
411319
177138
234652
58387
175618
66477
99230
485574
415440
436108
152594
69450
345240
86640
134540
258762
37129
213553
178590
208777
487857
416178
57359
12879
370778
322891
134479
269858
304885
497979
83084
368243
468863
281419
29475
287623
194251
325571
329800
257680
365270
60184
223567
14851
330515
285601
350846
222014
401416
191272
297797
261832
44421
495090
340710
436777
337721
434147
172828
355096
220877
312645
192547
355718
180658
339632
163276
52548
343506
360462
52194
269579
131688
183915
74596
363226
454095
326467
287379
428302
452501
467953
451492
364207
272557
234809
317990
195030
219556
74171
481294
450761
283234
210859
236624
463596
65692
429881
227060
153559
202821
265949
405036
127601
253530
184657
418543
430456
275075
470473
560
134467
182128
321914
258276
273119
420924
263603
210566
431286
330727
389942
191348
115419
16872
453609
188803
227229
302249
344355
181514
213496
223993
121196
430651
21770
222839
228583
30311
107986
427134
328577
202186
487400
270753
393360
202933
250544
252442
311548
494960
227153
297952
3828
376917
417566
473748
439052
460138
43183
309971
390224
255125
314326
325767
127035
204869
485728
491591
484048
232829
130286
467192
300877
212518
145250
218378
482609
21376
43685
317087
433252
197545
39393
313330
103357
87462
14109
485903
25058
400376
329262
163841
34002
144704
246421
188996
293785
231247
297719
283319
163063
488050
390120
462684
182835
413200
223536
205926
389497
316948
102999
141284
196831
214875
114477
52462
46260
427007
33330
35927
352472
177138
17214
242962
92326
487408
263114
446964
150084
19547
486016
488354
373299
114460
226071
350753
20762
307020
149933
61289
35747
195569
214342
259112
453697
423502
20191
31692
293750
271089
275907
11977
73343
29901
462544
394610
285491
416263
493637
109687
232034
340718
326962
209633
12393
168900
484597
438171
320971
264935
498782
223563
85909
13157
150310
364580
469341
395927
429326
8085
221543
315241
409474
62228
289862
160165
117371
159665
136868
86867
261371
282781
63184
410428
285422
248324
493076
185401
238594
270688
347322
31611
264808
7650
404386
411145
467698
425630
14130
25004
393413
36247
24070
236657
234128
177669
383149
389520
450459
221960
225052
446453
457806
146517
137129
159139
297880
402728
112673
355098
233502
357074
429830
348166
23499
88676
294124
480518
410622
330444
338411
449044
445896
157416
432477
93500
417809
339480
112212
342390
467173
377627
438184
412236
361186
96747
258493
429800
145925
150977
486691
159479
198722
344041
147856
380856
331252
133039
118925
271868
204426
438268
207214
391502
311361
134614
338729
291821
352387
129123
181531
472514
331702
463538
18864
16119
29206
401235
328519
278003
431530
57990
6125
239217
228099
312314
498500
336236
80529
299285
199077
52008
79544
296852
70831
409072
100072
442710
158572
436220
361149
181597
131007
338582
380386
380494
293341
367134
94000
461271
187715
149815
181687
41651
427092
88347
276150
195860
64048
216946
254519
270366
82886
431778
412738
425924
183786
390672
9951
451849
411033
81655
278354
227222
307086
148208
116701
276639
295140
211031
321279
426921
2984
379032
255582
24609
313552
44823
116744
269174
142376
123651
197114
212994
289497
47939
277880
353352
112588
314613
495964
6251
24817
76962
395245
280783
375007
117688
242609
65677
244643
222284
152934
434859
485130
14503
407376
93370
276936
162928
31450
253303
326494
247084
483474
484811
456053
158843
464868
158482
344039
233853
264400
205897
487808
61704
69994
129538
235465
335063
163670
120354
401287
314473
225629
118217
123601
470256
454553
345722
68582
250106
457639
20637
415170
390467
53626
436788
385155
283075
440594
419634
38987
123647
29702
241886
480964
468032
85
121279
269408
436647
247715
99023
355686
404321
460279
459483
44567
323648
389020
53512
199056
454538
11391
390883
316303
224980
95559
360513
354971
190934
99746
259607
208197
23032
356805
162508
168885
277
270370
301720
76748
159511
49005
451548
332089
337357
180059
220679
480372
182667
233128
496352
446143
316314
451502
458291
120892
176302
179797
423904
422598
407204
457462
131484
293784
59235
78324
294264
171964
222930
300648
401647
420262
133497
344632
464551
188769
449563
419168
169083
192662
284092
497794
356113
329089
62773
489645
158452
224244
44346
97558
143981
181266
271833
263052
190356
54555
132439
118567
348551
310788
164309
12799
499551
409073
13103
323304
79010
418207
481279
497281
235438
307518
340500
177525
481053
29207
127811
182170
395985
465375
197963
198106
23850
77230
238685
251311
61690
46348
317817
186443
293905
349527
352319
449537
28088
457152
235209
315534
383794
26631
227617
107178
6503
58783
54872
338167
344966
11269
221926
61067
202492
215740
288361
398525
374160
181835
294578
374894
340525
459701
317995
379603
369865
173840
498165
246229
214024
222600
80281
164914
282849
419511
54482
489860
419902
14426
160230
303817
93134
142695
200884
155494
173614
391767
379014
47923
2521
489452
337458
93473
94135
320336
365097
72385
449852
428000
230053
412186
98620
85784
63912
115410
188722
199750
428201
107188
90318
117493
44336
91590
398490
204620
209105
76242
438217
104934
217334
40295
240548
475072
92723
466954
185885
119915
217891
207856
420828
6121
45633
55821
73633
219725
145020
348202
77274
438640
495750
431272
327573
418149
336430
160496
170221
408517
443115
328488
395406
242407
156449
897
233583
115899
216116
176727
182815
477540
453459
274992
309313
212658
353524
55711
320094
112923
115950
483596
37110
235019
101898
322574
275300
465881
139411
426492
245626
110452
68722
487329
296786
182178
373308
214866
88868
28903
409026
443226
397614
332120
323835
149335
438082
115249
387859
8428
142908
235856
167846
383552
184719
372752
217864
314901
126771
236708
42193
402196
374712
475547
380606
342103
167825
198873
105325
261183
89294
127866
255957
145388
237559
270692
41831
363864
371306
158809
371902
34558
72673
460486
386624
491629
477974
305205
38886
486956
467261
30574
277980
480417
161723
103095
140329
287970
28051
372575
147547
302702
450737
28026
399303
488384
300289
548
88751
392881
174764
331850
260730
298137
306594
14569
305840
332043
269788
437163
247409
25438
380837
496566
130450
350284
408073
358086
409141
388716
405302
244264
99018
476425
330069
293572
130235
167844
204075
165502
172262
282647
435836
13037
156434
77008
449868
54955
436702
243513
93849
284434
139685
316005
295131
109305
311716
13077
458676
383498
262689
8152
496786
149134
141639
277336
278024
328991
427305
342056
326450
116954
198432
163562
122309
335332
305342
153895
371438
81928
28894
471122
138595
35793
221740
184896
439036
390653
293505
170954
146813
356583
116542
82558
470227
111331
333381
372837
249115
203259
430657
355049
74277
275641
47606
161299
346425
310515
499300
427904
31486
245531
73233
98392
456368
434498
268089
368571
393786
84608
170330
21152
203062
473019
140108
278487
123014
86251
469659
480753
383614
104856
96801
26460
176002
343504
380334
220083
348711
129967
15039
205607
379558
341065
389470
331878
301931
110349
364934
378420
495619
366414
494782
54041
140091
99398
229191
70545
26023
293059
480820
263596
442596
342476
303446
205192
371958
432709
356135
388739
112724
456409
382935
454714
310866
389193
128696
259156
252743
214978
314279
419880
384286
237674
418512
283784
47698
438572
225813
342014
81817
139348
337959
36257
449706
115026
21623
10994
284797
416923
200820
425749
164682
106530
273377
392025
475321
412026
363879
447997
31161
12981
445353
151802
141493
45221
48674
251917
470326
426235
364408
431746
421536
264245
407684
116335
64595
312733
130502
65336
81613
448000
404081
63032
397542
427730
329065
315075
338130
423976
354049
111067
332807
132939
421727
162113
457250
90253
369499
210243
255181
10268
273534
87858
22921
222999
490147
254842
215173
432810
110369
139341
174642
250904
313841
254144
344246
296617
201095
15333
119457
259473
373803
76782
296764
317784
419157
234798
473053
192371
488286
111224
251375
334194
437999
340985
272625
441371
146201
206266
446099
151730
482915
112741
440560
114212
181105
265999
430314
202883
114634
133716
328667
98054
76232
341407
56204
156872
389050
60411
233710
130018
201211
271292
41949
238462
29131
427014
496779
46493
10632
156344
456728
393804
71997
149812
340111
83969
190002
60647
157397
409740
312535
243915
298202
459548
347946
97285
223621
325354
437204
302237
75539
308435
315847
56010
418935
203768
212553
379719
341036
446005
310995
317951
283993
473925
127577
157479
237951
328200
370552
30530
136522
470545
178197
441803
117892
21591
12453
125627
200275
337500
284473
320309
98116
427894
124482
21000
109335
377946
67429
59680
244515
180158
313887
276906
33581
197311
297093
487357
171133
155613
446835
359912
137498
449489
36437
155610
175152
410994
408153
90903
332800
115439
240163
207533
380118
323770
113795
344315
115205
496005
5953
229346
452278
167526
209938
242621
2733
176680
367060
42157
87441
408930
380106
304839
448987
415381
167666
472470
28661
65537
548
441809
71472
108545
196070
180975
112728
366469
493576
469317
26100
7401
261367
75034
1022
5985
208129
94518
329742
264985
368136
232632
241084
349973
7403
23858
349457
207027
43840
37811
32654
183540
49904
140126
40040
58284
165468
308050
338489
496617
416215
284044
322994
463851
297552
423025
257392
469262
149580
297218
85002
182935
167085
22937
54416
185200
269654
383986
65209
309535
425391
80552
87118
174958
161615
442868
152172
135278
456601
174716
262571
71414
39367
118436
89174
495262
269892
408570
324960
11264
155720
316767
442472
378465
132827
370327
93605
5970
190871
253346
117632
28780
282538
142542
467331
355755
373006
241328
94927
235022
200210
192721
187891
452105
347688
134526
487738
185931
488502
171957
376549
195169
334381
250027
338839
430400
281835
239575
92690
485734
23713
477292
499486
378150
490385
186004
433526
466462
35595
426229
148489
145091
432220
84216
198357
29792
260208
146099
319284
295223
112020
357777
240003
299464
276386
400149
365015
271872
13456
7452
67712
269437
51206
296854
111793
331592
336982
236403
5298
452201
336866
121530
212508
51379
223711
223062
335472
269156
208273
29574
364896
498295
231706
109394
391756
232214
139082
176214
341642
19710
188777
407583
137042
166510
355625
19018
235692
432613
447275
254288
199840
362787
16279
386807
323734
57475
413662
10427
172594
385101
217356
109554
163883
350889
314907
412352
284751
226333
45507
467484
63628
84248
298168
98043
125438
261144
499000
26424
343765
69950
103441
138842
85988
240001
268785
146048
103554
206959
473193
116331
201886
82800
384278
275671
365162
393116
11343
193800
129555
487405
421582
496103
171523
268563
115530
372740
1103
16763
271608
370312
486081
420017
492015
119735
259987
164624
379566
102876
441790
295717
437608
164547
412049
8451
443320
469830
458347
18743
358027
212246
200266
222510
1954
275465
144503
266926
217993
415662
174109
335991
395657
178061
364328
485092
289134
124465
404342
368906
214895
246970
166886
242391
111207
285049
353429
387439
353677
478863
332598
180159
448125
338525
473724
151171
181077
88535
129059
388544
49044
460439
345880
113403
339194
481470
152880
202405
263844
152005
44881
359003
281879
319433
467123
250448
219033
163223
6215
178538
406156
278360
227953
492104
392708
191391
280464
50885
486082
467778
379302
383972
127880
136569
301073
443119
487073
450172
34894
99935
301814
43882
42269
156284
30259
440655
280248
15828
366454
242071
153279
408457
332117
220975
69148
415220
329673
488900
468391
259273
347933
29077
373330
174425
485391
194323
432499
460699
348236
46961
325738
443022
344241
52408
139013
156780
62650
55966
298871
435879
277016
456109
431775
52540
65837
217808
461105
351861
372698
272944
89051
231185
463702
236379
220949
75402
404556
262307
418983
185444
294486
140339
168829
114011
11603
137679
26177
440544
100189
194367
148219
401795
256203
81332
116643
115945
49994
287930
351821
250171
180612
348983
258899
432887
443214
161842
472717
116039
320742
44704
95939
17263
49570
188841
367391
312372
488571
86750
36399
10594
5779
48741
370317
323560
7955
102074
93311
58399
378125
324547
86798
87490
5809
14807
128109
319406
48868
274748
86931
394345
98866
59223
414673
408886
90911
396899
201373
491524
60313
53529
204821
181729
227517
296113
427204
133655
333736
455493
143768
235737
361177
264471
108282
89828
253445
376383
80957
32119
348617
8347
169837
42520
159787
440711
314504
254313
331724
185665
257647
313169
418634
38616
46478
170619
306284
200116
424466
314320
381403
294963
135417
102684
127081
413998
116138
478628
403606
279837
69218
87521
103293
459818
309444
66540
496341
236818
5200
409807
279184
153932
25669
114194
310127
433915
470860
134962
428261
182398
253131
477950
344996
177570
209193
182690
73858
431907
88864
399830
406557
61125
355725
77329
63601
73184
408827
482655
399785
373834
390854
432752
45013
486649
159454
33052
63741
320368
446131
297343
215000
219269
385344
345179
10242
366374
278355
107545
109849
378446
418930
107617
168869
338308
112636
22785
268708
345314
196354
447914
471396
185572
291431
457880
330794
322380
37705
446178
451556
300801
380087
394128
394162
25786
210194
301188
22180
35440
24632
396554
427895
171931
53287
318718
194877
269896
464167
199284
356567
276696
135130
387226
158308
69168
292772
418992
206066
453415
359768
461988
70690
432491
322962
227101
86568
143716
4291
47214
431530
321501
448248
101094
304216
496441
331494
419621
98345
64197
373583
174805
168508
460882
90473
263560
269237
387351
269133
478295
11587
54104
181130
74810
306289
405554
204358
168703
25913
86575
205430
437830
88258
148902
119764
344191
117614
437187
298983
209061
160625
206406
260575
425481
367882
88542
151574
244826
58191
142898
287781
366890
207583
38279
483673
303728
299926
189622
292442
303330
427536
370673
199173
125214
229985
14564
292516
221229
214455
139904
122888
36475
335607
135974
138962
492234
247254
250410
79714
487091
388256
73822
301062
89275
60079
316063
278888
258426
197512
423885
474324
271404
18264
178386
374493
395980
125864
9333
431712
236347
240532
289280
298222
178513
33275
377640
280471
90130
399714
335232
90622
272223
221241
20625
299954
255104
409336
398290
66630
297382
113481
326402
452932
216650
298526
86793
190027
374829
103410
440751
245761
345114
86269
463346
367308
127937
205626
107910
186552
87979
121418
377454
351633
126831
285737
364503
227645
140015
171477
336043
400695
233601
136801
153636
73300
348212
27441
413420
234681
268506
386722
260796
475527
261696
59301
99939
45201
203170
179089
243399
104059
247408
108141
140776
238067
279123
385209
285294
492357
427271
248359
271256
166306
275253
159326
36822
6591
151543
131533
289159
396958
119762
458958
338780
297766
15146
7808
40246
215459
396643
358985
167652
169356
412729
94809
326898
440371
292003
70837
206159
77707
316162
101950
438000
483224
315348
176406
212182
282908
138722
135706
431205
156707
275006
392953
381914
475913
468288
43797
9525
117774
54655
271310
422695
65517
43582
72291
85566
375133
250601
301415
131485
308756
178927
357692
227529
151037
378832
5621
315637
147206
82527
373824
235848
60368
87964
452264
368065
285224
234915
43947
161825
430520
14004
56514
342201
157892
426947
496136
195423
32594
340635
475973
462897
50502
299757
95538
114564
96371
413392
455511
167948
452122
249853
161445
211922
149980
128816
426118
256708
192707
261725
351752
193188
382193
206323
386749
124555
49481
480885
277742
453150
357294
368829
93245
154721
65852
268657
117971
50774
469882
130647
442162
10165
353224
216485
343225
271813
247563
288942
304629
1656
3297
292651
345304
4220
473661
445508
305156
36214
9931
314454
302817
457811
232549
201863
7523
108659
67764
427545
310981
200727
488626
150223
247353
373469
164988
126481
214375
185120
7187
352005
320144
416902
166660
313572
268783
176337
168017
489307
358540
341415
115229
2831
78856
403538
490943
240918
336033
288105
57670
450616
243204
1313
246145
473029
171049
10183
269663
168137
446527
495957
144260
419221
322546
486100
357495
279132
189839
346111
442313
221031
423132
368214
324713
261089
363506
347151
390434
245313
19338
196572
232077
31856
139536
414522
431101
210157
487673
411655
364738
116769
137785
332099
186381
301873
65401
306466
96230
322181
291869
33458
469327
32796
478759
478523
406262
238966
257926
33801
149861
277615
117807
414667
7650
344332
480511
470850
149785
457671
473305
136806
323791
330497
449992
450474
338303
197598
454294
216718
172815
43438
473589
38041
132154
278281
432245
299038
290735
338407
138011
202844
260538
431182
291220
162973
338153
219332
149899
395317
381579
380896
80432
310856
126247
260040
368318
395930
181945
108449
213835
326910
403320
459923
317286
448813
150704
59358
311947
449464
241008
495493
378837
9643
159261
403596
313513
302805
161554
115822
380959
456260
478118
493841
458392
188584
339166
82437
395315
82746
459183
186713
323435
168348
372477
60174
370849
406200
214794
215805
244499
149453
308874
230279
447744
352886
393213
414391
443114
195803
443449
73024
412639
447016
21121
255092
62692
395210
76278
158668
152549
349907
423574
330496
281041
404388
442703
396926
315390
175149
280340
435036
275088
433211
146664
357247
395177
76915
108994
336013
494509
182146
398659
12900
276594
98563
216215
221554
496121
330614
392673
240947
240506
272919
29191
136439
24389
400558
200168
363242
430978
470114
247069
195744
464416
312157
473730
348456
81609
96552
44716
65607
64248
99600
210194
459960
338929
39307
466333
98551
76184
250612
491858
353736
62939
292673
164819
95729
384675
362937
319344
320709
368270
444757
327565
456673
299865
481116
63700
275784
130073
220917
59089
30454
372712
288271
287116
7552
377951
308602
40225
227890
65405
79695
463376
86736
105442
68737
160427
307221
152924
251548
372187
468358
490647
250224
292218
196524
179759
109242
285124
437250
481336
438319
427528
210899
276780
43966
55530
10608
385556
443221
355939
338630
364408
495708
215851
39384
474829
61132
12392
190800
137520
142949
132684
164677
110721
371052
479849
45950
24313
454241
60136
76563
204582
171319
416246
186007
153251
293392
25157
165083
365210
355083
294611
19223
55891
87102
128595
175309
122074
195418
85659
30696
68574
248106
476854
319238
161464
264678
237489
188734
379677
38526
375580
488695
226140
262313
486286
175907
472546
412248
76850
116588
262859
46182
428738
135407
414078
33416
47497
480085
134212
413697
495655
153620
176809
66392
168226
126422
106354
249711
490230
385514
21005
458202
483306
15383
82133
193223
356069
447873
399
108971
286495
490891
220741
467492
127703
42579
371711
54734
141365
5408
316461
335083
317401
321386
403548
106027
181526
182606
9037
81047
95038
431454
287471
383864
227575
489963
323146
27449
314784
489655
135797
348239
223067
410431
423261
2091
468445
129914
66678
408347
55700
380145
106087
450309
328949
496405
125800
268340
406557
169138
94988
149125
385945
96270
116472
305288
113556
412567
226134
177399
320657
109584
41586
291156
90173
404732
154570
492371
334109
440775
112397
175341
199774
132036
260113
239048
196075
456264
345145
289013
150726
386639
125883
30929
261878
354798
202286
167772
359769
293144
480022
38330
229741
168155
44769
9534
168617
457342
373331
133700
406874
412484
399667
452793
379888
74407
104220
75990
358987
224401
26641
468615
177077
426676
349759
371452
81421
66020
435608
382126
283557
113703
419098
169424
432206
325271
397679
463927
293005
202788
372081
349242
351857
144684
344222
195729
390483
206213
193976
35719
226269
239451
454573
255382
155091
154588
170090
382385
295282
394431
458008
111622
274328
52799
364307
364295
419529
358601
339119
209589
388036
254318
304169
98284
181321
12274
324997
401302
190275
138920
429855
235924
279286
356888
157447
135367
92290
62793
216901
411988
477403
167339
118404
494953
44441
210455
212073
103557
307057
472785
110877
65254
372494
117696
325546
145974
86572
348624
256341
123060
275719
310276
276203
417644
91462
222795
386648
143288
206082
195958
162212
176838
354459
151927
215978
386777
228869
353178
384589
281243
193325
54851
386261
129007
99888
452494
330099
216267
303556
451637
451010
195959
200171
176269
166454
396832
204972
188442
196751
75249
364847
420257
94555
335045
208420
294370
492219
284423
328609
107581
421465
328234
478993
476733
142669
282478
449219
199920
406700
352993
308051
369628
226835
151388
361615
203249
431473
121197
71770
415353
330916
491682
314790
476277
485624
103542
78409
171350
191324
426060
157613
447396
106133
229690
88646
439153
29731
403339
203772
407818
358119
294768
279572
325911
475301
78284
64174
54656
35519
299318
20548
74996
356338
40908
270730
142910
308727
54959
392212
215734
86148
445393
431283
364528
153154
208421
440160
167510
216676
35758
387593
84255
478117
428582
152837
246732
173158
258525
469797
235226
53215
296927
159740
244564
61205
90973
160549
303179
162170
401459
143343
155437
259010
391709
8129
98307
145864
197160
29100
431735
256088
342359
365964
46090
242957
293166
222980
56818
256333
475296
185241
365685
152618
131102
306138
47766
178459
234253
155655
308527
151630
1258
130021
104196
315967
75293
478727
362532
305436
435578
400235
124162
113
420083
144022
159784
397353
395816
94558
237121
50246
232026
193019
421062
182205
127831
98197
186105
331494
45500
277539
194663
348527
120149
270760
113280
202219
387579
438798
463118
491056
80452
426951
192961
301289
296903
325262
277712
313873
175607
378145
86899
31475
75589
326736
279351
380255
117071
300024
394029
441255
91267
312687
122099
162706
339710
119230
25104
439238
231727
434440
178118
166637
451678
436411
227393
84290
232424
443612
310306
80962
154433
208043
57623
387483
265565
93574
191046
2347
239866
50507
393964
342116
42624
385920
280296
111366
365096
37525
445573
59716
334410
20016
494779
262750
358037
65348
197873
290802
305022
228810
136654
452572
276596
20185
475963
454126
128573
390248
191659
456425
201454
56333
136270
104973
308126
59676
401348
481350
479507
230652
312131
62189
178997
47236
210253
43371
33487
449188
411389
208074
153106
195991
482487
201157
166549
239978
436850
99128
358041
333642
376855
4387
190926
217943
297192
325465
118519
107867
417425
412946
54494
417201
26857
45390
99084
232101
94025
377458
185830
249086
212188
201272
249919
492086
161708
435586
33563
318004
36614
350226
407520
265720
2879
493545
227260
387350
164762
317098
489860
347581
446764
208541
41380
42308
405762
201141
32097
339888
402162
14494
299203
434705
488028
34213
372029
8955
65483
62167
199197
346194
267264
179601
88151
265488
127421
175716
343466
416541
170838
383574
99501
414478
375981
305142
203367
348985
357829
198395
325563
146477
67145
301748
378923
85618
319105
116070
344362
378228
242288
462443
475806
430285
314057
312521
143064
270608
129365
283726
326766
99558
26581
163791
414357
447492
487436
10409
114712
56364
115366
341160
251057
386530
417657
414014
468555
392325
315578
77510
275175
146921
93032
138648
93698
115339
31817
93980
2698
140581
432072
49224
72344
499950
245485
279591
204668
116735
81132
69254
105412
109318
486463
432799
17264
220747
494401
309222
91660
250214
402284
452440
467780
223311
370121
429575
134343
124541
349430
68585
227923
117564
31864
467211
450268
325842
480709
74443
326589
356852
298159
361115
261536
361655
234100
79471
46001
46858
93186
308893
57967
359856
171761
468255
13362
204545
474845
128514
197150
300950
314566
153495
97272
57807
418495
392281
460892
212097
358786
445681
388484
276095
206229
338945
37539
111587
273954
463539
422455
457575
227477
117506
21562
465795
128765
226793
490526
396038
93173
397257
379961
421481
144362
56381
199432
347567
335185
171832
291090
375354
166202
469982
420808
313430
28746
207697
79388
34029
489344
236110
144711
114415
265730
281330
132720
325194
479139
432769
69452
155535
6965
272245
6055
364957
143203
407722
322849
66243
273913
146640
131927
373760
426154
394245
86172
50816
120163
315131
381830
394998
212398
18997
220895
445526
28885
206502
388932
179137
261581
352597
359770
343543
147639
294265
263709
361528
456235
373115
406314
29290
183282
241685
325191
108132
53559
216695
421514
107677
228811
134772
435886
242415
387836
127799
36684
346791
370495
361107
248912
245423
98407
122805
421923
155597
256618
164167
65178
282199
346800
269075
249877
218124
306868
437993
362230
386390
331331
39908
404941
387900
396444
469620
483787
17477
92294
358559
39152
323687
71122
106677
444480
23043
94376
316168
169030
79425
212712
59294
117199
326034
190133
209565
334956
166973
251857
400149
247082
31193
52236
77533
190097
220399
412838
377275
197600
265409
29454
121156
499610
127690
211447
342027
280961
54897
268531
386569
117874
185478
206277
216392
188215
98769
115717
30628
410231
292155
464103
433578
177122
400828
495590
361477
364904
423979
460599
267992
350400
429521
498680
297039
364859
238435
235813
243841
354922
99901
195947
409750
277991
171620
93752
296886
160737
292325
91537
467556
10636
45847
60583
32576
172828
378177
270302
369365
360990
85911
263050
20328
413796
428256
440271
235352
40118
123191
135077
463352
495693
450213
190489
443850
423082
249332
98645
179063
247952
329800
6512
213616
361743
307188
229222
472983
444404
426209
129314
302535
104136
92558
40713
249930
97152
430084
311810
408268
139020
382964
64434
122892
197904
308836
444124
99417
295230
426398
144137
48183
471963
212929
385157
42249
239175
73819
261534
323144
193041
496442
305367
346151
101836
388484
170783
266718
454675
60409
190667
292314
74910
149021
498858
441142
252058
434508
473459
130665
130913
14875
480391
286678
11749
87100
474991
25703
384950
134371
244938
367558
194753
466357
416137
38708
405874
302168
107062
202099
438977
116589
45135
212826
2238
18718
351101
395682
295978
166437
364644
482745
109726
328625
383579
60989
396350
350279
394099
140565
340581
150310
105011
12857
415843
200836
235173
400783
496122
246654
308570
210484
378814
432873
272974
14762
404999
385902
130661
220790
467765
371885
368564
306489
31369
24528
310457
68820
221850
128596
274348
86850
181664
349092
237353
237182
351183
289624
12718
203047
32979
196604
73194
275924
8888
407815
327676
203892
135367
480526
392275
83708
110661
41341
301391
224168
353951
153900
342445
204397
477767
259439
471005
458324
411125
472150
22572
288989
165729
150524
57582
13300
24290
93205
435735
250275
295691
213660
273187
68345
360266
206812
255868
376784
283467
430308
137430
308677
249163
491
27010
344146
229771
131999
2081
204497
202154
347831
93484
266449
321688
203842
449557
112945
428464
128651
56411
343230
192826
415580
134263
347638
454329
374766
236993
47024
58461
159515
327048
170183
498973
218890
69517
100665
151267
28984
437881
343392
337996
91691
38532
14656
304649
152986
107075
141831
201331
275784
157629
358192
41511
449285
399549
55693
294225
361341
158524
48453
389897
221771
140454
121505
443537
498837
378950
71523
342622
55968
312761
421441
117314
250719
256683
309397
495037
254786
139059
171777
493709
75284
256322
344800
167536
197208
33011
251919
383031
329360
76570
67917
127617
403114
390153
366678
442670
71191
233530
325601
92550
283786
194138
307775
470731
30314
268989
84317
109911
173054
308091
235516
205759
451650
386975
19221
170182
112456
77861
79597
243327
362139
161773
103463
367323
374073
48848
255700
398726
413603
317188
117864
157524
275284
171876
76898
336891
205178
448675
361341
294894
163767
64420
157137
490134
137570
226974
187881
205158
199943
27001
157018
228138
350892
490573
1776
289111
476229
177485
292298
82677
78801
289237
359326
346633
223282
190297
126567
457315
404980
394256
35766
345827
418439
421405
221519
89366
6126
333406
164141
74947
498381
321293
87337
406404
90373
18110
187933
32243
390877
172653
170236
99857
201532
129688
348813
143876
170117
320958
265804
33134
276122
158418
262838
185197
266869
269364
445565
441399
230459
31694
279775
229584
213318
33789
21889
133226
497352
99218
239053
198853
180445
186888
243482
223290
454566
227512
160275
78751
477943
233258
299552
48678
51924
494451
499537
439591
284252
409750
314415
374056
44732
115374
178328
233649
351696
85481
482754
366443
405931
412845
344663
125134
225553
141173
228055
278155
490457
78383
468336
405264
205576
391913
403058
105937
406107
80663
96571
496758
128890
38453
222798
381420
202013
304259
263716
61392
330727
465128
118350
357580
394822
135840
401613
387189
26243
253103
86823
53045
469959
411099
318398
97953
190796
267216
259401
257362
366018
491243
497264
430283
166788
118587
425211
311530
462670
222011
146528
37496
81798
105948
77038
355082
265640
252711
356407
172515
433450
131720
162462
7508
11566
267553
193247
205730
422992
136486
169660
281844
129225
274811
116455
132420
420360
3883
396431
339124
431642
96620
223380
13284
283712
115643
227598
267460
45687
382719
310390
165062
488313
61233
366027
13173
398812
148546
73565
165553
376232
25315
233078
84244
24735
444672
279029
239617
161995
392313
443901
168075
226965
269562
437547
7267
391649
169209
234199
228001
9823
246070
238221
148754
360749
42035
398268
395263
47948
53862
445476
153828
455225
370111
136199
253112
26972
277458
183575
488974
216022
246440
20372
378899
99625
96974
119999
400333
196713
804
231675
98476
295929
222656
302248
243540
77163
329156
451379
251929
92831
204780
274211
337486
109428
358098
390191
62189
188624
152714
498352
99818
270674
193205
286900
10987
247882
138433
36540
21890
153089
336217
120332
246199
357711
391480
461733
351451
410418
109794
51837
234421
453881
413486
307477
177376
177360
122177
321477
48750
15440
43931
495275
91564
35931
284256
321377
328514
188891
67618
202327
60352
170417
194882
49546
230285
272576
345800
494272
449225
77935
198382
98007
404559
320643
123360
158645
158195
44443
306009
142007
320652
325339
80140
106496
393372
172503
469862
453212
210344
487420
451355
58019
333133
451791
48794
304791
57888
332072
319182
59934
229392
28999
464167
482079
49139
445833
185593
285140
447715
48653
411021
367323
200567
450163
12466
327439
405070
183481
430013
54307
202419
425339
227674
36992
226270
253451
370456
73559
44634
216360
473622
331145
15163
130306
62825
52742
135522
177453
131118
82017
370355
315735
92280
277730
170911
190259
59912
162622
498822
45978
390734
130891
407597
258085
127068
177671
144749
336290
303848
471981
462378
29231
7008
336161
387124
384703
243208
347512
359335
349814
193402
135329
178888
45573
496005
57645
348742
167252
278322
397454
62919
162084
240069
443698
114002
195485
123505
411034
472267
330977
397009
198155
201160
491014
127652
371560
140260
253999
486780
384633
68973
491365
445330
207886
20405
329809
228383
276516
96904
347712
127144
494092
126425
402038
278590
105779
445447
60363
498091
336875
424493
95773
338319
56933
47240
135006
227848
52519
432232
274611
333182
430696
478509
25197
195989
91104
276920
483965
326407
223430
420999
96687
218844
391873
201692
326593
189012
362864
394915
141226
177101
162479
457413
89587
58845
19053
58708
429221
324437
472593
17931
221672
273991
91549
203648
61327
187864
263021
101238
78308
142066
231410
206644
135490
296753
361430
431998
270794
236826
444578
118653
383609
274152
101397
101586
351377
468450
345673
350202
219121
369841
47961
363577
282336
343143
473788
1339
344992
459645
392794
405298
275933
351396
385467
35821
478145
311851
293775
73251
210434
211641
431980
69632
68774
468926
431922
113455
341741
436971
247203
383853
439265
43659
302999
176168
359736
246307
156154
142888
134319
243657
286077
47539
340851
462953
266755
327240
279692
377786
173351
147770
80136
148839
437001
264227
463247
408941
256491
266727
317060
422147
362745
30781
159615
84566
50111
197176
339394
101563
28650
362986
427952
330810
181665
433805
1943
90481
384132
223912
456965
143575
424574
136391
312228
411274
356916
96767
277924
144971
181324
232324
295611
343434
350182
271075
294782
442979
43499
193858
199970
469061
53916
295989
207004
131617
205686
86175
401630
487777
239942
130061
34478
432012
160321
474708
183163
10948
491355
444947
427822
125290
169436
371769
436120
408025
166753
54422
399633
11206
361166
439578
286998
68309
154322
8890
314976
413154
146388
116350
397883
60445
155438
40007
277083
399066
478550
81284
3061
483916
117762
232370
11705
492570
463738
396226
119306
177884
398300
340185
241828
296919
113586
37004
370212
348364
241508
237035
133444
411015
170010
57619
221785
192095
411820
493531
460657
122552
211276
292088
39406
355888
306025
448108
140977
112688
306764
3243
282137
340445
379580
98761
450960
223358
404825
469359
175461
396814
350543
418242
441182
171613
79920
413080
419459
11921
232566
467788
347946
427189
426276
492913
42938
291740
292693
239147
243006
294381
183986
310315
334691
312143
1720
16570
352067
340607
401090
42527
497454
202493
81850
346258
359629
335232
108654
488809
479566
101157
373994
189676
294653
245469
207812
379802
92942
489897
108412
84433
245102
404932
367845
492536
121512
264964
395878
378155
79440
254631
97851
127583
81721
113967
116640
336419
80345
249187
224194
25554
169419
387118
139157
327852
391566
263238
24544
71819
134426
139835
368535
48618
387186
82132
270815
386181
205113
420131
383028
245423
255811
429221
333787
322119
177989
107796
39925
17730
400045
181963
227959
100225
174029
28508
94214
106396
248117
168493
143059
341655
496432
109872
326309
52678
274099
341026
400545
391747
440261
443178
80845
149978
282165
171156
155031
351323
231002
345207
230497
84301
300750
73470
436727
291541
228371
39390
137348
100836
37692
97644
334257
111414
448371
250517
189667
187894
459039
23901
126092
44420
315033
151087
59084
280169
405531
392075
438210
179431
171675
239553
414855
295037
60621
122968
229268
105425
16825
449944
75832
439335
49371
279944
340642
255183
286324
183053
361088
371638
475668
258862
494907
299716
373799
495338
220031
424735
273342
391381
141652
318507
171194
161900
18992
165550
180153
362334
314110
147569
30463
474241
117929
406303
72289
95258
130585
399982
344222
401605
55497
489309
180745
43504
439052
25339
368401
457107
334003
72174
67920
82989
342006
97460
326828
385245
128905
112270
284379
75749
187125
388210
490894
326377
125358
263624
449029
124538
152966
424525
48467
420998
486575
48431
81369
93201
68901
200095
497998
411230
26977
149440
436622
170109
483703
143365
321512
396940
206933
313411
370037
442182
90033
67656
191064
94145
437746
316763
472338
146277
483657
221247
192427
357054
325927
372666
390048
278261
176302
268212
170211
25306
468008
360294
195914
114060
67500
307769
431231
76379
204049
30448
442127
64745
175696
266198
444536
80524
427276
494170
50634
475682
81177
7537
407316
320892
410148
292546
15951
65133
400015
357047
140957
94804
272913
454070
456032
342105
97015
392548
66858
318407
470968
449762
374905
472027
454500
214267
413359
267631
13398
239820
239300
306743
462411
335278
387699
31265
310496
141424
246010
212833
323112
222381
15074
201375
131662
295271
431341
345025
191628
454532
112717
274460
51226
218363
410207
336209
159798
102219
285425
293225
225220
440941
468732
412005
279453
20330
493557
450370
11424
468653
234826
364809
72682
419686
425208
317295
23263
370540
353494
411090
414977
161209
327066
133053
42870
342179
416746
406493
407438
284304
280697
122900
214674
156988
259077
302340
377738
494877
338016
466870
191920
427049
371400
105295
363231
143379
443079
348255
183267
335491
293872
169859
374256
458411
204693
228270
198777
164064
281899
61681
334418
1566
467191
443015
193518
217405
180771
376061
424974
399990
44109
201630
486915
376849
344029
437958
84733
22160
149717
424712
140674
141189
166547
254732
241221
67296
444781
253142
441367
415580
231342
142216
141934
253481
331487
477540
452279
268208
375511
119243
410581
228270
309556
129934
351604
340629
5580
297340
272057
191503
467147
345964
68709
230280
280379
170638
467376
108379
22852
341695
374591
105671
414017
52925
312051
269881
354383
146268
170974
48886
375853
269669
367119
238314
391582
317826
301211
452680
43258
208277
38587
403730
167627
81020
116812
255253
335309
54385
278586
435217
69835
491914
393764
264953
181470
476065
284784
499508
205669
97836
418154
400368
305412
40218
294961
171902
314619
435328
151537
292244
366924
163248
380731
89127
244338
490549
478918
170449
165562
473093
306609
57703
166254
127143
21206
174182
157822
93429
382240
323916
158276
286960
107090
363365
337444
303858
461223
479245
89556
87069
214666
223170
46895
106733
93478
246336
407206
176476
323889
231381
246441
462976
444478
150134
122287
126565
98376
102426
352097
87477
33764
230136
81864
481607
348410
287021
121207
449593
354934
66686
253013
236380
311844
213285
40097
250044
126124
315599
26162
159413
373285
138812
296779
242510
75910
100455
6126
149228
412090
339374
154120
283990
247023
364892
164845
10745
193808
27505
336331
475193
22315
93912
121757
135729
52311
392745
484523
352710
298165
228312
418100
273989
474713
254805
20579
33052
470214
312939
69695
399083
102564
265866
239822
433786
401719
291992
263692
136654
394903
427541
102229
337596
118672
197634
363034
35530
398086
395789
77920
450701
402608
188184
69608
464854
313069
313335
252390
145067
418168
150743
164837
65182
52328
215241
443026
267351
95752
345162
244128
475711
462306
219622
31331
193147
81585
147809
5127
176118
148207
107355
253541
243226
378391
149755
276090
494831
59748
466100
226081
346406
318743
421074
389180
352281
203046
355007
493685
168747
438812
111638
15024
293910
397350
386499
61075
304104
276568
136977
412117
92011
42598
428298
68982
90777
146100
464842
495092
190159
442349
198881
180495
37436
193282
33767
297425
368955
102255
433300
406367
467778
151920
196426
488389
27451
407611
246726
117727
264620
216890
185419
490814
136957
264955
445188
440065
182035
342389
281555
334853
13062
102041
318923
140339
80258
400350
411705
273724
482442
341456
102669
228477
95094
259369
235995
359705
499694
307310
291672
39906
127345
156466
260289
228614
183662
295574
421845
289784
371487
221644
231274
176393
196941
475852
43007
157493
23705
27938
361644
25872
299924
3172
415908
316162
484062
444236
66679
220180
499697
355745
315306
88732
310314
268309
272112
307362
202683
45892
280696
328310
307710
181069
69906
441383
114204
367834
300325
46193
381580
245282
380902
364227
313828
372022
472614
179663
235113
389055
22121
335829
460457
475699
174647
460495
241337
208430
202875
261628
327741
273083
166376
263138
67591
129124
46824
97831
429343
119687
232754
339224
455523
311152
160578
52529
482337
239755
301385
169250
458223
24840
177889
209998
244101
263009
314863
350147
29268
304551
295885
486192
281343
293317
170455
78868
459523
149382
272743
420863
355966
38622
449810
258084
112964
15618
451518
87715
121222
281024
138301
240761
20106
16770
462115
471589
93638
103974
348930
436118
280362
270091
25305
433554
9510
352332
359052
152359
311686
374300
191908
130119
191186
320252
440863
78108
252903
19359
377036
266801
296598
165743
147136
438335
13492
475125
334515
318268
159961
449826
297057
136918
1950
132175
462801
394190
480608
474425
270784
257791
435443
437655
47996
430994
91161
97834
229142
498506
33961
493718
426104
460795
28977
15838
471973
393844
447917
339675
57981
249706
54999
438012
140728
342388
181424
380020
158360
334637
486762
466876
349032
54260
23131
134968
273382
20127
490150
32826
152391
367301
66022
218617
432904
101068
299016
414546
180289
246030
405146
414746
488208
84863
422314
190357
35922
487216
224140
95365
362282
265579
450555
15952
4526
383614
447398
183183
173173
351608
150122
121641
219535
244577
148002
462541
38096
287676
330145
21232
393355
162465
485891
154514
429247
425752
272161
99927
116728
392586
78760
407453
251969
236304
232503
355820
42647
213987
284479
208067
105842
13844
120914
272538
63449
181514
155726
304366
73681
257615
117406
485797
369074
65780
63735
56184
305559
452612
358038
179680
268872
30582
231808
272630
99893
60877
240959
488037
335493
441172
478063
437029
142265
234226
252961
141997
268015
291983
440362
22253
231309
136737
359125
269164
61247
86105
250293
342654
206879
197123
104128
327104
59255
62548
133065
82033
318311
455950
39673
49988
1649
330853
335282
442391
201341
246781
491759
7582
21295
158019
487699
247430
67053
129882
136727
155479
396711
179595
64556
73506
236336
286895
1112
290655
109449
192120
220898
268723
210196
101024
289248
59864
310074
302726
395007
94144
206704
371854
81674
146499
144762
299339
47644
412777
330357
306777
450887
484397
284953
70536
118267
422620
394101
328670
234173
93949
181361
323751
309789
444258
296464
441089
149461
191532
159349
111642
435614
350017
185026
491957
70862
154943
489775
399187
166806
444482
179218
198875
308269
400848
48817
272855
314652
261022
292662
126136
381760
63823
91680
460447
301354
3053
261204
83458
366308
286484
237708
206042
182203
92761
248216
52070
491122
389161
119509
324951
467362
211595
194476
380402
494076
185228
484792
157373
150901
32571
240323
85589
335053
429181
372279
222044
384723
233001
462993
360477
352255
454587
349857
238661
487197
145007
467856
22528
356325
313741
111162
33775
468706
358446
274149
369299
156696
332396
322044
303718
412021
429318
59609
457582
493865
291525
473850
34531
239232
202096
71581
4191
481607
17970
396692
238506
229416
213131
86808
91424
367822
159111
210773
38998
120736
457179
163414
266842
203764
336920
62019
248639
180167
97036
113994
414260
373937
200885
62482
254041
464181
210650
357828
474548
119476
346686
152422
11000
244281
403243
222746
251635
371467
388336
428925
294049
465311
286622
315780
69766
458807
151181
205433
351878
190047
57029
437563
460888
163259
462471
422551
381320
403194
296057
488227
347316
401166
419574
124642
157981
356693
10243
47943
113322
223230
118818
366086
482902
161790
425638
340812
48616
146055
3063
68101
277353
402910
300979
240600
44300
228186
19005
475235
211942
326266
226558
416880
477922
411043
213133
393864
111310
383922
272109
347190
413420
60741
353208
72232
371932
443129
215326
463438
190571
129081
320800
152653
65995
271812
419466
85075
255206
60300
33490
194579
62560
151395
297974
177512
407476
310225
313054
86877
281243
358773
150455
17245
100929
259709
235408
207265
224341
434486
28149
44887
350126
438781
396389
120166
258125
45402
57498
454007
311420
219303
404444
85299
103568
97920
430229
112424
196456
91791
116947
174727
165073
360691
439711
492493
341151
98682
183136
475570
128561
154234
173766
485184
45792
491449
79183
369249
383876
437702
252151
3488
366541
414315
298290
157290
335779
481963
210251
231174
291170
28293
286737
223924
267716
346236
163735
59251
111609
165115
195863
251328
405332
26447
422847
4665
98462
448777
79856
289980
184540
482780
352456
15018
392542
272186
282760
275948
274602
98402
126791
18781
44906
304345
134389
137478
375187
58061
476574
488198
1315
424190
376917
371151
21206
241033
69055
129772
122093
477074
19229
15760
285148
380173
349560
307454
57084
49609
415455
104326
298207
330969
260632
155003
337355
229437
361627
123682
81669
270904
113121
424678
344920
258719
465089
416128
438562
231120
186293
124464
462245
168038
366831
250055
128891
149662
404881
140974
419266
261259
334720
138399
126357
23602
250105
346901
151746
185465
300076
460028
149594
40866
260759
50682
136812
317438
444327
215088
252148
163895
326580
337895
477420
299666
276723
220868
195618
16855
373614
144162
127623
242114
483826
282758
378126
48204
20036
60978
427558
285726
461474
332787
287358
265299
483780
165860
221050
299720
134822
139139
306892
43478
347570
447674
143383
78130
388045
235281
218261
357476
348773
372335
204749
104826
298444
231764
449514
34397
443714
173242
177569
264693
276370
270583
224311
130652
281282
483113
303710
347104
269658
184618
121345
187221
366436
353322
234899
399828
62564
40696
25240
327309
185363
492641
317019
469708
458702
102169
357639
99554
418288
367018
64217
427788
489305
54279
462982
425015
310986
131758
335557
389207
146164
233895
53366
357365
397244
154461
401725
283383
350451
239976
299435
369224
245653
287829
486608
396410
247374
163630
441133
377674
10253
178958
299001
257205
482244
315468
434587
337868
479817
307472
103735
335766
306560
209156
429308
395912
80672
460908
383748
194504
359309
283001
153350
252649
299801
300038
2171
50451
293277
188233
250238
105904
70553
194688
153618
168384
247366
36861
368422
425290
85111
423448
70902
304930
190422
301495
323064
224243
69923
66945
186587
148471
289116
381214
103305
276098
207337
94214
57261
435182
151002
54365
267006
395864
345342
347395
290664
180611
37424
114076
375245
166798
307065
233961
426679
490369
470195
364302
227628
307327
210090
428037
1795
397216
442482
157856
67433
117686
259509
333036
223049
128404
359970
173821
271474
191501
66711
375027
410537
80270
75276
223229
307952
232927
345817
293354
225873
52235
401905
43540
255737
99727
153455
311476
395897
262781
65578
320097
13421
358603
324154
461758
499441
58121
406059
189205
25732
247519
296929
17133
330192
212753
276792
97142
156109
41334
371586
327615
331790
82966
434822
28747
132473
168689
384771
351394
324208
226359
433540
27213
121854
495373
56541
266544
212306
40997
102242
439106
50001
48108
76143
145496
472249
438905
102651
321240
209503
485297
71296
38840
79148
256005
46672
373407
212263
156505
254550
421757
226457
184830
15692
487776
97037
6377
38083
333274
85806
41722
185102
15620
322490
169280
257966
342832
182994
295616
270272
484924
13665
361920
491040
210886
10161
479094
231488
175928
152521
108760
493049
489789
310678
418812
372018
202093
138082
437372
53517
456155
288367
111753
484535
460281
486239
444895
106803
265696
78208
302523
222183
258745
475877
233397
439997
4445
215533
404933
59063
266840
214391
97205
303398
265319
343406
486914
112291
444841
81990
148943
61064
313365
28376
78795
480639
266633
75188
321743
58015
277213
488264
254274
209584
174161
218655
166749
91815
316329
90051
188516
463288
251652
354331
297603
19914
29269
144185
114759
302273
427189
234969
481023
34207
402199
388328
252075
375025
316493
143724
411004
10558
110403
110853
116578
353674
352944
354793
442863
144759
200672
70674
3700
324696
452513
491943
433465
453296
226711
78821
488971
174914
46511
367757
430426
111887
109073
344974
62108
266909
476190
48849
228714
215875
88317
403757
301503
133179
392670
493936
218843
450055
279217
203710
421381
310909
334287
479098
322755
450138
3284
73811
213036
308645
225420
493483
127358
221346
344898
168486
361332
422515
360482
180409
223939
257038
493258
61790
491454
473529
465864
277117
38432
387954
283867
225208
133801
188610
143808
376023
174511
221339
475927
470100
173141
395818
376937
345516
61492
250303
280283
131339
66695
253209
377463
269732
300092
26056
126237
228883
71256
288428
117356
236476
468951
284880
189445
200725
385967
289423
41479
461548
258795
208695
418553
230200
491040
22185
122388
452898
414184
366857
356433
166085
330041
310596
106413
324172
70330
151899
38035
192350
41461
32087
364494
77846
256496
345450
29539
413539
67381
486101
382652
480412
434450
134558
105051
329772
90382
402477
147796
1268
72462
30311
161164
225308
39456
78360
220781
464873
472178
425211
19401
203853
385736
483358
69176
494846
342576
477270
266807
472909
315745
438812
470857
362533
407765
93543
462847
10670
386968
54446
410379
204624
80249
172873
144299
378715
49850
399764
76846
155960
21601
291142
127114
31872
243867
61446
458408
278991
252217
190692
263248
283805
407899
41776
169183
116800
21002
254290
286438
441060
382153
219065
323190
165410
320730
287035
288821
344299
92852
174274
385993
214422
365489
193773
61332
488792
261066
391232
136476
223432
256376
56573
385533
313250
480885
173332
51143
224776
85772
185789
377538
254608
341102
375237
110802
277668
478088
208993
284769
35395
266154
143579
169020
297521
176950
314436
484638
417357
64848
422161
45990
208091
208070
67981
282455
222930
254412
399252
183797
214181
8227
262863
115512
400166
173828
153241
90329
440142
147464
256160
424680
240751
175001
419141
62965
92333
322011
204596
418058
213273
390563
162434
393942
316022
243848
89620
347306
40430
381907
497126
247082
454014
357303
277071
16755
27053
72362
89022
79578
224454
173361
43587
475630
495501
130823
365064
145497
205819
127424
464004
196301
98042
400598
66916
436145
152628
441009
205719
409776
130662
87917
219432
328630
481947
410947
403089
401214
169983
314385
348225
472614
249539
133982
52617
166714
262416
119029
78115
235604
191808
323662
385437
241497
28144
255677
345265
353403
321226
102235
434945
273966
45337
14152
24606
334241
74579
319975
146231
103950
169059
268396
182765
258281
141667
93899
400820
323532
282382
87988
33438
63538
49519
481095
233757
210624
477443
319098
226349
225943
220750
480815
216228
100566
18167
115691
497638
171597
212531
266154
125846
350561
218883
279615
145851
193967
118677
406483
156842
20257
20675
8869
346950
105139
253327
173736
43960
358762
182527
244941
68006
407892
41302
214399
323527
260672
367213
29258
276033
378796
259330
467044
240227
221840
117918
223891
411221
131920
424109
242419
473975
96892
9115
110932
398625
398674
439098
392496
338929
302956
204773
489401
116216
486313
246253
108627
69104
272510
442962
66454
412244
5903
164614
279902
389523
6327
49817
333314
453234
41625
436164
453708
152025
217954
447931
187941
228755
259611
155180
44047
435303
44730
97590
139641
330908
396407
88467
205607
168027
98297
265525
97304
244624
353100
17826
356168
481376
320265
223547
147109
327478
408727
236676
264763
211415
337942
466473
457286
181644
230675
283540
472927
442489
223003
31123
207703
313426
499631
395825
185466
116421
262331
96633
477629
132325
44815
369099
103769
54277
234744
351622
321879
401743
167400
87597
465483
168555
101935
216030
187891
217815
357610
337600
292636
130943
34200
20422
462995
12588
31315
223753
400476
344391
52724
377395
62755
77114
370449
436599
267044
343645
28810
287657
257565
147576
366853
42489
265758
9005
195770
494756
142963
488905
405859
312096
55942
436910
429196
463213
194852
190081
148989
325605
101900
321361
421214
78055
106951
266789
149919
360192
154378
20261
297690
369035
72922
366620
218176
376115
316803
185325
58313
35122
318878
495511
202133
388640
58455
443968
92157
68328
487
245452
94169
205957
24725
106613
294781
126661
156744
327562
156096
82511
149503
293596
156535
245950
201277
149706
161675
230624
255209
219068
32213
32410
425340
165209
57042
278678
283878
475623
284042
148382
231008
144156
386047
383114
293597
262823
484304
385110
321445
36496
206848
486104
107981
471128
156512
96736
497457
45701
156644
214378
247304
179455
140231
168988
317197
472360
349565
164262
268272
150925
185192
134350
194925
40591
249697
207271
488600
298880
385379
317897
199032
112967
178502
159758
67327
162419
181372
39310
189175
213725
116677
316769
317205
157859
16500
184206
421963
479514
471085
277043
202526
426172
196855
49581
143689
437587
119249
16148
93815
5409
364898
87734
39355
189364
10486
269413
308643
452601
155418
386338
454904
306448
389599
132579
339197
467761
372584
300450
210144
161186
54967
341494
484772
188963
30560
279805
299018
461085
123270
410302
3236
383528
252776
69862
212195
355388
8366
390331
52959
463281
97721
270928
414735
362667
207382
366024
195058
494784
466063
57189
413385
305450
232183
392391
472963
93118
412205
93746
223002
62551
165878
256400
369642
87585
275783
214450
92918
316374
226981
462372
84179
119380
185746
32449
474783
65541
492570
42933
253440
157019
273080
478276
48462
1641
386292
171656
485078
126944
196470
384982
34603
497629
99528
326422
330790
119360
350609
68620
265286
458117
305995
182761
52229
460435
289429
430714
432042
309312
326192
359794
134435
320326
111837
58621
482890
10018
21944
154265
213334
302676
435637
153950
115952
20480
166045
329125
287512
1020
82272
15272
312862
398204
13066
300590
467777
141980
356919
407935
423486
67697
377797
57736
71102
450410
285792
357453
97013
24591
46486
54854
138577
116590
402082
479372
474513
35766
412288
426786
364149
59949
39825
24690
248217
490560
337953
215354
121395
13907
80235
282262
409458
12848
455322
454723
111534
414501
406548
359307
361559
28919
320196
185771
144900
221717
431886
52440
348243
336397
47331
274964
101165
377634
355615
273728
120193
386225
349734
92841
257278
314143
397248
355317
47118
259141
125241
171845
200110
491781
189695
404920
21545
258893
139578
417852
212575
94511
192838
243057
211213
198460
203496
13962
477155
355140
167910
481289
44374
373937
89229
401322
420413
79806
377136
227954
450395
346710
367564
475070
242945
134314
68386
344034
118935
170235
451309
447703
145539
411552
368896
49586
441102
62006
402588
50346
421744
254783
298817
371091
196847
310440
341720
199503
139035
7669
367287
459004
349668
21330
272690
465266
496946
161887
459656
318989
358183
367760
421510
232100
442217
201318
410769
387450
412784
309727
380231
278159
322887
362324
496979
258364
457922
449307
165059
428679
203690
14779
428232
92762
35012
224426
473097
5021
440003
22098
412312
382207
403251
336153
457354
63364
305632
188099
306049
483089
220301
99666
220088
435178
348988
318238
341753
321293
285074
413203
412174
164645
36757
163530
492690
446164
493301
329855
423311
219060
281456
141054
301442
140641
405364
287613
410996
400195
445112
66708
451528
440828
436986
91818
293274
241450
457188
442691
348626
122876
286650
349309
447892
156215
461582
418424
177264
455801
328701
17844
317195
484478
90594
67789
27775
267037
122692
254043
433689
269393
363451
297594
359155
335904
264185
278555
285900
439852
362468
367735
87951
468337
55401
405999
465830
446025
435392
56780
96687
192889
423797
63230
496053
308452
427334
423578
181758
193214
83228
435930
284883
191670
127989
132250
226860
156379
254899
417641
248776
287840
152110
241422
191945
404739
171493
382425
469784
168641
229763
140821
11546
381185
164542
131185
10800
7690
70578
107413
208254
59328
336838
99417
466713
333149
175064
482423
398006
443899
346192
44681
442410
315935
368941
293099
391632
265083
204143
458427
16106
84457
379367
398685
428817
192006
276702
40071
231943
362643
308433
143942
345963
428190
258545
394984
340998
168312
344293
393547
258580
76358
442501
217385
499060
293461
189700
70387
496
181425
1463
198330
159916
111798
77116
149885
360918
495462
344523
471646
471542
79865
135065
421625
64904
456977
112368
395216
77571
275648
6221
265056
441018
91750
435231
103163
96108
498957
262278
313675
428430
114743
315602
479917
81292
378985
334274
166609
143753
299483
320672
254514
278137
467050
216834
318607
384732
118783
381743
492991
462059
142671
463323
357713
473438
230031
268185
17024
359672
355054
328694
122385
336719
84018
435012
417591
119938
487200
71611
462567
233918
233410
182981
443915
446794
243710
161221
307630
474494
205290
255015
84960
337195
207884
414144
319654
220306
207155
400921
230129
348849
122868
306817
83789
200499
173094
118678
67336
278759
94437
174891
398823
129929
241586
398139
147780
47867
443479
231804
303584
200950
431932
115569
262829
321166
303806
61385
384833
241999
17686
497359
25869
321908
470583
481646
167346
300064
95000
21995
240801
298067
133242
387212
82376
4280
265717
227066
7014
49117
364467
474523
48386
434542
233519
34402
337043
446031
378533
84080
150427
158420
309450
134146
130489
493648
4442
426396
253813
302686
193296
343242
132567
443980
490137
458069
128508
91911
329081
327941
362951
30370
36345
497035
328455
194809
37407
363812
178903
42833
306845
108690
142942
377408
183075
59098
126970
77957
263362
412390
41999
446260
212179
473237
54268
351362
484518
416299
179481
168447
271368
196109
200974
210446
196816
363488
286096
367722
105225
454341
407611
456219
163475
418222
447892
316115
206695
154219
389453
424251
59255
360189
74952
327282
157200
188763
113648
64024
102516
311075
55005
442801
34708
25793
96779
114175
129170
33257
11211
332309
256215
229024
410557
320622
424858
467559
498763
481792
423562
152525
344793
101048
345793
350604
165154
362927
461983
489732
95426
148559
462376
458371
141921
391628
88025
170414
89547
24123
258915
194377
8039
263627
317651
429952
39318
303447
185869
2904
259924
245331
221058
81393
21007
12778
419589
259309
186299
390970
295117
12126
168588
259969
108745
354627
124780
209614
74262
328305
276836
451319
425745
247706
318070
497689
67669
469664
13793
305836
367531
426873
48862
150795
14595
453117
338912
344794
215232
171562
158595
362108
490805
239116
141786
174210
8695
29648
339732
416202
20171
332502
142435
281752
251094
49986
52073
328815
441169
288567
255050
445923
122937
262184
362266
407348
109887
361798
363978
458049
77457
27884
280240
485035
331906
122134
135310
448012
38725
293467
155532
258875
198091
10263
212533
327608
119496
363259
353879
350508
256321
302438
94893
11936
421239
128237
475842
435903
102522
239477
317650
423486
173879
37357
140843
51153
31626
70804
462269
188935
439255
18205
255541
401966
274258
141374
172962
207582
361837
279397
368639
159285
112364
248475
104000
243238
156596
429794
168836
392936
415487
471381
325004
311950
126975
273751
406076
140418
37903
91868
431926
27968
497969
384705
463945
244356
52266
118545
82758
428815
378565
403565
338888
284049
183215
109153
370267
344801
359166
238848
170469
206119
40179
395926
229316
38999
411113
447978
125075
416140
86818
67299
42406
449956
37424
236629
357908
392655
47707
454518
74816
83819
322536
91043
174280
325754
168781
407092
435378
256635
122517
285348
365679
58276
361928
498093
176437
258935
400521
181134
281378
283986
57759
167966
343719
343508
406258
349374
179781
82209
274793
423471
316271
118758
366191
493928
377791
455038
374808
1505
388490
373654
52314
30406
313231
402096
458636
207650
165875
220899
63617
281581
357773
189291
449674
186887
390691
55649
56133
231040
194814
394761
404436
4650
153595
180340
404047
100483
284542
212712
227513
355127
58080
130050
355448
163189
130527
467458
34830
181090
334270
449629
407181
237377
337237
127467
258970
389815
357201
210128
495374
56305
33954
370743
267670
204783
451074
95068
488454
229032
31829
248575
115242
56614
51107
156869
115969
288088
91604
340223
360829
332230
176869
164150
387618
369606
310649
372043
112194
155856
334202
478602
457732
298948
475583
466048
300278
403996
327811
179180
76633
192326
184289
133891
325726
161843
82065
357812
120056
494039
105097
437312
463421
145654
269100
123878
379280
381991
222674
432486
193342
479384
296091
231090
383417
327414
195366
200959
239666
130935
453752
315201
468261
43236
247926
108620
249291
453843
398494
102233
270141
465614
103218
89740
308098
29129
431431
99164
489508
26456
365817
491564
403619
478202
390064
256111
77910
29104
496377
484121
297663
306603
227978
128751
191755
340803
52384
302704
477712
447264
72952
426125
370433
375031
160215
349198
422528
289925
64211
398826
369391
79186
280960
258912
340359
264771
185091
59380
309233
328150
481076
84564
310646
177889
89141
251563
133675
149369
460948
4610
340138
257121
462147
331585
395603
323801
341346
342591
216600
118119
155092
415865
39133
385357
228103
36310
432515
457225
496786
373463
435918
492238
287266
468367
222285
202413
218619
8225
29701
97242
443699
271309
267656
337085
167279
97270
146584
220628
345267
416178
420199
174313
333703
158936
66488
294395
433359
255126
45010
238542
452811
18700
450754
37699
181300
150213
60837
192724
318991
390727
103761
339301
420158
204676
342900
361148
91115
103197
28557
452719
48502
139471
385252
123010
350471
231498
151402
427701
38028
84570
85736
191489
398815
308855
85226
404381
89673
76930
60705
412477
226220
277942
449643
186876
69320
290122
375505
380894
135941
346584
29676
33880
305745
170180
70094
285983
207913
400524
350692
410791
264957
111478
372212
51061
166257
330218
69208
11839
456755
432392
8381
270673
228919
45379
338148
40281
346898
451053
139429
196683
397757
202010
394706
26961
106079
306178
466658
471462
286551
219504
338787
454628
275364
282918
183063
17800
95477
214007
356948
16649
148943
383064
438355
197120
385594
61259
336744
53401
205132
331074
68813
370373
478978
493060
6505
127382
157881
386381
358359
426583
492581
299463
395990
270215
30944
56745
40843
201678
469417
52801
58456
330232
456949
339565
263586
200020
251034
288494
64206
248700
52986
138840
65798
58354
88433
448002
489464
101959
202708
56353
376331
349758
4048
130496
410878
106836
400426
171224
25817
363570
355883
89110
296143
413472
329472
449450
32424
299984
59953
126256
423273
462548
167571
335824
172175
311381
111905
253042
281406
193999
133845
183562
469740
218206
171658
133025
264152
474151
142182
463162
221247
52822
38901
188580
81149
444358
414998
125117
20343
188001
67394
243349
217203
439925
40193
406399
32663
467575
37849
346219
408614
365668
86521
446351
217769
34213
360638
484341
21271
125318
47578
453571
120865
379414
292707
221201
292899
245991
452568
154506
358424
376537
105957
376909
339903
71153
276678
274404
350583
192693
228834
324808
120698
324588
60001
326966
61527
170119
175240
383764
431931
250997
473717
424299
162723
264293
148118
342149
14904
81538
498204
234792
383852
333592
79937
192134
334739
247918
471924
356484
126465
192639
332480
96360
291666
250214
200319
447577
302807
18963
465336
20087
145103
406347
154108
182876
85219
242547
253204
172249
246668
80655
178921
243823
118142
195220
397584
113803
489169
414898
141256
36082
314744
338215
50121
98372
91579
305068
387856
398377
483785
289292
374492
51864
100154
77208
431359
9850
453706
132771
344158
19279
371446
285438
95490
185620
204612
224752
229151
296968
236339
318568
177204
312653
132612
205230
373126
483847
369585
54582
33652
19532
202470
151875
282877
226784
33939
55707
322009
490685
420295
223211
161508
156632
476254
10640
219072
468229
273454
7729
231144
384586
4305
262137
7637
311157
312068
3568
343924
104186
441746
437876
227357
393416
159603
387187
411932
14868
33583
230113
454577
72921
111856
60997
182637
343609
223391
325227
239657
139305
339903
379643
283261
282635
132743
325749
286601
53975
419067
248948
492097
151295
246820
200602
191416
28782
334267
170523
362038
341023
367921
344102
449998
87833
86440
380170
180354
190937
279539
118756
45509
293538
298451
259952
450280
290116
278302
88297
163168
355433
280092
116862
447307
212658
425162
335036
218178
239373
261928
74954
374092
244233
441306
267222
17300
476064
154305
239440
318103
42706
201424
419926
112275
76181
154264
271472
256193
307867
400072
133762
417723
222424
359919
472249
143879
2912
352794
428994
180386
197317
290194
121247
101166
475287
436284
31742
374689
13408
444945
380151
41901
72873
136803
317903
161980
425618
461696
51947
495955
369443
83932
496406
85489
489103
435993
306126
191056
376142
208117
243666
67512
194443
428225
119466
461580
425748
335007
81664
330941
51592
180893
52084
25338
97500
173859
329285
493414
406306
199227
477996
286817
483804
225868
314438
158106
433478
477942
297459
378386
408680
12454
461654
83469
194647
262612
464850
226791
28838
192936
424831
307885
274330
362262
111006
369293
199245
253256
486778
66152
240893
442240
380266
97647
165703
31930
244179
327623
229794
464348
18702
304461
243932
237840
72227
364694
71215
497960
184691
218762
488595
226612
210845
60923
42365
62437
60627
192649
461691
141726
242284
158939
89506
100064
84093
209775
398498
203206
115679
233359
228723
275468
164110
177190
1497
7685
153648
51629
202711
479111
460356
432574
89949
438584
398213
21886
257724
379851
79399
352878
263459
149955
361150
135914
72542
451733
435378
263442
191783
65726
223080
379677
402107
345736
316328
80931
457456
375472
233080
453472
311990
375169
10552
236293
103603
63039
211492
254770
19704
50980
332564
218070
298872
196555
320769
213736
315633
291163
332848
423673
74550
193628
303829
201677
24884
476706
111551
157642
78719
452848
482977
396763
25448
314043
203338
260624
410486
212701
446430
56404
435125
211030
27028
372447
361456
238476
494292
68477
89228
233010
230651
364671
491537
294496
193250
262182
462658
156234
436458
350617
363734
486887
312357
97407
494022
279125
481674
290329
131484
188466
61738
334906
441295
170257
287043
83221
157887
47599
138625
227968
323948
197883
32104
390478
6742
301407
453752
355729
141938
130876
95706
46234
7809
444856
141032
48335
30084
478425
22262
325783
284418
358192
330650
392291
272895
260371
27507
97035
271642
383937
478250
493462
421032
255000
306722
109400
438645
455038
155178
37162
168773
413822
287311
239921
302312
168058
68544
379459
184197
457815
286114
104175
282750
356234
360455
53037
380568
77130
203702
7610
63788
108902
296515
438407
19095
299906
382029
198730
100887
286581
192478
113309
370792
262107
23924
283432
26868
433471
437759
313597
214560
135781
287692
278614
415748
316066
430382
169857
105524
290082
368402
226654
435587
251682
318173
165964
24346
173850
278931
356818
362067
257430
82349
234303
53895
289796
176927
253208
275994
378775
146302
7899
189923
224384
413492
463604
236236
406703
1814
294904
299162
91027
168569
128432
320395
180043
4065
70418
35317
152644
453199
159764
317182
262614
406873
327087
330847
18252
250641
454025
122322
487808
481198
278073
202363
367570
42868
305957
240164
459135
233102
285597
476427
219821
349573
292034
452029
156412
496271
102789
151216
67570
423462
122277
94742
192680
54995
379466
121225
400582
264934
66537
351000
444235
186965
195065
376124
118593
285943
113454
169578
597
89935
261177
88521
328487
369790
408190
166676
445600
459439
442304
5811
387375
384841
79113
355056
99301
185804
322449
37234
117641
89376
429979
34327
193711
296751
226884
28539
285988
285092
376235
117593
316841
3920
51878
152768
34486
196429
188082
409153
116011
451908
367018
239353
471516
57188
278960
205284
198784
487947
444877
33360
314087
339944
332516
217006
97881
427035
174189
11025
271410
108756
211837
453074
413749
423068
14745
316586
133682
387294
423264
434742
50621
479718
37998
207266
173541
40504
145843
172749
339859
55243
205123
177674
465222
311855
188542
444734
142125
191481
7684
70816
372340
187034
163651
112721
117299
352906
331900
268867
485272
256335
145871
28941
225158
389586
47642
180565
282955
412528
152380
286390
15681
294739
191274
359314
143351
277062
325211
290561
256883
232045
59210
441077
126028
21067
228359
17911
483886
142731
183384
39424
52079
370530
20230
497066
135384
498626
4169
396141
483705
410411
407049
437887
203534
393138
492374
66361
197847
211400
104811
323969
6993
60213
89168
144858
214070
384854
2481
80394
97298
228235
238762
31045
408860
86858
92604
178564
244024
24992
280963
136620
284208
435015
57318
284220
143601
62973
234795
168221
386603
339813
436020
108858
125741
281145
89355
400537
398811
232140
477654
354750
449872
106263
216799
222214
495572
332874
11424
334926
270359
215714
8502
149835
144777
353974
391059
422363
178177
9118
333892
111503
85057
303758
285025
81706
442222
360919
487862
82046
304674
398381
193685
438026
160664
221031
468720
332150
181710
347264
437737
459072
62764
287825
269123
419829
7041
253353
118022
221783
262758
4773
174570
292457
292816
359425
338080
248448
274156
250542
125235
45315
452008
19930
145660
85406
126840
488484
427837
62218
87301
140714
305475
247220
438631
378194
140959
360977
361780
195245
446601
95805
282648
171718
457973
276802
330044
214838
125273
198121
445159
437923
238820
119990
424185
486898
189837
218407
110883
464850
280561
206855
246078
253613
284429
242427
234787
318690
443453
72526
405457
376778
191065
36408
62730
303429
406712
194379
34314
465464
354446
65932
138972
107833
366076
1810
271243
172363
190998
298216
178925
119136
9835
233966
341728
245
283181
304898
216674
137550
280520
493361
27899
432569
392351
121554
371712
205196
437237
272832
480270
404344
96315
376060
211219
362634
259264
177970
418364
453126
349906
336555
446617
431268
485798
244294
411749
197626
224828
130753
73334
231861
386478
441967
187191
59358
80656
334224
477856
52058
30812
276597
143036
175083
109378
128066
245888
481532
222338
116541
389486
50100
296022
296374
259985
294300
297302
27859
350960
474913
345956
306166
234958
493570
257845
482058
354919
360393
183146
394159
325658
276531
348719
321383
394741
192998
99761
387933
205416
293718
410128
333383
78980
456314
223455
90844
197605
398422
205001
232516
112237
36027
108390
53336
272334
86933
273849
304414
105769
172756
105345
265116
378991
256218
434842
325044
288075
222407
441500
340232
69677
114706
101031
120454
133982
78194
490360
176410
258539
170020
424089
236980
38235
181276
243253
335160
201025
143764
262955
77477
284451
138601
474774
406725
296474
168815
74545
455124
134929
361877
403355
221186
375289
38116
157883
121714
192880
462631
105895
399714
210980
277288
493171
178703
190362
1230
418759
116859
76732
80498
434393
258421
253318
288040
13643
283838
427673
330363
14996
414930
337057
343964
281997
241916
446253
496394
454988
128066
4526
404500
346675
22074
68784
56465
74702
179003
451625
80018
16298
2338
370690
207977
27147
427747
263592
189458
53958
355566
306659
319954
159858
81409
435580
285502
265077
43752
35730
250516
331269
271608
328657
273907
91975
366845
471662
103348
305640
28531
30631
191562
142641
235626
218123
129992
147953
411815
447736
315836
432125
426774
159204
248144
94136
10938
244657
491939
410981
203015
388126
357005
393196
92181
193399
202922
306578
254365
171835
397910
130030
386808
233612
452861
375303
341357
325554
413703
45727
263666
138373
256570
28214
43040
351301
195476
173549
45682
85121
206089
140875
415327
297768
410036
363751
280347
140143
218673
333317
123335
297572
166406
38837
187369
188484
118207
432967
314636
215401
162583
140506
144743
437187
159417
168250
316110
355486
352687
92621
79047
488742
85407
337049
361309
428112
184071
91539
339568
224760
10809
279390
410448
119718
410744
414023
426367
320115
270287
387109
142815
19237
355243
255973
226304
396614
360832
191459
191896
55217
381411
269281
445807
265485
460725
329772
465380
82015
14619
349651
66244
474179
88940
485533
124722
39294
71166
164747
455225
305563
419576
325701
344876
316183
294211
446575
241576
339305
486
334984
475666
451105
255025
191892
351214
448161
8990
445100
463164
376483
452637
420202
48824
341299
292057
45661
301759
72909
396604
437677
39259
65696
426873
300943
456365
346557
263351
145782
330656
385174
378584
416681
248720
468718
311584
481055
437586
485531
108504
363821
229600
138813
375184
377635
41105
63777
314093
91429
52445
101131
337284
300453
159612
240984
9852
17477
309219
99093
170891
84070
293697
297927
294734
53441
64930
440579
106859
311233
69499
352552
368315
31508
148659
376677
291652
497892
432146
248583
69037
382211
249387
196693
48165
350940
347831
31342
78440
111481
451076
119249
32462
227781
103162
138993
17820
351335
41164
7101
479807
219617
424336
158642
307101
59234
440932
31257
46940
62274
423185
216804
430780
437904
241189
13719
102909
194688
438387
251632
491240
240245
181712
478975
338523
155043
130302
107152
220558
295474
45865
347760
330135
11005
99743
495549
338350
406925
30843
324182
134612
30197
412036
462472
358990
433986
189235
460990
192265
157115
390940
380944
431013
196787
16489
179230
463880
302332
326553
390878
310521
130222
372567
490422
64814
466803
93576
253297
109242
86444
479632
55513
214260
399470
18589
341012
75251
419554
44715
254584
317859
48331
352752
16892
135887
375611
249817
299450
154831
70885
60991
286593
79189
137401
138992
402363
151835
195052
50862
161313
95249
178591
362265
205574
297055
455298
49748
245128
279930
225948
365670
241712
245582
318847
189396
441605
383063
415276
29816
427268
125607
213782
116318
107049
439562
206879
282162
151280
368778
156376
39834
159078
283935
18
401588
264745
311683
414421
96661
118501
411171
205516
489995
440450
128824
157799
185899
228719
282597
74615
495282
372777
155157
330649
84826
147205
479180
302275
458099
250225
77020
273744
143097
207366
485280
106868
324857
116629
231140
290878
322232
397750
65051
491340
358233
193875
101970
174784
166734
181633
316827
292470
493951
366585
394885
75195
364637
148447
4837
120421
433775
57064
488143
239364
470815
429412
275365
78154
94857
83393
165104
193077
215907
101648
253113
176036
382058
268809
8867
370111
182954
145160
498663
469499
247601
471520
24156
18825
458685
232384
45940
488272
462763
433303
337420
408825
30952
367121
299065
298323
124969
326119
194626
321729
414957
127908
495387
287408
68771
225602
269854
139924
161305
491687
367811
201482
50952
294215
396100
332286
185039
86246
309432
407433
57964
31360
479136
438352
296286
353523
123645
295439
197814
261774
400264
328668
99962
449840
192983
43351
196813
131910
177800
458281
478196
336346
183850
474009
425053
408820
310905
369858
436893
485731
310628
163304
7312
1905
456209
189252
176005
264269
322575
455674
178196
66852
51498
34731
98114
463760
211102
479543
437600
89893
466344
441723
488205
482553
20870
382953
125684
29915
183612
371867
272218
155217
55563
346336
381982
198509
326912
336903
485485
430975
89342
281308
73352
243769
450009
448684
48373
440093
352378
468766
25410
261587
124441
56070
46436
191132
263591
4968
378840
272091
78637
435020
418247
452381
269668
420866
237696
491381
57968
472164
126313
217535
238105
465531
300956
178124
411134
295362
397781
244905
299433
416133
46102
54604
485099
261995
12945
421204
355840
182745
66561
172600
21636
434446
487043
357973
343624
147834
407304
356498
189510
148218
116372
379135
387218
200764
104884
162688
71408
143308
324701
333743
285755
14321
254013
340514
478491
381810
343717
267115
200269
179683
372580
25469
240383
120412
98313
153986
156047
280341
90670
77513
334587
145337
456480
310814
185170
394526
455434
438943
426755
142200
457223
402318
291892
116886
7457
431397
105229
4253
261949
83089
305685
346525
22023
253761
468162
88581
233019
350612
108723
7486
256636
174767
32286
324277
66149
123925
207420
30233
365086
74464
224144
374328
259446
352801
341967
442059
190174
244515
96725
365893
462458
76983
174393
254374
138948
192834
255099
167097
147261
447056
58181
128034
177788
419188
464554
15646
185905
191567
179266
416412
346698
402700
413605
337339
496790
281611
289553
490215
85745
50717
442773
116974
309788
443351
220930
300987
451853
247312
53020
278602
473823
22339
471016
133559
188585
188508
336247
312746
310372
284485
205348
481824
462475
25584
315102
89559
485204
253420
376048
288681
69255
111652
305021
432512
467892
431929
372229
8862
173698
72699
256669
43448
104865
482800
341105
344292
186621
85476
91099
115784
291234
23184
309680
239165
109941
86845
70619
349050
409043
306479
427789
109120
492672
465224
368313
140196
359543
342761
348569
266136
248343
250927
73372
396140
459389
61708
363772
4368
182004
475016
384720
127384
374016
388583
403084
82743
387931
108578
64324
281499
332577
49170
396098
168875
403220
231025
89274
462844
430186
33645
151849
278255
212662
257773
386441
489458
104660
114301
109390
5874
374500
207635
329140
362890
329452
484038
242692
85687
51977
51816
499064
296812
108425
6881
405524
275688
269565
90923
267028
374611
65101
484776
224850
303589
208420
321953
253446
308906
464557
256633
481645
411610
209579
169282
280083
35297
359973
65506
188283
262924
461875
398970
324975
63536
359153
202586
378833
205920
173075
133874
155287
469539
260746
141552
183769
340247
219162
466338
445327
71111
331654
231250
332734
475988
56077
270333
86491
167132
377855
296924
40205
437900
108974
383396
293377
266626
280204
393095
498271
275223
263600
442369
475464
483168
484049
63305
123189
344028
186711
486876
58407
408525
289914
193368
77653
34005
410332
264201
197961
476936
165635
291975
474879
374741
52164
433126
441743
427719
158084
59270
195630
290236
411804
237943
72044
167644
102807
334075
467470
48269
444852
4438
122365
9399
129038
194327
122783
194569
438452
157318
34975
212747
69683
377831
125662
153656
242641
79534
29446
222543
472837
248908
369432
61157
217803
66360
492512
7033
366584
390716
389052
406526
58644
299169
227749
494782
478749
290894
114186
328570
469126
392108
233200
290012
451907
395224
296139
314842
463877
496775
221220
452085
177406
70851
51947
389551
165131
84388
100844
179972
275291
29152
147186
482349
196262
319899
270239
16810
38394
246619
195083
327522
108043
168235
422541
397098
401353
243900
260358
390059
290469
380077
137636
175979
292549
392375
343194
162443
216875
67500
478098
155317
285440
276996
75820
156347
306512
283114
371650
365347
261248
400917
250037
126690
434749
37703
30348
437105
356841
478344
187483
101822
426531
362577
96321
438446
166134
5388
304003
139094
152209
158770
138089
240266
247950
264305
216701
416295
380515
99782
430129
79034
261123
167653
428969
346031
406597
289669
446806
457944
381982
277658
362515
145585
14543
32948
152284
482310
462646
278921
257902
461445
446374
235072
438932
311666
198348
217538
264234
253103
16503
250131
306859
424936
470155
116906
381434
213903
447995
251537
473756
135950
243439
417181
433770
418232
335532
12269
281069
150567
292258
173140
346352
203642
357092
459885
108466
317561
214782
91047
347329
233506
388097
485963
303700
274817
377306
35856
133999
184979
320235
497789
354624
422921
134695
102390
379717
345701
282689
33700
279182
459218
287798
376054
255077
208293
331586
200992
9531
499904
127202
149802
256120
82403
53579
194620
288405
238751
223010
207549
395782
291489
361436
297512
124988
123424
104074
477764
314894
457393
487472
363965
162244
36504
313862
196039
277747
23067
139173
154956
209087
353493
443947
448112
125092
269029
52459
217394
114081
52970
403929
327905
25922
308573
126883
63785
113413
83973
163421
299139
228924
53620
136962
117864
42631
118951
433257
91031
167753
262616
454410
75514
487664
488410
336874
141778
469334
371426
138025
476667
46251
95531
250610
109232
331890
130502
263054
398237
293892
497089
372687
136911
496684
121852
116185
253531
282703
430837
304394
277315
201618
140567
132190
276946
483924
35079
343949
489705
363460
19511
480450
91256
18767
482645
326464
485756
73876
4111
355738
387995
450289
117355
277113
452444
133300
446815
285839
242645
160862
257547
298275
125335
343541
97001
470862
136806
238597
38575
311342
270210
180605
156283
11061
77439
448542
40977
238805
258537
38552
98215
151119
17097
39683
195019
268027
478177
369819
371301
10640
235210
449000
436724
78776
490083
345285
102619
133386
284810
436486
182346
198136
384962
144485
218357
405829
285774
245074
305245
68709
373109
283661
304352
150081
221528
96722
491240
352111
472838
69890
356790
257925
141863
263288
16435
438131
289108
329244
225346
333823
435017
323062
180305
405009
398997
167837
496119
264803
77857
355794
231747
224758
275531
78360
147321
363768
255758
394243
334557
395529
492936
300365
288240
172404
31323
293168
429103
343642
449859
31861
66299
43410
166876
51943
246383
170657
401513
220867
478453
187531
70624
72363
126909
291969
188523
144863
54953
113167
321259
24827
137787
251594
439958
143879
421611
340340
395230
233824
25456
383880
425754
126882
434722
155291
489000
147566
54894
257421
89145
393398
304012
16819
330144
2869
47286
454328
69535
489514
463696
487262
239116
8002
256325
181852
377262
167284
279423
439576
32067
220460
341744
38171
84040
331662
312623
168248
223965
400124
214973
110808
130838
225567
463903
91604
49899
347605
65504
298957
479989
409681
416514
98929
417538
497530
2532
217373
470435
14813
152862
90258
457552
305184
200702
193810
264372
42048
331748
133480
413692
183123
288357
164717
448847
17851
222280
306477
444769
206528
316015
27056
61488
112233
199174
183960
145223
282365
423197
488466
285961
69414
15359
162360
180563
124029
249724
281619
352482
402283
459910
123718
113563
200457
499038
312312
272673
166463
145917
255323
160162
254441
452834
278140
336791
355059
320364
345398
258144
15224
176113
425857
268839
310137
71204
46980
401786
188317
224451
370062
326151
405621
443992
245030
321745
451274
121064
30910
212723
306418
339452
478482
273378
369684
46701
385034
132340
393643
160557
106217
342221
193762
205204
487043
226357
461504
374384
113418
418589
423441
182167
33065
125219
147459
57291
418660
345268
85053
324950
280518
404342
493903
220184
90756
287859
142968
436972
109491
169644
345249
306272
318171
468211
96024
444992
301053
8177
103085
265695
61244
83584
251027
422572
335005
237893
175872
36973
493962
64656
29746
85859
476651
157620
138461
222415
248635
3116
354489
351549
243006
419754
101673
171653
136776
150060
62051
496114
429892
239717
364119
132115
52161
233339
377742
186120
302602
328709
375469
357509
251987
342389
59381
161550
182157
20587
467231
301689
417566
482276
70326
265835
190505
154666
363432
388322
279125
151812
350858
62198
62590
192289
266729
432485
461992
138917
477387
211916
436820
213438
170029
226477
420099
58568
23704
466241
185578
121392
95859
95617
204694
357364
346019
359239
55231
111290
215438
62106
101739
239092
192376
66670
392781
29921
211545
280385
273439
185893
344669
201310
96005
312685
73344
182040
314837
72660
262476
232149
238519
152966
176722
244318
138728
387624
63211
268790
279748
299178
419286
69527
273300
280722
355297
115419
61829
446189
497417
315698
447689
222804
220612
262192
186690
483392
32151
461412
376830
285343
440297
402593
25527
446411
385607
470764
372058
97297
126785
5653
410568
481805
167551
79407
234172
318541
377474
308038
271800
424150
336795
77700
205733
150028
486273
338093
143770
30863
265278
269628
193221
132410
459490
365505
174013
179463
315212
169844
197437
55785
230833
492198
413112
58964
484250
395561
195149
378961
138948
173244
495149
271108
196550
234849
177482
146985
329534
499184
25485
288788
336701
390572
443488
314327
465734
231194
414675
189506
298535
462820
194409
241867
380724
421963
457664
341059
94942
108237
71069
217721
356186
243668
279515
419778
275059
378120
403186
136513
304148
468004
371968
456962
103823
276504
289078
329867
160276
49654
355085
280715
190951
72880
280313
181537
236327
422897
187163
315579
219317
208064
341548
388882
464121
451049
427981
361691
484156
466184
387842
335831
396051
133192
11310
369410
418139
109361
164811
133128
166540
196951
277289
254451
337581
72144
345856
339651
483423
179391
193235
489344
366831
79387
484390
362432
347282
152622
499477
464512
185758
235996
404874
400192
424436
348453
344203
495613
210073
281875
382677
149457
463724
73338
174742
138926
395714
15050
159638
199603
344086
274355
448837
428882
275470
197106
450484
123734
430415
30574
156237
143661
226880
65671
473317
128174
226899
311275
358080
132924
384704
211063
478580
166474
98361
13201
39613
454029
256178
235811
289908
338758
433168
16967
230482
391919
490110
57008
117926
303066
481078
165564
317070
148873
269032
246455
280016
251826
75460
100154
33624
41112
282466
430150
327769
371080
493303
469252
32809
455929
349610
434205
260470
494773
386783
113333
4103
345701
307143
129538
385153
231553
57923
469774
430237
433114
144294
6366
283462
248682
380375
444894
200211
100931
9096
239939
358198
222231
21048
60484
3228
142917
284035
51229
243152
323068
342266
265115
137470
372914
324587
38889
248995
489271
125816
411950
270135
426156
420066
486981
19426
101648
358409
41575
134468
100626
145629
185613
44275
338173
208540
368410
77499
401762
364341
157221
294354
274187
126728
284829
392795
39995
378640
438140
38544
25082
169176
150264
238563
212141
386451
31252
276239
63680
271935
359947
430284
128097
297852
1886
385453
51576
222527
49059
470158
201740
498356
106027
117147
216172
482826
69716
427840
442679
147735
407514
456048
475673
356982
440869
157973
294625
480168
397429
466815
177029
387586
119508
403770
181250
296581
58516
28857
6389
180273
495527
70786
89972
154817
86867
340532
434991
163000
239201
213672
56054
30874
279989
244069
318136
273423
2349
326473
420330
254792
308354
427836
109339
68904
198220
274442
37663
286311
222481
141705
474475
279874
105591
408436
350107
346166
292150
6271
345532
119487
448937
339343
349635
240093
35340
377856
83546
10400
461714
58331
266944
169871
83725
166066
103131
270750
20340
367734
473009
226572
8833
90297
473998
451620
480181
116178
352217
23578
360991
44917
63618
76988
73967
106965
464567
311083
308170
439490
384138
412838
317136
169022
203408
420777
400240
18534
214521
233810
40220
188630
411749
375518
358284
314706
464495
64082
55575
342818
72393
226018
353628
22879
358596
58012
393788
457384
433760
394493
449083
197692
53346
54206
451312
368356
195810
336859
257351
421979
373112
8465
85323
302585
74557
121431
125399
23022
89906
424593
377059
313976
218761
249237
264622
449490
222538
229929
357667
410635
4244
380611
375894
111844
449849
330158
249220
391082
340826
6588
200677
62615
318590
198266
195021
72916
338321
239801
265844
476847
223269
247690
298396
297708
71003
220881
99313
312562
6735
339080
417836
419864
175833
282407
168727
465775
305395
481618
318951
220182
270595
302847
100031
484391
156677
188385
78420
310105
12064
220156
371481
214061
114960
149152
316947
364042
448762
176305
80802
414427
181148
358560
282
410918
50986
364247
446059
96364
180298
297905
265345
64743
45270
104835
322503
421608
13997
280337
360838
381218
45891
9674
170219
156811
230802
278234
422450
21748
106429
160095
188524
294774
465493
346682
58276
365769
220502
81778
259882
330688
484343
195860
469631
432079
94742
210894
271205
24512
194622
428566
250061
368107
365388
97252
414391
126949
387349
245906
47960
130974
451493
352130
245831
399230
446912
129650
324485
424091
188458
281698
475871
285234
431959
105306
187884
22389
28275
110438
226840
347631
398004
163023
348059
496066
49129
10272
263216
485587
482210
211625
12389
419660
34474
138369
198201
106091
182354
64908
494055
295370
235730
12620
336120
56447
498578
170235
40874
396454
392263
298424
387058
107567
266172
268079
336254
10607
235121
350058
368587
438416
167430
121310
374724
439250
2787
372095
334952
481909
251999
238110
271417
326286
180664
151722
85588
239243
255621
416717
383416
441967
128413
139130
223218
210782
196100
276790
49408
143925
42076
348364
474702
261153
352215
472306
339258
165855
421694
57457
30017
22724
380580
362911
30124
221823
200808
208585
348182
415839
428208
122158
182949
257664
64606
293508
163140
131480
143636
446795
493660
465006
146364
313959
438648
11515
456627
77806
388181
213860
58739
366689
416390
469690
300232
401142
183729
486636
354061
158322
329160
75068
446586
429205
285562
287544
119192
65191
141596
297289
307309
463148
27246
7165
349353
439226
132646
354731
446286
350898
283435
235930
357439
252145
71847
322114
469379
371755
244675
149778
403291
148347
399903
109213
263564
260685
4254
456233
431957
375730
429384
431853
212990
426830
120488
203482
30313
107142
40409
421246
160832
463247
368073
463174
334358
159288
65591
252394
1752
421637
4605
388970
152726
403513
386096
220213
123192
7978
229155
234939
426226
313934
375477
238094
159615
333300
286206
336602
134388
293192
64885
329641
161594
212544
16480
414025
311428
19013
176260
400672
120484
425570
260990
214730
212085
307670
497120
488893
297002
337132
151191
234522
132286
391911
169629
476838
270651
484432
44485
160932
176950
371583
347845
436684
276794
293777
227552
405776
99785
364216
32596
458114
67382
112645
281407
142352
195022
134938
42319
40190
128142
318175
471459
11677
476779
347216
3505
494077
460110
314153
391226
279349
49224
295814
4794
368785
293403
74003
244783
202509
353551
343134
231730
369820
142716
232759
489090
313615
366800
177072
372183
149508
145909
357435
93818
342427
204119
292478
443982
187584
171531
66188
346199
191816
141724
233313
418803
88576
84408
267530
203764
5156
264850
136154
355679
3637
151697
402182
121711
52110
324332
252354
222320
195198
217369
458586
252384
401178
260114
74836
166725
495053
229979
26147
478548
141521
402618
142826
62739
288773
468611
145072
340533
56853
145080
164673
197769
215633
253151
91078
302347
437894
192307
468854
256359
398540
187098
125384
396562
339832
411048
132054
200648
111556
454535
367595
319226
403940
219408
25716
256640
191999
315458
498026
31805
54997
168661
428229
456744
350973
267758
296829
286295
176510
82406
422814
61103
358556
229562
114247
428344
90017
309279
282948
46276
286109
428441
74402
302819
332170
116559
425894
279386
109451
83367
264699
256990
315116
417274
332919
474741
330238
426729
377079
491790
286351
324734
442734
13508
149762
195639
365659
223649
350500
18005
315113
22188
371990
123702
114910
418696
235637
133443
323520
384409
110912
297852
348511
5482
377542
446831
225330
185700
286944
350246
427135
169979
38245
249484
311473
163095
360586
432267
308417
188728
171745
113837
259983
50809
451801
298467
411198
321423
330133
39025
181966
165252
172744
411436
270125
326094
384213
423256
6967
141392
276448
344189
193446
362334
135776
13817
235480
222764
361286
23157
180732
397632
120760
297963
341967
221263
137133
120579
78731
301274
395450
325641
482403
89325
493857
114434
137518
232957
184481
482471
372927
394445
287636
200854
52155
40081
203278
2502
199201
222858
36207
182284
295552
215657
363313
156741
169845
395213
31490
89225
421253
2471
8638
257054
479773
488968
50100
227085
418820
308012
52784
490078
260932
270936
425007
314672
481878
350766
224872
19987
86907
76341
87449
243685
284525
149623
184723
93383
115650
280979
421783
147452
484964
19040
205248
258395
460553
33685
85397
269859
215796
368649
473739
290154
471704
198230
304817
470708
184461
153497
470201
378490
93333
50318
488317
448007
421931
443343
321507
305116
173268
9999
477812
33923
16076
282756
484585
25818
308269
374746
93522
118832
106267
59319
120631
435811
164308
137795
212507
162366
209229
492521
50162
421244
220488
46579
412425
344585
333706
492967
220650
163828
481967
362441
76035
138145
223849
40230
126858
181055
146471
16986
132675
53595
452825
304549
441856
145870
249244
300383
75571
132554
99661
151895
496048
65932
471177
171131
322110
479101
329381
73824
267003
262126
207019
329135
282655
473272
323821
157845
326425
28446
494632
248487
338801
106763
242635
20143
349165
190565
164406
259260
2432
13238
154161
406940
418195
204512
48116
462753
367304
487591
47465
405933
259379
334704
412756
128684
224987
63517
111686
490159
490359
117776
409167
255638
218361
115462
29504
477083
85008
286024
395491
327512
477522
272196
395946
16554
252061
132798
110762
119263
99208
347042
372503
160486
86798
329375
311942
119397
262472
375248
403169
374161
210641
385191
189388
123528
330623
305566
265335
78384
471980
106005
299568
68817
487938
35297
433002
16812
415001
387514
203952
116592
46760
38843
79229
182193
261742
499048
225997
164117
47790
61678
68905
175426
125433
364824
126320
445330
360212
332196
100820
198959
126813
402423
71191
339798
346285
331029
128205
138614
296257
117205
364804
353287
185142
27659
487141
323467
460570
145248
70130
312045
303227
54148
142652
301620
194675
13410
168822
446287
203118
256421
109920
203876
315733
430235
382572
190961
340419
321121
239767
339075
175168
356195
30336
420393
416543
324183
231526
234244
270541
78812
489370
234553
320840
400700
498395
478553
375766
370978
410272
273923
140312
494330
116007
475149
246450
221986
486368
340435
400633
80709
89987
70566
169628
367821
131432
270300
227886
486390
479910
168669
195146
54719
409652
341798
400231
222514
244852
358285
483054
455157
245531
280822
247059
47641
15340
314780
114170
82410
312073
322972
96754
368640
104397
113445
474640
122463
85291
330388
154283
236514
256647
293772
361825
382656
260699
476971
99624
206253
99375
461431
433602
295348
382316
173030
63820
90638
420429
196215
396547
187916
384676
267559
464113
145321
483393
427091
313478
245401
446125
289447
463243
208516
91822
122984
139626
468745
400030
35866
243853
47376
428876
293448
355785
368304
439715
101286
26450
326221
405297
275670
290069
396700
256526
171685
321449
366903
116922
158789
311779
156037
285691
228792
411175
109970
206822
449426
399718
112223
116056
274499
112851
467482
360048
99254
254328
100
278417
120401
5719
457800
375485
464348
315001
477536
264379
14664
285656
40873
65682
379819
268584
380468
268207
134079
233554
160877
80016
437811
43528
189037
411252
135026
300698
373598
300772
234448
402373
200314
429942
242061
401867
70873
469283
377670
138460
434179
303505
175855
31047
272748
468298
202562
176916
113775
253211
485473
61702
466362
458563
364186
275625
300020
339084
125228
173531
114119
385735
313878
475143
454182
87290
29706
434578
284436
466401
369956
191372
431464
444642
484497
38389
456262
105619
357131
472044
488249
301637
328358
6693
106453
203600
319140
335030
77097
494063
261382
486604
162524
447629
31300
6601
36299
63630
202244
149374
257173
377135
467806
124172
253427
255357
304600
389888
189713
403096
432950
105306
471711
27052
236211
352366
335690
153555
87364
238108
446904
352856
205500
72437
458321
424199
343070
310995
23465
188591
199829
101711
446675
233686
444149
99535
215677
376587
99470
479815
396080
343672
100155
380354
153064
18308
169838
315968
232073
411152
283288
379403
458258
402538
382306
58679
8035
458523
98171
318136
2283
457964
297030
22427
248578
184957
143972
57880
388433
475068
416006
198081
326869
323119
4941
441069
437993
22510
65274
369781
162049
62596
200644
457638
408667
257763
12692
186450
481129
119883
396514
425162
331249
388633
191442
129801
62321
394249
65812
173361
162402
54015
485070
102245
252007
175717
278190
482185
196148
385560
418688
398040
219365
454810
133145
424437
230346
88817
88549
489585
108257
137281
353225
4866
452697
371143
443872
152053
249182
370974
66235
306573
336017
172308
213778
96640
454147
199334
165926
136469
237021
34052
436977
219264
47400
488791
455455
433120
453777
59477
480381
290635
387732
168952
118058
180882
482554
467840
309129
226761
387569
153475
227315
221144
69954
27377
75647
263118
209916
198790
225496
129776
340987
163148
51978
289756
381921
214636
258116
138631
7369
170065
74921
411137
458831
156458
96259
162851
62634
249963
388443
496234
136799
7760
288221
490992
490770
252371
247157
240629
237696
55288
234840
129249
88259
479247
354797
93591
329857
346840
209933
204480
88854
215087
132974
280431
140225
499193
211909
24266
180118
13241
390129
357291
115500
285783
16780
55735
112975
320857
367023
387733
78858
134270
408216
346361
266946
398273
171941
492084
49400
154775
304422
34982
352891
434845
284487
346349
17671
278378
491800
349173
482292
459188
57986
331612
88544
38668
453981
145561
70544
298694
457303
268457
424734
240474
16249
325742
289127
154540
315147
56792
340418
188997
445156
208260
270681
217200
25365
420861
465136
480619
432098
51257
241342
416855
403593
326571
296163
152804
128357
255577
462868
377692
282830
275584
322971
436269
44283
382479
297076
225463
118994
37925
132307
292986
193732
122268
253617
266501
53734
59460
16668
358289
111099
383181
102855
197482
299550
230626
142850
245818
362470
174198
38286
152874
153970
5161
432843
67608
54935
219928
52352
131793
550
187109
128390
312977
27410
340312
413952
387068
4702
491376
260562
223891
156595
353232
295883
463065
106447
28675
497814
433368
67466
491729
71783
340623
415585
75059
388906
317405
428358
207707
45556
370918
416672
334541
321404
490800
10028
417125
496352
100723
65445
440464
458365
66328
220771
340693
450533
475189
411769
316960
12035
354764
498700
421893
408204
372787
76759
173698
33257
391840
360607
244723
21860
93421
2521
331979
153523
460440
251717
346214
225677
224771
241590
494287
80952
115693
126728
458645
264421
414505
60657
175381
43676
80170
373073
19915
40968
110333
162187
245945
195535
386798
60058
109685
38892
464020
24189
118918
59494
247
407205
499914
381566
291925
118366
146875
415927
472677
499712
366884
32862
231132
476823
23214
53630
157699
372601
498197
186557
185796
116416
349153
264598
127429
213606
350417
9355
299902
244297
252120
447690
484701
149606
254677
375188
329159
415243
73396
356665
46880
183189
91655
388335
66513
93554
446671
495645
153159
164866
229969
1460
478478
35436
56757
307636
330389
30291
464620
468844
145933
268934
195651
3310
421286
444980
257229
355591
478132
121501
434209
218975
467698
488309
433813
67261
381460
282682
333075
65649
420556
279603
223432
476017
89438
349552
307444
45367
39465
276053
244613
194826
108193
157806
440502
40626
236330
352586
102467
170372
404365
442804
452602
18483
258344
2093
390320
128242
123930
257979
192583
174543
183315
29557
479029
371805
8004
166581
85311
149989
54869
485221
29869
247022
311064
274986
53840
98565
380060
41182
117048
461968
352286
116873
48274
406856
120290
440595
148831
352921
465487
95291
247723
105517
190555
108435
265159
59343
208093
447953
307230
391075
433292
43904
289575
416728
124091
295892
69024
298711
116838
20893
398884
445867
245596
228856
118795
250151
8870
350511
491455
409480
7293
366825
490544
224816
146196
447458
365352
305589
293417
386057
33809
187230
220439
16177
163723
30529
320111
186088
242917
192131
328501
65382
253438
99440
311846
318645
108678
24366
34216
7056
374659
13402
185638
399847
164787
306387
49465
213344
208512
395046
169270
195452
428904
483692
383877
208727
387860
384129
142188
300126
187872
463438
300634
490196
206738
61658
289813
70684
116440
482209
297728
109685
74080
463320
125383
468738
284435
152175
469656
250415
471828
165176
59826
91865
333078
483670
66220
49280
481782
227103
274361
188421
105077
230999
32317
446520
409447
142829
462337
205642
114940
265586
84486
423582
495398
109006
341856
28164
321073
350576
87617
410136
108903
94902
261045
202867
46710
201100
487458
66901
372515
397634
254621
107472
448178
171899
314231
382013
158715
82886
39284
6710
356483
345966
189627
882
328601
232439
160718
89058
183860
61891
391929
192197
243945
28422
210592
373547
90034
31731
348103
308605
480569
140618
95727
375721
204932
469087
275071
446484
34129
336711
405159
164458
24240
30991
162517
410957
113371
207811
397504
452550
355455
93057
318291
277788
130024
298853
297903
145737
277341
136633
187344
104814
176501
236920
354482
190583
182937
443796
209903
84680
308178
182732
119104
490959
481635
248724
180446
171165
191243
460914
25252
356815
14630
80436
55012
476539
392817
251610
237547
222169
482353
24083
261331
147698
375134
435475
216485
215263
368056
71077
455356
32670
209150
440698
14435
90065
221158
156064
120210
79396
193980
299580
487486
350706
105351
121698
446673
84207
221584
7538
487575
448960
55264
273648
63642
205584
465371
396539
142237
475375
424061
286461
41329
484130
184431
230487
230385
237041
109730
454797
416538
228200
67335
203956
184750
304435
181354
12524
127405
428607
483653
451785
196294
449685
79441
398080
337814
285559
404973
270883
348349
105687
28172
352625
161599
480150
46690
210132
167860
205932
432082
256298
152130
322386
16831
7939
207650
62934
196033
353344
365799
15104
46279
330316
200074
26406
440886
307258
425866
149761
297221
464213
311480
108737
254112
348306
324902
361532
283468
10923
493449
414394
161892
73490
428509
380424
228494
349284
172137
301061
432821
494771
329414
5965
415298
19346
206587
60732
235458
496071
4213
377235
134021
493779
302877
208331
98673
251278
89688
292448
253980
380461
16068
215160
286565
277221
163436
51528
483320
158447
311698
40496
80748
252076
143712
495857
58979
392129
220819
137061
318648
341867
217547
451478
429574
381973
6545
150874
224954
489026
251840
73311
157124
131520
273228
14448
122509
7355
434013
141088
73810
214061
372942
417743
27433
446873
42707
326890
223506
485502
430131
421667
259051
192489
152431
451525
397981
438515
150023
196499
111044
248237
345113
476181
433694
82602
448757
200364
262336
453435
449391
476217
306599
472927
436241
378446
61819
307794
58775
58763
227286
411989
169241
355566
45930
70723
441383
300255
273896
497891
272764
382203
245116
206874
213355
255742
133355
224422
25837
34697
816
221345
279538
397463
115246
138154
64074
313411
495692
481840
224554
58243
325337
6171
205764
20854
274744
449367
87859
58396
388910
349488
59263
344047
38737
352283
309217
287882
361716
444872
322305
456405
387090
438687
176974
314776
283676
86456
278023
246807
44187
251103
399348
259464
127040
129953
61448
851
285345
367514
406651
21644
307467
87356
388532
262074
73615
248637
401850
331880
211702
730
386036
172740
73007
23826
46971
128829
100062
140089
448550
437722
227170
437520
1079
108288
37882
158816
192524
407473
453794
316684
169783
220156
231149
494288
101949
91462
472716
45019
186200
483536
204831
192614
479281
164227
29487
324180
499060
195210
179845
383189
169862
81034
9440
164742
433285
409681
272068
144409
51422
465309
17902
294524
438125
4570
497836
187481
466158
400090
450971
160942
169477
341330
32228
9643
324896
55125
1162
835
454458
190335
426913
304183
231673
299935
378792
416290
359713
486994
127241
376186
465479
477766
55800
111547
373962
425824
1213
186048
75484
403301
358560
34598
452188
412702
240326
243553
424058
206545
258107
157173
135028
379219
302496
359956
128101
209215
330139
357641
238956
153541
490937
243458
172568
136855
24215
420070
262810
45780
316004
347550
149636
426087
475076
66259
166045
74852
376787
215150
139638
98048
250188
39481
100382
511
28117
344917
45873
113974
232889
465935
307084
233995
167703
384671
271742
319954
71333
147053
162814
499540
378609
288577
450078
54679
49712
455406
78761
440625
440513
90805
157998
455558
172053
206331
241952
44830
323475
247567
170884
208194
446303
167114
266782
151860
113190
150716
238228
227639
19441
279080
84343
480032
457492
126145
464651
436222
296684
184148
26603
126575
127991
25627
261560
45342
460513
344571
459955
46144
29842
70214
365310
370290
127157
300829
81946
334171
315820
418145
373141
223890
437588
166977
221332
186579
381911
361836
156061
284450
379301
281294
144641
41980
104003
424438
127179
302024
132886
320162
433154
94353
183357
464484
69461
272957
22150
335981
483454
384658
75717
144745
425362
492126
314137
222989
40550
373933
399839
56570
78356
146168
471493
159980
50459
84387
448904
464581
289603
276575
279768
260173
436175
291250
398998
310396
198752
267356
104493
15898
223912
164621
200282
67801
442459
392452
467805
291477
211998
347332
370161
42073
225390
493191
307181
127033
162561
69429
46433
413441
253030
329418
442733
82003
154026
273431
382612
66570
276
180840
405922
387020
201656
282631
355716
111007
241162
367812
458156
51332
284966
192288
266568
484080
72331
251220
431236
260824
387453
378483
492677
281638
115806
267068
493587
422083
260992
275517
63431
338589
65196
101458
317023
355058
126867
220879
323245
418745
203811
494865
408579
484967
93501
30048
272794
446653
468487
394398
257104
406739
94011
360473
497780
38442
463699
84918
143422
20077
171833
59909
115409
390848
322081
491541
137421
238920
369009
99803
220792
272157
160615
497214
454890
310439
180518
362823
217429
461073
187297
301959
79057
220885
62659
239497
182681
484624
226380
357451
255111
147865
238770
234110
371644
144402
450396
1754
34602
365584
278331
194984
448239
312105
343043
120111
334226
439026
181875
298066
66357
249368
50454
7186
380972
136332
233265
21987
66225
360070
116742
146971
40219
41225
98108
79591
275495
438362
489741
259250
433716
360235
35969
34911
194538
196643
315642
89416
108489
485853
258312
127641
352198
391891
268569
427929
176443
462716
214412
242428
259318
170539
244881
464411
388360
149720
413624
89715
74009
173047
202749
327982
303314
147707
359703
140296
60472
22705
3187
430652
397864
315251
175350
231463
116564
236148
111577
259763
342169
276590
34846
110771
237847
353775
132283
366006
493928
200192
257894
140341
488427
449496
26016
382116
26273
235781
166757
352932
327324
438207
35179
236825
18332
115431
173557
436265
204762
353551
117782
232557
58513
486049
326506
36512
98814
104844
166969
44722
291990
9580
420129
460468
445279
98311
276875
253260
153270
332900
332214
266651
369171
497627
433559
44881
479059
105343
1762
472652
374844
360401
393854
430102
378669
354808
21026
346860
130906
425348
239810
313453
277366
183216
234472
358482
383971
179232
397614
217951
295018
28071
249502
200391
478282
142761
781
80025
179885
122685
211196
302622
398269
125069
297743
190091
12728
457080
15454
424595
75737
204892
81334
438322
427155
133849
9807
426323
346022
336646
35321
464735
306024
239044
92442
461302
69257
38282
331107
131935
318737
186401
169003
221307
476148
57150
295821
262490
345752
3840
219299
395880
427491
119235
285790
161453
447311
58624
207230
334603
74906
53071
146121
404065
171832
387020
363176
8761
455257
94673
350988
154110
294856
204270
427720
41113
336700
355512
459893
426451
92329
395992
167599
378797
481684
395969
226953
245400
185373
478567
98517
294221
268290
101390
353188
460174
27216
375365
457796
102431
248445
259819
206587
72295
317226
385769
117602
328839
49385
165717
178626
117231
499854
294871
427372
447845
186182
334492
414877
111244
109624
402588
356706
352544
137283
465719
16378
310773
108309
360786
162175
486628
318964
482160
126587
55049
435599
406177
332127
60539
259482
241579
202310
180703
71205
45400
268083
336336
443814
204503
362899
431650
268094
330818
232109
92572
71864
47499
480038
429813
184323
374206
413772
335602
8285
314212
476655
374448
353803
116505
256113
152631
129134
90441
30530
237039
123340
396948
290089
175512
452060
206495
444254
214691
424359
303008
479517
271580
418216
28433
117083
343847
100386
119341
4153
99890
168311
478524
199366
304064
390706
27261
326222
109750
371687
324647
74751
40687
256086
349333
353593
188790
294600
192508
419291
429400
276887
336179
320211
350723
301431
373256
408752
91324
240454
409902
370985
325017
194171
111358
263979
78535
117356
473947
391185
41841
499781
393087
491507
160027
406334
120899
237408
308857
67434
311777
114561
359357
408553
488245
422892
263264
441729
410627
195116
468897
33673
418930
31556
176830
121379
407315
423502
473144
453168
232653
31064
123178
387623
68107
15896
66364
477451
235637
109516
352905
426477
250564
172980
174298
235371
472777
147831
296923
397607
365009
106935
80345
321042
76487
63214
262722
349028
249513
76854
286159
215630
14973
304231
290959
175776
217466
64059
88528
207188
98647
227236
271401
286737
22224
342954
369254
59778
179940
363226
149778
493824
414146
497907
243165
137010
457566
247583
436890
180392
208233
75662
253659
157706
36491
339242
324486
433116
296911
318564
437123
305214
261976
489448
490267
99797
463415
168042
145177
41362
297854
35688
241557
128793
192821
339060
334911
239735
13056
338090
491533
453758
402966
256443
468726
322893
107567
341727
381217
149088
297013
265748
83692
67613
265638
209141
345782
211214
422971
232069
430361
373474
225204
3239
53284
367750
186054
80766
364659
319736
254012
415879
124931
312622
453123
463752
98087
363511
107215
489294
478482
189030
385817
320088
230639
375644
362314
454349
300468
97021
173787
395770
136504
415133
224913
436542
339528
284610
76894
472715
355227
366814
71511
256322
268629
74900
465036
137233
69065
283332
326965
267647
158011
223198
460995
101431
13884
249301
88379
300751
121028
205439
156750
44952
360090
475889
343472
285108
222549
272840
308912
59995
334040
178619
356149
443447
374403
294445
31135
207941
259617
93813
94637
416190
215756
320339
2302
15628
217269
84197
15037
429173
116188
62620
340837
124593
162384
369796
111330
423724
53489
89258
91152
485077
373897
441887
468311
10501
420468
462267
247997
328216
2911
157928
72262
215447
250790
204116
128763
48534
404570
348932
131685
263348
454430
259576
297983
202533
322614
108148
348749
228694
149057
722
330580
490450
202974
436116
294399
484487
479168
413894
328673
443365
437628
291229
183029
327434
151320
30801
116630
240509
218269
114022
404359
415055
179545
326928
306677
113930
376248
234806
102726
328310
65513
300360
272593
398938
449249
349429
205174
177450
193692
197762
252256
417399
435939
17326
402470
461422
335328
155108
497
198805
149510
175341
255015
148141
397038
365169
59883
301253
459140
73271
340035
474106
239638
305754
2935
241506
432755
477636
278670
319221
406073
284956
456710
485821
358655
61743
368839
420310
270435
80955
28097
265774
297199
350331
411331
21617
272926
60442
484996
274292
480369
155330
260683
21043
217965
393747
434229
490299
424548
450359
351890
462465
50243
485422
442570
394774
14974
244142
74509
203804
99427
25023
407490
331553
482848
169628
395792
398888
11906
342944
92221
52199
301305
299240
396136
498082
302393
360599
184264
57692
237436
264178
222034
289746
95885
475160
200904
142486
376839
10687
407675
416959
132690
352589
132930
404562
257879
127345
275397
5618
403940
211466
322050
183202
53577
336221
372656
364535
316367
42286
165575
329809
371098
343971
380528
495753
245714
235692
40018
267644
455886
50557
496748
7420
406480
403629
260508
349256
182311
186436
16143
424018
349695
472563
69030
111092
428048
483663
478005
321960
421428
38530
411681
65986
190260
317379
57246
274236
99442
439617
138808
12066
221803
43036
65078
312814
267364
421342
130266
195217
402163
334130
97984
69941
317277
363038
190994
318729
220807
169346
354470
6259
200
346495
158231
196864
92191
46590
364947
99897
65270
15745
381823
469434
358956
140081
167808
94944
360545
456205
207164
58877
374481
161918
466330
487943
15104
16477
63128
398489
403709
253672
413566
447121
88986
382212
314298
194861
312479
441647
452089
433383
114462
50684
309243
80627
256533
205197
345265
488164
87998
111518
333796
425492
383180
422049
379852
112533
108056
458124
408368
65417
123865
236876
456978
259076
303155
246071
172273
29898
290223
339596
305749
415043
247979
177145
51318
453374
409746
13693
87391
421295
19945
322991
358454
390922
363481
250840
491721
373858
225834
405731
238442
499440
369994
98763
5678
223227
457324
104831
149117
362574
227239
165973
294579
45216
72929
280521
323368
482305
493316
437604
433636
364243
57397
316782
472275
469075
338232
186198
65429
98725
43283
135177
177095
46468
47071
157678
290678
433998
46546
384127
336684
436332
227187
228524
265962
295113
110543
107485
67666
351499
32967
459534
232636
427936
444654
378747
156434
302815
181966
111664
327352
106248
261726
13330
150564
418848
63221
235025
7602
316608
30202
284385
327352
189145
95561
8348
379753
278141
426275
255667
271866
444309
188716
285321
52012
168832
198949
107515
196954
448526
399854
223643
131950
371686
300759
45041
73601
131977
41011
179694
46538
406452
119026
75931
386354
16135
455219
222941
319467
378416
447096
292996
419189
46363
353898
415331
10261
399955
344588
80254
469829
263996
434338
261656
154183
256733
391069
63888
239041
209454
109656
128124
496520
251712
76696
158532
253360
293021
346392
369890
231716
475274
489121
429476
131160
402046
198159
46323
217937
58948
11544
481065
28892
222969
131660
245799
268714
222151
435760
110244
351721
312529
183551
142543
87031
132376
384777
400141
138806
305128
37503
269790
326877
80191
88350
459772
277470
349432
334850
473110
122602
238167
136955
415991
79111
199727
69856
317464
386800
472897
460396
220789
232118
289792
492359
43011
125085
369435
435461
227958
485430
30434
243164
147428
3968
428844
257375
147221
493403
152690
426544
466827
317952
257705
168412
177777
377110
75563
323121
117152
68600
446992
153737
115527
45273
262701
175708
152786
346873
446657
357143
54019
497524
22727
110075
293684
469785
471903
372587
375386
88975
326350
307324
114386
402816
325685
415928
343820
282811
412823
149092
306694
205740
367380
475317
92798
288574
81871
99974
121396
205091
192971
280785
123846
83932
225286
395257
205918
124032
35085
306288
432958
30305
494561
333871
260838
107098
310188
389319
336836
38817
46662
132100
185128
269212
137828
17621
254885
210500
236104
273916
90239
498603
206258
222554
360493
382527
342419
446883
68358
128038
310556
174880
199621
156711
198017
220800
383376
402049
141389
237574
475638
435152
375069
65949
272217
125235
455156
484898
436993
436367
87058
208283
61535
12076
123936
437710
278447
261134
134505
207776
325475
127399
62666
441447
411004
385180
438152
256192
29859
67881
225257
77449
173040
267332
163833
213367
394503
64285
49447
104956
205904
286093
43758
181826
92185
495452
357190
139688
215530
483902
223234
184107
108516
99237
369026
323858
20503
268682
259945
462701
486521
369417
139189
433462
276251
331581
441353
206011
355631
173083
318116
351462
205521
442923
91267
381544
269334
135247
447386
121487
52350
375490
297487
194044
283837
396641
367173
274983
236153
153052
337970
427487
334653
418415
120900
395314
232442
98662
323726
203035
235152
140919
184353
7406
131931
133029
215258
344619
423970
395895
452982
99377
93029
25607
243124
162235
258476
208695
180790
130567
412134
51230
142568
272905
11078
243737
14227
407762
227887
346476
153421
17043
203071
361901
279033
277902
359759
72863
221501
379932
334131
350565
261195
477064
296161
124833
151964
24123
388997
209648
146427
128603
164237
90110
334831
135026
3749
312272
492901
496262
55865
425053
179361
400208
357677
258075
142365
214881
328444
143182
279452
123719
136059
156788
461081
466823
42685
282643
429829
50443
361322
369148
41399
154932
273493
90944
420075
183784
360560
348720
125938
37326
153286
462243
262712
340160
63984
151603
250621
84844
240859
444303
301746
47663
37991
419857
252032
197849
168071
349569
102824
486992
415181
412330
66508
179422
461493
93581
460175
94498
2819
260038
206028
356743
243116
219474
404531
347099
435615
473272
436656
227297
422112
178085
150773
21555
107712
416464
52251
122104
223448
349446
258005
254203
190555
481590
195248
73814
380481
306990
487028
132259
471048
359025
329138
288209
25811
329281
365298
102718
276574
254724
86402
485738
469164
38601
15571
198921
439497
437900
68606
388573
94890
280415
188369
309460
246738
151467
468532
101751
73373
446558
411279
94235
395691
197070
23939
242399
22899
319071
88685
5323
476741
371719
420154
452697
40095
252477
215336
158680
274196
23627
192256
457302
135686
462639
463916
316261
494406
260297
229939
75118
331551
60621
347730
20196
400792
217904
206585
276056
121397
236549
346087
175875
360912
495690
371543
7800
165573
454326
383669
198201
378208
176361
249306
78095
451040
248789
427751
368936
164091
243456
182408
25867
253435
384694
317199
17827
403404
309900
116240
167868
47092
455334
334681
145333
335550
322166
306315
302846
361509
183378
272354
208509
477382
206888
352692
211429
150455
104052
332365
73853
7705
237695
264233
262062
189944
403881
10654
185522
470007
457604
491734
85894
327134
377008
364129
104611
20220
474143
335179
15955
198816
342555
298608
29724
128881
105924
117595
226780
377367
344473
181991
389727
289268
152112
296237
362319
228260
371265
247860
422167
384823
149877
307286
127890
369245
242076
484022
319660
324100
132678
420912
131403
470604
87862
450641
482908
79752
248166
168690
83713
391477
163591
444983
369840
231605
62296
473121
496147
227420
170959
141281
171119
87795
93870
431617
483222
100284
9228
66695
249997
117160
193967
345951
253295
146309
459060
269583
454138
65526
119570
297409
32352
320474
433556
378253
36520
225817
451475
344390
311005
486573
171041
480079
106226
289922
323070
124031
8548
67431
142324
217668
232217
220898
403800
48353
31119
316689
113584
25168
147491
264632
335387
74158
436542
208742
294150
39349
444603
133275
232159
402290
304794
243461
327397
2632
495201
418000
462890
233567
427214
315257
377043
114154
359191
4947
474490
379696
154684
498686
211602
97332
57756
188819
258182
221201
247149
108204
311088
494192
290191
86026
57449
407507
272886
218973
49013
277996
428519
267019
245038
284062
31579
371786
387062
292473
111238
467434
100001
1979
265357
35428
122285
102167
249761
211951
332420
296350
191800
434432
2588
109736
213300
324148
351201
340234
5737
456991
193276
227821
280152
401880
328969
286007
141069
474351
214522
408900
239777
198159
178029
388498
396962
182328
156160
250487
363193
481322
336387
281895
464052
344643
367271
97584
85531
377043
183686
443806
165358
256952
339557
265567
302422
213717
95583
36173
229923
392550
344657
485603
27156
414783
277346
436709
245287
459213
348682
81125
56274
470209
20039
156101
20902
175419
175026
141779
289251
490770
216224
134768
126158
340467
96017
168767
455874
149435
78258
380486
193945
132271
256162
416356
347254
313387
487260
406441
357756
63888
162826
238076
224500
309144
478765
448396
39939
390199
127060
491214
258685
74893
305586
10822
289044
417115
96650
221377
105526
126865
493117
407206
316895
417119
168526
354855
106568
140558
101044
58339
395189
204249
316146
117038
496136
191324
114143
255256
20317
377720
249448
349613
442172
444533
269205
149041
223140
8399
183044
366573
283515
416904
300695
205245
318069
475280
190741
39156
267178
376399
129888
236581
42908
271570
264598
1785
184626
227547
70829
57610
433012
192078
479499
470636
29980
484255
217871
16233
239127
122058
92767
385986
61170
427314
479895
380859
310068
23312
233460
411971
59901
94163
210500
337507
110637
111031
333091
242829
75605
71208
59574
484397
58028
419373
106241
143045
383490
381857
341993
417243
168385
495671
165674
5896
155538
193495
145777
152948
79690
185800
222452
464102
49788
45671
309182
477953
96731
391100
29874
175722
300482
439553
400402
27397
147218
480465
67171
59176
411397
474683
141961
297976
468808
355618
82418
479928
33966
344654
300679
214453
496328
95993
301105
254648
400040
378482
186390
147349
103683
311677
146215
335702
23135
450595
215319
479671
222980
387668
50341
423092
291782
381434
165429
92689
152449
4654
226869
308264
161502
242768
286971
397781
208381
162883
169729
335948
144921
297762
372537
186619
88410
87375
282234
218151
138011
207337
294176
352021
65538
242670
147893
210773
258450
185368
403657
238256
184049
411817
445619
245567
147198
85600
127331
152318
244193
420415
454274
434405
296603
260409
489570
287042
287433
230569
477016
441728
34028
168818
442172
91111
373150
413954
494097
419375
2713
47438
131530
364755
183165
414086
297665
96855
77400
164392
153544
1872
491782
219702
412721
100208
180562
467634
466261
305464
191573
125163
187895
227428
264241
414991
138687
473810
188725
53774
71941
80639
61599
231168
203995
242129
54690
308600
226021
161822
261697
12378
28115
112781
391480
56308
279559
246413
228124
61720
304669
222168
148016
106573
362012
266649
110376
240632
314817
225374
112552
14449
148460
413526
15857
267693
338825
437711
414654
50217
302987
274624
273433
193749
129261
239064
210879
241086
302052
36649
425393
484859
478972
452586
27840
260474
272043
108189
380461
447404
208987
309511
293680
25725
263718
390081
170432
83949
205102
306464
135507
477322
323198
248786
392692
4355
251921
65907
448581
288001
435590
475629
381130
484157
306944
422102
471931
2105
15805
279808
350526
325709
38817
334152
285022
374533
70032
430631
473523
344942
486943
234469
130794
245387
449152
146444
227057
148380
245222
342853
356858
376184
278461
436697
135751
429499
449209
340619
468547
413823
199694
240718
194277
241087
273995
451429
323486
201788
333528
6695
181834
430256
27591
462423
108156
150313
238136
461472
459109
316266
474725
41848
478696
285315
181147
294321
393942
124677
105007
327272
67110
133287
275267
150620
424871
119398
220400
200756
28432
188700
415716
303698
123667
497901
390076
164209
203042
422196
159430
73665
182055
294518
480899
397977
224579
197894
168472
144799
173924
173931
54793
397048
750
100332
457968
139294
311876
145576
206861
267945
64748
408314
48837
128921
169569
97348
265257
330090
349787
389149
137417
275315
379844
336645
479711
47608
457058
27315
386832
295959
41996
88639
435077
100268
65298
196542
269259
403262
250463
149483
200168
2697
435798
69651
316191
179473
7122
301598
417861
174086
90074
374158
480671
320896
203222
1053
9445
140654
215993
264610
877
201614
52581
462360
34924
124778
433466
338639
407551
177834
50436
497233
187428
408881
30174
373868
18685
74642
322992
306801
234727
109532
231163
187258
57900
437581
163662
176819
362185
194905
333126
286015
194879
279916
416750
426810
197924
156773
6331
467039
368919
290654
490768
164398
403844
91096
376973
111444
453594
38052
209497
488214
425635
239487
485232
388793
493475
323727
71138
445776
325484
251877
263136
442301
312118
209186
284488
434923
487865
234698
97489
4122
181000
153837
190702
485882
147952
359208
60906
362099
413679
20828
421554
298471
22613
342315
52071
54760
44644
24949
436175
341012
199064
430566
79037
144335
370052
466083
92147
220591
345367
215347
481263
128252
239883
317417
5449
398987
47646
307512
469042
416328
289403
418125
66139
324480
247464
235268
261849
290639
230243
27607
388650
425308
32122
168911
467445
355197
37967
339446
188198
498426
451635
233804
449140
334553
4382
386690
419207
353367
494211
266289
99697
158679
253551
84047
163571
430084
469881
32217
377404
367082
215494
239903
226272
315324
154259
166029
305183
408639
46591
256821
425889
253707
324426
327166
457937
247647
23112
373191
27379
249516
323577
28490
44572
475849
463234
408116
444985
89475
488696
472194
346549
28336
98152
487952
410722
341357
312443
402902
313001
340116
67824
42821
194386
101055
202094
265543
240756
93142
366413
61384
116151
371969
167691
73575
196643
187197
241690
368013
224746
118987
330820
37844
181964
438031
350310
469628
370058
83171
219019
184123
119687
169534
215046
196601
475973
229717
270096
224851
214627
266580
195441
321106
220966
231642
221108
183860
53890
444342
291890
6110
11500
460864
427924
95995
53300
469746
52207
127794
146799
177382
74382
177398
263059
413713
416155
247576
350005
114517
220729
112222
229476
411165
494477
88057
147109
154637
492501
114897
63127
455303
75139
71670
57977
93031
354036
460113
58115
44806
74810
359213
63038
198839
306335
20152
425737
172452
137201
374909
492414
322818
206746
389379
397021
122691
355910
426657
314565
25857
404488
267142
84903
442887
131338
164729
175800
119939
313753
59882
329464
285815
349313
278136
442042
198111
60070
224986
205375
294914
433376
276233
19130
116186
377390
363453
174567
458168
322239
467093
343206
134709
334626
245272
187197
215753
465795
337255
281919
147516
46815
78387
22550
33315
464546
312346
226876
488896
12282
383133
335856
498968
470907
340494
252716
188143
418319
301396
210132
375605
101080
119953
300977
422944
272457
71019
270651
121912
397415
13388
450363
265695
233235
94232
338733
285156
154060
476824
318416
458763
414499
482300
411891
150844
111745
220850
354880
390724
387981
357119
448060
276521
77869
458658
175233
280419
163993
284775
308737
196778
157759
72516
45563
302571
421508
425689
333142
494019
386168
251672
359267
342700
392865
395302
299374
468681
217887
341389
13405
421590
410675
155067
414585
100428
358334
321842
225069
430515
310460
80313
329481
482783
460568
260855
248426
331766
86434
347891
242229
475498
351820
106225
448462
65352
111845
199773
36256
390663
317760
229752
153144
129937
400654
262677
489176
370588
351644
118643
393616
101868
143660
379151
138672
85176
199519
42768
67571
162713
313443
2140
172278
343844
222030
18429
374083
407423
147414
38591
35417
254107
34547
110311
192926
98394
58468
265283
6409
37739
438254
102764
363143
467001
281115
195731
156972
269867
239560
477943
392933
239441
62945
199725
189135
140254
399436
125555
98458
105921
232302
271240
464489
134401
351090
493403
177741
200817
353792
332836
224486
326064
60948
156506
49095
384740
290146
434091
135959
128837
206179
273842
421870
385344
212889
483549
227432
456666
151107
426832
150087
164471
55579
489423
212996
142246
312420
84381
241295
43857
229712
208114
490195
499026
467840
244483
246905
266267
51787
121095
393520
234494
82080
87241
47368
242635
66317
133442
52330
280019
393789
175502
460283
162050
289227
457344
487278
291573
365440
118283
200659
285490
436978
132451
260252
248049
196774
370225
225369
154923
246943
272983
404869
398088
191843
209648
111775
278545
416624
38301
192082
320444
59732
450213
7247
63951
41049
94131
315072
58867
74597
269301
241941
380192
254075
243545
425615
414894
72801
167067
230472
17053
108754
97729
29957
231146
487948
408463
494261
62130
431105
121248
338700
15527
121677
92549
109726
372201
97123
189444
77217
255017
209353
145600
358775
86686
320806
84859
288743
276495
322873
180170
12860
474051
166640
191559
140785
282139
367503
389616
95435
233957
486718
157270
31934
110002
418419
491910
6603
269980
55164
254385
404854
56138
337877
326886
313317
226203
58407
326394
476918
4248
34145
497610
216574
403544
494877
458875
368660
346938
116711
473967
303024
482823
18959
102997
305171
160474
275108
452770
337492
317648
5101
310761
198159
384269
297404
84818
253068
91179
463982
64486
411287
229079
298311
224598
319143
84962
427086
310301
308163
470705
160877
203132
223057
393464
496606
436513
280334
434300
210978
470294
270034
318705
135177
198697
260885
374780
377295
99146
264936
196623
408068
334456
384942
54034
307132
361987
393465
382993
303420
197606
175427
464390
87571
94089
380877
98655
327186
483167
157814
237095
173623
480926
82607
293586
495709
336259
304300
67488
101571
194805
461749
415411
1976
439675
277346
194547
483841
230952
453868
164932
266569
39457
89859
151409
335766
452017
461498
286815
62352
142661
118465
375006
481700
12857
460158
232192
351703
349706
108605
203957
383467
205783
414757
421928
290072
70779
53927
128178
389872
70122
428268
294482
320263
17369
317002
165443
264191
205247
400789
420314
373714
74153
113433
387049
170998
145957
24271
214693
67601
136084
132241
171272
322002
110079
26017
132692
93400
250310
215301
393928
254186
61413
451066
224304
302852
421291
365876
219566
80482
29489
474790
173529
212184
313240
364485
142612
364265
254572
103721
164868
403056
381235
478404
181816
254666
217453
272483
344131
262462
105778
251645
169003
479536
389176
483129
395572
343574
18709
238213
337385
493532
189910
184224
293470
176041
147491
239636
95257
332543
217272
307573
297008
288794
202859
74671
398917
409935
351797
421111
205631
290137
431764
260664
129808
301366
385598
427738
281777
298751
314055
209653
141462
384242
471973
63183
417662
376475
214169
466399
219937
83104
479781
117981
278429
372868
173087
219358
422485
94262
2227
475919
16601
339471
201302
199242
332343
22342
364908
143427
279966
44608
431435
430042
252336
346949
384876
433672
474970
194754
213568
304219
16725
54255
172635
165285
40825
387350
172816
464495
413128
491687
256868
99338
11195
420020
258288
461639
284048
74896
158771
222697
92841
323301
495511
370081
92241
459401
227545
251930
456454
205383
289932
477894
111997
385124
245232
493536
384953
87820
156685
495358
453363
258244
393020
301954
352380
117816
326867
112288
109895
99613
313292
118815
200224
431797
45936
434508
68731
448657
163490
499896
174137
159850
308761
254948
346934
100329
336490
23873
311096
424055
87442
443333
217476
410807
477255
164050
374282
57144
62272
66153
171906
159069
201570
123063
402168
349419
49028
472050
363633
189047
217753
371121
327597
391110
455974
360197
488454
184016
479405
334296
398042
364587
142630
226939
484968
159233
484143
223369
211004
428658
458068
30209
182260
160174
98467
96152
126805
293006
229485
251513
434342
5571
298185
134497
169593
381647
87980
242822
159247
205490
128991
271549
97874
153242
185439
441830
100594
13307
284185
421999
131821
78702
184669
323807
39407
156890
156621
42678
433838
208011
415119
485606
320735
144645
282780
271480
462622
152970
97073
325261
74669
51271
465371
389969
412633
42619
56706
227943
466008
151722
445741
124123
188535
41324
488052
32768
364434
22581
278975
56789
227276
221867
419587
210906
498059
179231
69414
453892
128095
101189
268242
293815
456245
414917
102092
2366
99174
102317
140410
4700
491515
481149
151166
61118
411123
280712
55771
280716
220491
83966
244803
209200
202116
25422
150538
150601
323015
40479
1370
257416
428432
327668
482729
205209
45574
299913
114167
443000
304997
214945
258079
127728
291888
86835
147300
18684
428842
231668
89768
308271
452829
309427
341917
403422
72457
73572
97922
219969
54407
8210
10613
338693
81152
247094
418948
395292
366715
498497
469137
72655
27477
124002
284229
437714
211622
352245
266053
278451
456347
274369
56135
352189
153100
291614
1044
21184
229112
112436
266294
425344
171026
225039
389083
443750
380161
483853
189016
57906
348637
415456
335090
392764
255148
55533
100342
411084
390671
64544
207357
386745
43536
76129
92729
416155
177194
254034
102372
335676
130919
456747
196047
226739
461650
225521
88234
50113
218869
362171
57732
83413
320360
413711
200392
212711
141562
61100
38152
108567
429535
204901
178102
407868
135392
305437
370474
188830
235628
163462
89039
399371
271602
417859
87755
340287
462681
44770
266830
11530
9506
272209
138153
291905
308863
289932
59923
427830
306681
302015
157839
293846
232600
52101
38178
167015
307382
348248
291148
306696
247152
496306
174503
148317
258544
39253
430500
225111
35053
326186
475742
399238
476621
26370
478405
146284
281
341721
132563
352072
296266
117421
133173
391179
320054
145483
300652
274133
278191
472979
382107
496562
399582
158770
486569
9739
276650
489369
410712
200182
361989
343702
133956
455267
259846
149083
402346
66941
32746
347801
258597
63271
88752
60780
280907
161230
483030
100258
223055
361093
386826
464895
462796
400761
427951
108250
132238
231149
259486
81231
188053
109553
155811
323332
53604
110954
324998
339250
413950
16428
57489
69237
242826
181678
271136
490702
73270
159193
393080
41474
400662
449738
408579
21682
382673
186525
78758
492822
465334
109596
425771
194424
479192
303366
22792
494910
137516
45593
153824
328084
204642
53778
12682
130152
196752
249662
447634
80654
233561
485753
184657
368741
293728
416242
482649
327250
448537
202058
91629
59912
256003
114533
303086
288817
238166
65245
211791
46967
363278
109047
110474
161812
52512
91952
495503
101821
328116
170631
46446
225354
85937
229399
184877
480434
148393
292929
235953
282276
148297
257422
135826
420648
109140
457402
111976
15002
75231
430866
161036
83
142471
471564
468572
362913
430734
140038
463137
479395
90631
106786
192833
292200
407989
320541
317150
23674
451448
211617
59001
268248
139490
401944
322386
463519
438854
255756
133682
15709
240239
394728
210338
157929
395028
374690
357568
131920
399497
14428
8621
398951
326927
299920
264641
202142
61252
149418
392040
265788
114428
132563
45627
493227
467668
243443
395043
405637
189748
489875
150523
346896
316923
443933
343423
301225
388709
76617
144238
102997
395242
336892
248207
41481
173781
430891
224908
119521
19468
182577
136898
470180
357169
238398
359442
197602
443029
10376
37183
92012
218922
45149
6849
165740
251955
405098
8696
249268
41806
50436
88152
145337
471177
260455
4760
257375
2978
320601
344088
300260
362982
214398
375288
287217
36526
322004
39466
254019
404630
185824
477237
285166
31085
257154
360567
99421
34001
450326
387706
497491
368895
394516
156550
202470
67631
318882
147897
34689
212554
289104
337023
276688
340892
153581
200344
86603
251948
251862
359013
388998
192575
51907
374114
373082
400370
350302
348045
370781
148769
19745
166563
89423
346511
497766
465494
360923
434066
277463
272513
371340
111281
22324
98688
383911
84899
443090
197674
222653
137775
31685
459607
64705
191030
310389
138131
20410
26653
41056
43524
122491
484610
242608
230538
207079
163355
255018
91462
4293
126614
465473
73170
209032
335699
154135
466829
450984
354672
487004
245646
334721
353687
110445
418158
221227
451060
138119
255019
220825
443352
22247
172083
482590
196622
371846
454601
158824
351361
391347
434188
360343
425992
280448
494368
482658
359875
254581
111936
342523
249466
302137
350015
327105
399296
31244
287025
190975
437121
286421
207012
296666
121636
243226
458171
152219
383252
253949
314447
153813
262197
175890
177173
252425
26857
194898
366919
65782
94919
305538
292958
350680
63943
2453
114149
440266
487567
243196
214554
179678
360792
2427
251398
390913
138501
306004
150865
281572
62102
107383
169225
203751
5338
274910
445229
133626
52284
97352
357403
376561
450621
379261
441532
273417
188048
324462
346966
335454
52510
273006
5529
348125
154994
27107
368718
285106
31889
22773
398206
82050
21399
164161
448992
249471
272269
415634
130963
152122
225539
181905
377833
295938
120517
265108
178309
36709
175717
367417
51347
77105
359804
473611
454819
321321
8529
26018
113690
193452
126444
52865
148400
169872
142427
238320
498859
380795
445640
469901
307504
116889
231503
393792
319918
81647
78862
63474
284364
26253
260870
488696
138308
46742
249700
160646
23789
365150
266961
224052
391087
316749
10806
35588
368374
86511
204051
348018
56054
364890
34887
116858
271382
411415
472021
105319
452366
372960
466129
3227
51221
71200
107996
366734
216058
467890
342475
159045
47718
218635
22929
474318
312220
130888
139652
179681
68995
308058
159492
167438
364724
154730
258149
387312
499378
236323
272104
241479
110646
46542
428152
434325
47367
356476
351264
30564
328569
17878
305475
156140
339738
380223
77539
380797
418167
284585
352285
437596
2201
87236
433684
402195
360032
157680
366206
123318
314083
491806
311349
231612
277968
47313
154040
121775
45122
243254
246906
178197
76513
149451
4108
317263
13736
267616
62893
312384
5081
166134
418509
134892
260219
242643
186201
417560
276029
218606
153342
491597
472669
82845
481177
318208
99021
311481
5331
241952
109273
62265
190066
381382
182759
372370
339763
323284
5105
31922
487028
355556
169738
176973
153452
490037
158363
250930
149282
187650
275056
328239
136412
95247
32812
422216
159741
13473
294872
49175
110338
371702
278455
481915
474932
168410
237333
58209
18408
183326
475171
255659
497594
13022
47978
224138
197713
82946
375889
444823
172296
319592
412791
1111
9983
220298
52166
305142
359739
59229
465958
52436
263730
235849
96595
276387
215409
8727
124670
16694
451748
113647
433166
268735
195332
233309
38703
85686
271996
85272
35505
178113
105761
352303
135876
433474
346885
336046
104181
94039
185360
446062
382547
330141
273471
117274
343442
68611
237882
51337
301808
250323
427664
257659
63835
479790
420104
68686
242540
363745
413894
441241
47934
248691
469735
57318
480624
268811
8391
191483
268937
267152
396789
237517
5467
276555
474342
422814
115776
194192
282255
474751
123095
34793
158889
431090
232768
35507
19536
170371
37934
430255
83130
255301
385523
24446
112112
454127
302903
216664
192887
42580
253303
309341
186799
434589
108627
475414
411159
164413
67442
40666
185092
175657
217512
290901
259628
346269
208105
20317
425429
209764
21574
368728
362431
447981
430871
365830
360468
357822
22970
234279
420224
368713
165533
387465
92489
333668
278875
397824
324440
198270
494729
342085
43391
392446
186749
385709
114426
205838
151562
123852
24448
317638
483938
157628
242554
339894
86874
143821
329272
333676
406736
41522
216064
146338
398094
470295
303306
294938
194048
48599
118317
414173
128398
165616
92139
186662
43525
188631
404671
300226
264791
469703
124691
302719
298762
490093
175366
178611
398640
394631
354250
273734
328486
485079
482982
50598
433464
198357
133949
357832
140024
211800
111327
58516
219245
166294
313338
279271
450387
202881
70577
397344
107618
70133
365828
160849
73926
273498
167572
71315
466321
474108
104977
274480
191020
60747
98878
37353
242700
252988
57295
181088
207704
167243
207172
306883
134572
438640
468622
65761
97425
288657
415443
462788
210938
294928
268291
303147
483015
175141
320688
117015
89504
140820
253975
173897
316210
101899
337959
289550
271123
499003
326292
57277
29846
32016
36874
201177
220927
324715
100111
410773
137788
167931
76505
98374
385532
350537
359174
430527
421739
443230
64234
215245
481665
349161
228781
339202
310841
407893
209819
226829
46164
360911
172778
136828
473564
368834
430371
413075
81887
340478
241416
491425
282429
176881
26197
142113
396436
191940
374614
364698
356726
227546
55923
32532
380234
385964
145355
394949
380772
364258
179216
101018
487361
449765
419508
130851
350745
477038
206550
371071
13971
251718
265922
219960
45459
498275
372567
18259
222289
161357
175759
70295
73248
401258
20053
466926
317264
332130
244655
144723
133970
31440
411656
98043
236733
162906
331421
121604
284665
128404
70992
125032
236111
471259
445786
218171
80877
23730
352735
146488
94066
281776
127223
370265
220496
60845
450893
295189
199723
150698
394192
10851
86873
270055
290710
289678
2241
163558
483323
282451
44384
440278
203065
331108
112458
247695
24925
424422
353
188959
89276
325712
180766
326396
398870
496292
76975
494457
380940
475313
197538
464266
355186
115374
470428
238223
457826
436724
448481
21591
406979
199419
162093
477459
490100
393120
206231
227778
437736
98177
439443
264655
87295
348233
426423
222601
65620
266468
208159
280279
487060
205346
209190
388601
340144
247732
44165
138613
45701
215195
366023
56104
492817
17038
248820
478191
152328
319269
24608
122908
284732
373446
237130
459998
440652
104305
399072
481418
441115
97644
186141
231430
49307
349010
403245
253158
377714
2882
279263
270442
132392
104630
385544
335172
147517
322369
358537
122519
397361
373821
131669
192551
158557
331816
446025
326739
282776
149586
170280
352545
232049
282184
228129
169596
360936
486178
27916
453896
284428
248780
473866
287148
348129
289681
471532
370722
344827
452008
312636
255499
448625
323331
102756
281464
354496
422779
33163
75025
408666
356918
152990
21698
459289
357607
256674
234508
48181
492473
498176
436323
456931
261559
343675
222987
497395
147808
192112
434179
99991
171354
27364
273349
88583
12525
188823
161589
96201
396884
435726
479408
291973
72507
425202
148926
136338
465762
231056
9395
459053
169328
127405
433732
128806
191806
157104
283175
109041
334941
445599
29938
112553
233781
33669
106024
154826
359827
281034
31541
228143
29532
25427
204554
335205
451974
413227
493065
26720
368369
383436
443121
379107
328464
253180
349924
297157
16228
90595
19431
361690
111700
145324
359931
12719
172649
344952
148714
190932
194561
453656
289914
306665
22149
204241
95151
235797
359111
272974
70497
64642
92401
65834
10038
492060
211426
241766
371009
437476
292628
424521
247562
199365
401456
5458
86088
103982
182331
216485
215005
162650
296122
286087
402787
419732
373641
54515
322037
217823
166509
203010
84528
393802
408271
150603
496685
351034
48316
71387
10961
376694
444920
177576
198929
433966
227726
49611
346009
13933
353442
465727
472865
102655
254880
464050
278837
421554
259271
293103
185102
42822
269454
457563
347480
434886
167266
70587
471570
332844
161207
37462
278320
498546
198025
99797
285923
272074
342166
188693
124656
119114
179535
303479
417417
123362
135716
179345
118855
292539
78900
119159
311408
57061
426763
330717
332053
232179
441925
91732
131399
407316
220555
195692
76947
37764
55791
121594
405363
422836
307174
210098
203799
215709
387210
2955
137067
202794
272681
403812
131831
334635
131826
234027
392763
196170
381015
224682
170294
403266
403555
471204
373115
349247
58846
352217
369730
316043
265475
88755
443555
281254
385833
188753
453565
135147
407421
450326
163083
253601
4021
390633
317968
477836
332147
254568
445172
377630
248932
471998
323389
30660
487825
280900
257252
214498
399841
358422
83451
307706
318347
440267
480666
228747
278975
2152
13098
223812
188406
54983
287039
256835
436296
370485
418325
59100
185719
66317
151936
3418
12672
213447
472283
58759
202672
194483
410142
426962
130592
368474
322128
297783
649
217440
87821
239995
2282
103437
287370
291420
36107
379704
261438
333706
61907
46373
44749
237228
477596
464727
125993
375162
284374
229930
433159
40991
126453
63277
184958
65861
475022
423889
162268
499477
285093
159788
299830
412485
202433
45497
183036
295866
491271
456929
246019
340461
327830
170724
328625
70167
16110
189802
71428
231696
366689
483440
144872
180174
453354
7079
174461
117867
175446
278560
135286
466311
138200
435647
499623
91882
11823
12890
296186
419876
386270
438218
485074
343083
211200
412573
318422
446372
123379
238051
306578
405394
169693
364736
117592
253547
173165
187135
354301
175630
8553
386767
451281
154827
339033
385943
82559
391983
413199
217667
102728
369567
178791
149382
401376
414120
170948
83013
178080
373736
419677
476969
459549
100633
425711
166437
438454
394960
152620
429471
239935
306092
330423
390974
469279
367224
275874
305363
262317
162498
56222
226301
444642
213158
147776
115086
303536
297165
492865
407457
86281
77838
487082
278538
109452
190419
313671
281483
2848
30208
473543
123024
213083
125968
321752
471354
346464
261937
396544
81389
194407
155699
324630
445804
38226
343745
235349
405669
264538
223119
344060
94700
272590
59074
417417
359657
237871
296505
441198
433080
123050
336438
260801
438168
294510
136866
49312
265508
170561
368208
145050
350917
444856
58048
281961
263339
214463
3138
418515
459444
31235
491932
293716
8180
373530
458784
333524
451636
445827
320859
452333
231296
2542
27579
214226
323777
415184
221278
174443
308384
430712
337306
200302
65884
359675
257069
225732
451411
196542
6322
26227
236455
247228
133309
215120
444682
186450
51826
451020
146370
460849
320649
363930
177165
208916
14098
257317
356717
173854
214325
402667
454440
486442
230067
88965
123297
129196
11292
456968
7509
289572
174963
487227
303313
277551
208151
31990
123136
186907
193578
72226
456598
466899
276799
423305
341750
240920
143685
120245
243013
411522
212862
194127
142883
100314
142001
175351
121881
191537
214004
450873
224253
430426
49993
62432
367242
188834
377718
206343
236454
473187
358570
331708
96233
112633
396561
222380
245934
202980
470921
329307
125580
430339
234981
426676
444734
191488
364632
326522
135831
356850
433244
410345
11244
253497
6350
177607
96637
228535
489089
402720
353833
38852
35740
11845
310999
353361
256521
12358
250446
51359
102304
305802
347969
269314
293042
386014
393518
250440
378241
251727
62255
16328
143202
225466
150157
85220
452290
297778
31199
116853
262317
214199
466315
335998
424921
376718
209874
354524
278325
426185
445198
419883
353718
158616
418431
74770
465063
286070
481365
56190
68187
214666
31788
210405
67076
470558
385678
415476
268382
488425
373859
265124
52008
489168
451461
257705
103930
272281
99707
386749
76761
157972
311559
41939
485611
169062
99687
493887
257634
492096
442808
183354
185673
298027
184437
414464
469617
331110
337747
489777
384004
91733
470713
250870
363482
482664
111082
30608
314003
370420
498032
428785
331709
486017
289041
231234
299104
39593
338899
164965
188613
438358
481163
492027
336019
372974
905
123517
296304
412401
446092
158649
462105
482307
319446
348646
462821
110248
172779
82347
249837
15721
301812
486224
50153
84117
76654
469344
234412
31060
123739
21765
47136
369373
127075
68255
41431
416084
287044
412012
342846
109978
225619
227856
299639
79573
17350
135800
13775
321773
469812
419299
62532
289726
71187
21029
283785
369627
402817
24024
299579
326291
382190
413827
468175
450318
313399
420257
496044
280146
197912
247377
45011
154771
118785
97738
115929
430934
338045
479882
462815
380136
332248
116899
473487
145437
193912
111525
417078
406002
58571
106577
365488
75523
239545
188230
39149
263912
102644
189702
361499
475668
136447
51767
128878
34927
446659
157583
316078
106732
38932
382563
201590
438772
423075
125691
392438
335594
155708
166106
59260
352976
165775
418872
341260
427009
233544
355175
402214
258434
181733
245833
191529
357734
226506
374835
366479
116839
432255
44383
98861
267930
425003
297375
216699
464140
413087
292102
385775
409272
13122
63995
469528
412932
65470
42599
107239
315749
69225
437594
45148
4831
7892
150005
476727
190112
44323
273716
426624
197836
138316
288878
89495
329682
270364
254414
406056
413660
31700
117583
67639
142767
161911
95233
448468
268677
247387
165710
384970
47796
334255
158267
73937
469310
95576
79481
473354
355228
301807
133316
198944
41745
465167
413886
84896
253519
105576
81265
378729
236861
317488
165793
266088
454876
380216
335816
37760
350192
141069
72719
306209
158263
152417
259409
360659
150879
43315
179491
74355
17758
156703
480376
286450
158868
421602
239484
9369
192746
377139
151807
109021
134796
246362
48164
301128
302711
21894
198082
113647
371814
317003
212359
255101
202231
337578
259691
9491
243928
344367
433215
242965
8961
298850
382880
265963
40168
390673
306396
18019
261362
172554
400178
169727
371195
243271
153461
189408
430410
148431
375661
499988
246996
287689
440145
226938
258469
131366
95955
32428
76048
405916
159648
160443
32762
472245
149033
31075
23720
115888
322063
99553
9277
250002
460150
381253
347793
491288
487262
139167
226623
349347
175923
46522
403749
126653
203214
70088
381636
114111
56626
454395
152251
132770
383122
386515
189267
64908
472248
220612
460155
245010
13455
429652
25566
10226
421439
181354
382010
377361
194548
371876
462870
1921
98260
94158
253417
275172
419402
330476
453049
211197
288649
350840
85796
462862
485323
90215
74813
67406
55068
294699
416445
33310
315984
461147
195497
342105
262588
111748
205655
59761
387274
293411
433747
140205
105945
413464
365107
221556
134799
163125
303333
187929
127566
64712
260345
107990
441976
448984
267398
237806
394877
438076
226781
210145
376403
439473
363639
450493
68966
301703
140692
255497
441969
246553
472028
243374
255204
108181
111591
35360
113219
227417
55241
414779
147700
173572
74966
251336
255264
163680
476160
419063
381033
277560
332835
61307
436402
15291
488813
103976
354038
48332
303252
243910
303057
172939
229397
377344
11191
259674
229915
90857
408394
195463
297593
26287
244324
185336
266444
9021
20708
269371
140922
226069
68330
101183
110618
439282
364775
346924
108692
209541
344425
211954
166085
126805
350216
282876
315172
304407
478985
242146
226433
379693
72784
197406
392039
335983
210520
492433
171346
65310
236095
499827
177080
355577
459810
153002
258360
268997
4210
452880
166258
334530
88029
140247
191614
279641
3701
354989
165355
239132
282101
33694
338244
449630
316034
72172
103452
480839
19900
418388
25013
48562
300997
269291
260639
333854
117261
102441
29030
232411
93498
256403
175033
381189
497849
230569
214796
482895
122903
318784
77012
109856
426652
200177
452921
393055
1473
17286
28648
231226
265035
489545
475658
162335
82236
443249
177927
69267
384328
246120
81391
91902
185709
215507
323659
273304
92464
497073
349772
143681
141280
44257
53951
6316
116552
454727
313458
321511
463550
191681
34776
34505
484622
429743
101322
413807
272855
426008
30434
116010
416730
197325
168664
481451
424687
176596
480368
423665
356891
485221
27013
414887
71794
236217
330894
129196
153622
261596
215368
497294
311948
494052
473220
240688
357767
170840
228457
43209
456228
282569
99569
242477
175387
393009
44476
263926
496536
320733
259070
82610
201440
2224
82927
92080
138040
411868
88660
275786
68531
359138
419172
438593
117578
254966
255717
482977
64616
338790
224178
488796
169384
244200
316415
405616
457191
53204
106452
473863
80732
355488
246556
347214
472568
335591
77917
253729
239508
440692
167971
129910
20267
231480
403757
205510
224367
199197
250475
143193
449689
485162
61610
105628
14026
33946
415838
3805
185112
206270
466182
352382
343801
147379
471593
150911
81862
423151
209919
285160
153231
339434
399862
300138
350595
425983
319810
135539
369487
393166
482566
73674
355992
336457
190064
397470
423159
473196
407320
498343
90702
220399
359379
172788
63846
490486
274219
430237
114666
280080
262606
342115
162441
277414
185850
251633
9032
126350
70400
264752
80138
170172
178711
109781
220644
134443
21689
319812
44072
488042
70709
358415
146987
482526
289807
490639
115015
215284
439294
287070
164800
189908
495603
188370
438348
274967
179845
303074
121356
338730
411793
5609
406906
135081
9075
192011
212680
278486
206195
442580
474885
450651
369829
165606
200215
103469
145706
389358
334568
30746
247754
269883
41548
432202
474676
325199
363032
301690
269563
339804
98048
377314
466817
466105
4161
296811
248056
488687
32990
492650
254380
100729
115370
377633
452090
347643
186691
156629
9685
460248
51648
331295
310569
235484
437655
183018
269150
401466
337800
113019
100966
8535
498535
262038
437580
32364
63792
478099
324272
291625
218344
120542
269239
326596
64230
352321
412185
335772
89937
157811
206282
328671
473963
467885
267929
434457
360301
348141
81566
150939
73884
130740
210367
73019
438490
153465
484980
239085
379593
153049
133589
421834
230057
53530
270817
129841
461632
285953
83014
423865
223952
248802
344823
142671
369469
269322
184804
355088
81267
225083
499543
358583
98245
437592
374985
34598
441702
59837
235929
31116
125500
229586
404979
499858
252758
150223
462634
60623
171797
391336
206913
8134
491437
26666
360100
487863
462513
377080
90619
92220
201380
1693
79833
299593
336972
434157
372412
292870
351653
391076
444015
46941
172452
6665
431254
68784
162053
436704
22889
348521
77679
401452
19798
482003
450254
113520
158101
258093
80945
368498
434699
441755
107747
247859
417858
355530
345978
478748
444910
320594
333897
473125
145408
210407
258360
488217
663
346514
43419
361197
181673
10552
353184
43128
70305
78334
396403
396398
322187
472078
448629
98606
477058
490012
125749
479215
132146
410946
232427
368660
348228
167015
80519
79564
325851
318586
368714
112290
161263
288476
460057
290996
349330
229998
303772
84403
430238
269854
308530
235574
284653
236769
483217
14367
140985
382752
152293
120186
69944
431010
377469
452084
301198
113534
126522
466812
473085
388926
213001
491301
121118
68059
90680
137004
54610
376204
417946
154208
194836
189177
39783
338672
304910
206914
298527
461163
317651
345588
166208
190523
50430
282837
283155
470928
353781
20618
248759
249716
435270
322829
128119
31628
184092
106538
426011
92723
485437
271611
376369
348546
168459
197589
403838
286131
78782
12344
292566
88166
28965
459091
135985
321893
315997
414294
315050
191028
37361
95458
426016
268273
24678
494128
407968
181705
162266
278557
20830
294194
425246
18149
487015
34120
167077
163527
291165
312968
465737
240009
169347
285714
392944
461233
68872
432461
81174
395245
346649
439718
153483
73529
47884
126107
163865
315359
9483
370616
309867
10002
487598
11997
102087
404912
71167
115979
101555
129037
161300
41150
483069
452248
417337
69072
157462
335034
270290
276525
76562
268306
198463
378454
264494
233914
65085
455922
7916
484526
482332
131111
416683
163260
18305
448601
329079
172298
374185
51569
8216
328009
433290
126420
152752
62849
358258
470588
136251
494721
185302
401315
9898
146853
181142
360613
271224
302723
188735
193963
131289
332365
332742
485572
335158
279211
306165
251654
451415
46047
318
167745
365565
54481
101428
439247
408978
32347
76695
283533
481379
329332
8404
418687
302390
143989
475096
109427
480102
319702
295839
205972
443429
7608
47740
389282
60025
41739
259807
424448
167145
377550
368584
268189
22039
15124
104129
264787
32858
363360
218607
428752
339542
394819
285046
209087
480909
138397
181252
353501
231998
364879
260774
369284
455145
278260
170129
205926
315993
19595
162490
113626
478997
496095
204328
416601
277844
332981
98519
477443
433267
7883
190453
447479
495631
179774
306992
163890
243424
102580
424695
112388
363252
107278
433472
492126
284050
38751
106619
66612
44327
340382
120796
178138
457782
316305
82407
303257
76835
116702
213373
319410
274041
145024
278276
328939
350590
190873
359134
94488
237503
278245
417054
486654
154411
467551
144796
223781
217166
152165
362510
244803
386992
340994
174852
404866
169155
446455
121453
408505
141471
364743
250562
189277
40129
448816
75608
390068
415158
333297
339368
48858
423810
433789
129049
468679
164599
12923
333918
222693
204600
167360
143803
79172
475218
87299
72204
169154
68584
483208
32105
28881
420843
9245
491479
280958
39420
174826
402558
104374
397997
416580
12228
293539
301601
90240
468889
85761
347490
1643
395709
402926
52364
242820
10237
357623
489664
11036
186960
330070
84016
95034
41365
393254
341455
8007
367247
172233
118106
246109
475891
143261
109742
122204
494369
357201
276923
300553
332538
137125
227591
5022
255626
291179
370324
220956
378377
331281
86914
42947
298082
252574
254857
305418
331299
18275
78393
378840
496616
405164
364959
426980
290499
210426
441027
472884
11828
470190
145926
327030
318281
149551
215340
158889
72480
59641
197002
450245
407254
375558
27852
123124
468645
433535
177083
610
401424
109583
317575
307753
217514
345615
128045
35378
54891
228873
365687
87659
39821
382183
137320
447531
446228
322294
290888
135805
148392
381149
271101
60230
227437
229664
315019
168696
187762
452067
402518
53320
236362
369343
188730
28845
378834
491659
114045
352474
222255
369187
442381
439463
482804
265490
150676
4036
323705
451433
476628
9857
70883
420884
281962
95061
282217
135145
73065
495055
493090
408619
18716
361127
432776
78388
57501
125632
158198
82337
122206
480038
21073
25232
343613
69018
276619
55674
78055
81510
267409
167765
90572
160104
131282
135106
359577
273651
133874
379504
213619
240028
232661
183070
139072
342636
229624
107010
180219
144535
354392
33654
431574
393006
182518
107628
463355
114693
248013
485912
364082
241269
361743
266362
113652
17932
242729
280877
403154
120196
204541
91031
263866
381106
259514
83772
384928
483221
9989
310097
389589
382608
217626
174652
439617
296497
234595
427442
467152
240428
193528
280852
301034
223202
57225
493384
215169
321721
326983
256024
95442
4324
465399
51123
468672
269033
156074
156790
413648
276319
304114
301293
102518
82712
30576
80737
387887
284002
300055
495509
18798
389090
11662
324171
408976
345376
192363
4369
227434
340835
479016
337381
117761
98378
247427
313000
358059
445703
196918
221592
159117
279705
36523
229492
333077
32415
344380
113859
146319
88586
440401
308955
9269
148778
51477
460204
445177
197010
211738
438372
370962
259596
16320
327892
100832
129676
2066
6068
15503
462569
242509
312300
89449
54427
12647
456436
102025
155498
75625
51364
208395
408175
409861
334576
311792
467899
317227
106119
157174
304507
292949
480087
252406
446778
348101
355945
213542
373278
496190
444272
4161
173236
235731
365020
335180
52912
348701
270996
13611
492734
76333
305532
274830
348876
348666
406177
83242
338593
59745
132240
21316
463500
153495
394943
201112
127911
7414
231677
480379
334931
185690
490725
24016
27695
240659
207390
142607
366091
3173
204528
101941
58876
28224
448926
167262
248579
495744
83394
438681
422924
319629
44952
49110
199329
273580
151661
39330
163475
412927
417074
465489
217327
455340
184822
409109
293378
364778
370168
470568
150627
132720
270775
389961
365372
142431
264742
244036
223386
269264
412300
133928
291973
417492
485763
418013
170713
462528
209147
387208
475860
206259
17912
234291
172919
121632
433478
230750
212198
194183
496234
194523
213500
343142
432425
239626
258605
411
39908
56899
240278
296720
463310
94358
264963
130421
314705
346600
387084
213274
139356
141849
299347
316413
233597
388839
143681
247509
445822
174560
118089
11597
93657
490848
271313
399893
8511
153220
424914
375253
425693
415546
151804
470844
258317
21417
179382
345098
381023
277016
71311
408025
350962
59557
175166
24148
333818
214313
359989
382590
401498
273569
151082
359604
450773
435136
467112
311390
189152
382349
150065
64246
320776
257769
482649
183363
187280
186831
270210
22189
166568
421118
117344
74041
55913
84791
236039
253962
295633
148108
277207
28181
461582
253777
358425
401539
222960
54034
192662
36223
135046
137070
252902
304474
469322
466961
338418
397420
459696
226966
224253
139105
183281
219500
345305
498832
94285
227292
75519
86407
453460
181183
202776
264170
482259
19879
286191
318971
319948
46164
3011
474609
29778
96917
181267
169913
398653
135267
217351
322350
438376
144534
66801
274634
350213
10813
244127
98010
221922
373209
93296
123446
251531
427152
334912
377215
261107
131877
390282
313453
159229
133029
248392
247638
183788
486502
139628
105926
491363
17771
91150
194219
437655
361876
447369
288933
93691
380305
353272
403116
68108
450205
421751
446611
168520
113988
183645
140676
371012
156677
482188
51970
157125
341871
339588
229894
499365
23302
283875
346847
385324
488656
448766
380723
139340
143528
89942
148922
292849
266880
331215
386958
385203
374201
141938
120965
479896
303328
236010
83988
308012
347398
391821
408180
45569
40804
496357
437490
461624
168446
331321
366487
33819
454564
371186
89056
126294
355053
153541
368894
158966
56530
94135
209786
185577
471826
452578
30625
432976
256656
174946
211781
69319
298919
209209
118028
146239
6037
193597
82808
409458
50208
24802
59402
36888
333997
92529
399066
195360
88480
373778
147000
490290
234189
44851
435432
375735
53993
245755
295952
375830
308290
497807
114328
98050
316067
257059
323789
161493
311866
143630
70740
213693
451857
388616
172390
446093
260411
145304
194369
366865
151870
439964
226850
435597
88347
412665
14778
286827
461182
297198
381974
164746
35404
323840
218143
485291
431077
464986
333088
485959
253008
424638
194643
426429
398388
72486
321687
98962
195106
276164
67380
65458
225451
79178
136882
318007
405502
359516
140879
375431
218942
333451
437323
425482
93583
120761
21089
98227
8455
480002
19492
143561
478843
451205
86210
467183
160973
368474
137105
92245
264773
431472
370020
146481
49433
355222
442431
101076
142210
9959
326466
374551
470865
48264
299562
193348
466287
133506
361900
189079
316056
392121
458652
320687
258663
497884
61438
2945
343858
19728
392546
102259
459546
18775
79488
175174
483771
281901
287737
2159
275898
50148
422622
313083
266259
224270
67705
89461
95544
115406
216314
371168
292364
422464
464423
257833
128342
206059
240580
125806
216367
469824
397611
237676
456488
284754
280585
129160
215128
247783
32258
293347
482046
430883
25167
205406
61238
484315
303829
278063
187086
171387
334760
211417
441241
247868
338342
214496
162488
305084
321769
77703
448491
447949
345196
197475
124739
399649
373889
144836
375655
112107
107709
452026
417985
451942
42239
483951
486142
38902
64995
44113
416106
347857
177706
149329
56493
397752
116629
313488
72233
71922
321283
437851
208975
24909
377383
124294
356863
425574
50282
75310
338165
183882
100075
411435
329166
313905
38865
409086
353696
181678
351527
313796
99156
258253
246685
51846
350291
183781
258257
473266
196672
15784
233103
275877
284384
227558
133129
143103
273393
391323
313742
304267
103848
203497
490436
95330
6418
237616
101695
70787
419113
292244
365358
418357
322570
616
90590
444882
323258
396346
15734
182574
373036
472888
138945
87416
386737
247357
339709
303852
368820
450229
462078
42902
362080
385656
8818
485034
488761
101174
465123
465929
9942
464577
167371
366205
168216
400259
366111
136499
256354
4274
452194
103326
114376
259806
65711
44515
74158
280180
310588
475015
284987
91848
16598
287843
206036
252181
40573
369230
111988
65347
344389
309026
57037
183525
169145
231161
208771
436187
56973
294329
140679
97415
311557
231687
231841
68638
250316
21638
236607
483715
308
467790
32232
326877
106897
66887
234379
347571
280079
96818
240131
414061
362071
381134
51066
457202
150097
418745
346319
114702
381300
42715
146807
178730
322166
285042
49840
168362
450193
413333
403322
204656
99647
259151
342950
373067
416192
463237
72537
210454
157358
452647
125993
327089
48937
65483
256186
195206
381790
253430
102839
41342
363988
460405
77603
155353
390288
282121
266507
305652
382883
267271
489415
493730
310918
195487
235576
357497
267680
408006
436288
204561
246351
438114
465256
102743
114645
321467
33402
271343
45695
488545
280210
121588
161041
226844
409799
201597
95113
115295
172316
178755
97760
64111
166624
444939
479269
140630
410363
468712
292182
173311
37773
430739
332211
282538
236497
18023
440128
54294
129015
15933
386195
34359
284898
246347
466046
402792
387225
321536
457711
242473
143012
143444
52633
497347
130442
391646
107111
434445
342188
215726
106610
125792
226740
116805
454731
11110
90519
211471
80894
459730
305853
371102
229075
463476
216796
400484
245920
289845
366707
181218
21875
296957
331035
444581
179693
492485
117974
101627
131193
378140
355948
299836
408615
253359
474655
242419
348722
296183
144071
379089
261485
44435
316968
13304
45015
381549
194031
32119
322632
206323
343468
378764
495117
405906
283612
66724
132105
342434
220644
34687
209398
478181
368073
468485
393868
146545
45488
377929
408702
426733
1419
249581
244233
441663
174627
101366
280794
451696
37017
194465
486132
43703
324926
179759
498540
90222
437394
455592
114744
57482
23694
157158
164268
448402
249545
236227
27038
332257
82963
326780
205682
314865
109797
462645
429668
320684
131657
52259
250909
16905
31527
18190
7372
469793
39654
47496
174476
265821
103714
476064
167047
102470
60562
102951
35259
121727
315303
77614
375871
3923
183167
51712
253564
475531
267325
403829
67907
266356
406699
79114
176060
371410
468826
68254
303000
211898
242423
304567
448271
323374
213437
296862
446580
116899
275606
256677
184319
411320
248289
212777
224857
459955
290969
235547
233440
333017
48909
308907
201742
101746
478240
2436
444215
434465
330135
212846
31613
194070
396976
25164
455236
189633
38348
283634
69434
108524
125775
418489
10229
20169
186305
438617
220668
469900
151895
86610
406623
273153
123815
71085
31801
117507
82837
472184
363297
269035
31033
384357
277262
368114
280907
398255
117712
446843
222272
127014
426580
315155
355569
233786
193487
74782
262833
278759
208679
75347
217494
98541
94713
194713
432096
208247
389344
260702
164281
55108
120619
450288
436272
51202
146368
280983
333521
183884
133603
125528
114345
291745
125267
342984
367920
80121
133896
147925
484550
117634
394691
167241
27058
324384
446855
418737
429154
389883
320858
424913
417786
237666
288959
471519
295458
19800
293468
369378
238222
310125
185428
286023
26692
114235
142227
29507
122909
203863
246172
183087
92373
420608
428463
369475
165149
149741
311167
415225
24578
419082
185130
323214
83181
67050
16534
339474
456600
330041
399963
199311
8020
48241
193339
174498
431289
119259
388162
419776
355404
193231
98254
271660
241686
226728
22904
211128
443421
325613
497112
115976
251035
34661
325411
65366
323262
403824
334776
387853
350605
153018
283143
435419
363138
284154
105466
129249
295371
4696
15031
204146
282138
318805
151539
99126
401250
238607
131469
417431
19446
429855
306462
244327
228720
36820
15073
97685
416415
464801
50206
71090
243864
247661
398439
42925
484382
54358
283810
174488
83628
66339
489803
130389
73709
186447
188981
337511
331136
119315
141863
397407
165842
13306
229960
297410
251352
378606
82998
360768
143559
263087
421342
24418
323876
22406
182306
137741
98790
299719
186932
333105
163003
110308
176564
231990
230127
390084
399051
46809
1632
41082
158598
380746
29047
30307
98759
323716
227754
199594
11338
245947
19448
22455
10765
385834
37902
384657
81766
341135
307467
295112
110566
20858
71250
192311
394522
378135
179654
147260
120373
277934
238378
285050
208699
70217
21546
313662
399450
384752
368780
88261
297565
301386
53805
385424
252576
207251
476125
484985
168081
447050
430218
149718
288738
218512
288393
125631
201285
35422
51096
340028
108443
311000
392285
47543
282758
114765
203389
223112
410314
153097
113648
10373
482656
156040
357183
173351
142715
489629
460987
268269
123072
479132
309126
319942
447898
365091
268576
262645
224210
327387
152050
256606
153575
44441
29861
306411
497043
447886
455650
177506
239958
31618
385358
373683
120537
49046
148781
16643
239585
325455
380978
241736
128634
258207
31448
417416
354765
475496
396580
153472
88373
261018
154621
401294
440836
369762
347915
437502
148579
237799
189923
46177
45143
224555
123950
23859
138495
238189
334741
460663
299659
228005
481540
104020
102617
24756
418040
292239
236641
87062
441310
75923
453667
276847
114621
33997
231322
294025
6824
394857
122766
159056
174619
5357
417812
344340
84608
132423
412948
480337
161550
469205
163465
173742
208562
226451
248237
489943
370031
458353
298686
429272
357236
36181
334968
186728
309308
165979
303887
269225
374851
77375
250384
238590
345122
214343
382005
481460
313036
328797
368548
149466
108864
424246
471498
355256
144955
401968
327966
21361
252849
246121
281398
125067
365784
230278
102788
441097
162919
239108
366985
262267
310193
352351
472354
417732
236583
11366
173558
43468
337549
374132
294214
300307
307238
86444
37859
201319
98231
76660
224902
57990
313445
247061
449421
119634
418671
33210
384110
412974
382743
64112
64806
310686
287810
361148
211322
47445
466606
326857
471589
452814
204894
245326
315176
209229
154774
155085
252697
346549
315229
341667
496265
15960
338345
311636
175960
60026
282127
177251
328770
433757
434230
58534
26913
442489
226709
259261
408226
412305
358024
180737
308358
181082
424784
469188
242656
289229
499458
7478
3514
342594
145711
20663
310210
8345
376028
324978
157621
486099
273253
433759
246329
251263
301469
476897
247837
213448
171845
486398
235003
493954
222683
87984
328872
195449
105383
306825
325357
89652
469519
336057
274038
58589
282245
222159
177799
267031
124358
321506
380598
281232
48254
138642
70248
47225
421832
3382
126428
409026
369430
263700
340947
70574
257526
418882
235925
78426
175514
55093
447034
256026
298004
192752
453349
254996
72253
183904
379343
351930
233358
138346
299855
438724
261330
38661
318267
447437
359285
13901
287487
407227
361132
446573
15658
326778
49337
87250
317590
416968
267968
68166
351333
214395
270640
63306
374873
316485
5712
318732
369012
495836
68954
463614
421607
274073
169163
119675
229617
185469
164944
445985
369290
297891
322342
125454
499746
427447
443807
161428
246013
52952
203024
124609
380272
210411
12094
416972
299486
15880
70334
481597
177441
98666
153742
470101
184521
381175
118257
337837
7130
479739
160887
213690
393853
94280
363645
77052
67675
167108
254575
477978
58542
236979
304656
379235
117475
460037
183635
131025
152474
391581
38137
150774
42870
335501
6117
329835
430325
254311
104753
376625
56778
27712
175649
167298
68037
324866
485135
127545
103805
286351
97285
314172
291537
282888
315826
317019
249666
269725
239599
200761
361372
412982
130712
238803
352017
494015
64132
171864
112618
407606
377764
283396
323167
225733
380276
60662
118301
3629
214636
328112
497359
146032
84066
343384
418056
362735
420051
302496
210923
87128
281272
54255
302911
17929
406644
307018
486848
240275
409605
437570
91523
66379
316864
95248
262660
93930
426182
451705
30647
491519
21504
485566
349810
94121
412225
283531
262320
229442
98966
39381
84266
17676
68652
151714
381169
419524
485884
493780
337590
52791
348656
473241
380686
236127
193153
404594
458864
104167
70994
419935
440892
54779
204736
35425
251144
257111
337479
334148
233036
288826
342916
468155
374086
395828
373310
18433
457807
386029
482376
251775
146922
444443
126566
440738
460594
28574
366094
465915
235852
233791
439467
56729
171480
405510
338808
358561
330090
341318
243335
408469
499562
231192
71055
284815
344807
398351
328750
156155
71297
392952
254832
118366
495754
450038
230706
67813
192713
12900
177033
231060
408305
414728
330463
335736
196058
304155
223638
137397
16918
392921
481663
397983
112495
362442
325820
132189
441666
237193
278137
300773
21779
242752
471788
414060
25758
52589
232444
183201
371351
97338
409208
359486
230617
209320
382264
352038
222442
67929
371738
238172
196488
312111
303234
236839
308865
119617
384674
78693
470305
82311
23098
291836
345774
21114
81084
25229
131010
121073
319594
181288
45421
198326
263354
105712
365217
386064
64825
271056
41696
269781
379211
259937
292957
332587
203444
436104
14696
31609
488115
434676
329185
46359
472838
93620
359037
257667
187595
139429
325327
131369
181327
166318
402836
147637
84859
331530
233318
433895
62195
255983
420654
248682
4920
30787
34863
292635
269212
47455
472053
478074
112215
278812
10081
389154
405766
158590
171542
240995
376474
134812
371880
65610
215900
57063
108819
386687
447307
328244
192740
149948
211827
103282
156468
267750
346655
360164
185299
42170
4541
468215
291190
452653
469707
91905
215978
377669
33690
45782
174918
142347
69192
287331
260364
488359
70618
490403
202819
247865
152979
203228
387793
97708
335895
228636
215972
14486
455071
289001
273990
279745
250027
332690
411499
169461
196235
55595
430411
253727
119355
246257
149253
271573
274386
210320
455621
422184
348458
233033
167684
273667
375691
261952
368892
295446
260031
155203
336882
460342
296866
51399
11016
112078
120119
87148
436014
261317
330819
253333
216304
293695
253424
319795
37403
298740
225056
134310
495069
439671
204496
246921
371500
263074
446371
456617
364830
19499
232988
370034
90332
302023
338356
371040
429965
44454
278307
154823
308339
107789
330778
242262
385671
296026
109
276637
104275
395271
103454
135717
257880
475758
36542
402050
168062
473938
238825
475353
141367
472346
153528
472093
120892
303684
90650
473737
231043
286097
211210
168007
225878
474152
356460
160733
456408
346154
225395
58870
473883
168658
286373
311925
251442
42399
320343
337859
57669
183198
119717
229297
227713
29587
369881
370603
95088
113941
342053
124959
220213
232495
409174
472679
325586
193725
337515
76471
215735
235840
220101
23083
148370
75916
427395
292190
414599
308416
210920
56923
2582
287927
317689
378220
360747
2561
235589
72346
197191
139806
60625
252891
481920
245400
110711
354029
399874
385309
430666
57137
145198
260991
430030
382652
115244
121192
120218
166497
401955
453656
224909
486947
247382
411880
101730
446226
12592
4676
419494
187968
38969
468425
158429
264779
15756
279418
21474
146445
131068
364421
362828
385417
234876
420238
100308
121725
215060
333584
401932
247689
243111
89099
252058
339625
340982
175103
261093
155063
223183
76040
55699
194782
440422
447390
237197
438887
368899
193534
71219
459072
296093
349905
302797
217060
369730
237968
118157
159734
365616
213902
13453
17377
250369
323621
494032
476304
421041
49634
189365
121911
112770
498073
194302
71931
136724
347906
393204
491382
343843
305565
218064
325410
349138
409331
56290
17975
229336
232623
344715
410521
259684
227496
29100
93752
131685
253982
1943
277291
466804
156115
374316
275730
11892
123305
218661
309769
164516
371296
104182
248689
88050
249309
157638
428530
201114
37198
401399
65331
140728
40004
298500
138497
251787
461110
362021
236101
228290
236926
406673
87859
44100
91569
375949
353774
310319
300930
269935
49855
402124
325792
296616
128706
455163
317012
86263
412910
128931
340171
178640
249203
421402
226610
337485
387542
350466
378913
483500
90906
213244
78445
244070
170221
99438
414166
485481
382606
42848
151513
164779
472046
100192
137871
93776
332145
52137
257954
130514
239384
321532
486287
126238
129771
477905
356579
362324
221017
301825
448226
448895
12206
375297
156015
81903
77007
332218
197388
215504
416991
390179
26397
432539
237967
188514
434109
330071
168753
377376
4228
422112
335211
318655
434034
474789
12121
441913
62230
21649
87666
41922
196392
425349
339666
23877
185069
306186
400465
410711
146160
324255
253340
494488
260972
101575
296201
331854
132695
192615
187228
427308
23088
212924
396994
174094
410957
29726
89623
85813
350512
96714
74933
231142
35834
490564
139723
370870
205900
133583
151842
257285
218780
395217
167568
381423
33062
434021
311913
391331
152079
340378
225476
251730
299238
494794
142922
357228
219408
404530
179169
493335
40615
314300
464508
444884
323717
75647
380679
51296
86008
378112
351239
172752
238149
264823
332984
54384
119883
91836
347083
347111
116145
195881
390696
425153
35038
6973
27228
168206
133959
314739
310614
171796
141630
153264
90965
350674
299643
467177
391398
170848
300279
32361
94489
462911
459310
399249
132605
178427
472062
185491
352372
407553
135237
490290
359833
408355
212066
314448
203999
233940
436113
55102
39039
2671
122780
121924
260507
273839
188834
453939
17754
13817
152975
196188
5948
133443
344141
324899
115126
321809
205093
88115
475453
160515
9924
319748
154395
379049
482862
303340
266026
89184
105810
333946
440334
16223
13002
255036
196964
450031
3653
307414
432633
383034
20466
115364
82285
88829
30564
432139
42316
7074
344459
53658
252830
145841
415484
201526
205767
416138
117299
359692
64787
118594
51165
480031
152407
490837
390732
302046
409654
9301
354172
250608
356529
436028
263836
330304
50446
421020
270151
415695
281688
76961
112969
80724
21572
181338
392402
41131
64822
318486
439932
447050
234916
231530
219793
350477
258436
279838
391655
256439
474886
313843
328855
422705
132579
356740
227773
380769
234001
158343
456458
325599
180232
214099
361132
382699
160560
94342
131091
206748
217016
262852
243118
409930
109737
97528
39212
71485
498402
80949
436215
178057
485510
255235
127507
9564
122484
70948
165591
278148
16566
80747
10105
35354
17546
26678
382236
109552
134758
79819
312462
438113
134171
138002
197509
96802
58656
204174
215604
392253
250338
460794
280241
296212
125928
297607
430844
336848
24727
191411
165118
143328
205499
399451
171213
69905
357354
360052
17378
307285
73978
323330
252243
468554
376987
26358
117416
313880
271875
171554
220481
392301
228865
341989
120949
224104
268996
459962
140700
354263
416238
231056
308016
255747
475358
286426
478922
111538
351850
159965
230188
94537
380921
483283
168626
143912
351204
341146
492991
314799
216661
51966
94166
52231
300329
12350
337792
169621
492526
264308
289018
20793
260566
250582
135472
76947
264269
35224
201197
24704
104036
10859
2733
486719
322497
463775
257179
250981
493011
92292
149405
401439
57417
471375
230403
60869
375388
105181
438952
355374
263414
114425
75843
223434
461011
263832
376541
327947
281768
264017
87364
498022
215712
161003
98601
239094
192624
461748
301255
232022
169483
272139
63935
221977
265402
356230
407398
305187
243637
479865
441292
226187
150613
136809
312940
437208
26210
451005
12380
440889
131731
35432
88094
416814
49377
333021
324473
311868
6147
448181
229216
224098
52997
180159
158152
83973
215851
38393
231945
222778
36523
50302
56409
24036
235916
363357
4022
367123
410893
320066
499654
51721
338056
67703
193186
52392
496113
69046
25172
242837
2374
251707
450027
70332
143037
441608
353759
203619
333225
105894
303319
431424
44067
411470
213965
330014
158851
41134
74936
356711
483393
199021
66191
474531
179473
288862
414234
91951
361906
230973
249099
407094
298169
193428
344877
274422
378652
179233
476424
221688
228093
315634
434553
89372
429234
79597
402716
6983
455379
422817
196742
250761
367565
329863
176796
187660
316717
25097
335173
400632
405144
101541
460885
424313
385540
398204
466002
224305
172037
236121
410161
336226
377083
398795
474492
462824
353960
457244
250748
77051
19412
348421
440502
66060
472971
109738
301315
227652
130409
40406
168115
444563
407959
28520
430265
247325
186350
111113
271819
33516
206730
109887
28460
138555
157408
239057
425039
348600
485533
414
36991
276672
134246
443850
78727
434174
442106
284700
336166
393198
201779
107799
290862
136911
283199
307040
198103
251714
145582
440499
222518
34315
263679
267506
218080
399422
181797
91346
411651
100281
305229
45377
17016
5307
176281
395569
189662
102054
303316
194662
264436
136909
136734
488163
31463
111548
230292
164113
428672
458148
247466
5008
240304
37955
375250
95928
326260
130871
394643
233516
105750
315251
448931
314671
179796
68451
381070
241116
389227
18827
7836
37894
409888
408624
196582
391454
337572
250542
269293
187776
3938
430405
435764
426150
201840
149217
177316
320782
309062
116389
466457
215188
52761
56870
48648
471287
462271
119282
3930
47645
324884
219923
264436
21219
199747
285064
350019
392703
75285
265888
363571
316043
76919
449763
346256
160480
347815
154376
137790
178406
459507
384196
340804
477265
393623
244967
318264
140306
478566
440842
73387
401685
153515
460655
297393
359279
4416
289652
49758
213155
224515
355465
210772
84079
457148
180893
277348
484414
431953
386986
9660
186074
429034
217326
188535
46052
430140
55703
399590
337098
446561
29244
277975
107117
94564
128753
310234
431642
322644
347857
216675
257052
159743
133834
450556
18001
251654
41285
173316
262905
234473
30572
321252
374104
381691
468795
321866
390264
148366
286172
237412
186042
122162
436641
99273
262329
122167
231963
334491
375275
441619
432003
109361
268745
167959
273206
185981
68452
332282
485046
247046
11296
151993
350514
306876
269756
278221
393336
133941
496016
132291
88342
70342
168803
337813
310586
286102
139288
129135
454810
393942
1654
75592
66953
248286
430230
297912
284158
147354
94142
283011
54736
161223
419908
66666
133422
207446
166765
312369
299465
347937
202565
17849
267926
496373
441164
275537
76217
321366
229359
497389
285115
145260
435491
330911
48510
208376
144706
117322
210447
460333
447441
328611
1444
275673
222154
71422
98021
209840
94711
17462
458404
232274
488148
288675
350404
284820
213737
477950
191447
40446
427956
5965
372366
305146
451945
133405
109604
474389
225924
37804
228771
278097
266055
376981
205900
364037
225523
195006
40585
220184
390478
250954
335876
358681
412606
191088
394120
380302
68873
263675
146361
199202
116401
97801
52260
149271
63841
245049
383132
8890
238211
92314
340322
425910
390675
375282
197769
433260
442820
493168
439957
339098
249054
97926
227600
113435
145125
95478
478857
275744
215730
18270
210619
336825
267911
424308
217152
262329
307964
150283
422244
359323
343730
264813
240489
442870
17751
457857
140177
307341
270407
25413
298480
165564
206099
788
301286
322683
363312
496419
296550
173421
118764
13619
108665
356859
67696
192008
493274
258760
235574
230179
131098
41312
268325
419620
74555
389537
334803
122265
255979
280721
142080
137514
264348
480609
273888
381378
211922
69717
72490
328878
398621
489139
241890
409502
368930
391144
303580
267025
221004
402465
217260
28966
424137
290207
470354
97566
1757
31644
181159
134920
181006
190764
69867
326611
357626
838
211587
112851
277626
330047
58641
202525
48737
217135
449095
310900
316633
190617
239067
39656
438980
265039
313133
146680
492260
283663
442531
7960
121830
263174
391361
226324
289130
323671
315995
373300
90174
228358
123335
477370
39090
338057
101434
213942
456776
390775
214088
404020
481354
226138
260227
38747
352245
373831
265827
126006
277915
41227
127518
269824
392328
249968
91649
306270
40041
498783
170144
237093
374217
68723
291415
258335
314291
190109
173162
383008
385523
291701
233675
211613
149246
392914
138689
397914
53277
35941
155657
12535
330949
113106
491344
25829
81984
315607
290975
69448
73372
185260
188115
490566
142176
475937
304921
430411
416206
112090
6044
447184
142459
241183
235427
327652
247990
169367
201170
269102
356221
381268
230579
248077
248914
389464
178147
15795
491344
39790
300231
4623
134396
300755
266001
335126
280768
201333
128453
188807
332590
185344
368326
216029
441155
402127
47675
185813
172965
188445
286889
23237
494799
282648
458717
342123
135365
411022
163692
283185
40402
229832
360253
424789
217515
439233
139270
330689
386951
159394
382395
339943
458886
488497
76909
401671
342397
310194
279543
328799
18962
406782
107517
376016
149659
358593
174216
52335
135257
188849
94451
46854
494293
326101
76489
331700
10905
124019
348717
256719
471256
307189
288403
380161
156863
189918
480949
450906
117392
20742
396873
392237
254853
362965
474172
316107
364452
64268
59033
35081
92407
289033
225510
129125
81522
497200
18442
463374
153212
18398
101461
187141
1513
351029
281661
478438
277782
309048
78723
321373
224407
460509
488295
244068
357870
13576
142199
155787
302478
14650
316118
316302
254737
359900
35433
266540
403336
415277
67353
365854
456135
416852
454009
107715
34474
187812
302101
311159
487468
81497
297094
327327
186095
223392
490572
259341
78505
497103
187772
267879
380050
222610
282961
444490
413846
36695
127931
333564
209392
127036
202059
256569
120579
221443
14612
286823
62446
479313
493775
215022
145524
453967
491537
482134
317538
274773
31215
299130
232206
278582
474993
256456
54954
194859
262516
407295
97975
420899
488237
328989
470329
155396
184498
208676
5592
66777
256737
13851
356847
125081
30398
482848
198839
64810
172678
346881
94845
482332
194765
205777
442370
57975
368086
488277
403325
490282
136719
116140
398837
92653
361543
498588
124322
414682
358117
126693
32119
291638
488450
381561
171623
305947
108294
71995
440342
101056
483683
379499
253698
251292
463249
206258
161461
69753
42324
26447
173316
218945
19610
495974
27248
314192
24864
6662
169822
409243
306542
318328
138748
178979
26768
457760
238996
477786
485620
309196
294214
395619
481548
242236
64928
450461
271358
495869
288428
139383
371277
305465
470816
142218
112891
299476
448586
189144
279343
410259
73614
108263
379832
266495
66141
237604
237148
138947
223358
189143
103885
332230
116291
154077
270340
57664
185777
443717
371739
170627
228583
22226
294843
285919
204146
494540
236535
402127
260233
269228
227395
233240
123470
83501
244922
495328
10358
374199
285300
109098
297987
283106
314653
396528
343518
294952
329922
27380
209410
139540
389793
263421
245790
461426
324066
355529
448272
377780
8921
190683
170511
250335
471034
228408
460013
312387
233949
353242
392140
454981
376541
461156
299095
328809
216039
490498
202244
16141
340966
268371
210670
231048
395088
455195
324152
227521
76450
103792
430988
235177
93159
26017
110859
450270
105200
140409
223586
315646
407088
370067
98093
330936
374826
374024
473201
477986
478181
204977
207934
13514
428553
439119
108356
387090
300937
74934
170493
383666
173615
468576
114820
494891
177156
255968
191610
407883
252928
384379
117905
369935
481964
358560
43878
159354
397500
127954
431239
340503
396420
58728
472083
111049
446798
139864
2966
7283
402510
224690
238701
344055
313198
108656
482843
171364
163584
272086
136896
49719
399595
483071
134603
241937
306483
15664
128201
133481
60888
201368
150886
455461
244348
391990
281417
20183
447780
362570
134384
99556
265400
25455
78036
19787
188423
487603
170389
111266
358404
306770
274370
168509
223527
259975
454508
467569
42005
259895
276406
84531
372639
152260
258722
65010
265222
475601
4433
283105
95546
414122
109470
317271
422927
252229
245250
491807
390546
379535
55767
37522
233773
119296
301683
227425
77733
290264
254367
37729
127510
211703
270917
163032
2294
208988
341391
237373
33648
286781
295287
340197
6601
364675
480272
216595
224426
62139
56743
65303
172542
325529
12711
467511
100527
268190
421916
340266
414435
73547
352993
160867
270338
76401
460422
448150
304702
466077
181915
148879
56819
246804
36175
245429
142611
138756
18161
24828
216282
293393
35338
408795
323124
330252
29289
64051
327822
454222
216338
169810
144594
118751
127737
207757
437584
62294
242128
393362
277987
90926
67312
271067
156043
228152
105316
163418
300702
271821
152008
44830
352606
161294
260850
90158
128821
220157
118369
172095
288492
234426
211417
476168
406039
13241
285744
468550
483564
417121
369240
30359
361043
179702
343200
268334
216957
52912
245505
392147
467916
148998
346438
486724
453663
266478
219744
395422
138627
255670
455409
363537
244394
226331
437203
22461
439113
32390
340187
198871
325312
419130
6586
193990
452169
333098
85750
301013
134332
341438
341591
233058
90187
327106
391183
297653
285113
129632
174358
228423
22783
152470
315092
429524
110173
310778
200515
347766
368657
190670
446692
199784
26757
105883
384007
156451
69741
331258
134394
341134
302932
402601
21889
336548
467862
284354
479412
16822
120643
54386
441717
332821
148564
96459
382428
407354
456189
290244
329326
163806
317721
209063
345314
121194
187317
151012
38366
300074
220048
498539
251460
267628
377683
445805
91619
388287
223737
167625
465491
191298
143883
279388
60494
437488
88791
186339
181961
395895
257190
316356
179847
306728
492959
136900
220363
40552
326532
368925
91281
253084
350004
413644
241570
62670
289320
375887
47
322160
162187
478366
177364
207278
2504
300375
487081
224296
67744
308624
127533
435420
475266
327319
229659
60536
360966
392849
312803
454950
343557
279752
130429
468269
366072
119093
274660
347347
132730
130566
184485
364435
155041
290942
464341
497033
401589
392066
103627
301441
120296
397671
178655
240436
360154
332786
342020
155177
441827
330030
82920
493096
161590
398591
428143
416691
71052
90140
219383
300042
444487
114613
22404
331291
41603
143724
153956
185901
62956
299684
305021
385080
462976
347120
6334
351270
367496
288926
80056
316127
258188
33034
66242
296154
42139
31855
440029
279098
206061
424213
148086
217316
10852
310249
183563
387128
174421
124769
93230
462387
385825
480937
300933
333731
358688
328395
120718
68114
281410
96958
436527
146050
302704
229860
366096
92988
45113
213739
386510
152800
223878
432565
379965
325192
75701
19254
58905
76884
136595
166539
226422
115258
427607
453330
258515
381769
361584
444892
134331
419560
65639
34121
34582
18198
455498
370892
275042
145668
109082
482995
351734
391373
29919
114149
12071
72405
363881
217264
240016
211205
431505
346169
56822
313272
103833
146951
138294
443247
225771
394610
213187
374868
185794
233318
365071
457682
314778
183745
146511
80859
88282
144793
247068
247551
319866
361717
217816
131422
335093
322087
174106
228077
299437
104095
347825
310917
151341
128339
50181
28548
488737
392357
76689
276834
202451
299543
28608
432231
215870
352482
89073
253214
227752
470944
375866
267075
238147
438159
71610
187750
46163
109346
151100
159332
199
380830
73008
303786
175939
68395
166502
184369
195582
61350
348805
138115
380511
483529
185395
97714
72424
217353
325554
11256
482834
151525
386887
9415
369370
54836
146854
239548
192519
390700
205820
289624
255562
121787
302052
239883
174184
483538
63193
216977
264969
288949
73382
479181
181251
236801
127040
429531
372352
231319
125613
133360
356050
262932
143724
293903
410205
163427
379604
39838
234385
466722
345489
319620
295235
88124
224210
318817
475442
431606
309458
206983
452670
442856
248356
44805
209006
492546
32415
67079
189966
84852
420190
192291
116329
150878
391896
118770
278795
48987
92626
212805
390509
350549
138506
253267
191794
141352
32480
384799
57206
331765
176576
134806
270406
430036
451642
190507
269516
308794
214597
204881
465258
53723
89063
460296
178448
326600
28067
464406
372833
294249
433495
389387
109920
185424
241720
492228
47546
238570
476174
482746
423584
467263
446462
434518
73775
119549
496115
223793
39037
254815
167381
459025
112098
402089
99827
114883
464813
292268
112073
349220
496112
407098
402259
402557
32717
7635
310609
338414
95052
364746
387926
83273
111419
328207
8983
291381
475394
175438
204328
94346
41076
424887
88536
80997
420517
286330
296485
342550
250069
194770
258874
233007
53000
281957
191216
115050
415444
423986
87172
497153
477742
217555
263777
245808
43168
487851
270334
114166
196150
50638
369456
382420
52315
61009
467274
220113
336523
51364
470404
346515
332600
485590
386309
109817
361766
423536
352149
53682
257686
483962
388681
40862
62559
419854
209025
145493
20169
286547
120197
287495
234153
479609
413518
289161
16425
230889
294931
493026
71866
71911
425322
323399
139009
318120
74031
393917
311850
299528
169127
474141
495376
210799
168390
127014
200702
12523
346342
227536
290729
410462
487279
11189
405417
73711
340365
267098
149281
350458
11018
165801
353371
123928
209451
292715
269193
20392
228532
233817
355787
418867
331602
132266
63739
314089
187271
204111
289614
198659
410234
243239
348003
100818
244532
334899
219035
253895
15962
102066
246985
310471
329686
407376
123532
233426
16055
496754
93204
196988
197913
368174
494256
151003
438267
106209
456692
247408
397215
391956
394733
331012
496719
318696
260207
233055
107725
241233
315606
283777
14774
308154
362384
256593
373276
114337
117113
127347
85625
304576
62306
109546
124290
351470
339093
111285
170996
292093
465020
63822
232511
46731
324333
295244
188545
246095
45930
365099
368454
203788
119979
335021
121168
312490
20273
474324
131765
263265
421251
324495
396914
8182
219026
55138
21181
37047
394982
96043
84593
199412
142675
92382
395273
221769
401355
292929
232313
214213
138257
55251
133025
451409
393053
370378
188321
449969
153252
109345
395738
56944
107953
331515
218060
365181
454550
171317
3016
334950
146974
476370
22573
68599
358408
276637
296756
314755
197016
286626
179286
410941
242705
442988
392483
164661
492761
452747
176365
85754
253154
22847
135072
165779
262136
208426
353830
89581
384932
431655
19339
459819
269638
64741
485073
179498
332090
145657
273263
344542
457208
336483
457439
38546
288916
497608
423801
161841
435668
295298
367863
118494
41041
430878
112601
323715
23962
188641
185116
120707
366852
385657
236405
152247
247786
31444
6851
28879
94300
366530
126316
133835
355937
379215
140543
269003
310917
25568
452358
418741
282293
22505
41390
138155
103182
244030
308108
495149
36909
130110
413766
382727
203343
6570
398986
89074
298570
126915
482986
419359
495241
469475
136017
105853
103736
62637
240569
239409
64278
129041
122222
278957
32221
271938
457599
302044
458813
248276
273680
336452
295947
377982
9358
166172
423263
206861
365616
465070
258270
392594
209112
427070
67725
110053
68772
148406
215575
317687
391778
304475
99942
18576
493613
96705
175734
244033
453699
108269
492663
415074
490822
329890
371636
232022
97842
435598
49090
98809
463137
190987
47072
470297
279220
310629
353633
313306
189191
1568
364136
181167
49447
66775
88893
396792
272574
263367
134292
138010
391882
314966
369632
25536
416863
370500
182331
337378
61615
78903
306491
274511
411169
288829
147558
70118
231894
497052
463804
488810
385028
123044
353791
155226
224114
395979
197344
166571
3144
401905
487508
178933
189096
252724
63663
71281
25069
428599
92362
229296
143046
2157
184007
42299
427677
186008
45757
405067
194241
390405
182038
9030
8442
441653
399339
434337
48680
21932
297122
125306
130890
136383
66132
241915
294880
358673
95997
439961
411701
461812
382534
226566
241291
270727
109653
447671
153237
289453
176813
4990
148289
246254
202541
495559
319124
365159
416178
384594
114618
66973
91429
214925
82026
428044
397728
132202
350055
104926
68122
316696
142224
445953
144090
180823
386303
153182
264016
301233
421989
57583
265897
373833
121032
223098
363635
149903
280955
207577
442921
31763
128348
468787
138827
457900
81543
328286
491050
268968
464608
183982
234229
95898
208382
80280
251424
490916
312844
345545
205649
490665
131143
425214
114937
154719
172843
146038
99563
210451
333251
41918
301805
387773
130823
117006
100925
216879
477413
149076
140893
273619
475857
429281
221321
137105
352507
465663
415860
272870
290292
5796
83993
120392
339042
174071
355962
439327
420555
390811
344586
301027
228154
316901
120498
163274
394487
7401
228988
244755
319091
262601
68212
37499
460184
437945
250663
125870
473423
144387
127861
295154
316249
181887
241498
198692
101088
259302
488481
253359
202166
307762
188215
34551
185655
333680
209043
220628
483028
249759
407560
24411
224083
389856
345991
314556
138267
270851
135804
334170
468120
97135
137611
290071
132770
489231
331584
130818
302424
253034
429944
91453
202282
324810
391530
95198
245246
107516
93418
145040
324925
363171
94701
418541
496056
411050
162938
46172
484342
288488
405302
445529
248937
21399
458554
369387
398075
310821
280951
449740
419766
130093
224590
435099
423226
301914
405254
91127
249470
281311
375580
194618
257116
432152
357289
481386
137904
219034
323529
385909
68599
420836
422199
397427
1564
40094
332559
24667
388418
52288
126858
289607
360800
445774
159976
497971
50520
24311
476474
81665
252992
370472
449003
97205
305183
91958
66572
107304
265995
283675
233352
268961
272378
153839
313160
247292
371047
339029
483647
241350
151881
417389
471174
75672
99636
86387
453462
154554
79449
394266
179141
441968
494818
123102
219707
95451
289783
38139
96303
459341
363944
351725
453732
411564
120176
133194
44018
485903
423736
183127
352783
344324
46236
316883
68992
341627
330886
218480
88587
272736
331772
420903
386120
321565
163450
303574
72583
266974
255923
488628
307994
79141
4308
378916
130764
453943
135540
8660
436058
51382
255028
20506
457013
495405
439596
68671
470698
239764
176774
272902
314662
108237
363494
43457
126692
276921
481296
422836
210342
465162
187759
343911
67962
219997
31721
216506
261791
199386
297480
195632
142730
319110
120151
402053
374246
251343
351959
118857
460057
215213
283494
69207
238405
165914
370233
445376
130069
322985
193444
48496
307976
251210
413989
28638
443227
473009
78296
38926
278971
476989
347867
299101
368974
400138
164428
98392
116420
485902
121503
476116
214564
24317
110304
95773
104560
31742
362461
443151
329180
393643
231548
275482
157444
295815
162629
393424
282310
180879
402572
467712
47817
81676
173015
305060
412547
227590
275024
102897
386602
469901
11631
463452
120892
442789
373832
390867
411672
19648
51183
440920
462573
349353
64671
11032
126699
401730
150842
464594
67318
493911
60175
270003
64652
484537
437253
237116
492218
163646
410788
221315
420100
116100
132238
286045
324774
477640
112194
48638
323669
141935
101251
0
301017
203854
413596
407216
88023
338414
388020
420483
295488
32041
349225
245165
484056
192724
25169
134702
497282
126488
364207
280607
336115
246316
243656
339017
267046
401336
327845
251858
81400
452791
193003
361724
359061
108404
194591
463850
12417
483047
326778
286426
41804
103319
486740
291553
2249
33146
485625
375212
362193
237674
91162
331860
279371
391157
410211
69702
106859
146387
312402
343977
78191
82500
31625
305832
118734
61780
101302
163159
375483
167068
1511
258817
245259
496167
403654
429231
51711
447254
125215
381442
245152
490472
371505
251262
195365
250729
380186
349699
205658
92480
34878
359902
48538
333660
221948
59929
196191
139047
426212
4336
438522
434757
143657
313382
352855
77531
496648
302107
27928
365703
4634
210202
247758
487388
141187
2214
257730
165126
234326
497914
413544
389294
236550
405136
158044
212992
333244
19189
297799
421556
405267
272755
418199
181265
64484
446154
114889
485352
113873
76270
263270
8927
183910
455288
388176
470608
472933
82861
407094
355461
126063
448624
250825
465397
361432
172609
83399
362854
98380
102887
29696
398962
86230
305702
391684
435
335878
208921
145144
450215
375074
42428
194054
68012
254175
461426
104218
385832
60347
493032
173500
39020
29918
115527
335453
454930
450885
468411
90378
393482
306911
57907
63600
286942
448430
264615
237741
140696
159284
441194
148441
468584
392259
289909
258839
382981
498154
407933
403857
213674
67883
266191
284178
131312
150888
263728
119625
29754
384631
202664
271567
496412
495936
432863
191498
235466
391825
47454
134692
479939
4635
201387
430589
290489
416341
132257
314911
65374
160817
204373
259341
314840
390057
495532
94220
242912
485065
93393
420760
17251
88971
316179
58043
96264
439301
34552
112628
309098
408815
271730
417119
398027
428730
300909
379747
152942
205303
327125
125471
103295
171482
328022
399454
467572
162865
53930
181631
124469
350124
328527
245598
21229
165665
134539
302312
435896
231517
493277
337642
380607
400347
233485
344145
304525
296214
388105
293098
328205
334217
364531
386998
303492
58304
120930
464224
196170
228925
80537
76711
326710
386402
322070
65441
450172
17520
313255
235377
259859
446540
156345
387664
149633
81084
134235
264378
279927
193292
25915
333583
156003
328268
151599
356231
206184
18762
194705
448802
145344
440074
199360
9509
349265
254897
473299
10926
210804
314809
470461
310151
484979
64710
277597
235638
201531
213076
149284
394645
36626
174681
451110
80653
373177
375932
58403
271199
148169
344361
166592
373554
276552
92592
473072
486770
329795
27547
187163
458434
135589
55256
255157
363876
180919
156141
380580
15630
326500
196150
18647
87614
227055
324194
97558
393213
465977
111127
350209
375646
81162
229819
401206
362681
41277
269550
339704
489706
129975
260776
198078
241929
309769
324946
320992
300052
214542
95854
318745
31482
150611
443946
382073
243254
128585
476230
141763
437805
162162
73074
191841
464108
373046
91640
134152
337711
472528
110752
182940
51688
333486
140275
62377
39815
194251
29460
268254
367593
67516
30199
194547
82415
193486
330679
37111
480975
264573
122324
233221
139991
182481
90558
184390
9460
293624
390377
332662
116639
294281
242028
17890
167391
411101
321087
438676
492572
444302
405626
441978
365901
123423
236343
451399
205185
158906
386900
84721
384061
311655
390768
108020
179705
54325
276628
212110
13202
88162
133367
199886
143022
460403
112659
169091
11344
167554
274183
74498
340613
161961
300715
225470
72876
450537
150079
471459
35086
417818
256114
436890
163706
256493
311997
138389
18376
460233
26636
161291
174676
355286
239630
277771
458402
132774
176363
31544
57600
383371
385075
84479
286348
175997
36032
73207
475380
345312
480313
426622
463298
497223
458118
359426
176571
440283
104060
358336
370587
93625
342335
490794
220773
42706
448737
420964
33251
232206
449864
161645
113843
223966
455175
213225
277808
40252
431106
461041
128361
147042
13495
445748
307332
489928
199617
68837
71406
344765
214065
39772
306509
237575
489097
228483
144193
429200
397325
359928
144960
294647
285815
495750
412702
404993
323338
33959
462262
253436
85391
19829
472844
23093
345352
150997
280741
14931
345573
429039
470968
125437
38690
486976
316255
18311
453293
208996
35076
320444
154617
17533
305955
355105
468776
225298
80662
206204
427832
345121
342309
132052
385653
322984
333729
166250
79319
32849
111578
159636
295814
413801
488816
283718
440430
139880
113410
233601
254897
71285
459861
438723
320887
341619
192450
246936
222674
388983
81975
261252
394979
298338
269378
89354
262449
408259
411618
291450
369301
82294
491513
431251
90727
292466
470613
395982
384003
136499
122689
449994
94372
360095
90271
440619
362149
24892
94399
205994
452231
408925
137893
160945
454100
476346
284603
338357
285486
315415
298675
294450
173545
53569
96122
93074
370488
74835
300355
376060
436876
47087
90812
325441
255119
368380
46328
465756
159691
158888
298808
425843
247360
101604
232857
277607
153124
312878
228294
484360
246453
116120
11598
43376
451198
81154
424935
411530
200029
157641
185584
450090
278272
366008
368788
253904
99036
130356
83230
17122
413733
225815
142068
94624
154617
385984
201876
83457
462428
476452
178784
244176
18611
10703
137712
367345
6860
438118
102381
398083
297438
168321
29965
281843
237326
46007
444495
432367
181884
447988
169642
238925
58478
167764
18287
60110
444026
290441
396223
336313
323919
73475
486371
61361
420694
103974
496481
156333
53768
92307
187512
221398
263019
230233
193795
352219
66420
452509
474899
6842
108802
381183
185508
203357
56647
246269
461088
171754
409341
371591
389469
428680
209139
183503
159727
38058
160995
343458
117747
131904
483346
255200
266139
202327
72925
180793
53105
117316
85805
20009
112775
469269
333121
369039
315278
374590
248412
226215
400260
447295
46081
17231
253350
76158
284640
236610
372038
152579
169804
87496
52495
468971
378936
351490
242123
208698
197038
344100
437435
343049
32214
378696
380936
347752
88392
7210
67534
227663
264997
128978
54919
168767
160695
77869
274651
424650
330425
182270
187461
457747
279082
161770
240253
366650
249866
378540
409064
190274
184269
481644
56452
412940
22548
44207
214769
380722
45587
268037
113281
206109
271185
186992
348101
499997
134148
43171
427275
86586
308965
312877
273318
303780
375671
468667
36807
54473
478027
438762
183309
176622
139711
480216
441300
105759
404936
109072
203459
344958
291430
247825
407265
142012
465640
92212
85354
157153
207498
374781
299400
320908
478381
343256
105814
230672
431285
56247
173933
263403
306004
497005
479836
184947
271986
215137
447836
89379
386811
384517
330634
53841
232953
49973
494103
499307
395019
416861
468301
24969
148044
272218
479381
421012
446618
303502
167850
190343
373606
109605
390257
176283
341521
117892
298973
362574
328197
326598
441018
96211
403647
172457
199654
171676
269342
249833
95869
454526
490366
274945
129848
298513
216232
329475
420288
221812
220490
497803
341577
248394
33157
94296
432062
403745
473669
80331
280423
230256
280882
394999
314194
316928
478853
289076
434707
13069
441481
9889
324738
458585
430763
15379
392389
250065
169812
201171
312732
451163
213198
257809
209873
150312
141178
344474
112299
115074
186916
3397
321328
149851
103024
154155
313896
117546
70600
69571
93224
324483
52472
126093
201144
288525
430297
52890
149763
431554
322237
493907
284594
246983
142154
324029
363995
223756
214512
64853
186365
228791
150288
274069
150602
274082
75173
488677
408006
499955
458904
459882
477340
381433
193653
198487
132374
34683
329864
71575
258241
381517
219742
440481
496063
309
449423
279110
427823
321275
154922
140337
420480
253548
338944
315160
204367
16871
222046
273316
58264
433100
60287
412557
48876
445640
245755
21832
281165
173283
398351
291739
279485
450028
158905
231018
173811
218475
333200
214758
297170
155540
25726
256141
133058
369800
375408
240017
391330
71989
129022
248549
345065
187411
375387
88020
327502
139980
314847
447022
113280
311503
402042
488814
175798
33439
202142
95455
150308
55425
19339
182740
39669
231203
114122
9847
29141
408323
499331
393416
496972
427152
77244
468996
255353
104185
442382
155144
95151
365282
271787
389756
244689
328733
377275
192787
372451
65652
168613
117646
450538
331295
385925
283476
46555
117875
19128
420872
444173
397249
451495
356405
149894
315654
267217
374921
23912
323327
376284
396414
342493
34315
364452
461607
330815
297028
267612
343139
301254
440424
31602
392949
125152
479022
47206
108118
383121
140433
72284
461251
368349
263915
293438
370329
427016
248106
91798
10438
301547
118178
280058
131736
124277
463069
42575
338381
343901
405841
273029
138655
409329
215474
474374
362402
17094
273089
60868
172895
270673
217297
481764
293605
57277
99783
81278
376888
397302
400993
269792
452971
16251
233521
341604
392091
99677
270136
56987
335866
491892
417219
386343
359644
405548
451732
260109
131680
126927
496364
488581
437716
220435
414584
411695
221909
402424
92183
380315
357154
382576
260139
490446
48450
105107
155418
238525
71492
419891
11358
70560
240961
88439
237251
164072
193591
122453
401204
117978
388131
481640
62125
104461
175572
26764
495628
202436
82532
373583
480390
2960
311981
457812
96318
182293
97523
339694
283523
4549
310462
14333
433522
100916
494943
10732
361149
191352
351000
212923
226130
287731
302108
327586
87649
239381
275714
13885
32189
387593
291199
475845
126970
269385
140162
410703
129228
135024
227003
38543
62000
238767
191726
15781
441864
325722
292963
98222
188567
444481
322864
92258
394741
101422
434373
405574
288267
2803
497621
35874
170653
109533
264936
108175
59935
194578
322233
414326
195246
474228
130308
56806
238918
13741
303314
319547
466132
379494
126429
415232
235249
396704
122771
175724
3047
230960
93928
289359
229678
537
191392
488439
379636
51377
11695
380020
107051
226007
112069
75806
419309
433953
301931
348169
438984
256283
338911
248757
413319
320846
351729
494321
395749
311477
492073
199384
100886
247551
60830
11163
418013
132392
467451
416862
346671
50439
303960
426074
205281
350661
234190
92113
22437
307334
468823
212065
184341
22363
470081
476208
359668
102672
390489
202863
330927
369290
455453
364584
407581
442393
446361
7626
129691
413007
392081
19075
166257
30723
318452
29060
475541
233375
15008
55314
460305
65920
238591
54026
430692
308556
170357
130949
207968
114961
459834
443976
398219
462318
77385
322402
236
60557
209525
431437
480752
243554
193117
73440
388214
454604
175247
306076
234638
411987
499212
428285
401377
154574
300085
457336
276675
85651
425338
246516
108767
222158
212101
25501
427986
12791
434198
390112
254105
460977
86531
68541
297169
225339
430592
223374
390325
293404
84639
376109
197062
328358
189852
67153
297938
125927
434331
333786
301805
348249
152724
474670
490073
169751
395746
2482
199991
104405
133584
484796
181282
190590
401817
383567
249094
441200
23731
332241
46525
199664
203371
469504
148530
35121
99208
72439
1716
343397
450742
280335
88265
102725
8468
92592
379096
15135
208271
120080
421949
199852
76629
98391
249200
365853
268048
156745
95163
371874
212887
332982
441411
165216
265305
310441
393915
495180
61452
371073
17694
423070
364865
344013
190350
262724
174392
410819
56139
129123
8985
378272
86839
495918
186227
218993
135848
343247
424167
430305
308157
496373
101109
474051
219611
376623
111914
321664
410253
70770
430591
400439
157011
384131
473274
134237
365299
105187
110858
387310
330904
139289
413948
316614
437162
403488
30429
252496
304563
282815
448628
268172
323044
51646
140335
50480
422619
327102
118076
47911
468680
411211
93507
127084
428418
149715
487605
108625
278060
234956
357372
245045
150787
253644
55600
262032
337490
57192
307233
408783
464470
348265
267334
357614
141931
37637
3176
210669
174271
244270
157422
223395
424527
320005
330627
218551
300493
238666
88745
183363
4770
96715
208077
185144
276193
12121
289534
464845
386439
383904
264503
233061
241244
81102
480825
246723
156683
15219
31118
49459
95077
103073
498732
327454
161359
19467
188815
32224
137095
87154
339493
406984
470071
447746
350061
440352
107272
427760
357841
295838
156255
305670
227052
342694
310844
47778
450732
26726
247646
354013
117426
106632
307015
275476
488148
145955
81334
189672
440002
141956
202524
489349
344906
286587
489570
339593
12752
370699
186875
83593
78953
385328
137303
444415
105544
390254
159468
354734
226374
102
441214
326878
413900
294552
167687
489035
226586
166213
465147
202579
27352
441945
354759
230391
77049
396385
137291
352297
308144
380908
427578
87287
196693
281934
251927
437562
1219
347905
335537
271273
149811
379047
74012
491701
274104
279330
85053
449104
484924
74695
118015
483398
422623
13540
467549
285436
169850
15032
34393
454443
266132
111521
83452
116294
335081
11663
23605
420288
168413
200190
496072
82948
471263
460025
422887
57640
123935
160263
453748
74661
312743
363543
410493
367189
253453
246324
324540
363571
98935
87308
491294
173174
438890
498853
67428
117656
327728
251851
366860
403612
114527
404959
494555
253827
56418
301082
118386
489755
274647
285572
251745
76203
334980
113747
166420
285221
149115
101920
20933
439066
363685
180034
409786
24365
451471
404212
114589
211933
407833
250722
69035
487986
447518
21379
406493
183131
136191
364725
76191
53249
303000
211133
475540
490089
168969
227012
90418
429148
253379
247522
369810
276080
446387
136444
335412
290899
347668
265649
119424
150524
497082
470900
117877
120964
487486
44707
87430
358873
330591
165484
90799
318475
352940
485533
367783
72924
445046
427876
420857
484274
165379
393703
330945
166517
354198
397652
458940
170082
114900
241156
404423
124806
451786
2022
457798
78517
255930
72495
458893
269588
387656
304037
374497
224905
452502
297140
373598
239991
302762
433678
264757
87542
344893
303745
45353
368955
330897
447169
285057
435967
1450
287281
137406
37868
378797
124915
42591
132784
222884
389243
205225
114026
427032
429780
490667
188167
385768
6885
422308
200133
199814
297111
70823
470909
357703
302003
146548
99469
4839
29938
334791
121604
493621
371278
290746
26032
330270
139704
318357
238207
276060
470649
125662
265172
176379
351193
355584
222536
174586
491183
443150
160943
43857
126247
8219
315556
41790
17759
15619
223730
133782
313631
25807
74047
66777
22819
239056
117809
132033
123236
48388
213082
355436
57553
24792
278570
429490
389249
80760
113362
41625
274512
185043
225430
437657
395035
349045
199363
335281
139281
393684
75512
433856
239481
389997
102683
188110
185367
125651
450191
20054
381243
57177
131293
431524
20257
471858
385764
248477
162045
154910
222222
370254
157247
71111
426245
167092
240287
59281
469261
101064
134983
201015
99143
353584
176906
188020
152447
183855
294081
173125
350907
329145
347623
246945
14862
362673
317458
409611
267217
35917
320945
221819
464130
474549
377145
232069
102816
148502
68126
481525
466308
298218
279580
106779
184395
153075
270120
253422
177670
478379
184846
115232
134843
50868
472529
384191
486798
419322
61868
260859
466981
137780
398947
458973
3665
436801
411432
461662
455812
313084
453934
330781
54629
219557
330250
167545
89751
123126
477324
229343
463378
292605
486688
191762
349912
217995
298792
193818
395465
292017
116275
467800
27410
223838
177344
145496
175383
499712
285983
17483
412560
287446
114767
299646
347146
348582
479954
10381
438899
77545
180400
335123
15925
232849
147093
392016
209617
294497
480035
21812
477363
233256
17068
3898
269845
92446
20304
80423
175761
223656
104841
196432
165053
301701
110732
398255
335786
138911
114360
285713
322435
41955
345778
214940
416142
361798
441725
261003
226822
148632
275177
266681
368018
339425
474025
498611
266733
181679
126570
55086
270847
137978
194560
227281
160127
265955
356956
482678
276308
415951
405095
155743
35163
163665
234499
329512
108476
479757
415597
187412
71862
371801
147742
162906
163273
26445
398018
338728
131231
288172
14339
258986
147139
101348
45719
18125
208202
53637
377335
361137
121227
376322
46573
166190
325758
294578
363465
314866
274219
453731
472762
155834
280923
382275
351907
376700
350839
478201
403369
383683
205195
61801
67012
273313
165781
203908
18145
56756
98036
175671
94986
356031
485483
5419
136178
307839
77802
107040
256482
84939
377340
18380
21590
305027
137430
257560
189054
499414
388616
128961
165489
330935
292022
398455
102269
123691
29107
384054
5709
493794
393948
118599
6204
247132
486160
117703
339424
72687
457702
140334
7613
468831
109571
42877
145995
65095
92737
331926
266231
226415
499843
396297
486462
303119
165946
25765
336508
164978
132322
313662
108925
426580
205262
492822
288394
440379
215448
210516
429885
301318
278998
490740
371928
83627
477284
397792
158003
61077
491503
212372
82839
292568
313254
284348
170833
118429
458947
333477
308192
60886
226613
266113
160613
41373
346853
134357
11978
449644
43598
40631
229909
40059
7031
461718
272929
314728
497644
191628
146912
300840
220603
436043
9123
488841
491425
284608
464233
210776
478927
314701
16565
256079
92252
116921
220477
495269
494925
418399
286088
458469
477324
272597
88637
491692
464366
3052
232912
303135
52593
144868
62605
481637
148099
214383
131321
194768
484732
182355
56020
197559
182525
49583
394511
151756
27184
307753
87458
364975
82952
293245
300142
149472
331033
495394
353074
390025
442910
6288
476029
437522
275286
277797
411753
287477
296592
24686
192958
50929
457518
191743
57973
383336
195288
134840
279824
414160
361761
71839
129690
259618
458354
450364
266662
131142
270868
458699
154145
460803
429178
299402
101293
380881
444995
441950
266960
428420
309503
352793
218224
24659
189851
183220
304033
384350
330383
94121
112874
182481
437746
175809
441634
151282
290391
147942
26450
256662
415246
235079
335823
250300
354208
247997
433278
19920
480602
326425
37383
9249
138770
112870
271277
445037
116490
255628
253159
142528
351805
357621
174413
383347
344290
374106
156703
175342
276274
107862
356424
175303
303505
422502
309355
96532
420592
312692
169366
283021
196957
165766
115096
491299
417684
451939
305990
246556
313112
317764
361819
330625
381503
245569
303573
142282
414643
16701
85986
186445
403241
76234
114283
29227
117872
364022
231078
489389
80611
175629
52178
464027
98568
228207
153958
494817
241147
365125
447760
361378
496252
262024
153123
217232
237109
364615
7151
351394
157647
87429
376624
378611
59632
326580
9858
75150
285927
469275
402375
493511
208966
38630
81817
228592
420594
373032
470733
393138
320157
160791
55631
477194
262300
42687
203863
370978
364015
406484
127095
163262
309344
261018
448792
286221
20363
268841
391525
45052
390303
459808
181150
150463
26316
228095
64095
84825
138117
155139
211864
61822
273826
114638
206191
191931
397082
191930
118795
455837
36740
409235
9945
101840
17701
165419
113039
206100
477804
480275
298473
417381
323258
62655
498012
77903
154281
174490
343057
98950
318038
82183
124750
143663
311375
276735
331555
467141
417107
367291
385757
99606
219954
296333
465802
471208
123920
261563
240179
194614
412161
219408
225057
484352
457193
268502
337583
226365
260634
490214
337751
94076
496295
89220
173014
391766
401048
221339
491914
80553
12498
56867
233498
188051
498139
115848
365058
191515
8803
317201
247662
74664
432136
329493
189160
153766
142939
353264
410228
416802
354436
331118
125726
92754
435564
441264
490623
236094
71947
11985
324545
379725
209342
139300
435097
401084
431826
172273
243581
158074
366818
450341
66099
181338
213952
165083
182616
193711
462170
164424
123981
287876
343891
38465
54815
91310
479216
149042
122005
88925
210976
160650
283408
364456
98163
205783
249966
428851
342396
379371
24223
85421
69806
279082
314424
57160
361003
285942
38139
287647
210401
208185
313581
330667
392409
49197
3976
387303
387223
289481
467116
233545
122253
11768
464884
126866
42297
236965
241029
433626
218959
66273
73733
303116
85844
343474
188653
267935
256627
5348
479328
109652
122316
289209
435738
69579
123336
468903
337534
214556
207519
430314
403315
271028
323662
317438
197658
141122
268683
287930
498901
287065
351169
173162
131864
232377
29281
386769
241519
36825
199800
486358
479252
34972
358377
50158
454710
49950
78706
25337
261879
61771
313895
335926
26222
208075
491279
442518
277953
176282
353683
147712
166757
463734
63389
463315
9791
371615
194512
484335
176873
485638
126480
255137
137953
8403
483538
27598
350779
272647
114751
55606
286411
115141
185244
223828
81619
247241
80679
95299
443080
265169
480358
380915
78621
395873
201715
483326
311784
3790
472492
407899
351166
77106
241891
403736
480652
138708
112896
242221
111003
442970
204735
112521
13414
67646
132641
325044
443029
85737
117343
67604
14164
49451
109471
411699
311342
256165
386593
206218
119287
436519
367279
197189
289286
59714
171410
493503
373302
375039
187099
470386
282873
100350
70975
12019
341149
320439
274493
482197
350302
271815
233743
51898
462262
146280
300744
405260
25685
13837
334232
151296
205485
402447
159703
431037
450559
11525
86093
28165
402194
395840
43980
284419
393638
115727
378833
465190
303648
320796
54552
100848
495831
130436
309462
405038
14628
167615
129761
179496
304393
402097
84904
235574
332020
302256
348191
194741
297887
450877
450290
434127
246832
371660
249168
311513
350479
479979
386488
234195
483154
367951
395028
499857
184235
351433
306176
182420
192611
142615
148069
428327
85386
421689
409536
367328
386692
248761
286526
143833
410919
467434
31319
11745
134168
41036
122561
126449
67526
411357
398267
284096
53078
100253
331107
160355
138733
279135
110592
280548
182282
353845
294879
324405
344676
398839
226034
412168
274017
225951
72243
366928
440767
99375
170176
41374
414325
213051
239208
326132
309708
274075
202835
166862
489509
155206
31827
489057
281850
489731
160005
449178
279609
291246
92402
205619
473233
241249
315367
331989
185518
46450
222908
271429
219281
291016
390796
245314
466300
471994
190921
98345
418322
218639
481555
144941
39869
365672
181620
225843
463039
350072
494753
224221
320755
266613
361619
235672
195846
383326
417001
252110
398005
442377
378349
97791
393417
496512
428622
326145
282057
473090
51070
354836
353375
290296
439915
4685
67464
179729
267873
403563
157986
253115
111008
97793
356162
1582
152046
70562
89697
16633
116599
199664
271568
454639
327929
215402
272073
398589
108491
125655
62096
67711
111533
183418
153189
319739
319498
437011
357382
316953
482104
283643
499245
37601
437850
356239
424419
328489
125199
246194
428631
341991
299016
267164
3664
347612
332779
456152
90146
324623
420418
138151
160893
153796
309837
383493
149102
193659
268822
309426
10241
55075
125873
389481
136748
55606
354597
431841
73800
239556
281663
27541
29482
209878
32572
24349
466412
238700
235212
211505
224844
89881
226336
336805
108464
43536
205221
419265
432514
387219
236089
270933
259410
31889
293842
78254
394645
101473
19431
315561
475591
131941
233936
213799
99977
407122
277492
6688
372410
144610
211390
375531
199576
14401
51776
224396
42413
91713
120439
414236
361200
406042
20359
407544
473760
155306
212517
306439
152595
163446
299272
70871
141539
294730
84350
384063
454199
434060
432888
375538
189905
59764
408247
337083
389381
211172
188398
66305
201520
206934
200808
254201
178496
412444
428317
298250
453524
5064
69791
360785
122122
230609
16920
68728
405568
272071
329769
268192
356221
286658
66785
27240
228315
325477
67280
130224
383875
142543
44340
19748
277732
437338
82755
443176
50117
59495
187915
499296
200536
210497
494472
318134
486060
191247
435889
157121
410448
128523
163866
195580
271149
222880
321918
2680
197216
61640
339615
2933
117577
49158
101783
262449
59441
425568
142553
43956
446927
315747
96822
411294
373307
369293
231176
380952
416072
343861
395931
3255
303533
94387
178364
33784
145781
348794
264743
116282
48120
408150
52329
486884
245320
383612
26067
34574
454817
123923
418518
134275
390554
41805
225985
170954
99472
11977
106121
78420
370452
393533
176424
194533
282525
490612
290711
305598
114977
156320
281058
279276
32087
203702
297485
88880
308324
20775
377299
5294
462841
205028
376771
52477
430373
105372
128956
182519
477265
128012
360375
99721
305837
466371
38716
408566
284212
129276
184755
465781
419078
88030
382414
378443
354283
226220
206138
31932
480911
478180
306644
453922
85697
436295
41441
421848
229233
417773
235823
125591
255739
306584
135217
144988
373356
472309
11703
372141
162964
335906
413687
98354
471293
97373
451626
181597
427677
326798
430178
368389
154967
374609
389646
459426
236341
263150
225911
323599
235556
255041
11574
135128
51378
439180
416531
396253
3752
48892
424271
196979
422966
362457
167701
396203
233454
261386
199477
322784
399009
275629
432355
74045
25291
228200
353257
385907
84879
329287
279544
170147
14145
19205
29184
196820
341944
288204
394299
235487
297147
419027
200751
393391
87628
419163
473245
196505
494573
286227
104398
406800
248327
52293
4932
184949
316628
231920
404948
258145
203942
71621
95876
429806
341636
197465
329947
395859
249120
245036
15289
363995
456445
72105
159112
20315
134252
287579
26033
387256
146219
434639
93900
67698
166402
94507
254891
426205
298955
395929
308865
62829
347536
333883
234089
400235
156019
409661
9455
89200
319561
324829
496855
112061
4010
406345
218883
66161
404837
391898
290067
91473
486697
488935
138320
156311
177346
54382
386762
247876
244933
466581
461191
109682
475462
83772
406563
367266
83895
288636
326293
18323
215401
403113
258654
304814
493372
327518
113169
98636
218948
480360
350436
342668
488532
323823
48574
62559
170748
125351
344624
166399
470948
441917
141020
164106
487739
469294
255480
53805
382283
433617
374800
469212
330434
436785
248417
17524
386848
102052
231639
366447
452951
75805
98022
184717
75050
191342
411582
85908
470966
307631
116764
458203
365952
488810
140204
187388
48278
293899
318782
233353
161027
336168
44543
266939
465778
39353
65077
448925
461502
185579
239125
461034
476682
143956
348925
463357
167221
317726
129111
459465
13388
118225
390036
68037
372236
118849
267098
156224
444282
380893
334029
20593
212130
494194
434999
129242
318659
456065
331738
6280
85801
357718
424586
161729
211596
111260
301813
148116
113831
121572
241722
374985
259164
143851
224172
350313
361930
28666
54807
225803
74281
358
24485
39054
124082
254286
224516
264530
212238
253416
189784
293739
196125
290101
250999
23044
281508
253930
457199
33575
210590
476746
192952
462116
72635
53460
257486
171649
230435
269325
450124
144382
408846
56700
97356
151245
32548
93418
300495
190845
386750
377012
158359
466451
454905
106712
93093
314318
280896
476705
417019
156474
217144
482683
469729
22077
363812
71550
460300
9769
355583
460650
319452
318828
410379
336194
206132
333411
486690
113890
464038
27160
36710
8207
205319
425246
128273
148687
396036
435139
345183
411131
282775
455902
373719
204998
111639
371559
56068
305901
97283
481817
339257
11422
111613
14949
24180
401580
51680
290028
226618
290205
406306
488631
431115
70665
19144
254144
99589
228759
113162
308607
19738
205620
61795
11320
104187
208140
79992
98760
123674
121076
318291
86670
456735
421135
89815
384299
168185
13495
385460
319558
15770
429462
215522
259375
91540
319962
477824
490881
9866
442458
101034
182136
47655
96895
193203
426566
73146
17139
268690
380644
57906
194268
217847
97304
199849
83271
403678
413810
442132
367309
418173
327404
487540
97202
467947
321042
412260
173686
192092
140967
178448
330076
50723
74069
67942
449941
437678
135916
496012
482199
112787
344638
135221
275299
399414
250151
356910
245474
299220
11134
365809
458583
283782
305086
260693
342238
318162
458849
43016
276417
110231
305141
399856
169839
423876
393204
157790
9676
317835
246370
401540
366545
203142
421540
228738
191474
244819
499093
114966
199719
277826
129896
80848
55562
165984
351004
113127
284881
232282
269440
347296
194713
5725
13208
426163
415704
119522
451047
124328
217695
119626
262667
412533
309851
380437
153309
52904
311574
475764
243775
394492
100250
405849
295020
311008
151994
448236
426225
312047
145585
273172
283451
201795
139831
276612
120227
375570
414588
172923
168273
250430
461666
33514
101433
141219
2017
347787
81739
331429
307584
243008
362851
287837
15892
191035
67861
53028
263282
256738
248968
316330
71919
217954
334201
300449
297328
15103
482779
142646
149434
14985
269182
487773
394780
493543
8863
207305
345857
436803
87148
261174
347005
366544
206991
428408
160442
315371
115678
275913
251955
202167
235655
15413
165461
397729
377498
43530
310783
329112
84662
231681
230199
111593
51729
246387
87208
356653
487604
140398
366838
92903
495114
418259
276701
52917
213845
436488
71561
494831
395901
139036
292025
37579
74127
439599
390617
395466
209848
381159
479254
467471
133366
112410
464468
219703
329843
239384
322892
228103
39625
267353
156404
205170
81568
141388
138232
361139
96550
250811
31910
114494
87857
490038
184685
351880
486108
150730
264652
451267
304188
112067
317953
361189
365408
73363
489947
232408
497618
344065
168103
438910
242587
442315
150413
438399
366526
474627
226611
434475
327582
282348
351046
274244
61100
14069
138223
484970
288169
380914
135835
66891
367924
452471
73852
436859
331040
194612
246428
345813
451352
246135
277389
358892
379943
164204
153882
205312
13365
212494
230845
181667
258574
4902
123557
55006
311465
438732
416915
257373
117948
321013
299198
381066
292156
50544
369609
71561
4689
151610
222828
402690
419212
93638
38917
265620
15400
167961
51242
115700
129099
6850
400861
196139
284874
238758
462812
455240
317603
379462
245594
44667
12648
295458
393093
470776
14554
104870
16290
349435
143041
224133
35914
46776
72646
200518
291653
142932
66645
387338
29094
29729
465033
50853
411809
138395
158959
239179
403071
228241
322159
77232
190569
269455
293277
104397
224422
55445
226954
103633
238021
416136
476501
399636
117626
161018
342357
375358
332199
173851
74309
334322
339519
121358
225331
435995
272311
450062
483822
34417
237641
14281
280359
28876
196203
2132
295650
435530
447485
13573
412145
439500
209490
306636
302664
459035
294800
248206
438482
282271
160279
329792
293452
417087
421393
144095
90430
297262
466626
129057
369537
234242
383077
205258
67938
427895
440531
340369
144274
471260
425755
440227
379181
212430
81679
312883
476486
252988
313329
454348
92792
139589
270704
32391
463146
301998
149166
340990
275644
439690
474710
330746
68097
314067
17899
452001
456093
241221
153434
290005
24405
88492
49470
480063
492446
66773
148549
79177
85611
109331
48437
349496
186835
113359
183718
167017
153200
495518
380885
347126
49393
467763
118369
377815
102291
10314
496875
279197
221642
79023
15633
366091
302321
431250
446606
56873
111876
17233
90009
112954
146782
290218
453626
305405
318573
75501
444575
359240
428978
405413
48732
457468
221662
254627
391930
305822
267721
275475
22452
116961
382697
11666
108267
322359
447338
373582
62658
345918
312329
294679
186628
215684
48865
404691
158036
361266
55459
271507
469797
283514
413709
297035
261691
441990
341265
263469
377413
355491
179387
302317
410063
486790
391104
418637
87233
433140
433794
268749
95959
403576
165284
296917
127955
166395
48488
229316
149321
87431
297529
27840
413927
139130
176568
376974
157937
445204
355827
438100
468581
483272
326300
141217
26065
447730
224914
50575
113019
46927
285743
364308
179234
291311
479954
267127
103028
180132
105831
280458
356746
34721
123466
216094
209727
176172
170995
448812
397153
478109
449796
6609
136702
295330
164918
421874
336393
115754
71745
53903
138933
175371
100869
498963
93766
7620
455075
323023
375159
225248
309765
382668
227382
190428
293402
246211
456111
453231
165102
363456
408977
208478
153807
429695
185113
181082
227648
197567
445636
265856
331155
54236
475474
381189
112180
219812
185430
54493
381938
477702
93118
163000
280833
149877
136137
128443
311266
368420
124623
429238
217223
199571
40935
34563
101423
221854
32509
280425
147400
13783
216495
82274
369149
306008
461142
37043
244651
49485
298002
62359
403295
318732
390041
425766
86047
46601
478356
141461
197143
198986
224365
436281
239848
363539
170706
368150
155555
482913
119557
302928
328675
305340
103091
334524
192212
35633
338242
494368
232701
303692
113305
248275
221669
252216
445903
165275
159977
327203
258339
27879
193419
168833
84684
68018
468594
233477
230750
161624
404376
301348
314940
380971
225317
378598
65720
151353
162102
209061
111228
380113
415448
443724
107410
341691
147678
140928
377248
406991
137843
249497
281270
399999
221479
113319
96966
425456
47669
431225
252397
417500
486656
65375
85272
74701
69179
425699
41241
173530
202051
358893
351251
254710
185427
92799
60578
85351
66746
272881
349413
338356
299002
205755
490824
349498
487823
294421
262969
151894
52980
49964
182499
184220
432037
443681
199679
89121
211484
227574
449281
354065
27035
459012
404681
161188
131628
167389
408118
5450
177069
223961
122564
102309
44678
462625
84422
431650
53811
271252
454146
282854
431086
46040
483069
21390
130788
89217
466054
452508
119053
224811
244215
305081
255176
102870
102383
408119
416073
406275
94272
498699
26084
455196
165097
292266
293279
180480
120470
393327
207656
296712
254027
128238
108628
179933
224736
464934
421425
334255
259668
381089
484454
440511
484237
11248
178081
127421
97888
337230
196285
392740
25149
96567
440084
220455
483744
349052
159916
110601
338794
192201
417586
255826
425178
35120
190471
93564
15238
326850
320766
464891
458102
56617
481646
65299
425131
309778
481619
446109
232663
320868
45881
31853
354165
83492
474362
199737
57969
205404
245946
242040
55389
395628
30800
16813
346204
429319
162187
13930
322807
153798
71015
424438
275588
143026
4844
396679
154587
455274
144578
494297
490140
226206
318434
438516
334066
22496
54695
165723
401793
360532
351470
58224
398422
378384
93856
438383
353056
341432
225971
457636
8781
100217
156884
319842
75433
181740
413286
111438
283533
373073
306040
373158
67028
336130
50380
495970
181247
147849
128651
380484
294555
451309
393733
172713
329341
350642
205650
447938
308457
121146
188829
15280
341003
2422
311163
456665
115113
306567
101020
478289
303172
256308
337296
423022
420556
101841
12557
440562
78104
345410
129540
498772
274040
260379
337531
33414
61103
276084
386680
343461
382778
57395
129432
103257
336886
258847
201280
470437
108976
95965
210954
100651
200311
316948
418707
125683
169671
436570
479579
349052
483562
185116
35723
321143
222500
31696
426923
349184
30270
59658
417576
130777
211767
84403
278597
24390
364220
23987
296808
454614
193404
83613
359414
433597
89038
149148
235134
241399
292092
99500
212591
12469
208147
57564
447158
141514
121559
260135
78990
473308
369287
286538
249111
235838
88139
166624
166338
3288
303316
86644
315917
284653
403279
125520
248203
17287
93715
90132
37358
330953
150897
431382
419289
84083
24320
58968
323893
473571
133576
288200
41619
369454
152410
284183
220860
405364
413992
135103
333156
386193
124259
352645
138951
7238
152260
427736
375303
195615
332665
459421
236106
222025
491806
187451
164621
165414
292518
152869
400704
306147
245274
295414
196847
23561
246792
268499
199475
360260
382424
275916
27986
87829
300440
484355
460680
285750
7527
231404
206119
189255
373324
157999
229134
456329
499828
317846
79445
196807
36353
67937
490445
236140
344378
311912
12411
210678
359112
184185
416655
90285
403825
314927
249710
361304
134886
15173
366845
78185
149498
249289
459687
381807
88049
448409
279416
391576
1335
261360
409344
317830
232840
460351
343291
47190
325097
145673
57731
270352
98592
183932
150543
478316
33177
370306
427425
428419
270071
363498
434797
6656
467308
272656
319318
107994
348149
110657
385666
303829
417202
94398
253979
175929
89769
105315
361540
311345
49066
131500
433822
411695
393006
244406
255201
137645
399920
132752
172326
70891
251644
138736
438757
50297
120647
125962
241049
121794
99623
474118
43417
345122
364810
279470
235821
427158
159067
136097
328746
478779
423579
132330
183008
265362
291700
417739
121917
318010
371042
123122
94112
171704
53016
295627
28187
455569
354414
487920
256120
394600
273516
29631
247661
368316
246743
136097
283942
322954
148466
21109
129675
483748
49063
380281
27929
66632
347882
243409
86665
448437
144755
136734
360601
349086
280857
406564
140209
257485
451968
397192
470954
224255
125193
390284
27997
469748
155254
365052
184523
432862
426659
330812
409303
362388
152885
98160
123556
222387
359108
345936
200716
19664
232829
169193
491668
200490
465185
234647
160235
219142
414998
207939
20472
190265
310254
496719
456570
470840
163779
174221
67350
175090
70664
456001
9113
67770
156518
410384
319515
111666
335803
349333
14901
283578
347061
384799
21320
394822
87507
415702
265112
428457
11834
223223
201666
383612
7955
316459
256413
61741
45150
260614
149437
105286
468055
181980
268114
446486
384383
428110
144214
248787
35713
235393
161629
247236
128953
15363
105378
187668
162049
79980
163674
348842
467860
177990
45097
9137
451637
428543
87836
444341
431366
477345
257128
437275
49612
81357
82916
132927
258462
235678
278558
243676
358078
68148
287870
219380
14343
131953
248165
443947
307253
330840
172810
223100
65193
80783
476240
305644
871
243455
82186
168754
304029
499910
61452
443080
125334
74683
43171
64669
130018
35393
242033
376217
280938
183961
329461
221234
75907
448731
192694
217928
411170
141436
200781
175110
443987
270452
326370
452065
305240
85140
455752
366106
250212
443576
368963
315018
277578
468742
80530
110204
100041
448141
224328
50277
119643
123748
54571
250312
279577
193792
489863
194921
84193
129301
204545
234231
231567
93234
350667
57649
66554
201762
279944
227919
486958
146869
268652
73856
115476
91956
222164
412863
357919
31553
252614
282421
407713
273903
308344
453382
94917
249055
433846
176576
143540
464095
310923
83316
492623
418541
340738
407361
290609
163513
451683
183151
136923
356861
59065
480106
99773
19012
192138
273572
272971
48804
306649
6638
322101
411599
261566
313751
496984
55684
47912
335209
257072
26270
126842
80754
312163
418510
35232
299362
166826
436128
332705
439887
125743
400506
385736
207936
450934
305144
197045
106166
192706
409939
370403
490568
8508
270086
442888
30285
104702
158599
251893
355699
45449
380370
474725
459105
295446
87790
216298
212242
237641
296328
321591
36465
267488
137026
304290
436517
48888
440486
210465
160288
36920
177743
109607
135330
27772
244453
33490
334567
177237
349819
57224
165876
436622
295449
383094
100361
103911
496541
452722
378250
8813
150481
192438
398489
348765
101301
284947
257364
327846
272238
432791
170361
182027
390517
318234
355234
230103
410867
227117
494290
191753
305494
215800
16149
327826
86745
465174
49870
190700
69397
161506
16982
317239
357774
484438
222092
63927
441657
310750
407845
27248
40452
184408
393452
191058
372515
274364
126915
232817
146367
407304
229076
344633
368999
150979
399195
339107
156196
184448
419652
289394
136446
123458
438129
463654
225108
389025
128427
444930
154125
183031
359878
123107
312432
132554
271659
10324
40129
121466
440430
272269
427253
132502
268957
182338
386107
413606
100668
190757
182631
441242
34707
83982
324992
266991
186892
426958
185332
34590
470563
184071
389856
252410
464905
51007
96893
412645
237040
190317
391854
388456
135574
68287
229080
115925
16111
105031
11842
487624
132922
351006
72758
164999
135520
436870
239542
297127
215056
430819
296996
417130
288542
330198
251044
23621
487669
313785
55094
265995
406614
161652
216541
3515
347688
305785
451827
198842
468645
256723
248508
369822
188272
288006
397006
328121
222848
21903
335934
199798
344944
419660
71183
372544
352069
463253
372132
395539
232609
52609
223021
360839
365131
424730
396909
259019
45204
361014
130507
464368
216750
369099
418431
186226
436446
212125
219710
143486
411590
393621
416568
277278
108353
95683
307348
111377
291573
325246
137556
333339
455344
343606
209436
33008
217234
496894
28640
195739
114032
98511
134105
88730
57081
195628
459430
366086
485618
410732
335352
181046
148868
336963
36254
17420
197581
43359
494375
662
373021
177516
153084
424676
427502
123021
386416
343603
403501
114394
273408
387466
459617
302242
168383
1985
222408
175212
422400
11458
424565
349631
366866
226431
147199
416641
367608
381525
474279
194040
282386
77981
188028
365334
462315
461963
25049
11236
291365
156836
414291
409118
309642
74281
435131
20703
415275
173111
430169
363768
480533
256008
85648
201560
406430
125313
318197
50146
240406
39771
325491
364024
487095
335342
342605
204818
325451
45484
91700
24270
182097
136726
37544
272309
202193
84529
69384
405999
482714
75857
389689
29395
70524
337752
276882
211756
350128
312774
311114
328635
35770
291195
463704
325300
365753
171623
448415
7707
474521
30590
72925
199718
65635
468732
327244
271954
370665
447862
365103
149983
265329
103169
374632
371049
132515
219743
347284
274888
436943
415659
229972
4390
223093
65489
141335
203598
482674
228386
312600
124933
365836
4025
294934
268048
231029
79837
358256
361663
333372
228167
448007
434085
485181
262569
179920
408683
244105
490867
347962
24316
261456
230086
121417
41720
461120
128362
77638
478002
210908
293137
439890
437469
177615
394545
425432
7119
362645
361174
345751
85065
50533
248744
362946
164589
430760
107635
497282
190148
311836
76690
141343
77944
47505
338062
53262
377662
366305
144931
414076
104938
61837
254005
72815
191431
484671
431255
114823
202456
213453
464549
267180
162569
95157
46912
46114
492851
203080
256806
458875
186477
255809
296512
378258
313014
398038
30637
256101
424825
140033
130271
272605
404370
317355
100417
23653
123434
163998
470701
206205
401604
120647
244019
149077
271718
27655
253384
199978
367536
31207
488309
220143
349799
106285
104945
96907
189014
8087
174879
499367
311421
1827
186781
393847
267710
476887
375006
208
492729
77217
367918
370571
94687
231268
192898
75222
139121
413887
326700
129276
251933
389192
251646
267055
140668
383777
3426
189258
7220
158301
103266
142019
27444
203011
307801
63363
227654
144241
134782
172666
388440
437849
319572
293989
303875
89397
210972
184956
320178
321306
484334
173644
427319
61114
386181
166531
479262
213808
226391
458213
265033
439059
189425
202870
485373
360778
303871
346126
424274
225159
276662
189771
122626
243015
469032
432568
149811
35012
312501
373436
492040
248831
77896
212180
285969
218475
345003
193557
375247
171661
7462
339316
316803
496566
414468
497799
296073
482104
499560
299593
253156
236174
307716
82807
131718
386607
200237
324484
471031
150062
427859
102684
484823
442588
42254
474000
80686
463992
488543
292917
342774
245457
368513
427603
118071
246345
447486
301139
451894
122813
156813
334230
326095
285482
446763
92198
63666
5910
410347
120962
116916
176882
118085
240561
353469
394755
21827
93525
51416
439376
258714
314059
282140
48848
67426
180412
235448
47242
454598
340539
386667
203178
449830
157065
453664
482310
366284
193855
444962
108606
117815
273892
82569
122932
202225
377086
379571
454909
175667
158343
465382
143298
352550
73617
380665
164971
343987
98913
305863
321109
478907
403585
404225
273101
121259
95103
58802
190692
414688
491495
94169
112415
325849
337484
116463
314690
425096
158062
194065
469494
315283
321500
454607
282045
213036
443851
474601
417842
370788
323089
254260
347395
107855
367231
391168
55418
2434
167226
100104
121024
177876
126117
393921
291963
256664
288307
153211
300439
79395
484100
87315
193877
322882
339153
165368
433418
241907
148158
269009
343319
177651
126319
202656
357400
266579
70191
160414
321713
39629
404954
484313
176842
28592
270895
248661
150590
154941
17989
132680
235731
157289
210909
17490
395493
10464
7368
177606
434555
273499
210173
195998
308760
461082
261299
96426
467365
194690
10665
379658
425734
37073
220484
215565
164038
78233
5611
140316
149627
184626
222548
404995
364702
129977
220086
446900
135672
8976
403610
13047
392606
57723
420060
40888
37147
322158
160041
45923
71357
8017
405350
359125
90492
132280
223219
395517
143771
373635
159298
110781
136734
257913
446564
161611
123201
288667
144485
461689
73784
58023
42797
470691
148652
280254
156606
443648
157192
272986
475591
358548
498037
213622
91117
483862
366018
452427
229517
315211
281266
453628
261805
201821
422904
68601
406281
245159
307780
29801
18323
23680
355345
239764
300290
292555
321712
223405
386345
372846
367505
241633
36256
323904
369729
348594
161974
242315
241932
278324
357123
402296
67691
421941
49081
140614
465890
380087
373359
216181
184515
457038
93516
41029
85054
497567
253341
361495
48616
76278
257398
221688
270590
132130
79660
118589
370539
394756
169147
262227
85363
338295
358745
96585
482091
425496
490354
65348
271224
33696
17518
393429
327504
317282
178147
65471
269510
122080
285350
194772
69774
328063
37600
489919
42759
168258
103673
73576
171491
278172
102886
339331
444974
442747
214555
275670
55019
345382
234502
63984
420217
555
270701
18684
77730
116325
193426
385378
322280
456381
215583
415224
292327
133427
450121
223781
31066
75685
334082
352497
79084
253135
481422
45020
97632
339706
28614
329263
40710
396746
321935
108732
107347
186568
205694
143855
484235
240474
182836
359404
207015
485080
377319
256487
244022
437588
470198
118784
45421
351752
295922
351049
365178
298145
387249
312791
309525
228193
242627
446899
332523
54204
176589
288378
144086
243978
406829
286985
403035
458588
351265
200106
123322
191740
491506
490614
125289
360461
303808
249510
398092
320486
487157
453148
418294
75894
160755
334691
470641
319823
98086
94768
384187
250547
416862
308602
402903
84238
496351
424054
155817
264396
448012
467960
490877
377414
230524
475545
268214
247541
490091
214547
54032
148128
348011
209248
65554
224254
404144
460175
288318
277521
126976
416494
62871
363923
171294
321937
254483
290551
157102
243664
203214
427672
374367
255629
376777
356439
231776
14822
175619
28479
432302
24466
163470
222256
272109
352585
300569
254678
436352
416141
273226
379502
223117
71755
227836
179091
376500
11818
19903
483070
27185
216352
382071
136789
203961
274054
397981
217890
156323
223313
386776
483208
421605
302469
318372
137208
21852
184730
388571
234362
203573
166910
98423
160567
395707
54742
445848
325810
80418
251818
345965
385816
37207
457086
254830
407460
287525
458454
38692
106475
90822
194409
30225
418695
226312
360513
231768
386511
497988
162517
161202
296427
319948
190618
75270
13679
499329
454914
423937
304240
437946
491045
384942
321499
206140
47888
381955
397377
329561
499968
23872
379844
351220
340813
47803
461782
223924
484152
439749
130227
282117
34189
469399
188295
147554
43443
495595
34838
160366
137855
373908
38741
440511
62763
338296
450467
453357
345859
321339
428790
253503
275286
42670
225423
197439
491789
351433
365611
100357
118278
142227
302478
117487
85718
374131
199021
466046
472481
335054
365162
41706
229108
366953
83368
355996
317366
286422
495029
403633
245076
409188
457178
398231
350993
454197
483475
140174
59306
169482
419198
169639
151497
82703
113275
156526
123764
499831
87013
152527
260581
389523
379350
91240
194621
50487
49769
8244
13841
347694
428805
467724
39181
388072
258617
40947
180227
430375
47018
495500
404533
288292
116853
12500
167080
342276
84764
258929
175651
205180
201517
462264
97278
425553
335168
16310
287221
277978
421240
309104
307546
11431
379859
454317
261434
450440
284644
443673
187850
157215
270323
220535
152094
56674
151992
26180
472844
345859
290501
434002
56494
21573
112277
76156
310713
493209
242819
359807
480740
71422
50552
120053
4213
120454
321137
419437
209801
208847
82496
486946
350079
269487
318443
290673
188076
287119
323063
233727
342761
58469
141956
121924
449051
79320
490716
347358
322773
146876
96796
191207
350855
266498
5566
197232
237334
160902
459358
117980
95852
40157
388362
404385
164820
438205
79851
254099
446715
486630
49649
223761
173403
470840
266688
429787
250286
455983
493877
11759
334959
198813
295845
323743
369457
460787
262883
21163
184973
282033
498311
895
416755
387698
121667
201109
282838
253113
341975
304546
18136
438539
285933
276673
441669
89199
203590
182388
261782
177729
396594
219206
413698
417642
18802
428813
448074
141198
137996
335778
28091
457072
401960
418205
375414
317530
197942
492891
178462
110992
445282
430720
50463
438953
378673
497932
123073
242394
274768
258806
281059
462285
189134
11818
32036
33582
70527
446140
304577
124040
92176
231728
465514
140452
375120
79512
476881
240266
237636
255941
443960
192475
5903
477333
363359
47442
148690
230614
314691
314883
148611
482496
241650
237951
301962
87333
172259
438234
71229
52081
38464
91442
33070
446454
394985
427764
448947
141350
52659
489631
474286
242478
388232
184258
318888
361852
225192
187303
54309
94413
38820
209376
425393
246797
183221
96800
427976
389439
209443
320301
413775
90692
416895
367739
313887
287607
337883
468065
246312
462558
394737
463179
432344
90390
494041
404447
496077
398207
472031
66400
410657
401745
8108
22828
419925
29642
122155
175927
173763
75817
271849
305582
302148
360312
252491
150630
46029
225317
494075
160320
326960
346915
474997
357453
415738
287468
11117
37156
317463
267949
66251
305990
328999
72262
123476
479424
282150
190752
10789
144608
124895
34010
272033
468280
460196
83879
292863
473755
313353
128803
19311
35098
34732
96740
400185
288955
199667
415268
5683
448762
475015
309536
274877
344332
16823
317357
77102
471626
319435
429239
398151
481368
431893
165383
286664
459395
102057
208673
247112
488999
61959
474165
57728
324776
375686
115645
497101
296248
36073
114969
252794
85286
300023
343663
87232
498827
254705
426353
122331
166292
126046
1887
249275
80820
296557
303824
46394
412513
347405
180473
452601
363602
364688
471744
284699
75645
110600
455257
477854
346005
379182
384322
378624
232741
191355
430479
110527
346138
371856
35921
301698
432582
82882
314208
371006
145857
204107
29749
208790
374640
345719
421335
490603
123692
462770
220246
292044
356769
470581
42940
225641
253905
26306
352942
378285
17111
464431
162939
195457
260998
491627
354521
460517
92820
312306
275009
343078
279896
305676
8282
104415
178152
207533
363827
23273
343680
189363
6652
46385
69305
393542
144560
193773
154301
334208
43556
111080
16702
185904
474703
370949
458398
148890
454133
106884
386608
189769
26569
23495
397614
298122
156914
386403
435744
96171
426966
216959
445678
102510
192922
398355
352706
202707
283347
138686
210752
178938
145751
301421
279964
343906
336209
498463
415182
154565
117109
75357
413157
46013
46549
169385
430454
390524
318705
324779
154729
67338
150096
353933
113232
76232
236615
151158
122018
446324
455776
306280
58676
269180
148822
50733
247268
26893
134109
392931
293320
140660
86932
241957
284400
414028
257685
458770
239075
362591
64554
28521
436193
93089
171062
105256
440254
18959
183849
281323
28471
438041
186020
138376
211842
349983
461470
73624
13935
255011
224518
155848
6866
460163
242042
206327
103735
342162
10836
357714
27733
233705
311718
153768
352410
114584
273213
192278
391199
83864
489499
439958
376574
280563
278122
329594
488859
47080
18334
93255
267832
152
281657
65861
376481
440215
445639
137765
140220
481695
169420
317848
42181
117612
371006
463468
176859
226429
261574
125530
309975
41622
276765
317823
8143
196743
100196
386072
263187
13825
23489
302455
259795
284876
487648
322714
241407
41380
64765
492065
78983
276871
220938
489992
373790
290209
272074
422661
487174
294457
19152
198478
201102
79612
116158
146124
279714
137937
51173
106416
418050
219217
475212
213070
267805
135680
349540
176036
13058
212826
189177
181894
40118
215738
422732
467316
343212
307734
356165
271456
474764
342863
169795
21729
232967
190599
422831
455203
79373
178208
481687
130667
203942
87672
48328
45687
402847
290797
37006
260206
344059
410692
110778
19376
146882
187259
386582
60852
450143
95873
354239
297560
392521
166976
480941
344541
470874
231670
356620
448954
216181
117742
479014
255581
39736
273900
25819
242652
55626
250100
61814
182364
74486
32957
369541
121374
284317
7846
442014
147445
26137
462653
4022
336333
34077
3108
209887
14919
329623
197235
453549
425522
371759
123547
37694
191499
50708
422105
462237
435513
151453
243176
244201
100124
18917
165345
378823
267469
200590
422102
73694
318183
381387
463092
423055
384439
491069
333251
28040
137928
476341
253207
135713
74668
90102
496967
146688
102897
246777
345985
444910
145722
52022
41080
458241
388690
7431
13864
379528
417284
139122
75298
153892
206853
58923
47865
279510
293448
357173
71204
462371
267018
400916
494627
358779
206691
493802
65217
104976
63214
109251
499680
188124
445623
462332
322772
92290
178387
270279
307463
417505
478753
106976
119591
277765
428319
153068
208965
392617
145413
185600
402318
426292
57511
38009
131153
297298
166471
430616
5985
349955
214730
115763
442161
28278
286170
342194
496721
354354
376523
45969
125515
479221
275556
100701
310010
309302
20725
67289
152480
270002
494278
374784
352368
477744
180911
310071
18447
174491
106762
355886
220652
413121
290915
78327
323954
434652
171034
28457
351154
129332
142077
413093
379959
162461
152816
415396
227025
44496
118828
32575
47630
337027
373283
1307
429939
495361
196359
407500
58763
184507
67355
269792
215484
437488
7478
428099
321574
184379
47762
493192
408122
145547
220230
489095
493179
375337
454718
270275
322020
441248
316510
114080
231407
82382
417569
378130
232547
97346
280256
437105
454646
207066
404676
215469
472484
140221
193642
466562
101443
201962
140863
43083
75253
477637
316889
132183
466539
264608
486934
176084
89910
53338
64364
401056
435219
282627
490824
494872
238935
327233
420785
83164
358636
77026
499687
438253
12133
131344
16724
120696
328974
109348
26497
74491
46877
209897
293604
486620
363492
298859
435742
452203
5290
391858
226104
279238
415277
448532
15252
42689
263385
224833
368887
469169
264560
291631
487701
158081
311696
312765
180587
274665
79339
404166
56761
215888
404880
268531
214527
163661
221209
293997
286795
249504
407512
326897
53127
191357
133059
19610
420520
201781
175693
139211
35449
190844
389
414873
353714
105357
378656
428427
243405
192956
236265
59677
13094
282139
154535
69422
360381
305673
278743
107131
327928
64088
29727
434976
237993
474515
81343
482635
383142
382769
200762
357842
274656
441511
434681
88420
406067
180907
154600
387542
361039
43735
44742
96110
141439
334278
132052
35638
92447
172070
358253
28462
465781
176537
239206
474241
257883
181767
78539
129338
144026
410982
76075
353220
467603
209768
236354
327963
409027
290928
61790
384562
335393
47245
77959
39355
466745
396076
314835
418840
230390
464130
334235
78994
142021
343872
318953
195316
150183
349444
288871
429445
223739
176029
138568
261558
134831
302386
137855
338940
487492
440010
104280
453581
255065
391828
301574
485883
138635
379773
368130
131008
441658
457062
480522
442691
488216
93144
204628
408261
148509
437514
141906
47876
257296
175718
157242
458705
335168
286531
336817
406654
441401
108051
365634
286790
142049
445758
101926
276927
175020
67058
349817
86595
244510
341803
285383
383050
31110
262005
146759
189541
243771
194879
341393
451622
319785
128749
488555
170229
268880
346935
370308
434152
373798
326034
458715
401946
262660
475470
15801
115412
342813
450953
203762
71180
248155
72173
83469
325392
243947
446609
379461
449447
252930
26618
44961
76908
134833
385556
470108
54380
353134
248273
147192
78559
177461
435483
160670
173337
39971
49412
490547
302909
305610
240473
368789
223696
308218
197934
234246
338005
450336
483782
349543
255628
387992
64944
379683
335457
104120
267300
422801
331698
1013
21861
198844
441654
448987
38118
198783
426239
480142
13682
7722
436197
497116
165479
93883
430919
407923
317276
292985
183634
170810
245022
179430
477782
415394
426422
29865
430840
58930
345472
64999
89840
60140
364953
106081
364158
26531
287303
420761
33157
442685
204152
31975
193669
323192
490725
471092
466409
257748
398705
186195
407478
352008
480200
395366
227760
136568
69528
402450
198713
382385
399084
251919
306148
474519
256189
392082
463967
132541
95734
39330
206686
274288
133362
468116
98460
475433
12848
418528
148708
355311
212284
370769
303477
411789
308762
444807
63362
297823
207598
169646
249369
481743
33350
324825
69779
413967
406723
284015
126610
387992
310443
12128
41068
408918
201850
429029
205754
424068
411195
83731
465447
102366
253434
50409
227956
231783
61010
319381
67833
269665
318504
26769
189973
390685
313215
377934
22002
84812
39480
323280
197783
4440
238003
119914
200317
237816
177081
102707
398338
95649
224230
284551
433194
478122
33197
236616
121405
433453
308401
118195
360035
123431
79331
415190
130043
79772
244942
11177
285217
258227
310937
72344
462627
178376
69291
346747
16329
262706
77517
279931
11885
46395
321536
93996
121844
434263
218103
66843
132723
404755
458763
53573
156528
121500
431883
480616
103498
440132
139945
213859
62921
92735
84228
244024
342470
151282
372180
101279
324399
248525
163591
263343
128669
286224
465344
305117
302610
103830
139469
180368
313466
243950
422280
202922
220165
303321
338663
178403
380347
409893
314002
105157
218972
438460
114340
77334
471856
53348
435489
114874
434368
21238
58565
360946
298862
410224
458810
382621
135164
22416
100168
12082
415002
283518
16248
109269
235756
308174
156477
139239
193305
64903
155554
233920
459597
277678
35338
348074
286957
346279
278211
65374
58994
178147
213591
175434
125372
479637
14687
388883
102808
328923
330925
319176
77462
348210
170897
93857
66933
358984
43693
496507
272586
359431
69574
203647
162488
299143
497178
76554
177223
272260
389848
299061
119100
199162
450858
441208
380321
401445
283628
106437
297434
257791
7908
446516
5078
396800
450355
237942
404259
73530
127621
416630
309641
219170
197726
157631
445473
99230
140247
485182
288199
121943
166594
10126
494584
109828
65301
103867
366759
302447
464717
207424
438655
273464
209903
178272
9445
270155
391069
59889
174036
108375
235585
285202
326459
388169
77835
240786
385739
84617
348847
310071
289549
81889
123846
39110
5408
154760
417391
215991
20130
169382
295711
174664
72237
402183
151155
469326
301362
157652
45078
469284
241452
459757
139369
174070
451777
126155
347360
140161
215867
12207
399144
449679
322328
35958
478967
443072
9830
22570
331154
44116
246895
155822
357661
314037
19454
296398
182002
466972
116895
423252
98374
127264
104679
102921
375819
252142
300493
371078
254111
29570
107694
311854
215906
199747
408657
302760
175014
97175
40840
84222
31470
194940
394306
377588
206200
360554
325598
451435
120280
391425
95000
386463
110079
25024
373437
159471
86349
96575
321243
45885
455825
459940
254903
12386
120747
187153
209015
438481
374621
11012
435545
181153
94606
252230
316495
302312
489509
460913
44597
412578
485892
371325
208978
350338
393840
304930
269656
288558
109620
348479
215738
498584
416111
363682
376016
241585
75200
22145
275669
112843
377454
76120
334756
148612
401328
480042
178775
391165
494016
344208
93415
161114
103941
87720
234040
87860
305132
186853
358284
460537
427144
13179
475378
495358
44672
292569
499912
71980
354779
311492
268873
121837
114779
48209
445297
377056
487489
298433
220186
479928
221064
89973
470161
482123
316966
240449
9907
434699
268429
151656
496135
308109
72249
44352
222012
78386
35337
194947
187972
55546
72134
367528
344659
51045
133837
487566
32665
327742
178379
266586
31467
238212
66620
478694
128368
343388
121928
261810
247522
148903
336213
126755
339253
183622
105023
113335
234940
336319
386324
175649
479443
327632
281167
134103
31366
58920
487192
340669
31853
373507
201910
25667
481029
424588
124631
92056
482775
287303
334403
355381
442989
85036
367219
424640
417491
363612
289286
185879
2699
318916
39420
451630
387860
478389
244021
363877
341223
241170
137777
120113
274835
183010
461016
413661
115882
21927
1850
441907
411590
129037
408949
12434
279366
301505
444160
286338
174744
397923
315495
407896
226827
271312
248562
444007
284240
183808
289678
332005
303221
215953
203910
17921
150607
492537
295154
409310
26153
190364
372625
371209
34035
214434
468235
339329
465771
113441
80561
126254
214794
450528
154044
305463
51184
137108
267005
191126
215996
359619
334310
396910
154997
242269
3593
432117
141469
26342
79992
160750
374426
483217
268259
50525
330879
139309
410906
370106
474819
22358
148663
22352
395736
82153
127335
498695
389303
309588
255318
210407
437776
466608
393931
172913
446851
458509
194522
92916
61613
176052
199414
405875
128365
435159
137101
360009
286354
127272
222378
473424
324665
457358
208189
74733
46744
171457
420165
39380
99593
225452
104166
205406
17209
369974
116366
32586
218277
76513
488807
226362
352825
396809
77575
396088
463697
29057
112254
116813
342256
339223
423102
406646
43257
310630
473581
370168
79883
280671
353823
249638
246463
149941
209546
285883
47477
281049
210141
336349
211071
295552
104243
38734
208564
339726
418174
164186
418916
435080
459224
18072
499379
347131
76303
55461
59330
123537
271319
331809
146550
439592
380171
476702
194422
364671
36750
307609
390364
100634
343610
470605
441982
323781
86859
278120
270226
143315
167604
226751
304662
367309
379140
430022
140186
50458
364735
258809
197619
250025
11169
158329
433276
423385
444826
359956
125145
26971
371553
302701
458968
125331
487086
472179
462350
300306
152746
202879
475811
296185
199974
499329
291133
79325
302262
273480
262568
293411
23417
344809
247971
69293
80553
438714
35371
284549
249126
66902
415297
278823
196569
102644
320108
190327
134791
165105
75076
53559
424481
349176
326786
280622
402452
454412
289785
152988
489143
306140
314133
183027
478884
283523
417503
490160
338717
145519
178107
458756
102186
366042
381017
478439
477256
167299
415904
292654
276957
290276
108510
40910
213674
485391
91462
193108
419750
97182
380092
88673
227766
334745
266309
40648
125999
383631
314303
320618
336009
175055
15361
483834
32917
269315
128367
54295
474136
29317
191654
395723
418464
294364
68181
435721
226850
363298
160293
493685
166195
303005
414189
375641
473256
124516
262347
2850
356397
73342
138800
219481
229019
139233
446185
211444
96933
329239
300446
53374
32119
422063
224543
413162
155929
81785
223670
488748
282167
339397
482623
78855
273654
80687
389807
236000
256533
110024
440607
362316
339941
60637
439375
87688
232619
289745
477345
246204
107232
345080
490721
138071
137389
444568
71575
115334
286648
357584
222846
79179
135625
108174
422602
187564
44602
486448
15712
450729
298015
250793
400831
50961
320770
125926
439958
325697
324256
270807
94071
261771
204274
171705
174744
485279
395254
223265
481390
88121
149882
109929
161766
455951
57806
402401
455712
288322
492729
272490
353385
29428
186309
426866
251176
368250
24498
104921
388913
461226
607
98549
84899
116472
199201
482188
223460
117481
226383
341651
22049
484992
120997
346781
288572
498593
61982
315720
236313
304731
347089
285720
347539
276054
181564
387375
340806
135322
93706
83214
100400
417225
97976
295687
429718
119788
433896
369182
360335
111043
241350
286556
191548
237840
112025
65945
374840
46441
293154
395730
225752
21650
242214
72482
323677
82544
24792
78641
255164
422735
15730
451190
327407
151071
157057
465283
38802
471971
134447
446034
413887
291358
45466
421090
474743
4143
418001
172413
395563
495332
178712
282583
72866
217508
213523
261396
466362
445661
211404
366862
102141
316167
130075
359289
396114
401004
174310
336039
246583
336292
114433
165447
116304
79926
478850
201625
422585
26239
302217
420128
443095
469579
483912
236119
12798
167845
412610
366089
270298
322734
354612
319667
45627
102015
248609
443821
421805
439031
40264
53225
21785
254530
417263
115495
120950
371872
25290
375257
441336
429506
74537
93971
439762
42954
68510
246761
74031
214168
165196
88299
14948
77512
65442
424830
391665
447271
31327
114298
335105
164491
56084
408880
19633
481128
237662
11713
189221
30469
77960
30388
15234
120411
36526
2542
457298
420267
331967
131196
58431
236609
326253
219278
213322
229722
331007
233246
227094
489898
463591
322789
18427
164966
219964
284385
296532
136107
261726
172400
35135
271138
84425
81733
200513
391414
58806
423205
139171
141281
169165
110923
201410
157992
377592
360609
213122
53515
233574
339218
315258
7881
449903
378570
277771
171506
70280
250926
53953
342139
66570
42111
438587
443059
424974
380271
475764
57812
38625
29197
98674
248797
240017
14966
354593
264896
38811
190474
222055
406813
499438
370495
173301
280595
317238
438773
297111
421822
121501
358100
345672
73479
481792
176920
439193
69388
259451
493901
427179
464393
8949
105594
247260
192697
331507
211440
447775
118474
70508
221056
48740
220207
429544
119507
10607
219771
497667
67416
35939
83721
433670
66960
340769
411094
49145
362782
341227
476117
372999
141808
108159
383559
351193
471961
330962
187723
412332
307546
137692
102381
498208
447528
170064
141103
498966
457655
222157
278
78790
134865
292624
271323
84212
300215
360577
264452
345479
241738
213592
282844
185937
207029
98753
174247
212593
212117
428248
193359
462972
314849
54941
483981
116356
470213
260290
79451
474285
365674
144656
469380
269108
259089
455681
421320
26471
298574
37141
212832
324960
151355
456838
291132
83571
130410
332234
239061
239881
170563
460183
36287
484857
140644
332713
233699
464857
193611
126510
278363
96697
153282
134711
251673
203262
91477
169583
395180
458082
2300
466810
470360
477837
38508
89418
467968
250110
395788
182778
453833
408854
275654
320921
85288
294524
443078
306191
269353
171506
72041
360765
403384
148009
53852
225643
419009
404178
67651
86271
393895
116374
66059
347962
315967
476533
115026
96121
277257
175030
242816
175783
353752
142922
203641
105971
145091
137887
281974
387085
211837
14714
63692
415560
6273
268085
263068
388910
173520
175221
249578
153103
467676
443503
350217
140963
357657
432322
143107
31518
257593
35961
277992
322140
32355
126549
493730
119922
122395
335076
267689
108636
254003
22861
203353
491915
306472
190536
4995
71098
41074
67577
347603
480320
190845
433272
247354
65427
381171
171050
334474
409301
158883
468419
15198
88477
101021
320646
133347
235331
69718
49426
115432
171557
307048
416286
112612
492959
450171
147421
135372
368208
93220
116869
393595
306608
147482
24292
68795
244593
220266
404966
16838
103404
17191
75003
307367
395431
310129
265339
485749
131520
263175
390556
88552
27207
132230
184152
141895
124721
122660
39854
105446
132784
172066
69611
289226
289916
99168
462591
334963
490189
426954
491212
43821
188719
209949
369349
401675
121602
187299
111712
59024
289684
296143
445497
107637
241752
217017
238966
10659
1855
263646
470967
56112
154706
452104
84092
345608
322881
479818
342820
467656
17849
270405
352227
44111
130981
353846
400892
84577
150297
196070
468871
496639
281071
31718
337873
465545
267076
489954
128467
436647
96577
109648
56927
227718
377673
12566
405541
455655
28220
387478
229739
362913
246920
143784
260339
324396
227634
113010
385375
102485
300489
144384
26123
203151
342935
336389
417774
118675
274813
360921
171843
323155
311764
77745
332647
371802
488858
171653
328971
11339
475263
267599
382316
246664
320578
147114
330398
98664
372130
416295
122154
460947
487153
399640
159123
412627
2677
109684
381654
173715
287204
65469
270278
295920
194238
339966
67239
40278
317284
120495
453063
441351
236210
106227
422725
46272
346513
290605
236162
283193
90143
144913
183536
314713
428798
473789
79865
134384
46928
240099
146631
69151
290360
426078
33923
124220
220201
287240
17829
79466
102863
455398
437010
298908
344638
298825
335933
54893
390599
442347
278286
207483
476110
116069
167615
253549
278764
410500
421180
158180
365128
132687
163635
324426
224804
219577
334115
81712
475745
126923
299286
75377
2807
134167
449027
144027
247100
82121
142794
207198
85751
295419
311645
187177
242566
259437
69811
411725
78704
14331
191954
286005
377983
93543
74016
394646
178545
325585
313330
240162
413538
368841
223345
206267
399722
9181
43393
389739
420810
458583
444431
33053
24698
4278
237835
234484
308369
343591
481281
21520
159043
372614
91721
234400
87933
445181
362898
141282
448876
336432
495551
491480
11019
50
164203
403582
65026
498380
109478
331461
1816
165365
241316
48109
400759
412869
372311
139623
242262
358920
192739
68240
57449
1696
402142
237464
160901
130182
6499
278258
470743
109527
249214
426820
432392
186507
23932
341772
445657
14801
404047
298565
360819
297381
144129
383750
49649
463998
261384
272312
14270
398652
191657
140541
395717
421075
404616
330210
385180
220356
192541
285030
180410
487682
230622
66430
212268
412248
110221
153297
278591
129254
408861
186147
99040
39400
332655
412775
414242
239261
107663
216722
247347
194605
350945
346499
231324
203482
188649
334042
181755
461519
325008
208084
148641
288579
3374
451823
371575
240454
334041
187693
376217
308800
51368
163244
374786
320785
379480
491316
179696
212083
189427
182115
216763
118752
94197
395367
166207
196553
245012
177526
45496
293273
170690
17239
404225
284516
125625
132143
3696
198232
371300
11058
119539
47680
339432
214639
491286
416024
31279
257254
253327
241730
265339
235878
382
354936
409063
380974
452886
280365
151283
389567
208550
278074
56061
423045
30069
198236
263900
398443
51423
454612
216426
328371
288142
92902
319787
27065
340435
476099
445740
451720
358546
295275
269420
184389
60414
274857
257199
391324
174922
343110
31992
313531
110555
85635
286858
468810
20457
386513
50693
363534
49323
211321
141273
242973
262609
266211
227293
64907
168917
358153
155746
379402
136977
135301
80504
53471
166096
407124
478105
481320
80522
84124
269468
94807
269729
132791
92167
326655
54998
126418
75037
445113
15590
52461
468867
330352
142450
86046
143448
415730
356343
495317
220417
217093
182936
446596
289001
293605
305052
107382
17111
436848
284888
122825
265352
67195
175785
430323
423670
474517
383344
144499
79978
1395
243561
242499
357635
98112
377195
339381
468952
328193
216993
258721
463085
121557
175230
286595
454782
441972
349788
90355
428525
177879
263632
195203
110593
117322
420179
236450
143461
46895
468213
345511
367551
195697
497479
253743
251902
110436
385307
378837
127854
375725
240921
321182
120248
387502
329235
229652
110083
427596
393876
334119
79634
453798
469629
457861
488312
287863
432277
409318
350245
285402
231268
416145
248990
408618
98361
111717
92715
168149
436697
83738
287166
373268
147034
215778
291925
118675
198608
361239
191029
482883
480924
364591
434860
72559
320005
466335
21005
440243
347249
33233
485889
409121
496043
179779
469172
420824
424625
27860
284818
461639
447031
334024
135027
161160
46860
339187
252785
69127
399596
209932
294444
235921
281980
21844
53804
229195
279995
21144
183916
229683
392717
68799
331027
273018
451973
111421
385265
316749
245938
60837
297169
306234
449278
282553
351970
133666
177576
241516
115644
397980
63139
148800
432861
264520
446050
373754
368153
432248
348027
125895
181892
359966
119259
477483
223283
433329
248911
107441
194514
261833
268840
453844
411093
120529
81864
344123
306939
326812
406335
100028
165055
92865
340181
281063
17292
60479
282398
160526
303442
193763
240776
308070
3304
356036
335212
486118
444513
214655
462154
473476
6659
43123
74648
373607
215610
285150
233561
358268
451743
250566
466443
14094
270727
335777
393415
246190
398070
236337
484337
17795
57731
116211
494122
216739
442450
385555
327832
499751
211156
392753
241364
351401
124078
231215
449282
242151
318361
494507
44654
470947
498964
62298
416544
110555
175365
34369
96668
255582
210892
289243
169269
305208
444630
478269
16441
216773
278069
105412
200165
164490
1491
143714
483726
25037
144360
344875
407061
487073
82528
203858
257928
81466
395505
241230
133407
211024
362496
15754
375953
383265
474209
393266
2103
119047
323764
450359
228796
223487
427181
485332
106747
388795
38811
491138
478972
495931
301625
158895
41972
132072
14605
69925
219307
467397
274850
288737
336074
381345
454437
160251
143849
58827
279125
157289
269592
289659
205238
3121
266063
183242
106256
123884
311569
272615
432754
280895
237914
236881
111912
234392
159860
479342
145185
275794
23705
492525
283746
352625
69811
245613
281160
230220
181116
304167
340323
427291
397605
298068
128776
135726
453439
126039
21225
86715
18065
27647
342680
329956
326625
297799
25602
139869
369383
216425
319388
480790
243383
388024
95702
74902
327275
49305
366228
423553
210619
180242
17837
230406
85958
220440
175677
404296
282589
290366
304146
47678
364889
476966
66901
498961
198883
64974
204021
95878
418499
164509
238849
379474
352627
442213
161766
269509
438239
430823
481906
431644
263305
118160
348095
345937
119452
130902
381124
47992
63143
289708
47199
12923
41464
285870
204315
208569
14507
298167
23539
192739
180163
142702
401220
468968
420925
73176
49042
34560
285878
313629
148049
222095
244466
203910
408671
316367
203294
467465
132995
46181
61073
180886
219875
444988
369546
194601
143450
272189
133164
238615
295561
146526
490282
180274
287783
294257
321797
455569
201804
295567
316978
495131
179142
292004
15946
44751
274769
379066
272255
224767
155125
433941
231815
308332
276760
293152
306677
110040
424327
309941
716
39332
178415
50194
17941
116441
364530
456592
103046
473892
56725
8461
105097
352976
263718
31838
84589
472120
60348
146812
156478
301962
189870
191777
36289
364506
129821
202224
110635
93136
69941
478835
491042
85285
468964
266413
322686
430134
370526
251353
323335
407565
248959
386708
114992
321444
400040
105188
404828
125622
386926
307730
130945
366160
77774
48399
471569
416885
236047
125041
333346
118037
94192
342622
241109
92358
484748
337277
464972
442889
2147
286474
266527
60743
455270
26648
46497
216085
272116
370031
311468
29396
389667
467225
99216
44266
429469
41200
218929
38587
8774
442368
235383
172420
346940
134826
30358
419810
490294
122524
409866
202927
91338
492637
8324
58277
163188
384403
369814
322294
130705
431829
438557
418501
223074
434319
338477
437245
360810
35044
268649
307113
293025
311072
212995
222203
274143
21137
241223
114245
52546
457376
288194
248552
143178
50041
88481
399711
304744
229951
222159
314288
138099
248724
409470
115168
69623
353088
495789
268333
487248
194961
237220
19409
113588
139094
173427
289816
323239
173443
267935
190095
103042
259528
301367
485780
263968
280489
418047
259704
326794
469845
246582
58948
356428
497377
36280
266704
94293
230806
104052
103931
336140
458615
250276
375482
199046
121524
14948
186641
90005
92633
175984
81103
75791
15139
495405
175237
469522
240004
206375
436876
335072
372820
475068
233861
498625
12498
142887
379130
443864
61953
477327
31592
443147
371599
165755
228591
70252
206562
119799
406055
94768
104341
208250
463919
309573
40995
424717
477891
38569
425778
115544
207335
370013
154670
55341
460067
91253
268556
1469
334521
460772
61096
414132
104498
476507
613
38300
475137
98518
310249
485625
478671
416648
13767
78007
60487
20507
326511
270835
68438
60249
294577
144141
68999
160860
36894
109106
365640
465253
293564
291646
329605
9573
87487
416276
178739
367902
389669
145011
115132
116499
339288
166966
344450
103244
213830
397536
12728
478321
465280
466609
230710
149468
224728
495947
57582
303293
52776
142475
68197
56243
315869
265159
475765
121981
150635
83956
324348
179793
157723
71537
95619
403068
217763
11777
296194
269380
170678
306346
332156
87475
165265
272908
45168
462081
455232
71074
455309
384329
381485
77504
133201
90966
437387
392319
90141
448868
286121
244201
488854
307145
400922
297371
324271
379677
498553
357385
186982
376455
385827
408826
95500
193425
43772
167696
83071
382751
388012
383191
196638
121590
167116
83691
338591
229921
108384
472025
59511
355005
158808
144884
21630
17985
51486
127551
124929
378100
124917
258340
491821
399512
471315
369515
379919
204930
397900
238054
32550
110898
373628
451353
462178
322001
308843
269921
11597
116892
87650
396304
119598
228478
103954
316179
142225
342904
382466
36852
140701
166803
374017
443423
226601
299539
34058
439822
6846
303004
124640
136198
74325
312911
10441
425987
166789
14498
69603
448523
123777
167528
316906
449569
294369
261850
262432
258715
147509
497385
454887
301446
440533
70746
142517
314186
133869
458400
148957
408836
6206
398171
379394
264948
263826
247978
217802
28475
468734
448873
348034
13576
426482
302885
408231
440391
127984
110055
12947
424418
296830
103103
261367
350128
473413
255503
205843
149996
341127
110865
261254
393430
44091
367365
494729
448607
334122
490224
7119
430393
460274
98072
282740
419891
433046
321844
276372
180932
74526
268589
143625
156893
270064
430117
151105
66642
150015
146284
174119
146400
9622
486457
214537
172585
369167
81751
388653
343270
67177
236002
45275
57700
252959
374735
377624
496582
153275
183165
252747
328276
277038
481262
376580
451886
252788
81130
249415
124772
181098
32780
446361
151019
262158
426176
177737
52779
182409
199732
485046
303363
95945
50194
94671
162536
139554
107980
480146
485121
192836
121669
214251
89479
354009
440779
39895
44943
43900
74261
375696
54877
118408
86728
286380
355117
468594
91550
481467
393129
139928
144072
48111
301152
2415
352511
195471
402698
8902
482708
491277
275197
98589
465541
445339
201964
266226
342142
369011
440939
119429
150017
308347
54264
201201
415426
230054
65434
113129
131645
477122
476634
370124
313622
439505
303764
436447
312784
357087
446164
194609
213136
103148
360947
279444
258281
301845
296790
163420
47175
193324
78009
337798
94262
77202
282290
432898
407892
117939
454092
343264
207726
17494
325360
249899
105003
172066
273507
134634
11629
8700
285119
114373
497671
43544
119243
8781
213166
202144
459854
389358
81572
291141
495510
437600
265590
189588
62225
330192
299073
283642
422156
151497
265402
43425
363269
307351
44052
69963
491849
68258
340591
209388
31252
432944
336921
491850
191838
52331
353700
154777
446299
215340
384467
454267
420367
279195
420197
70023
5798
75317
7353
121389
262897
386280
74911
165279
288415
351064
384614
47204
359776
296158
410110
332968
75904
72216
374246
371687
90079
306309
231357
60338
480161
374446
309945
483544
32786
449394
212864
31010
115850
406991
281883
12806
382733
280868
422468
489651
232872
226106
346831
393448
470617
45133
291059
487737
179940
220030
405823
419955
36404
279566
62017
57142
202987
444333
339088
471099
18809
395593
354043
273233
354903
122394
33991
139173
233430
360814
449599
376225
17774
364845
384688
177757
271475
27349
338938
358190
274856
43964
258836
142310
402090
9630
368481
310314
423516
248238
16788
135691
205216
65117
32955
126234
454856
361051
73790
184844
73306
142452
191667
452553
437836
105404
342714
347436
81560
216928
367180
303406
294375
27138
9444
327322
180490
45738
354007
423326
214431
65277
74297
171585
345870
193934
383400
127526
188271
485147
380977
427188
288709
312970
132973
27931
279103
77321
413506
473729
76649
20775
134300
14730
200354
116454
117332
436233
320290
336818
74743
203883
302017
441054
439239
361959
466522
398109
260252
380874
194153
38285
349629
152799
10616
104200
473875
287240
320191
185043
74811
422139
204034
322345
302039
372556
189932
52635
465169
437336
140842
38459
329072
80411
11268
370098
303573
140820
206164
496409
265574
122020
232845
307270
174754
395337
82811
218679
278355
22158
2978
232660
359184
90245
192099
389199
107582
291701
337483
33645
93118
24123
456837
176952
84226
207512
388217
378069
51294
245463
251476
393524
197383
384872
140302
370865
41994
128359
79257
17277
200676
285669
398179
231793
495414
116644
352939
431616
328545
272118
408419
318464
362760
410224
269207
3229
299822
287078
398968
346043
107935
174551
135568
18596
175675
293304
287768
30890
451227
225196
386554
153095
57194
149015
79385
301886
104198
113429
157001
305338
50313
274757
239318
190113
268780
297263
389150
324480
305505
289955
269868
157446
309048
201561
324615
21771
178997
414100
489984
7272
151353
430787
166711
70493
183882
227631
178722
343770
128043
101247
68416
263485
243315
300804
386634
62041
375105
242627
433909
96745
259323
377095
497023
180729
173015
107306
386294
23452
92745
288196
187012
446907
17168
480602
270970
464029
458746
218358
239957
239764
337851
408851
240342
427887
380697
332769
322732
176282
318777
299447
109253
416283
476756
98226
433953
68335
374241
165038
197504
121955
423063
69727
45306
230423
295891
203380
87668
128690
393282
14497
316093
56251
463652
288835
272591
207131
191626
132348
22328
109992
85730
412003
65404
375913
350099
54345
110286
444937
168393
262387
313667
229879
15662
326875
144634
444788
359032
301327
218477
68861
340577
325251
211898
378784
439489
13436
366932
13475
378467
387656
145010
243687
327131
152285
415110
222289
170500
233123
350023
307064
349185
288650
284079
344049
306884
348034
111582
315726
13582
25757
160213
421641
203531
190760
153029
258281
397295
168192
326127
233095
5782
413336
63243
407129
171758
26956
167170
348259
27961
195631
111470
78895
91730
174388
397356
153389
405183
47881
305106
186428
401253
43410
252566
67452
243578
343855
288017
323841
402701
354513
89626
201673
200664
69569
308113
293857
53121
8806
461726
363761
337077
452622
300639
58046
304818
322384
346164
198894
390419
306625
306994
151900
254164
398180
494275
137736
351528
26489
378940
439054
499067
160867
400278
134334
367255
323109
326189
227753
48782
476560
115683
54976
87621
122911
84432
440506
371001
17032
164574
98069
443912
431457
332109
423075
72433
3821
446269
107648
398845
230650
462728
463603
69063
358341
289390
25705
456668
191768
235001
382792
381111
121502
68281
97432
396660
365564
35100
106515
392458
147652
428499
166630
393151
268679
423369
326145
331078
472611
489441
393409
405077
449017
182296
473544
476839
367152
125260
357228
201201
373187
15579
227324
150545
75138
209701
489721
85677
140988
258649
325625
98928
122520
352383
433843
227837
42802
239654
224748
110510
28366
236802
120212
423187
312974
112324
354421
53367
280910
270013
288512
168314
166601
59259
461768
141435
266769
16873
233951
230518
301824
5141
418927
285078
166569
203088
49269
77115
398868
123649
222970
44227
269373
147774
269671
193718
46389
469776
331626
173218
371470
111301
10705
157241
363548
356819
242107
490030
326561
71786
472048
286140
234825
430099
434276
372808
421887
21759
354666
213231
144971
356835
248173
467965
471965
481197
404090
476499
232910
373005
258729
353983
399172
8926
156724
351966
257182
303558
139385
165323
268681
170547
95292
23446
260946
251304
159193
241889
108188
62366
241655
59726
416434
233570
470455
98725
324818
252068
237683
122540
174735
280725
462695
232107
298028
201066
22499
15234
246524
373510
197026
234806
231891
177910
198613
375818
289835
209129
492983
115005
1874
468032
431133
215926
385177
80183
345455
321657
165057
399769
35450
188439
95959
202702
34250
483722
422876
35942
494032
476187
22360
236160
287685
334117
1019
147358
360048
238827
35129
342344
438182
242211
115730
483415
279330
302439
337739
242019
90278
300602
20546
176572
222683
354654
106134
380498
428775
91603
35805
494284
166641
493460
229505
130294
463802
161950
366125
218924
381641
373043
230618
279145
474841
248579
296088
121967
107667
284676
74969
354041
3621
32318
24409
16213
55880
347086
244932
286967
194327
227818
256110
98319
397905
207201
75531
394634
483724
95777
244775
182368
251930
398243
152762
267953
460519
244716
55067
111612
110150
319401
336379
442271
245152
230454
450852
51865
338846
134305
111137
262391
17179
191167
45231
114968
119267
124064
265140
110201
120502
389307
237299
165332
357398
147139
112137
301460
128655
382089
279252
53684
55783
363760
426543
131858
465816
337294
396518
102081
372887
462423
314962
134366
102202
342235
366596
459823
311608
230232
233043
362241
275046
136481
248986
309719
413326
441070
428874
94697
428747
338762
46579
408462
148284
444289
251922
312634
297750
81136
90399
261015
69930
411639
395190
321863
99995
354567
354489
50403
263073
1713
487921
391564
409567
127128
103488
147218
481377
285352
65704
41589
257405
136531
310897
318132
481130
235278
324083
417678
269512
4836
221063
206494
210130
262395
437001
469596
71786
227234
317853
156098
150252
445108
214848
353323
237236
110456
197513
473770
374475
162708
141382
149543
197713
35329
331141
254640
401273
465273
113067
75150
219686
300663
343795
484541
142649
53546
2845
165431
234938
288344
179829
318396
120571
431970
183971
6551
118167
191590
419045
96937
484295
320101
720
20225
196378
50408
29797
265918
294653
267620
273033
250419
430973
8045
14974
2003
319822
190607
118747
253685
498420
173081
176095
127727
362371
241950
206014
293532
116917
496779
379882
3095
296079
101485
434741
349395
257710
303104
352373
464279
423536
112115
170395
55395
16790
171430
267698
315394
190486
212422
365434
78656
271671
321191
336011
393885
148188
380650
70079
4067
347868
246751
194877
315912
470415
322703
349391
433886
451628
103523
57432
372077
2648
462552
335848
108628
267332
253859
356614
2778
432289
128771
2674
247356
442395
201437
390127
41240
282963
60278
367591
38570
7018
155993
389511
131252
40567
194003
344850
486901
334308
314595
378583
222654
377729
96261
274242
219339
323197
218532
346198
409603
153725
61079
414276
413939
496073
186188
226689
201139
332094
483628
386435
200112
432126
294311
149021
408530
158396
25101
365476
443827
81295
142809
450139
312552
116248
87361
43706
491518
62762
161222
474492
347832
482524
98691
79347
60170
135987
127520
175266
227882
347311
276163
454517
24847
334558
481712
338813
7544
344973
301251
255928
62368
159164
446459
443347
380922
93265
383344
72221
224241
472926
226844
371705
57012
81341
381901
364249
330392
454348
98434
7605
23382
159059
477834
119004
215962
352822
32394
434253
345437
334588
412902
272336
358481
240881
273891
254913
381093
412345
44161
335636
179335
288568
438091
361877
415560
280370
115692
135851
341826
289355
333504
231502
140293
92680
290291
382894
53906
282999
202075
153488
407245
360582
13387
372531
57390
26945
20103
82876
432382
317568
126087
102014
207831
139567
152719
359088
460731
449822
307731
152818
16673
486236
263911
105658
431904
240192
16081
303694
275795
323196
341109
389128
354220
19894
461574
420551
296269
318869
146462
105994
166156
76969
175796
313480
244952
174426
61212
14481
350312
194957
165646
39386
316185
285745
427999
72514
361214
278242
95053
351006
60899
278150
419025
150208
424683
25541
458492
485973
200853
60184
57049
40976
13832
171683
269904
276345
288392
279772
325578
149951
272581
71666
434723
129421
279308
196711
172337
161475
281650
195345
228955
73065
329075
221130
227687
23011
411284
414741
439617
260619
26502
163634
298456
172010
401771
10553
65205
240379
302124
211413
158922
245474
73475
173250
274376
67972
236355
175817
221204
211310
346167
75438
11847
40951
442761
403901
283261
491534
145007
472781
191304
106378
183428
324549
443519
251497
265531
334301
83043
190398
291885
276222
468452
424303
194860
34230
333452
196280
265431
134879
399271
197129
331363
293355
31522
28430
385185
248763
240159
336989
95958
196744
314074
454105
274853
56867
296426
351378
354877
36944
291244
280947
9123
30544
186747
127843
269485
55052
373456
419873
460890
482834
22839
341847
305491
371581
496110
235020
22369
142782
440522
180245
124066
209216
178221
418852
31161
42819
398842
96250
419822
388696
62962
184815
172305
112452
323615
421810
356686
141220
42235
156348
197117
380644
334830
170823
460592
291660
458812
444153
242447
142768
169848
16805
60364
292607
205853
372096
252132
21132
54029
401660
306040
256930
429517
152815
81218
481050
351087
286997
140198
26309
242473
2108
411425
429891
220746
66781
339099
189951
142906
114935
124672
263648
389496
226515
244248
183828
380667
145655
221265
91845
253505
446370
134685
180074
275281
98255
15546
425072
323365
305527
340216
491153
334050
3912
352934
326832
231408
264342
353549
392352
61189
13538
319614
313243
95474
2497
308392
447363
39256
428101
477193
161123
458530
325661
420177
345905
359127
389752
380071
137885
79523
438635
488222
423860
296384
425201
438170
86847
239853
161363
6943
492441
64668
362212
411026
98562
218186
240027
465109
409777
455712
318790
421816
177086
302879
409137
244615
39775
416862
259710
28879
26525
281647
79821
380849
204589
93187
374374
443526
227205
99956
342862
446484
396287
112998
57251
259111
287832
216968
116537
238904
62403
204913
215165
493880
392057
176071
414201
223088
119484
371230
460367
194856
300420
164403
31555
281349
416783
132741
324765
323918
105715
386137
399880
299910
361304
94039
348355
401827
404082
209194
95048
482407
339337
273500
93118
448672
243122
67826
499584
124708
286127
472423
334927
468345
132020
441028
289041
365497
23410
30543
362640
244375
248769
429266
148944
64865
198907
146253
398779
82716
18688
355989
215016
122799
393392
86354
233584
60546
21502
140985
353907
207446
5318
430974
346306
104914
135814
91914
282896
300546
46835
449806
494057
277272
61047
29273
209461
211303
374836
470553
156083
391831
376136
303335
465415
328339
454914
152909
430516
143033
89154
332377
248491
199277
145618
194921
40506
30994
385355
212536
6659
419493
99406
466745
218238
373530
173391
227268
76100
187041
130427
42571
383176
410883
365753
496851
390319
148471
321772
290427
353414
308585
45550
217373
288976
393788
385105
141944
440203
174032
247592
290369
340928
130206
103835
498208
43744
177495
173179
432320
473151
458974
119363
496143
186162
452210
365733
33041
240779
417196
264243
70946
344730
404214
37663
194095
38896
360660
22895
417994
399441
439608
69475
250824
82800
99828
252805
127568
422739
328065
361118
136834
382800
20211
441156
294662
230798
402116
369572
338207
205010
253730
496729
27867
455457
144341
139084
434729
487628
3294
146999
268057
333150
453892
337614
67615
89803
212146
106447
152276
269467
3396
395429
177028
210815
487951
123752
88936
381161
62889
163214
154458
397912
143037
151480
413571
852
419827
225564
286112
29733
265812
239827
121704
355038
303809
27364
375064
447055
338401
403758
467369
67331
221808
484182
81858
374686
478290
82461
247836
1022
116514
497654
133865
464909
240607
220229
396481
5918
47533
127728
315007
487089
464628
95074
219011
320395
435939
32017
141899
53927
265500
445254
90450
178916
100728
336351
243953
30133
239508
341297
217586
212470
14960
356601
300517
335952
215632
258449
290225
171503
114563
272196
163824
48903
67203
134243
339156
243928
109173
337983
440156
185753
188644
474224
216798
69395
393676
191477
323847
229172
268738
172457
406713
336069
338158
367619
312740
481111
359724
454329
117311
334915
29989
264631
294267
330558
402774
49265
113119
138230
79158
230341
247808
129735
60732
315746
25449
232195
105150
496872
375441
263102
80715
62180
486227
249162
350986
266242
363683
274808
463599
453064
142004
22384
28560
404699
9650
214480
434313
381906
236235
437102
410279
248868
467126
89696
389010
487816
167634
300672
223660
108015
200504
163862
67086
203195
2858
124116
471537
110628
344092
91103
231513
462845
221459
46881
100639
15944
5800
497303
35645
340922
334204
273309
413036
79156
411998
48797
205650
256306
210788
139578
317043
268831
433178
249214
173215
493948
119597
171672
493999
425266
437745
401526
38239
294783
75326
107366
90684
148952
279723
496553
33247
102875
109450
157163
153563
411873
391593
210308
222373
328615
217188
340274
272986
429363
416386
346999
390278
333072
377757
79145
284242
362657
162164
250683
59970
499246
92237
488966
11133
292845
364299
51892
468750
492691
309812
245298
658
478760
461016
51623
227251
231300
375458
415887
443332
205497
53501
478764
306446
200218
259105
479354
86559
228745
351847
65064
53260
129220
239552
59034
270948
16234
396302
310755
451041
15973
223111
65521
331609
386692
119107
227617
427676
140187
337121
345760
485328
205325
95479
42111
167860
338886
52712
245716
167509
374984
448779
224725
179577
124462
458718
392828
128511
10934
88359
91612
362565
279389
294152
472216
403768
67735
184382
414342
301082
498727
120186
181832
468709
80356
411269
77618
262780
93360
99352
84122
198980
450863
208864
496083
181944
158805
336926
159598
346305
240403
232943
152772
358725
246518
136750
343050
87197
253815
20118
464718
293769
159116
232877
43770
333641
24123
156619
458628
435984
254437
62699
414283
248010
333792
15070
316264
227188
301039
451826
187168
439615
451194
79513
160167
163935
258140
189022
291899
348959
449493
77886
391658
314018
350288
347912
153508
156075
106412
294164
140726
59196
264347
369828
486857
361800
372968
269539
302663
127273
409386
410611
434562
43108
394293
216514
124191
58405
370030
353782
407244
495508
405477
217384
62149
409539
280997
292758
487395
266698
498624
48921
419224
399832
329549
72918
494526
189615
40802
377325
21381
95290
20048
429764
126700
262837
225262
128641
209325
497240
148394
122828
128979
282594
251878
68318
233147
332781
428968
395990
308561
10017
23497
455665
140739
72680
222674
299968
122277
251157
415133
431891
343662
135256
32844
299377
242562
280857
61860
391523
120137
475081
126686
447318
39280
250482
89870
770
258418
441312
44798
72811
466766
308616
240826
188861
13845
469327
430580
102802
265455
193647
224069
106418
123062
13708
224018
209271
265104
294538
407216
147919
453139
108635
214648
57323
13692
232187
165415
290057
460284
440739
245879
499364
372379
91179
240283
412207
478391
55582
275495
453200
97081
322499
460314
138620
85019
284696
16367
107391
447943
225193
321718
193900
232224
242479
356455
282352
478810
475774
400200
233308
198837
393948
335376
43333
203388
415219
176084
224944
442893
431654
239766
6546
20595
84141
410034
59322
496307
317312
215045
24270
336105
204632
203935
346575
428816
53400
232105
173953
361098
57267
342207
488281
59130
148653
364144
14578
454872
303556
211429
425598
116228
19150
8018
290210
428053
9675
110351
231318
448512
385161
164801
471197
398545
128395
50540
377059
171254
145437
45442
144531
328141
39264
388720
219469
213955
384859
342057
405248
287440
403004
444516
194329
435738
370845
312613
222331
448737
16207
455879
327156
404926
26553
45404
484167
158080
94080
316874
174568
98510
342057
21216
489374
213052
498482
131702
198441
71221
240338
84557
367780
200339
103085
315023
411309
162358
394386
46925
33898
279604
154529
484663
273013
452119
120826
278110
124895
53351
302444
91963
408457
268905
346240
312559
236207
7863
420717
9862
7024
387908
63578
347384
282536
168761
195140
271860
150063
310961
434202
303742
63655
210943
51312
421799
317707
457664
247355
264479
98812
315562
344320
174350
2808
171913
438111
270791
129540
58689
153365
71149
329092
164385
392037
497341
371701
364004
190662
54498
313230
287810
483856
476297
326427
347520
443299
219819
221779
454110
411314
27135
157062
136626
353520
235370
347819
379292
410533
41259
231999
372619
129348
54988
459198
319311
244015
318353
286921
379353
356033
190893
172149
277066
151622
271995
225511
443364
358504
208110
459881
353236
432091
4468
36909
425757
443508
460284
323005
387903
67187
430980
360765
128261
399688
338296
57799
70650
224118
328462
338800
267209
339687
140688
41732
471368
445206
285881
316247
472176
76861
180567
228756
478480
164920
219732
318422
80369
80000
323757
140781
230829
423330
478781
181270
369055
375172
15533
417123
465945
111746
355711
241345
122874
353976
444642
144091
5706
111321
76523
452550
46567
364420
99533
169044
480307
180567
55868
155258
342861
241653
184875
135130
243977
139429
73861
87874
139129
51726
271745
111529
331126
237706
100760
225152
95999
363935
31868
260160
413579
484318
247839
277343
370279
362020
420313
181776
33754
45297
53826
460378
219933
144978
94048
212690
379621
112757
330123
113248
133982
395649
257892
486819
251383
368636
490858
248043
96323
459715
116369
475031
345297
336009
4089
269963
371392
131062
202046
315120
200798
496885
482669
417632
363070
291704
410924
122530
400324
124211
77103
426961
417863
26535
142573
263125
120702
334092
391494
148289
362369
412097
457286
386907
54944
397466
182626
317860
314000
257259
47386
293587
120418
455907
493240
234509
55283
185383
456469
216019
177881
223992
287375
378457
73654
51398
388974
170145
204805
130112
98837
286143
40422
401541
92054
233987
257751
355429
202801
257886
74165
384370
444487
18913
277442
148613
440797
22980
141089
397252
406989
170324
348749
454653
149560
83988
215978
150326
414389
125559
112472
14608
212748
145913
139718
325718
238128
135472
452342
499387
54466
132595
157345
46456
6024
93067
313537
191615
475417
230811
61582
7416
62442
347909
403261
331468
488505
161822
307999
146119
228648
486345
356347
78045
139967
204041
444981
320564
486820
406829
138699
56848
185301
279364
6242
323752
100286
32284
298671
125797
326567
110062
373544
461014
135656
366133
395092
77193
216719
435742
414346
203423
178356
492829
306136
318062
498989
179555
129821
162344
437043
45107
315107
126402
220489
226042
165472
195459
401042
407380
92359
476600
140802
198385
1153
255029
485954
104256
10389
340111
367320
457895
44795
406488
78372
345155
40348
292771
363650
307442
141896
360629
268542
442681
149837
304049
478395
162930
73759
451161
418347
135071
109913
134121
245965
28027
100746
232428
189904
246597
431949
429434
344129
194593
16724
268265
190468
298345
111432
340048
399010
156294
300434
475687
54734
360736
29869
136201
164015
281888
243371
215879
392288
156739
426496
5838
119895
44579
84800
276121
98475
460359
101503
218945
395500
182032
388439
217358
116246
251335
237356
464855
483538
90528
203533
305568
359919
399685
482512
389586
39178
17738
417665
214597
481454
52026
212726
343607
140070
155789
245604
465158
397199
208703
36306
437925
454775
149658
395969
484616
285529
386600
384627
380367
260603
438605
183516
118483
57512
211051
3241
109476
241204
274339
428510
355943
347264
60994
5876
270874
238624
333797
444148
351005
310872
170104
229237
132841
205006
185108
368332
314858
69163
18789
280033
151730
165304
231594
185132
347469
136662
387416
272854
408721
275805
244753
291551
294360
110734
278051
391475
123009
155632
145362
431788
354904
407895
245720
72978
346776
129656
118895
486235
267895
278719
128511
255444
341254
115921
107014
442259
224796
77925
286470
265885
58100
252875
64043
424999
149012
268866
234255
49681
391157
333086
134967
219891
263963
214438
356930
258041
149811
437350
268689
183878
425674
187028
487742
497171
42423
39728
83298
331082
53282
58654
158829
172956
179562
95045
128624
121100
19858
456233
430749
283142
161823
357965
127463
98875
407496
498634
79423
271894
486782
38427
424479
279379
268872
322668
270629
447725
232858
436832
376744
35228
111908
208375
231639
380880
380084
276733
143768
106848
205491
490141
321290
354326
490310
58861
113715
495893
197429
71804
321790
104353
392417
11726
30184
337775
439879
286140
410775
60247
397547
461329
320425
344941
189323
108052
411769
138835
195430
458156
17958
339081
220038
308789
318257
245520
370921
395384
409251
226250
247636
357338
125330
157731
462832
470251
323046
162192
3766
458644
334783
135356
403714
20134
362794
358538
170518
344460
434209
496997
383869
375719
229179
106713
381990
42978
24671
453655
437261
85364
9702
62164
197110
248740
57246
293373
331398
355906
456201
379171
62818
191171
130630
137428
76496
127621
109197
68921
49577
375314
173724
345451
484428
325155
60503
138664
216408
103096
228397
95573
447744
148453
310639
149488
404902
475717
406081
406175
456703
14585
471874
473657
67317
229815
325793
241469
124249
351664
222240
235912
241453
186455
142302
67933
256834
129802
194220
400406
8
160516
190096
163494
72639
124670
95915
241618
126999
452929
381617
150535
208660
480168
162138
223204
19537
449068
251079
137287
432293
409513
389414
226217
114002
294057
420904
498506
74529
358463
382332
86299
451414
196524
91174
437841
414368
236714
103653
233762
312597
24262
442508
327363
461051
349646
295843
88611
142180
161430
342932
14649
98395
484912
324322
480987
19347
272930
36030
251097
109425
406359
293700
16935
266090
465437
68332
187758
258699
26812
473188
429201
117914
278716
256347
490932
245018
461437
489829
410146
409197
232453
303812
74779
103483
104116
494338
366659
365342
202873
317340
295649
255282
211717
97181
205292
402442
414952
36532
478617
196406
204146
429216
498530
274268
131651
384345
81513
200623
147090
142494
358544
365175
213095
119428
304118
494510
410216
296804
229818
443801
51548
303436
129109
246659
265619
466051
450534
18491
414620
74195
115264
244356
179304
203815
245499
385784
296951
310621
280510
248031
161130
292673
269107
441390
383988
69866
46929
28766
132395
5540
91134
48334
370046
13834
226625
27371
202381
289929
484061
75142
105721
64878
290971
285987
116413
421501
365665
92796
289405
339787
168747
94372
181418
483918
202705
232586
182093
482188
375223
459930
334493
311363
389384
357911
101454
499940
320143
190472
462370
18427
374005
121135
28798
84365
217485
56338
339199
353360
114318
287812
353956
353716
1794
349331
439273
383762
196071
215495
474568
426413
3080
460683
471119
59374
243879
408099
107307
217672
16851
402350
332061
319398
192915
387916
404142
287724
256890
66436
171182
377139
484709
2052
358313
79537
309561
119585
338669
106188
26337
4080
49936
277129
392828
129721
314223
487295
298587
155883
437795
56983
20500
111813
259152
251606
335475
311211
418455
370742
186005
333652
63087
127924
100290
405847
307762
412598
374701
7395
475992
418408
64545
136415
50412
316921
307155
304487
427728
402986
465367
51369
445113
389176
10937
160370
44828
196879
133961
396874
264022
45866
418448
59794
348283
48913
240157
359671
124787
387435
392863
164561
212978
257783
157343
159672
303012
324024
59144
369402
433009
204046
353859
370968
427045
160947
214981
277233
363174
280129
414842
157085
499435
237778
224222
430365
181343
159699
418389
453619
159089
123439
151595
354411
324854
261737
364265
261840
214866
373503
389719
498806
456123
84532
286306
192809
87067
365221
226808
106672
283824
146466
470767
307636
10099
256629
35453
313876
236602
310002
26231
251764
419613
215778
447526
355285
37374
399660
442186
264517
216541
400299
470830
176192
220939
387544
454293
65803
83368
67902
227415
363187
74117
46703
260236
211042
48434
47707
74980
109578
379552
275094
72776
215944
335390
40007
43209
219564
187798
400010
171859
296864
357782
471945
366040
41937
10491
39052
345797
491804
114358
235380
361652
254859
265720
256202
157368
405569
375227
109200
364615
121023
348339
232614
346983
411389
434612
226729
157303
275815
419081
323145
197168
59184
154963
113692
432545
413912
64041
336793
314340
261804
200571
118472
437228
475947
360860
496431
21711
84204
222911
402111
199895
396670
84515
96480
264718
393710
382495
442608
28426
68356
135170
433249
65104
350925
243632
343181
347977
338920
99535
369027
370686
398218
404752
102755
320670
112848
45870
293285
124577
57785
14087
241666
399262
287975
343895
101506
290415
125096
122680
157077
288392
474411
228888
323658
50991
378481
94065
378754
20923
422191
343734
221565
462559
284383
97715
485777
385825
56134
367257
20629
66239
12984
481224
205448
13995
338893
480043
149275
431132
239009
360187
27794
149147
439080
272697
263376
213102
359844
395647
87395
217867
297141
381953
443618
397802
44649
394453
53766
485597
154468
385673
213168
308536
161102
334570
5681
218653
294804
37031
251746
85512
417786
343131
25546
294772
382865
145984
218335
84352
220296
265372
445294
150193
428028
201726
482906
327201
87936
244605
25203
261543
353975
182691
378878
388234
220615
40165
458387
169118
401826
429181
83321
489069
184552
298711
489320
360895
265521
106548
110771
466323
20817
122871
262971
303226
166881
380362
169525
263040
395003
40656
144368
371643
14560
438243
24820
313614
216470
60090
332456
94700
171533
337923
415972
457413
187433
493283
453150
298980
406274
497981
265637
252061
229541
473315
313326
321732
235950
487649
196546
282691
487808
138453
126280
330136
88852
471815
471459
38667
112824
459832
368908
221789
486535
488021
334021
270209
247447
486917
63562
278913
382330
191085
115644
328852
269541
195836
362972
42964
10055
142417
225850
225017
25602
416948
409081
94794
457497
360273
316496
387602
115735
289489
434868
193999
269664
462157
434738
153332
56592
214937
281210
393985
419656
403073
442682
312078
491523
441481
160794
389877
348204
321790
131529
112500
495483
28991
60631
388928
195787
94622
249370
133483
260266
206508
420315
182676
88615
7504
683
126032
299964
473285
348259
451795
139880
39756
209077
272261
172675
20888
355330
294965
43391
470096
465572
113728
280204
134038
268996
177397
395207
14976
356931
10979
358372
171416
235158
498955
369808
332468
187503
13417
492774
401618
384943
464767
353076
476443
460269
16067
334925
264612
122301
63116
273081
185995
400553
432616
449133
466436
440759
51479
338861
294977
447734
423286
124580
87568
498237
243074
437831
106777
171141
242613
219853
265184
433273
72080
108489
316991
415702
207317
100843
174822
188143
339795
105814
57732
347887
142066
235288
327196
285604
438524
73200
210452
382148
226154
439003
494665
118369
474552
99300
174465
394430
433123
444787
61664
360474
25248
455741
20975
196886
264340
276750
435305
83913
235653
25619
286789
65990
225413
143438
215576
229796
293329
245436
330323
65336
38651
61657
345687
128501
63726
401901
55732
162917
439603
259608
148617
165503
460819
356714
220764
435858
122026
353532
193298
71308
392150
148204
355172
494514
258104
159675
274798
134555
245189
145623
19161
91987
280705
109886
385674
219894
413006
246195
44842
353564
329398
237093
386286
369728
453390
32504
286591
305236
115190
72518
480728
472318
165835
176061
42450
388187
237362
170602
40857
202903
353619
341236
18285
10223
209801
284604
443782
38232
330070
355213
20772
248292
158560
142549
365712
55969
204057
22894
416876
359506
469366
471681
185928
414128
498459
333770
306454
287464
60964
219573
288274
273682
259997
156476
287583
75089
90097
232561
53923
428569
495157
134446
31835
12055
311417
459254
28955
115746
472939
428236
481172
91380
10942
459563
302524
273409
100798
137395
82852
105722
81508
393818
168564
198959
201699
420542
63825
344748
75735
304301
462416
295396
205135
81674
225190
350286
452259
305243
454978
96990
197446
469922
76374
373790
180974
188516
38898
223643
460745
24612
221731
330813
47895
137108
99817
36195
444400
126930
65842
46411
333240
379633
448290
54032
112632
431649
221015
179828
175336
459119
285275
251324
6825
453430
432488
205645
21928
29653
126462
109731
329513
264082
191429
333489
410782
119096
14484
442351
404799
288541
210816
487094
216721
455046
187997
459415
206302
416015
296344
162879
350587
316591
492809
293471
33613
87382
262702
177581
418316
339674
113911
148373
83633
300637
45922
12110
249587
444970
270754
391050
335140
157418
220842
415216
20802
74618
232179
130771
51180
305796
382593
250190
136726
188863
112559
471783
429642
248205
447617
134428
364476
254172
399811
475829
83881
46417
269923
367013
7513
15036
98298
212535
134030
198361
235418
285601
399752
378472
460066
376562
287445
374275
342003
145035
154979
302521
386735
391403
260935
422216
26619
453827
432861
228826
229642
114366
31089
220925
165216
48562
133501
462428
16453
158052
429829
320651
22117
18412
450221
375386
71627
338846
471408
394566
4629
369022
497843
203947
341801
463273
289994
464881
247385
452041
5312
385735
436674
306924
419019
158787
419488
95887
161991
115664
412179
237771
387505
317631
448008
83171
238219
159246
54911
400268
470092
155234
159207
263893
449301
423957
467147
253377
244040
270240
107227
201539
165734
83047
53771
380220
415299
46844
213766
387391
277386
248187
433670
53820
328019
311055
441139
386106
292556
5982
359821
276970
157614
59255
322497
152411
279588
474105
98484
213958
490107
59768
403570
221767
356116
356801
259374
229695
459305
351919
436038
332017
485552
339952
345213
204201
116191
4153
237960
465026
176933
429950
79344
435996
315033
375895
329750
461019
430589
134803
377456
72724
205101
471191
112822
22641
347931
71848
259316
273344
338722
451091
183887
82344
268224
76271
150925
104359
209651
433648
492346
304017
499041
164669
328337
178335
468520
401216
232901
192649
333513
281464
108697
87489
475508
24281
476120
329242
167230
373610
181219
165895
122483
296362
301238
66866
21271
486319
467174
201079
437531
354030
329545
340140
25930
215997
14170
198710
28532
176982
350553
467291
187192
152333
99390
122383
44174
425717
62013
473081
363314
77273
160815
269460
374226
334005
158310
280607
453553
360239
277960
210599
272949
142634
215780
97814
436334
83726
147134
137242
128067
83656
94249
178894
109161
287226
406195
29791
317548
375407
290095
395142
488228
430203
437523
439904
312381
197546
34334
18842
224552
126195
490154
90013
427139
472015
445322
444199
482994
125098
468677
94352
218077
261854
372985
270182
205107
6541
66336
483733
233295
346319
29584
176587
440580
446478
302496
104087
70507
51022
378593
264858
388919
398602
149458
26275
291971
143661
471930
17662
313062
36232
179147
285928
187521
276442
407479
47256
297321
64281
183617
396854
482312
125585
95339
145807
463739
97220
174420
87148
35400
375084
402218
497644
199842
27934
451969
261684
345589
274538
208279
327615
424863
479516
327863
393399
425306
440461
399830
448833
199530
181129
38756
240766
498239
167772
424738
139203
369756
467672
446868
124032
293616
270343
432236
274054
495802
385979
413031
177458
179271
383273
396721
25270
409176
188297
118192
386457
224925
262675
119166
102416
454255
478383
333320
205517
343676
321500
150745
214762
176674
424064
66822
418701
428951
15692
256014
386336
55150
114147
59562
282565
39607
119493
474827
438685
373146
191313
427638
400774
339728
222932
347422
188334
278997
104713
328288
139945
161653
294764
206019
99067
255575
252828
154121
447090
95581
459762
184446
155348
417600
33054
404300
438636
286217
488244
59480
82040
158744
310617
317890
78972
12960
445235
446897
279417
74062
29374
495771
347251
207863
23770
322410
14393
292274
469670
137697
53088
474854
441070
498512
71336
49634
152979
33583
175919
286214
330202
62077
249228
74609
235372
211752
14589
267147
101894
20587
33541
483154
159613
120432
236591
179075
498982
270559
316424
427608
105467
388025
266362
2198
97580
174432
444619
194813
302284
462901
163728
301576
433922
430881
193517
429424
99423
368767
379243
233768
12840
360233
61642
122806
330947
183407
181450
24904
242784
168136
362489
159544
454106
28518
246023
270723
327860
14855
323185
171532
378119
162721
328576
99086
32968
163693
368511
102469
488652
17612
395539
33084
146233
150413
250802
187498
188037
443768
52511
184949
231977
356426
374431
6883
218026
123778
52895
119164
261772
243358
156190
6666
398202
444649
6567
61366
50948
224016
433269
173479
142492
70479
390022
144705
208236
194080
396420
23035
33958
40965
336457
74362
235169
395614
179871
174344
260956
200319
281695
382307
66072
285637
191735
488656
33876
495923
256389
151300
411415
106038
398408
190221
386081
159656
287248
44996
118189
46178
341938
344522
217052
417387
116869
498566
281881
161394
2162
411450
198079
375269
289326
250749
147579
428686
448534
213289
161948
469335
7039
268120
286942
102366
62518
156236
373455
440884
290576
12782
235153
449563
346989
485824
295488
30262
147133
74193
189480
360818
462632
168109
306130
128316
468857
37072
104039
50862
217490
171448
385669
154273
337640
452202
98861
489330
217803
266884
296441
454714
486477
371564
322591
55118
239360
284705
90050
250752
112398
366447
11221
41279
265803
151750
258911
322097
254297
198510
446419
183272
334601
354230
458647
13770
411385
121801
117980
360574
224354
261839
166032
373391
409731
54118
172058
359716
274524
21114
228986
469304
66903
302244
443920
241596
478153
35786
213573
19199
451902
374184
478228
97701
435148
101872
77754
215581
421241
350249
425000
352410
214780
157356
411577
35320
422882
297863
317652
130103
223407
303536
250665
4709
418194
115262
354956
186423
18474
142416
184597
241329
478359
21819
270942
44118
449565
87179
163788
152492
304304
454356
349256
384820
469277
101651
131926
477775
435423
260069
132019
445169
154658
187117
143430
203679
56848
334522
469879
329004
153496
156411
474868
89343
397220
492467
92199
178321
176355
342478
82276
492825
220520
93633
226480
204703
455844
77022
134743
91343
148396
464631
402226
417324
281303
402686
351828
273761
50021
300180
266571
124677
215741
339156
27364
208848
350233
270024
288759
137139
230015
310091
139364
235841
48404
391948
464347
371448
162686
21787
488819
25424
40537
394419
161605
395272
285944
138483
383739
343438
92918
196940
257242
473911
356119
413717
420364
433999
371644
86655
38268
85039
137790
395538
231881
282083
468476
339839
2052
452892
187086
167612
389278
302393
497046
210228
387673
376875
405848
420191
8906
260407
239697
345639
431578
245247
136441
468180
465422
284723
446823
407422
494805
154551
406204
323959
438201
88307
377911
43957
385364
47843
33361
340887
446317
360304
358827
118858
119570
147020
31570
358327
34204
283999
106642
463953
161067
211101
380665
147129
492475
382353
279705
255888
22709
53034
271605
50548
44217
457203
391969
491476
473472
488488
482420
306933
291669
254254
296802
221944
475175
478870
118537
210195
457650
261170
94989
147681
36484
310419
347852
196565
471588
445594
456606
436171
143596
471108
124393
42517
205321
358886
340103
84189
27493
179594
352224
175461
486178
105545
430505
371236
51585
53725
292125
482950
85211
455691
2483
14664
201942
168057
185089
460560
299385
193317
326483
223938
129191
230570
105462
416810
62469
233884
211884
239853
405591
301171
165180
66336
31
264295
312018
496918
416998
24293
156190
231970
419159
129467
53073
131943
157483
104323
47160
147876
147981
22200
212577
334032
496643
207484
258322
73576
373032
242588
34487
54577
206126
344068
484443
218565
142718
502
80632
54452
246177
205867
328786
490850
319404
303462
420522
438304
129273
207399
18964
201355
298901
26651
150176
418531
169017
65177
389701
7333
221076
418540
458326
88274
182176
304238
303548
134284
393316
243415
372732
5986
325151
241562
392080
188796
163354
127363
321676
206476
182809
492729
337124
255766
280641
144049
439657
435578
475706
332844
301549
393993
353171
290625
458040
421058
489958
396323
328972
313874
103580
88249
493086
236217
301854
266505
205927
177797
85728
426580
282165
19744
61177
400779
12410
163976
453664
19234
439052
303423
275162
369210
296040
286366
137268
250996
188631
154076
15096
291332
113338
456012
77683
448753
235358
321079
422689
157139
397987
316409
392939
304906
270183
23294
272355
76697
108845
90291
37532
479826
351101
405284
121123
18538
108688
403353
221875
43489
48773
40655
151564
396575
255737
188154
419429
47164
27976
399615
118413
19056
99163
87399
177063
283811
112405
347722
459660
354739
440297
382436
147116
56945
203078
253169
3924
328355
302593
75011
485327
454835
471012
415256
309836
309275
68434
297481
305856
147885
298646
22563
295826
146432
73910
64311
360877
365443
496521
114
171067
177438
320154
245118
486428
190693
347193
320550
273952
460271
497671
457767
358640
218196
296134
370048
67841
186861
53293
213168
71256
150703
383198
343542
82239
302879
101610
74335
246184
339357
346322
157641
43156
43605
236164
122160
287942
483050
4751
441103
7648
353964
186226
134264
318107
355017
421609
389920
414431
363365
296714
295054
285988
55333
174937
65696
485591
347761
39842
260726
87140
181294
63063
67710
368927
93859
304715
160188
312282
442519
477177
181615
399690
287746
428996
83241
397358
260812
256
240660
247977
197037
97003
405033
435302
49853
422106
273036
154744
15537
446817
162989
67682
67292
346270
149247
235222
337196
74538
304050
462306
101979
307811
404763
300923
15474
167217
220614
427874
240069
109906
478095
390314
439107
121577
109251
415832
176873
6165
153781
86143
448618
480277
422283
314632
370270
343705
349073
1162
380673
142250
249354
219629
65956
153200
393805
240453
415968
429901
456270
489608
402243
165943
44309
382383
419951
381202
185432
99712
474561
395119
34932
354903
427691
163174
392051
101630
94486
314563
23461
383281
222560
499809
319656
156940
422736
189385
243999
209444
305636
273086
193535
18574
295276
254233
148379
407791
95260
136494
252252
405688
414678
77928
142288
79557
373101
361910
192698
109557
122972
35778
473276
255362
421000
398226
491286
142688
120965
125626
140374
275402
231914
13636
423248
92316
389894
493879
355449
402231
483507
175712
206830
174787
303090
251349
420625
68014
52645
452279
447750
252861
342151
396176
304478
434409
447741
275806
236461
400245
236829
264757
79097
182083
377458
237239
457880
338773
356935
203486
108608
103099
50408
156346
177311
264083
284921
473299
252286
402070
484496
89853
136994
259133
416352
250600
499706
137155
389342
453153
444410
341561
283272
93633
443697
90808
23235
348861
253709
250952
322306
434366
460420
409505
492284
263133
33951
298159
71984
84063
142921
476783
443654
36486
220291
327703
217348
344705
361540
10027
372665
678
301661
487933
478757
169530
273086
228236
350720
290114
35367
23951
388853
103694
59979
271787
142606
208354
302734
452979
308177
460687
116330
303711
349662
168142
141346
143134
212704
89214
359040
46703
394479
425133
177502
36401
440935
353290
283071
47024
174353
29522
409424
186574
367605
436731
61006
395777
464644
204498
325619
435202
324469
77244
388528
215068
171230
260394
294045
177680
92513
358381
272461
217911
196761
340775
15058
22241
272937
183052
171383
294200
251475
240034
492339
447119
32779
202083
108038
487042
312565
33009
345578
330149
341365
150061
238570
145236
435479
477202
48510
261587
142938
434808
135906
434542
91175
122649
79050
474776
421247
156359
131660
41150
193923
43314
283311
46869
363804
250522
456920
14075
9110
326686
222237
107379
128446
435217
380919
19165
54622
458795
394773
450235
250289
397231
144626
389879
10624
23196
205572
309580
381608
21773
98895
115757
2522
445591
242519
429893
424399
91286
374644
227338
213245
63215
160766
332732
251923
335692
279397
493355
208919
47165
26888
353294
148310
255732
319388
351519
340212
372590
176470
346310
163175
293773
317118
24294
304916
48252
34244
26824
343140
356306
69523
414131
370570
386771
346069
324367
271912
457752
72464
315805
80532
301798
313589
34165
263889
15306
488193
277236
437190
255819
67090
276357
484675
419683
358607
346123
72169
427066
329357
398074
14117
117076
219326
299647
481994
464511
61971
264859
68912
336756
165153
98925
144634
199010
72839
474604
235396
159471
105256
143275
269400
316018
238245
455115
144615
56630
468198
310949
222620
281844
141586
198271
284956
160822
151244
25795
405877
331822
52627
380030
121683
13231
194194
318079
356060
105535
181796
264635
477117
243904
449536
305264
353982
77888
73555
456852
123826
178255
300738
386240
58990
36149
108463
352743
316571
400953
373741
123179
422488
293400
477078
296092
131337
421241
263129
201124
482064
376981
58562
108156
205586
136098
302457
210213
388426
474219
271124
442114
401457
101753
318290
166964
398893
299154
333364
472234
424764
231690
253195
114512
191755
453329
357253
174570
450064
414778
31130
416774
236599
266142
127205
295839
177211
98537
210086
43679
452550
459527
260549
1284
211809
188370
218342
442107
46837
376379
26702
286332
4106
72321
155958
494580
44308
259509
167712
264594
322614
155919
424050
83842
184617
133473
387423
426525
77940
275518
362211
493068
319379
54923
207362
173655
24329
410431
92787
390517
230478
54931
295681
106046
248971
7037
216491
412554
73764
32780
244232
293977
134312
194103
234534
50110
187632
133013
294993
447170
478622
287836
22375
110533
171670
396252
151009
438202
86427
451896
182369
117275
303808
265616
463011
485018
145512
257548
76378
76178
47888
71848
438786
98141
422559
312165
353234
325178
158197
96689
272956
380853
51299
275092
145921
295806
170886
467638
486673
172759
385956
146992
26981
35955
374508
72155
357953
191526
155567
443700
236087
268232
411901
62344
298629
222707
406223
59171
98818
70639
485952
131354
359855
202883
118669
104005
272758
368817
468386
99463
54208
295442
263339
136495
140713
113416
218010
102153
210457
280379
28979
317036
426471
408836
484153
50337
449303
309080
489147
94626
69939
142270
190128
292424
23339
413793
119834
321754
16198
180389
291736
416596
96162
364079
431144
387814
358509
101245
406806
362641
110572
365438
422977
54875
82561
410783
215140
316196
398024
254768
258766
171737
54474
438719
379059
179862
168539
227332
439419
296784
153383
399581
13277
272653
300858
466404
44738
409106
226141
251097
313327
81781
346565
287093
318508
104623
95830
8794
313171
337199
444038
23573
295602
493452
185617
3522
161465
15022
223939
67206
487038
11722
444531
399222
188302
116084
274814
291469
216422
460699
230163
206577
248028
483626
369831
471256
21342
326656
420267
342166
208363
92835
158621
100966
309645
186677
359650
408670
480371
450143
35720
192540
372179
279775
80333
444721
302872
142189
167296
245549
293536
412497
152738
478385
241873
174629
206139
340208
477146
193600
400669
22120
348085
161362
185161
117601
489010
444485
273487
69282
340842
222810
364152
227298
78990
389812
466661
451262
310345
379822
157562
116452
94352
274013
351290
240235
443798
128977
392788
204322
280339
326787
396896
458729
175671
128188
490279
386240
306176
477592
236146
191127
377610
131120
198959
16629
81196
396659
370633
382854
101591
188779
164126
140686
350088
87870
244391
111851
136480
277093
141496
102335
227443
197556
231264
7282
436552
30156
220404
291779
297104
437437
209459
81102
465130
127433
390236
98517
285110
77532
162842
267054
330904
38407
30896
428255
418206
177863
494741
105603
333033
464760
15763
150318
203754
190765
37511
51858
345341
83264
37180
340892
405040
153046
17684
127158
191596
76121
369172
483465
159784
393338
121180
115231
131230
415779
305819
333018
137273
408100
18072
386938
337286
195581
351135
465611
454888
281746
268187
360933
135858
493284
239457
462662
302418
233492
448804
231073
211102
254963
167760
422690
245212
58388
223834
353780
340144
434803
189490
202031
467670
105758
246221
414774
469835
494737
277583
188512
32105
303999
161659
44075
371664
262373
470942
278134
113002
92538
398443
127301
395547
150403
325797
165213
279097
466414
118787
251845
379465
114627
207237
324143
472281
312738
132529
4526
306381
298734
482960
478492
78847
323931
38699
429079
239656
492661
40813
6405
98078
198488
296938
240029
386583
410891
312459
330215
426123
289907
192949
133581
497542
240753
7003
349456
357794
166417
351551
294918
232451
124387
479123
437908
188642
30761
411446
414584
143260
427019
491616
21076
263146
276273
167796
212217
313611
382182
295128
30693
293298
51396
420741
25131
464520
324964
259871
66687
236000
392883
349088
189970
167674
360372
480310
370666
369973
413080
299269
492876
207211
248487
231161
331630
234035
11482
339879
151274
1021
71116
157266
104905
26624
430761
340473
384167
289924
152346
324148
200205
20618
105440
174363
300888
159390
231953
179016
299050
340128
86101
364638
13686
306794
460103
21694
106129
262608
241022
409200
399272
402427
370736
48339
263432
148440
421917
245981
25911
197577
411122
285959
450574
350381
465384
386942
317466
158921
189325
429717
362443
420129
305168
164
489997
358782
308789
181514
80171
310606
115941
333117
195513
27792
344368
119235
452788
381533
401059
31344
128917
41115
146478
95429
450404
42303
31187
37201
4229
72492
43557
237517
384859
228134
266326
285275
343278
423015
51075
415501
28756
345576
21943
340118
377057
365165
232756
299955
454146
380108
267074
131990
416
117951
15359
424938
490077
435687
391412
448616
72512
183186
155969
278253
360408
392277
311621
299362
459174
492526
463800
404019
455489
334692
83098
12788
307891
131544
190390
296212
346143
77507
434970
77963
305641
206841
210569
468750
200051
387465
409138
417773
377741
150297
292314
491321
362600
267655
162065
275022
321950
260188
384147
218041
62280
443046
251704
348353
337014
10659
352360
234432
16443
269202
394963
127118
338206
25196
53562
323040
302971
269408
238256
102103
416697
106120
443685
296002
126663
335926
476900
118664
37651
276605
368366
71654
161378
338995
264382
425550
5511
201398
31478
393096
274397
76721
140178
141394
287805
288950
181724
300851
208870
443514
426096
157330
474788
268677
140922
333357
320521
235644
278850
230771
192194
284301
213121
140338
93267
466549
475873
223917
22923
50926
181430
257451
18199
97263
176431
164144
243261
209039
255268
75158
26780
3913
477885
315549
47582
463258
141253
97019
129399
208098
289763
403130
394752
440640
159141
73233
198571
86832
36765
324354
372628
352001
242172
488859
363509
235188
38599
222667
107630
82237
359997
245048
479337
166330
121029
132607
470956
498347
362521
241061
257516
80529
316327
110826
386961
309202
2571
316826
394586
49340
94275
194762
383365
114306
230812
483263
222109
77691
165646
69637
308798
313724
193480
339267
174789
276284
136672
211605
410916
379656
291397
132250
453772
341774
417330
391782
332682
77075
233869
472050
175527
219128
311510
284975
128623
232294
308655
350164
69044
428854
231978
121163
190476
166533
383314
4640
243356
235617
363903
491998
321278
389174
411466
282451
432141
58574
487567
167966
75686
333751
438826
422059
15691
309083
294268
390967
5538
303904
390110
327279
452073
255947
38908
72785
126730
357837
247
248881
371814
2596
104195
429704
257652
356886
433176
483233
450481
255815
387254
432067
164046
470233
238259
244909
216478
452960
210657
140456
339924
68239
276268
392354
269821
57646
441698
65505
367691
316146
234442
167893
447737
134369
447624
226472
40509
140070
475120
170390
188836
369289
470600
63299
281964
485901
190345
330656
14088
273756
11811
144210
73579
12694
40405
267124
241467
53075
305842
205176
364016
337730
494109
377811
73025
442278
218363
327294
375253
50387
192831
367629
373013
231009
486940
253884
457921
393421
125578
356650
99875
218417
264749
387991
259498
318095
75801
278077
480632
483890
55563
401020
85215
393450
75006
327546
88456
147889
104991
55268
458173
238881
109422
282725
215449
430192
454276
255258
349613
357420
318251
202940
115000
251701
429071
111269
256529
428284
408997
114886
479315
107648
209715
80407
397579
226586
446805
240112
63790
286369
338767
403370
81931
137164
9244
319176
229214
239330
229999
206936
204545
300953
448076
300011
80608
204629
416975
390423
140262
50461
312486
366036
89752
138662
299864
292241
478315
66683
238051
132551
111273
263903
258563
63222
208021
419893
236847
440419
112338
438834
17652
68019
263862
11889
162769
108653
162031
100621
63750
271641
79062
125253
142806
149669
277992
287472
95437
244539
409489
400773
258344
249893
69255
261811
282052
259523
57708
378675
391195
70561
294823
162063
31720
78892
341807
77020
128881
6499
241873
271467
46697
345187
430603
397846
140760
127085
382421
272625
226206
54474
277203
477896
149981
358711
188869
409922
216352
71646
453305
285460
234328
105162
18677
253788
453562
301903
272571
14295
437986
110333
186215
241167
148135
198765
229825
157784
187042
192592
16868
448231
375382
259110
57335
129793
159844
325485
38207
105889
203469
498488
209271
56602
279875
316406
55617
344899
246350
370245
255990
415867
435906
85313
370564
295236
109778
359369
441663
25994
327679
421308
312522
23513
395695
272347
244203
306053
174031
203970
147019
395734
415431
333409
168405
30481
440290
476631
35702
279982
437565
126739
449938
248444
134520
100878
160167
160326
309757
400815
253511
337220
401368
214174
466935
303635
459112
447536
413955
247587
119126
228399
481416
237890
309699
333853
248842
171739
404239
389190
474065
45417
494232
449067
43946
399685
262385
463316
62123
408393
286588
38812
488123
418132
11482
397813
277634
64634
95517
432038
334031
358567
406718
358
28113
231385
497978
121850
383278
202811
327174
437741
278827
171374
126000
21259
319852
127728
36909
177767
56025
206957
245068
309844
402726
146750
468295
170131
432604
410426
363822
361675
475735
356394
355988
82961
30369
494424
67188
290730
328522
176176
499160
57862
312717
272134
427730
375734
427717
41576
194878
428767
378050
390214
365259
256720
430250
87686
296654
40227
130394
24348
387803
56628
281524
340483
101268
379069
377464
366461
333948
406667
400984
120479
355900
484476
464131
76967
70125
409644
198042
488660
395947
365446
460222
52729
276103
451866
496575
491552
347899
53745
20380
59613
256586
48876
302444
80299
187506
483959
186459
92159
9875
310192
12027
390596
207315
385446
140457
488499
217335
231528
21104
266636
224229
487937
181102
94212
129368
427262
220662
396105
175555
303158
425896
12734
249482
333997
228613
405505
353804
78574
449230
446779
327470
450392
231966
1364
195001
265240
222837
354142
311778
242116
453395
432542
77922
346696
214148
53236
449146
72506
430134
256507
309575
348678
84562
179667
120692
171248
28639
293062
494004
211642
319015
391306
303308
60635
225504
207017
419619
452377
110615
31638
392978
229352
374634
285613
171916
376070
375337
375439
147063
75907
236914
381745
340562
146880
58258
285414
23377
65733
114020
335615
131817
430801
38065
35285
301641
93987
387224
286451
438601
415243
491330
299614
195086
188454
329839
142673
355483
281182
219293
103240
143088
71131
430356
456831
276431
110356
116122
266370
7702
223335
378501
413468
416788
302805
88593
13308
438979
54838
138313
71695
42356
313238
181132
243753
244633
238826
380118
160142
271308
277404
280593
272497
309143
100911
266087
183628
365938
377608
20011
461418
176053
219429
339131
149005
444482
47497
485096
224841
285108
190171
147611
479643
259700
187131
404415
145624
184522
86007
303328
305386
171435
311337
221682
433039
116820
20680
22923
331025
411692
161196
127698
102129
138351
152477
473667
49693
68127
114143
337032
375722
248728
367500
103937
19577
207622
178971
212880
238328
461335
130461
85317
38445
482376
179681
323811
374230
85111
196988
399213
145541
102753
241503
317101
200860
43044
33262
461435
409003
65387
149028
176873
200204
121341
483763
445789
197657
38648
409008
180113
324460
114786
45741
58907
446305
382338
160254
153293
406964
470612
479098
402294
424088
28433
132799
421145
71385
286881
314996
309042
420589
189914
180020
427620
377708
307981
51710
321187
304234
173369
475640
416609
244697
350041
454057
382690
189778
296967
424427
134191
48229
144008
37321
238951
293725
321707
287274
44865
223639
261303
291429
216828
370009
354519
67374
496788
317488
398028
85549
66131
72147
361823
485167
102211
142253
87035
213624
403970
317479
154461
455285
138583
396302
443290
344981
466963
482500
324902
19672
200628
80469
464076
403117
171456
270667
255439
299100
70059
260401
299111
427716
157299
32050
112796
496087
270032
207887
37107
485720
318966
401138
46006
144322
190846
470084
264333
358758
280298
44454
48687
173570
91284
201389
429132
12443
99141
59703
246866
78852
282704
423962
292631
404045
4253
192228
411640
46973
494434
417564
326532
249359
378067
79862
451160
420891
33374
119350
420769
335609
362695
218651
376526
165103
107312
266554
190244
212178
184230
247802
328330
123779
47336
132698
481199
182315
7458
23707
276210
279592
48923
95106
476687
319234
424452
102105
382275
427989
355173
263460
129528
353052
378962
375010
388902
363472
154658
62921
460745
456581
314472
411226
272090
394957
17656
53756
70542
91720
241814
172527
277310
15307
477781
417128
415265
386624
353241
161421
467501
496957
433488
322634
429284
164529
2207
80123
78346
265416
13178
211683
149093
310295
338677
293207
464115
137807
222955
155289
467305
439661
37024
496399
308174
274536
400475
326995
71528
215327
284922
373896
203614
150163
13432
262837
292851
215750
449990
467590
296931
28434
265652
423119
310507
17998
25054
346497
294976
104322
451156
170716
285347
36399
38893
67087
23255
201813
390138
448269
221719
187249
36724
467171
357666
440356
223334
357295
306188
37956
50807
463269
156686
404899
45708
9332
234849
469637
197913
212297
317334
282826
40577
52120
409733
368970
240370
309753
345893
17553
480387
320583
172683
277856
86070
389322
104252
142594
408922
487141
117912
140405
243457
454347
413135
102437
479601
256091
378271
429996
484829
435135
135723
152411
3007
471179
43341
352159
117425
5535
312535
398546
7867
497740
434405
364427
32184
7411
237517
412599
97491
153619
92755
170228
25925
424947
381406
329907
187489
379779
385525
490515
156221
64618
446962
214654
317075
344924
183946
76719
105036
382914
84029
322203
418680
432826
230699
10598
322988
216379
106531
118586
120444
282894
64773
344275
55849
28157
417090
438519
74336
125433
86535
186888
440771
71880
186340
124290
496919
82139
206535
338190
57845
213540
395022
199652
479392
275467
218426
155434
25417
56797
123395
475145
402079
209065
480568
156806
122165
108204
21048
208360
317310
141171
69405
278285
86249
411946
32580
21363
342741
125721
36903
280789
91505
427119
11154
143624
256477
309672
437862
47955
3256
45111
366487
86312
109523
251048
448861
175091
309350
414204
462672
250515
87184
204546
150281
216545
110398
28487
352125
293450
117607
386054
184389
121561
235259
396100
349442
357632
402359
390325
373977
395263
225082
408192
439829
39084
380130
150044
74249
10730
292241
480677
458477
170752
63761
223067
376959
449350
182563
430174
408498
447670
76940
43841
249081
46537
108498
214936
180708
38485
296237
431298
401561
204711
402143
56067
35988
355214
43197
423135
186338
26980
262811
483327
417299
306595
345249
50382
491073
394199
185635
20935
121161
4292
433805
422113
33631
181598
437410
13333
208406
190261
249796
239860
105928
31392
127923
127895
357190
377556
188036
289275
318405
72559
146347
52111
336504
462563
216832
247847
358384
69198
111891
197923
144938
497767
209838
160193
383065
1939
189869
271899
225565
453524
264243
77018
492522
239819
278431
121287
327018
399495
340397
265869
266393
340324
320825
98052
438430
408660
4218
229014
107291
104455
459543
102630
63834
255511
120969
201705
111646
291819
239567
307998
259579
315925
49210
115914
443087
470860
316005
39050
3494
255506
477910
445220
126948
184884
386729
211155
271147
284939
40742
324836
53655
151396
182925
406395
129877
121133
304924
116385
497960
105897
190566
205662
112378
415061
354333
136872
102125
57512
175048
454722
354941
161341
425952
115009
402541
271354
85932
4943
165393
415928
233897
76905
262105
81979
76048
467962
70092
188046
59260
401741
360554
307486
387770
374750
221251
402855
362885
150183
229697
473741
77643
75541
251866
18576
132134
317070
331406
279004
217364
85459
497490
197985
395943
289341
377517
236870
463673
391040
207168
163831
120527
95346
352170
113767
121250
132268
325042
38758
466774
273305
111499
316022
329610
246138
147321
79554
499743
446993
375789
39529
119406
490058
55766
471886
309086
279508
144044
241208
356798
386847
102238
462484
456382
350188
25064
321439
486722
231181
449749
379741
245421
313691
437143
318336
92763
56740
58479
277829
11897
41164
168848
333827
465048
329891
332197
96039
116358
70585
409658
295780
197741
100170
462737
326816
380400
320507
329201
450921
474195
498675
408967
185150
331740
143822
485725
263066
24409
140099
311956
46378
114400
176740
465182
66420
95928
86848
132637
339468
312008
477763
165483
483497
133444
292978
249840
346314
160564
196844
499838
288711
125913
319552
143857
150358
197759
247586
337488
193937
280798
53895
114380
343300
82019
176569
98637
497634
9892
247986
354842
214539
314966
207241
285489
215104
354362
16242
221686
478801
235677
356018
426191
137563
149769
207493
80569
40702
191767
270701
143558
289688
456666
63852
125578
387634
293316
455285
229026
397990
172213
102233
57180
305671
134440
378921
76969
223241
256936
463564
334851
37686
196183
53881
335361
309673
442897
167211
390993
458897
324400
321070
41839
326189
494131
468029
339311
90717
179231
382973
203128
165424
7475
405997
40983
15032
95215
218483
468980
36955
300132
299423
81292
185749
316352
126282
192746
483904
22037
338028
467535
325319
12845
50666
152493
5158
296492
360673
146034
91715
36882
366632
289558
185633
494533
397521
42175
382485
346482
216553
433149
14143
370126
401369
233395
177793
382706
90708
68531
69080
186223
46387
326257
301086
71707
386636
446086
460662
465784
292549
284730
252144
327082
137750
173047
325091
141153
331313
309151
136500
169994
34049
187650
152756
422998
436858
212413
172462
90976
193749
272584
63632
35019
473918
253996
428284
321764
486781
352330
36226
174430
317164
377005
246339
264838
155268
227312
40530
264314
394710
15900
160512
53559
181242
146011
485575
411703
3435
151016
197066
351794
438344
276302
262907
214183
58293
270071
22314
166276
150557
28246
302059
168088
429824
25894
342722
64766
156883
227137
456363
238043
480462
395843
190279
271930
284834
185463
64567
20104
61180
274638
408566
438382
84365
234004
489571
460804
497842
492609
21246
391510
384591
93932
283559
150275
422107
342138
30752
301393
324276
18950
160520
441557
7032
142690
99073
415713
217921
321418
188270
15972
160628
374860
216406
284811
477041
46255
290277
215667
111052
100752
25018
325575
201088
38455
240491
229983
241450
123678
334402
44647
229436
485017
36258
311458
162955
27829
141618
409791
413335
454341
398216
334133
110011
223615
431215
255936
147226
198835
165228
492049
84457
440244
412414
436332
278760
1229
459195
250210
367086
179777
102171
307771
297968
130460
90732
332348
75961
126400
333226
282043
194502
149655
70140
428234
393477
41620
123631
285231
158872
166069
157884
447806
469400
372579
471130
357672
414744
66619
403570
177682
381783
123659
95003
77629
422803
39264
321482
171934
114465
384132
260899
20796
419973
481680
262134
5899
453087
75250
451932
329525
272544
139049
458011
440628
339965
248018
475864
392112
128194
198399
208929
250909
125638
106675
379455
346878
369431
223932
298890
274366
451212
120457
488988
292295
488787
319051
240693
359594
47112
66594
48815
344352
16838
55286
282907
109874
497528
311194
230497
480654
91561
450921
407863
371734
83989
494812
387432
358584
304942
311782
297227
438215
493991
347073
476926
157079
189674
178114
443146
356493
334775
317158
291742
400242
256746
233657
368150
170718
52520
494858
382004
168543
267695
309278
68833
158916
420693
366621
86887
389625
347367
205914
229555
84163
193990
26155
59680
404475
211861
119416
213976
110610
334886
459544
185250
129128
306154
200663
258940
492056
442253
254748
228952
189972
377175
158962
455039
458091
345107
324981
285296
229594
139842
307553
51947
322494
95704
429684
133356
190543
232049
100232
396499
437634
8623
355370
132671
330846
355961
25397
283315
191226
385686
232767
40425
278295
10052
351963
321439
250097
14758
86578
36621
200976
372046
354516
209725
340873
182448
105372
141575
211617
77743
334618
247455
185830
257454
188198
224211
225275
372404
495050
86808
295787
225389
177390
407054
7572
70372
409103
187231
465698
370401
79419
184396
408228
426309
395900
11030
436412
192141
103728
450260
29166
210314
306575
249458
231497
429124
10117
484159
100187
241721
74359
273924
362252
27137
422650
158779
130430
409726
184119
177026
410179
167828
25435
34271
338961
174598
492095
427220
177501
467545
5733
188475
229416
372553
392073
432104
336475
279128
27969
139794
249933
170620
304559
160713
425597
419223
173606
172412
135945
47230
404471
133736
472308
397676
56486
488797
133875
40509
346684
319998
470896
29297
119795
395728
390685
417382
86959
308995
204762
305323
229034
282860
129771
399236
74694
142779
392483
166547
300065
51702
223999
294069
465535
91637
390987
61888
452343
486166
340802
268506
364320
385509
1692
67344
116057
359681
214064
106364
18807
62153
436398
175324
495941
284755
182060
424426
313020
275002
187763
210054
94963
183149
364156
193683
136215
291271
10882
175484
416870
143106
280717
216003
387370
216073
205296
272256
282013
402745
330338
399535
362385
137896
180001
473321
196392
95689
453777
86183
173388
405683
139751
490848
290472
23848
486691
485937
253889
205617
479816
134814
41844
23936
206959
268770
11449
474589
186815
125838
466159
118231
174698
325183
91721
432820
226189
184668
51659
490922
245287
31744
114816
285862
266485
440610
258374
223425
220838
439553
396279
18922
14575
300650
401092
332049
335144
249157
18571
306120
307122
30038
227244
383055
75242
228726
114400
354077
473772
294649
141969
9571
167568
108959
381179
290584
476243
467102
212645
283798
12896
279225
153027
428171
102645
86354
145029
335259
340215
263809
178778
387691
61073
171394
388506
363447
398470
21753
445495
103873
221574
420556
332160
251522
231376
498250
497562
269735
177860
493544
244368
167824
499777
395828
356620
275343
175662
128727
441573
58175
465081
119232
336533
454022
411224
340440
73141
273930
386782
252415
212325
62385
366790
79099
244421
1784
21994
164436
93742
379084
343977
238648
407457
169919
105725
92419
346868
312833
73068
145489
422713
371038
467738
15093
96223
79903
214260
264514
455511
272804
379501
498034
424479
203761
327369
371706
343907
109586
477287
234425
110320
330521
440205
144199
476332
237822
157185
96653
252617
14511
117307
15863
138505
156802
486266
323579
157269
427614
213083
342937
376850
43521
47771
137605
91403
486258
65359
468424
432702
235343
421890
320176
106617
93160
211865
421261
211214
107938
477610
366243
19249
342859
166817
403933
249069
288192
102266
379335
330953
323615
291206
297130
49574
227499
302757
45624
472329
253686
486442
97481
414146
163268
139255
89069
257442
215559
21097
200970
463546
244950
94000
229527
68949
31516
301454
398766
351904
92237
17526
360527
482917
361249
94458
470010
112102
354705
484769
137166
149688
90305
12144
121826
96737
284179
117003
318031
252865
343159
477952
489718
107643
427751
218454
281059
225656
229126
165398
431448
397553
430814
315439
289994
63152
81723
311926
385082
336389
174421
277382
324684
394599
447313
409166
196345
25461
187887
462110
61518
228930
484184
445307
411163
112148
108349
463988
348123
100519
451547
33728
141853
53692
209014
6246
44793
34072
331458
155897
243869
339856
160001
374127
341143
109705
62485
458264
14687
406215
156546
220198
280520
159030
451130
381373
26610
389375
5258
468107
149280
265409
269556
218897
393312
256037
238051
486754
96211
30209
55172
98484
470331
320011
330059
331486
189418
230231
435674
52840
320439
316184
186980
219953
315099
397158
7577
346592
211361
350020
477362
37410
85583
127596
240705
478941
237059
383224
454506
485652
307263
128798
440865
237669
171383
125102
377913
317960
198686
433851
98126
129636
450571
122284
86919
320723
161535
142338
296015
63410
474012
64617
206015
287480
388201
381356
349172
492429
243592
246565
163066
319075
230327
290683
25291
54563
229895
498346
365341
407823
285766
381462
283097
235398
265300
313060
149035
422638
146712
152526
479841
347391
21131
177904
199638
283633
16693
489810
55280
84490
232617
413281
11736
307261
166779
400582
172574
172345
196062
373850
247583
448302
160561
233598
452512
285024
237205
360495
97704
41161
109721
12445
217707
418349
373078
62496
225707
109575
273579
338754
1255
221677
243512
213983
7286
111506
11459
203826
442909
210727
72378
386115
166702
230243
206455
366241
287366
179233
436022
11524
407764
345375
45635
349206
202976
405223
440721
32097
348504
333463
227152
36590
149069
468887
267860
263700
363840
134278
31463
494676
228639
329792
433874
396392
22424
308826
7796
176105
423938
217152
31434
497095
301384
33912
385387
132909
469796
221731
465901
40078
304490
123683
262561
328831
162237
162251
169095
406915
126761
439223
453254
378077
495120
288616
465887
219094
211306
220063
48958
38541
486683
144155
364617
117325
338382
488064
173429
289598
65202
313393
266627
50410
280520
300421
22330
165658
100684
474654
349694
135006
417924
33807
78022
144631
445972
362235
131317
489919
38436
127673
414720
352600
77415
129101
358573
125037
58395
447056
236348
166939
216523
84415
201311
81674
213152
60467
181567
430395
146103
42809
89127
331521
362384
186925
143557
413887
333081
354643
337161
465009
120482
431054
210342
234939
383379
288854
490323
261284
119734
303740
471790
238756
252681
454424
158774
61339
363794
280693
158260
37078
462548
112564
220676
312625
130431
156613
447982
335972
389910
31439
403178
401910
229962
9413
320123
230409
300743
193711
449174
462774
499063
74626
173610
268828
226179
112441
153167
77028
243006
455584
57886
244792
339322
263661
495026
216063
251767
208517
179990
264867
422453
207150
120587
316061
400630
220424
347538
165568
230071
355371
23698
22003
49845
130704
341042
128165
113958
313700
290091
473948
303746
461872
280086
225589
119931
498207
307240
476391
349683
331297
56446
413282
80994
127727
2866
433335
130536
195239
279934
262297
301385
190820
160533
444425
427093
443696
321741
396984
261963
124047
132315
323104
471729
466641
265599
338633
318535
211740
216084
31369
299094
242534
219791
237692
494485
405316
478612
309415
128675
47459
386296
196804
146742
460946
436239
430714
272779
362752
96952
270504
27740
214402
239246
114045
300894
302579
423268
27851
463645
302745
54067
172813
386497
116910
272525
72484
345866
177139
314562
20430
108410
362789
151044
112719
467839
26182
493263
44222
187570
131178
338289
206843
424000
340695
215719
327583
318038
414671
249758
402835
313901
469051
14401
470544
387009
405855
240562
48773
81867
472504
369156
465802
361213
177251
150001
127606
448066
316324
70391
201394
125728
493832
468211
415039
120698
381653
276132
493982
52189
360663
28304
226133
118226
284186
288918
47296
418401
216977
294915
392261
236527
273918
325419
332610
492062
227099
339303
77247
376911
485548
453922
52503
20710
110633
142566
316187
105433
107100
181171
39163
433486
293403
368894
206175
65642
495853
157473
66423
470373
191179
435253
157977
248842
291429
477427
366198
277088
346898
272361
237042
211324
171219
288778
356016
241246
180628
9401
257871
493888
332378
201194
10834
494319
364469
34120
10071
181761
165361
82090
480175
223587
368061
95605
434844
401744
483879
86569
33445
114979
298203
349232
133679
119181
406281
238208
27197
15266
320929
213648
257539
170906
371059
319082
196197
117967
11203
392563
45748
477703
394193
447206
424272
448241
202163
42243
190102
77642
144302
19732
359997
244446
12882
300094
406287
22764
346590
395926
241862
312611
34099
413872
428167
132473
125832
476038
219593
269025
112269
118937
8133
329426
22522
495028
332177
479325
213526
187081
358071
492847
155214
95559
431835
175371
479347
170551
304891
159582
24185
79783
117118
494914
425559
426314
51854
66720
435417
248133
353519
425113
60504
248947
332000
192641
175638
376360
793
347972
182535
296681
354140
261648
126508
75059
14076
184040
266371
243346
359613
238671
24148
373331
17400
144832
57956
132959
290381
179283
48825
417287
194517
372801
70355
75600
494822
304729
402952
321034
152167
75985
293107
246555
178624
210344
438137
156921
342361
281177
498095
51895
246812
241167
216344
285042
389373
46530
170843
416426
225327
48013
137731
48316
435373
134511
398800
7044
211535
213098
14347
235539
369520
348083
262228
65911
324971
189256
226772
67902
161799
397597
91267
63787
285551
237379
76360
413349
287687
437785
264159
229623
113519
411901
440219
303156
495590
297435
113757
126851
342543
108110
247304
193250
395366
6617
154920
464511
188675
235255
281768
392469
330425
474034
60420
131020
480470
488630
482345
178980
125303
22652
484963
86847
274322
132213
137591
30480
367800
20463
374959
458548
265432
21861
456617
383553
277344
203215
478244
207230
285922
476195
237456
389779
313247
50314
445482
213696
182815
117933
31020
400130
253933
289650
97304
389514
150488
105745
243275
157196
60474
135259
310410
387227
114717