205549
46770
223165
282735
180428
440810
321648
313146
208401
115217
451417
199250
94429
474691
412875
435426
100829
334395
108250
438393
400541
427031
346511
442016
332625
315002
445527
387039
469095
477470
377752
203392
387062
407624
179794
93254
391142
472434
195526
438287
135211
116611
68975
431109
443950
249437
343078
348886
189972
207690
405320
73409
69451
480527
281432
258943
428769
24445
267906
216146
489110
18673
222711
342116
403170
59965
181992
157937
129473
256098
241182
341909
82845
297336
349397
409377
176482
91575
190322
212739
358977
362690
494331
217557
67905
88183
339405
54988
356037
445590
253882
263870
364169
410776
232336
270604
430189
171900
47900
105252
144820
109709
118529
281668
95820
280388
204161
463480
8701
219725
87512
58753
225643
12995
37935
42337
494546
365192
362731
24216
160513
77145
80059
407136
230222
102721
44797
197852
310378
384106
268588
451846
288338
1851
380839
107126
440806
309853
225268
96809
248011
346389
476654
231778
487882
427779
187184
262024
76124
107013
433405
271026
484181
369119
100960
498638
420487
168340
17174
370487
476116
249579
312619
211426
133496
396184
465242
40429
23448
395514
466371
172065
372722
25713
179201
137863
427144
304761
74061
399038
283287
275498
196792
327865
332796
487341
347910
158377
154569
247864
286977
50753
423930
147729
387448
34506
32726
476242
326370
335400
209078
481150
365727
213162
323266
306293
298919
267293
308707
13563
329256
189457
492905
152421
438618
111002
75302
32580
401039
133800
220961
393182
437561
36923
441688
115334
121912
59375
301231
253452
272864
7702
41434
376296
334736
275517
438457
451439
242640
56984
91435
255496
481719
60754
393929
352255
349192
232396
170459
213234
6208
492462
387314
402841
449127
374203
27967
230326
92055
350203
151724
357866
62329
432445
448177
22007
394391
433022
486925
426182
26451
317483
444059
63775
489576
421159
80734
450241
291474
125190
212837
128859
285436
493844
480827
602
52604
137592
307503
325128
222453
29992
107880
127095
388030
484881
384393
468413
156022
287750
65985
298945
304378
211625
278083
489076
495675
482164
385032
53477
478757
314569
340623
458138
97327
293528
369001
244007
367790
211067
46617
279939
159035
244108
86301
224394
206825
36270
484671
256674
393734
250319
246781
215061
236545
148411
181235
349242
368244
340296
370064
93380
99596
132491
399618
334546
27110
89318
434312
392076
11332
340375
126348
300896
55788
228221
166964
403284
84946
456442
140509
477060
236283
43051
393171
48739
489466
128043
134795
51014
111146
355609
325863
152020
382635
207694
236758
63455
4200
238445
107
273771
308915
107394
40780
213754
453678
278676
224178
373865
63653
39635
260784
408292
362239
394295
340755
316194
141394
288127
291663
332237
375177
386978
295347
159585
213226
182949
308051
2967
321813
719
447488
142015
488396
192947
435183
76895
253407
393433
293922
144663
213977
431300
208812
359396
299207
175713
182554
302603
284266
380472
257145
487309
215095
241624
18633
213348
367272
425139
494491
421800
38755
307052
490757
130242
167740
332996
356878
45712
192652
274104
89477
60697
252557
368962
179914
157398
309657
11963
301493
421955
148784
248707
416199
63353
159289
50610
278910
299011
233369
59973
377750
193463
232907
112210
69225
236937
121579
307637
351603
364403
246305
393711
164840
96625
236153
41041
454354
25661
289675
2181
38348
16463
491322
497822
390479
361012
380296
75951
431512
98044
318518
344496
257217
55520
347572
480961
196170
3637
473883
380099
106430
57688
363238
327678
91139
10637
368943
402506
93735
261268
370596
284990
156186
376068
22711
363844
182364
143958
370871
189093
35145
482972
120551
392380
336676
467756
205816
64253
18267
367650
431206
64362
177248
25966
118997
484355
44862
24911
331622
136766
131128
217579
330694
56185
493382
103358
248102
347781
155756
437479
360671
229912
317223
270608
492056
396873
67032
241922
13714
195340
453821
192299
86411
86563
204273
141567
68862
79848
45305
266233
422578
259519
327271
274264
388896
286219
127845
190380
94997
39924
249069
137766
34057
36343
357330
350471
163946
118902
130350
65026
118986
197321
237719
325504
110436
279775
239695
14243
149754
54468
32977
235076
29288
216111
231066
438040
96748
94905
22388
311890
10866
221125
284182
139980
146358
144486
104292
111338
77119
102962
30702
366485
380770
230788
283991
412913
108693
184994
459595
183169
77083
298974
140079
265231
259920
160212
442520
164694
439236
240853
137347
131816
318533
99669
211099
15228
432884
371135
72709
329864
133702
86283
407389
311694
257042
465717
280942
265002
253141
222545
198667
215298
333002
454979
406129
488612
180624
25774
140694
177139
162163
63374
169417
350373
499756
177180
37675
300651
245502
42703
77583
401136
493739
474468
391143
390859
113285
45910
103673
447476
178822
187746
317157
384387
366022
5525
389612
27850
451210
140675
10356
316038
403360
393452
307933
298272
338001
333215
431570
143186
231473
395137
228156
172209
287154
267101
195382
66739
40789
381928
296954
156549
268875
113361
256885
321860
3872
597
103764
149187
324177
7188
477587
151000
167288
481684
39155
102986
264432
42687
297519
483238
238897
334664
382190
402441
202023
316904
278993
228378
431920
327816
165560
149108
241424
321228
273263
229570
123227
411640
167446
188281
311895
201199
117752
136863
156159
407911
168499
69683
457332
156502
434647
499819
33137
89984
87382
286087
448221
39293
41116
415713
91694
477176
60591
108714
18648
90744
430786
22417
86015
375742
2021
120331
159596
470064
294596
287517
269548
21897
374931
228043
493521
125810
108640
338234
422865
383535
71321
414347
430187
1020
3686
478145
459003
486489
324694
446537
384010
286532
9401
105889
300761
230253
354192
353124
339217
292417
327350
460499
396144
179856
233892
326860
319679
219213
228864
139942
269754
298594
171235
328205
286056
495730
409575
230062
146701
215164
31789
369197
274502
440742
146940
456485
430576
151273
128977
133333
457078
324499
377744
149630
322869
20836
262178
411078
312746
418867
465007
112437
254787
405011
99324
226440
203220
175637
126771
246940
462107
19264
194386
323910
185401
250724
87276
364792
55854
109813
145228
425330
199755
185116
416198
471303
126087
224069
316766
39168
260595
34264
290186
122097
180166
481024
393173
335230
187133
224479
213434
335131
317002
3628
329322
244182
20336
313525
349587
46628
265553
170176
23832
124267
302280
53546
83048
382543
227872
314898
67681
251763
415529
95981
443836
174525
330692
83380
164932
9927
290092
334339
16554
98508
225431
106555
332633
184217
319589
76807
328009
429696
402388
349943
372937
11445
161257
195105
272047
152186
497483
406674
495067
128236
44240
307945
445113
356438
264350
120345
244690
129637
210669
486122
256239
272499
114786
249373
45416
323148
93806
422525
287568
310515
450380
206937
147686
118898
288383
364272
195860
52956
34796
479835
320647
309471
130274
348750
10361
189095
138222
296378
412220
235829
400992
304691
303998
435433
75375
221440
249951
151566
129555
446710
7540
149462
139658
24858
470401
308209
337921
408825
401540
251446
413501
125281
17151
109324
365733
496602
371971
322374
25454
83558
334155
34307
104227
350566
407056
302069
267445
4837
155398
103081
22869
385428
406977
45443
339421
395409
267820
288570
464761
89852
102196
267893
155269
327115
459576
55500
445755
203035
479474
125698
118670
265638
301686
192416
435447
371437
454846
452537
7544
406659
345774
203305
476653
84772
388194
38567
24229
440374
66757
41134
37420
164933
352580
290951
488082
319927
98998
319826
387787
433319
220532
389548
189215
425484
116751
100866
54443
417651
271813
492392
326638
378134
121774
219307
127677
383945
6698
407341
315338
291886
3248
448978
292032
470933
228742
201034
61356
467774
290969
75519
475656
86842
191223
12701
55701
462470
64689
374330
71304
401595
268043
195434
100505
464781
53929
295471
45751
275942
427293
365395
98432
384945
308731
237388
185917
57871
85976
448059
33003
10770
441889
423831
491308
329360
131749
346518
155883
281207
86277
430606
273953
40696
22737
455165
151885
494931
469695
142042
382307
203910
488029
458336
113639
324981
267624
470421
450476
230655
424424
103124
434542
399546
153781
266180
470491
315881
312837
224313
430561
51994
436344
305728
491592
56738
53150
297317
483542
473910
47887
24702
298725
482543
163109
396574
193138
175108
389798
68695
202642
40899
476160
305027
195712
41916
278397
194987
419436
489132
74999
371766
75081
105895
54938
409247
108244
332761
79421
33505
456625
284984
477775
78722
420309
341640
460197
41074
448551
285317
450056
431226
421958
8009
471506
308057
146984
51180
72466
176358
97659
16796
361261
131451
365229
215903
13103
357398
106083
317180
350929
288819
49091
20948
204945
368601
491720
123723
383118
321259
171311
403962
80515
2274
326133
342053
481496
392974
494788
259305
324827
77882
346322
475556
121640
59824
460565
48360
259455
264016
36156
345451
443093
239853
13416
53377
282463
492132
236819
103472
163608
275786
360471
223040
261127
132093
203774
402890
81890
238565
346780
234747
465500
292442
375179
367941
21214
63291
440368
235048
39688
328751
169148
422884
17452
251977
444780
21276
59514
223067
23565
447575
169590
444253
460073
267460
124690
7047
361357
499174
147953
229612
27662
415885
168327
259907
188736
340511
273565
176170
377693
175296
452127
254556
84065
390636
313602
279078
86065
340886
88467
264994
357383
339349
301294
418560
391967
274759
343788
462857
270986
79660
19980
178136
345851
279082
274427
370768
140092
52993
370033
404350
141426
292132
45474
305979
310252
383533
100972
463373
286716
283712
444825
123824
267373
41918
56200
357921
325163
140796
293375
45856
330548
359334
25506
406058
196253
3200
369236
333509
36534
467163
418215
428486
460750
259039
128284
206465
197167
373501
32548
94090
413945
491663
65059
409555
441678
3126
319574
374565
181849
12805
471146
434831
367149
296057
351220
462697
149971
498279
448331
101809
386769
310140
241382
43919
193833
9669
234177
20861
153669
315683
95596
485499
400806
39483
491838
422216
172166
191023
361816
96729
376753
262090
39360
199291
300920
331736
276913
386931
20804
327616
352163
474712
29176
80204
262472
253336
447804
483713
328716
66571
269483
448931
338806
229190
419440
214740
44230
85573
357998
222481
365956
43186
60358
254014
138130
209994
127174
167809
418827
97068
246251
287484
442654
236063
22989
150865
425555
77753
203250
119527
286310
307433
315622
403801
248416
425919
186084
166448
80314
230468
175213
367845
327860
388583
236235
226868
461865
78907
311919
70650
229464
111400
7859
369740
414657
143021
105309
12123
205049
227123
487282
41928
276118
64350
344373
471348
394897
149256
488432
62449
391388
197661
374938
84716
378338
308643
288501
381591
80651
134419
26722
265527
293477
338228
269484
83797
443342
212982
483548
195912
483239
85242
414343
146275
282106
222792
194882
64145
163794
300695
99796
494436
341424
399795
493942
493534
107431
408714
206410
43700
101762
399973
406082
84816
312735
362212
161369
18591
33297
13264
97096
236457
356225
59732
131661
418123
137647
232787
225829
438278
81570
123951
288482
71130
116460
493413
301908
24779
74438
423885
89587
18645
59354
42405
387343
317606
178048
41708
376108
74667
129110
352622
459154
149656
323259
170830
254421
383277
20294
106143
279619
213074
347487
449159
332681
175569
456133
380944
377972
480913
144921
258232
260050
314089
56191
301374
187327
440908
100462
472137
222699
77888
343965
423499
377289
366519
129648
49630
252948
120134
31355
146859
12887
144560
258255
230643
314884
384420
376554
226502
437460
317823
314006
254134
218681
205738
352464
467696
73659
468945
167473
286218
84434
236783
40026
116788
87988
181201
246967
440925
267409
120575
283314
130493
24900
456660
35541
160696
262367
206233
357140
54816
117511
219919
206794
379480
70999
325636
55994
295094
499295
134747
329415
435002
356016
187298
214558
338746
40395
267552
306415
310670
185365
256330
388543
373835
76166
332443
160699
265677
2095
476544
433402
387626
266942
260569
124634
147617
491026
401403
158397
422764
348805
230401
402198
20314
24212
231628
169390
376585
404630
7663
15823
396164
10209
17922
285149
65536
67865
341824
395316
226481
136476
294794
164433
317602
23704
279236
481990
301074
112120
376549
388916
431046
164465
289230
278713
210523
148652
268922
354085
139048
429514
40345
202411
253643
415676
498625
67911
223857
154622
24479
29190
419347
368424
154437
469403
459354
57704
9024
473335
268990
283694
492887
262695
51395
386592
142625
325118
404898
437113
217277
63446
251127
494509
268152
212816
361685
272118
288640
328554
318855
345362
173013
94616
11919
427742
36916
491141
376406
489822
355213
42508
484032
275646
463723
13121
115681
276461
307576
235776
165982
12567
154966
468394
413943
161660
168338
284762
298191
333099
43263
43736
365679
178781
63712
264697
447581
59695
481120
29811
137415
293844
485790
111220
454405
137460
109157
460849
80088
394069
378926
161128
155470
257899
163690
131857
419265
350001
16916
459713
119467
390209
487523
40172
358763
412140
208063
402058
430988
350157
287957
288835
336408
177496
187749
250397
456783
427279
15450
287811
481403
159590
249271
197605
230385
320014
14204
182689
15675
349236
273105
294168
38131
4521
296009
259575
398871
61247
3311
311355
265843
72513
429476
65929
260252
89453
462514
187686
195601
423672
127414
152541
225906
499351
360969
12795
469518
80260
79141
270412
209349
378619
221955
341517
309481
157431
2016
255422
90042
425318
389370
275446
329728
595
177370
270654
72075
272148
328713
262318
667
194519
233631
270071
163236
264032
480564
194651
333798
389023
119796
385923
166216
445114
490428
196380
37573
161492
5256
402333
164735
120650
18598
391717
268699
499812
266046
370863
402856
232167
32323
217316
28228
408467
398928
443090
416092
292160
232928
226859
246506
144143
115656
444398
101046
347593
381162
278516
372466
364966
4781
203909
443928
124543
446564
264271
296158
20607
493195
233745
461822
200147
243559
139182
164999
204227
118877
373775
233975
185090
36954
310412
358374
127736
491999
312233
438267
478475
319448
139625
318441
451196
121550
417440
11688
321058
261089
249678
314161
341046
10864
90533
141645
422353
472401
378579
457135
218316
51387
276304
357530
73273
394520
385798
148989
394594
7619
316391
377411
374644
238676
350121
334284
166691
487120
286995
443025
351163
136043
376577
117287
174006
314474
296532
238012
378792
326193
397969
385584
352339
312960
207413
481150
190814
422934
104332
166607
436976
228735
196422
410012
471812
104824
72699
196785
138817
328863
43660
422851
435728
105596
95385
435241
326179
98865
99315
342462
36575
107653
158128
427953
178484
290217
80326
442389
182308
371503
80348
115735
287844
408938
471476
307554
234434
117711
433374
421861
383109
231440
426451
469275
70014
2657
302017
342289
286461
33850
342600
280428
61709
103122
432243
211796
396079
292697
67207
52562
400218
208582
215255
89500
439196
298194
81949
94102
352953
445888
8190
437171
60005
6081
126367
122976
242353
356576
89630
112299
248271
182149
387182
152208
340748
218298
221262
477095
305734
92577
198890
183622
77496
69286
476703
393583
61664
236010
19151
198782
224618
75110
478831
110948
30576
161634
379987
193127
461103
476125
300904
52132
260455
326614
101774
58267
94947
148636
285142
177164
45555
70109
376842
124941
366740
129492
91569
235586
241304
410376
248009
303425
378260
286675
323453
46662
493879
183131
168468
373162
337969
436456
444934
387842
232295
467654
56460
185063
294206
16859
202203
389341
80818
374409
261754
245899
142755
135521
829
469149
410105
205861
204578
148627
405722
33610
298901
95838
101318
498737
93058
6056
131688
441971
428676
281822
163900
118010
107432
144735
47709
401066
469736
50619
356732
209566
223154
424413
498923
259454
218465
454166
87851
424583
286012
33778
464086
293649
110832
204866
371908
153510
313344
233054
294948
281664
464957
117807
4691
162719
486013
356501
332881
464526
336835
183750
264965
241566
586
55481
101815
352870
41114
287157
172421
473931
309389
55529
198833
102986
109905
281936
270919
378871
14589
386381
258881
475338
226220
296600
275876
246261
315769
455197
206720
356073
463083
124559
411059
123110
360044
2072
202374
307727
376623
125191
411986
26862
97035
172223
10298
130913
250282
164172
310507
8281
258004
245804
401790
307153
38329
483460
452045
146865
405403
95043
320962
137028
313163
377942
97786
362009
73790
40789
43448
80172
132513
79244
441882
326225
309073
3921
102751
305894
480044
72062
479574
218107
342239
41168
451448
13606
276238
260194
54365
73129
83805
292753
175577
154487
132644
127815
246654
334968
465388
478521
433039
123246
402442
475423
462065
154786
487957
463029
46248
266231
154058
205548
321277
25606
227719
20838
364774
332539
498510
108454
296769
117924
190857
162778
8648
493787
499518
234300
63825
147839
342138
296369
203667
309257
209199
100162
206404
261151
12524
307912
218575
444805
18752
426039
133958
15084
426059
32802
254465
81080
229263
342374
377735
196434
123255
261287
397091
386705
317493
318097
353306
252286
323354
266300
478014
478868
404037
373101
80908
71830
13485
193638
13529
494223
64508
192739
408688
155728
195322
189479
315735
2954
335300
217212
408026
356091
433792
406987
452339
34371
195001
23505
397340
119560
170436
452578
226572
43491
8181
147231
419504
492198
479278
106862
85327
422638
318706
253747
153065
41505
111783
492591
397309
91454
360601
491720
310870
499125
335588
350808
36931
92136
365204
411722
477878
411236
296825
308323
412524
473815
337625
49575
370992
361638
218722
320450
329978
309023
243574
319749
86477
461612
178085
144877
439137
159764
275098
34248
424705
478413
372165
331326
111671
205310
96900
214753
335009
406257
102823
449440
135670
54030
451982
300689
124014
361751
476915
183495
308532
224200
485338
384243
307334
356871
55017
170952
377209
263092
345100
210991
435650
315880
225321
216042
458588
220733
130265
155969
319227
422138
123004
54143
78641
64940
106568
164203
487937
94991
11756
399774
191429
139055
451636
41938
163746
189597
408042
83126
265964
401662
96721
497070
343165
340775
261490
222671
360777
213920
380430
58577
151903
110966
121039
82670
203620
55205
467627
99247
21218
81175
308705
392628
115232
142752
236045
347922
88866
429920
402764
179564
444306
287604
125999
351690
36251
310336
404796
438089
219800
233603
431204
168298
439879
162101
164678
366692
10493
71521
140476
289751
104490
469022
406045
107171
187819
467293
189464
208008
23852
10088
102920
499662
83152
228073
226163
100601
459389
437942
491726
219006
415625
126440
443592
82738
9690
232653
296434
318177
178889
337926
273027
444401
188005
169557
376587
189578
442390
238911
333135
89618
340110
309669
333900
472006
153937
429269
140903
169349
18625
300751
219393
190666
268286
260783
151671
321192
78373
435897
235971
120117
197064
196027
429682
141612
38851
208802
209397
273852
41140
311942
259163
480260
270226
432229
86322
25030
480745
77936
389423
320774
197107
194459
81685
445878
334493
414131
298210
417990
166860
316673
97482
225128
18785
163667
58088
298334
11654
363091
139905
183165
472390
93326
147398
326843
317124
220268
267374
84416
158224
28608
343012
498338
124790
216728
419581
470418
372871
341067
142238
459932
456796
383348
151646
154384
38740
107424
40166
17828
88554
132306
234343
487195
325138
376794
24245
497442
180746
125711
325338
102019
281196
55500
112388
154780
54309
189430
450649
24669
294418
56623
156644
326303
256793
137721
234646
23195
156022
369194
403740
190932
27745
140168
236231
53540
328082
33637
265968
307852
85496
49741
6751
121041
352324
438116
85882
227928
409358
405797
351631
195111
155008
484047
324727
338314
492132
211504
2042
233113
53891
278120
386107
321717
276458
69656
191129
372408
240317
493901
268565
129542
141013
10351
333650
473238
248488
314073
317252
221958
36643
36461
29673
231340
386292
233411
464694
381502
339080
241057
109577
432877
77101
227845
118334
244951
459642
230065
27637
67920
216080
65504
467339
208135
39365
138359
199731
314646
53090
446762
273914
9590
147476
230751
265394
164480
191159
218160
147038
276722
280047
314424
240534
345939
428194
172517
330995
29297
337750
31780
21867
211152
420289
245677
429303
42362
81894
200633
83345
358545
461480
274494
209597
5325
222040
134924
279860
495529
488327
366865
27717
258761
308166
291462
178293
189594
3918
48422
218201
256597
90225
365506
341292
438101
249368
168298
352508
310288
457100
283906
93337
301228
220479
167190
137218
69994
272508
102736
288458
215531
424794
341297
20756
140568
25800
77447
209426
170609
52060
255547
408707
60265
499113
56676
223011
372708
32331
471771
456955
358683
176587
479756
234558
2416
248368
448965
466490
157309
448515
47880
345872
431911
203214
130369
325548
96334
52406
253271
249733
463210
294111
239592
228520
198853
308149
202655
293431
393750
487441
95478
147014
316263
13642
364572
337366
180775
56315
338313
274704
102151
227220
315455
42977
10264
437364
22480
360163
279084
423979
468806
44769
248894
443297
254418
22095
95841
241731
125696
63473
404149
172380
371234
385876
102692
163930
71068
43937
168139
183846
393848
443155
117762
420219
177439
334219
69469
339997
77563
411256
176168
364344
269347
40405
340501
462033
96128
64136
274437
317969
212426
325129
310804
297871
410592
422017
399670
311943
166186
212259
211278
489554
123250
25082
43820
486717
64192
360142
361476
442146
208103
320308
450081
8470
361865
172510
393631
485041
255559
324119
179827
400685
492242
152595
384315
153376
51635
54703
224587
56922
375079
145648
82242
252812
163670
53230
124795
47516
403065
442015
14439
136689
251583
352360
40405
456545
57876
447563
195370
165342
316071
41730
309522
252125
284743
248648
4484
188278
51737
173524
184717
81502
265012
46812
94826
29004
140923
155007
353517
201237
342134
137389
335279
295593
381275
40644
292189
94442
497314
239403
253482
19931
381656
369584
391421
494615
392749
218787
30605
122764
65512
148990
228218
442429
381885
245463
480610
28855
357415
79259
13261
332179
475744
207912
167103
404355
329354
155932
343439
436428
184086
185308
234823
49369
479253
108538
193069
482629
377307
407822
75835
138783
61451
229717
417517
396643
472685
60938
490299
388018
178021
277879
227220
319835
239579
485459
192093
95871
68482
67588
495182
49183
415126
157493
404598
460534
51454
140281
271465
19884
352448
19244
129643
73053
331217
452066
14424
302310
175266
441296
338140
314163
40092
484251
24796
4079
163923
340353
389571
303895
7412
450016
96230
120804
78859
419812
55221
283030
353004
43280
394780
300317
6666
325336
186016
55886
258746
208469
438099
168289
450200
182399
96868
191902
77262
486768
328725
303959
72001
460387
309577
212597
321661
34778
358383
448522
338347
436095
32897
205257
51563
494209
122137
419383
346938
444526
435395
306610
385305
74193
468804
153326
391241
104447
426999
331452
342105
360975
302196
288763
332585
442918
350989
246692
118922
492692
227899
73536
496191
231678
356434
4061
300637
157443
171320
371213
215361
131172
367352
24047
348512
224601
445680
364838
68648
313305
115007
115326
310021
49641
31547
38739
367463
200504
257314
349889
282532
97832
58133
466582
467681
410614
39640
342229
468862
216953
23610
121764
286750
433675
348681
474953
13960
165393
128544
460541
289216
187750
200204
452903
84111
227779
301285
272255
357333
447980
166542
245565
49077
310377
373609
446095
296858
333406
94478
278250
326480
351118
445089
175906
68910
481243
489264
357989
84945
107373
126848
300111
44448
259877
366949
498366
441458
54834
224768
30675
118922
217163
249678
271685
416037
36060
227377
335210
110499
180208
98301
239636
419553
212457
349576
259837
355960
244437
256035
202111
116112
233383
264467
388128
152573
336297
137556
38679
298094
152376
417000
232426
489507
191172
193907
64357
314793
248691
137276
23438
434713
313167
250605
187126
30540
299312
382076
451817
16077
198677
107771
411845
262682
317613
304603
19436
49926
91501
458184
309498
218911
212610
373970
193506
240363
392750
247237
166627
147261
17824
179646
338012
427816
45671
60614
417539
81825
159862
163237
327910
161673
285359
435396
334468
186114
137878
46711
185155
348923
74897
212307
262058
89706
421201
366177
196674
304571
23044
44336
473468
417838
438816
219846
144731
391744
165372
263063
174904
497468
242422
299254
17927
194577
80002
368271
92908
75585
422449
427392
274003
283504
55340
396850
251622
291476
385277
313645
403735
484789
55223
466990
468880
63056
434748
394195
467825
311594
206612
118122
145161
338214
467695
80630
198544
484654
235909
314208
30821
385957
65299
283361
7089
92566
225320
410602
199324
373167
299888
63558
159353
226231
183150
29548
421770
165998
203103
280349
330414
470166
414379
179680
284583
475803
269073
15387
414813
237389
187436
177719
82016
255358
54743
66596
218687
102437
296363
233885
441128
312570
50575
18718
341534
53814
159914
12789
359538
452095
444989
251309
157055
306411
395818
467224
494195
11642
220683
353162
350045
171121
481477
13683
298669
266699
364990
326819
460018
120759
225438
261554
288914
35139
293370
491763
42149
392465
349203
461770
230295
368203
220605
277650
334788
249000
419357
90479
70218
370864
367130
252446
170489
175664
335687
219031
250883
281899
55592
308056
469555
370867
135759
134571
326973
410881
320280
473505
464557
142382
460250
151712
111448
359899
269498
438158
155408
497486
238897
42902
279124
129894
454942
427164
283951
406763
400230
217856
182578
66317
307206
158108
279730
389916
135693
343690
189515
155732
127302
300393
215495
334576
203306
289508
379950
342954
106000
393062
497507
297947
113454
322820
181310
435642
474876
344008
27349
2390
372852
428197
153351
351177
305422
65439
116775
259601
341343
120671
396475
293255
226966
205364
215991
1956
40482
358500
28904
68209
329357
79768
482383
57414
123688
61225
436544
85511
280488
319137
223673
368461
437640
450345
256543
114882
328640
173981
76815
67855
85009
182178
345360
205980
88359
421697
191965
75986
35796
193322
491296
85472
24955
155474
237998
367575
15986
359188
283626
321590
466065
489962
181160
420592
185843
291676
189859
337517
179886
87041
336807
351914
61082
21220
495079
372086
327553
207015
53813
179062
140263
429241
63689
256587
7597
127101
227882
228111
114707
137053
134239
355347
353697
418676
346825
388634
159352
184094
206371
196455
450125
207939
140474
20762
490863
267960
233286
393874
324202
359033
323561
325756
88732
41838
55109
170202
88316
333662
197419
96613
152663
239828
132338
433033
478651
360647
212610
208356
99833
473048
98842
35795
142119
124149
274635
274670
379952
28749
205200
268059
389076
110899
290699
446271
498459
349419
233791
402924
394429
173819
113951
266743
151300
63175
33506
325250
85044
240851
322870
48382
60371
20650
120775
482061
124563
110617
93038
77558
79696
418017
418400
466023
96648
269713
443759
281759
409738
34567
49252
10630
346854
132912
326375
42167
71153
28148
292449
235527
331358
404018
292071
133414
100549
479961
151940
115569
481101
454044
53791
124411
248791
301019
396312
6943
185530
39752
383395
84566
184499
466864
213069
366851
14035
88507
440513
305418
146251
324890
87
75987
293728
297043
158786
248482
168454
336467
66086
368179
301659
439447
292378
264512
393882
482342
208311
57839
314995
300839
390750
493037
480394
328264
90927
122369
69209
380488
142444
171055
38408
39264
378903
248636
151721
282609
224881
20165
490303
485387
116983
257986
43243
145321
432738
179663
294435
418927
346207
298935
100034
432099
89997
360571
392798
236187
60862
415247
396683
393043
157594
391177
323747
76647
427393
359836
194188
360366
244493
314622
253203
349134
31926
141453
94796
266110
426880
120200
76346
261730
405706
182929
485319
397678
262498
360647
56390
248651
190051
12802
498797
467186
185757
301323
124343
394122
453324
248318
217054
329599
3263
267530
248935
478755
455900
320157
307808
492194
87951
223182
209474
114320
483275
236175
379965
97738
69983
432883
38235
177650
487087
63983
344968
252950
210504
13207
368895
184778
118547
80481
10912
62309
185948
140419
64619
304439
40741
266815
40783
152769
291280
208971
289990
209299
497206
416068
95481
120130
265794
449728
456911
93810
319050
59590
119469
201586
182684
187000
105362
164980
272886
352497
424458
240309
58156
253565
149447
153618
490952
247509
188633
364960
138272
391758
273623
327172
19094
57499
159508
259141
338539
148846
31894
455917
257272
26796
110751
480792
42954
440261
302591
455052
292261
263794
451475
197075
158668
362988
229859
155144
83388
212950
375955
32658
474003
481004
39710
34462
236100
251880
120217
237628
496525
117785
207378
278403
166274
360527
380444
173600
6178
76012
311783
442564
455254
108276
95204
243404
412644
9514
491854
475394
199796
147580
342053
411967
362061
217202
126213
354070
84558
180845
445038
132725
463013
70089
100222
365446
338318
38264
292410
108819
226274
189483
210846
200464
50199
150930
133328
462368
270292
20335
197389
287790
38988
404416
474142
189019
309533
59134
85105
280183
339867
349563
483158
338922
186048
77489
425702
433677
468673
247505
376949
350469
175641
460267
449365
362628
335182
368771
384228
349150
311572
268316
9735
294744
433010
469316
321759
112109
417704
37115
13091
453066
434754
148659
115891
56406
1224
314593
130695
230624
322561
221463
86300
462621
200114
347917
427354
106498
444283
242547
396104
435694
246993
47994
251020
40229
462767
202111
244662
186425
40523
69315
351344
90120
137278
283394
163441
484953
2537
451129
259291
371088
427478
305813
496955
439578
290318
269989
151417
231088
247823
260134
140603
423240
126561
117970
468246
219158
254791
333388
84810
85553
296579
446693
36660
316126
66652
460450
182021
3973
344132
15220
72426
126276
16065
409489
178502
187495
16847
414591
312392
99874
49525
59769
240420
180096
63253
458316
48010
454899
52902
223446
359826
275703
300034
371089
461592
466837
58074
235718
387568
142862
133659
157530
43733
398048
434743
324970
291963
37729
197827
435181
267582
310453
79209
459436
23448
157182
161476
188700
207641
85002
293756
184985
396870
447111
121607
254528
96742
380939
61259
175148
342597
66011
71620
348818
349780
377178
210080
464666
293580
109831
484313
35881
79395
134257
208335
176472
443864
185367
457025
446072
367019
68676
197180
243675
6138
214082
242608
231378
86288
41917
23229
62048
317500
121880
421705
167749
203425
399210
275822
257270
226357
455553
365488
218532
152359
445194
149937
40835
273736
387461
420332
376698
224263
80742
176695
54606
439135
118663
317251
86904
340104
440507
65693
356951
55656
369519
43289
237682
6684
236625
118473
140208
143305
131332
331775
4234
72939
369706
209949
408269
392640
301308
177835
67830
213797
253707
355737
50469
325043
432614
71187
252921
246823
272386
438815
354703
108549
112066
255646
362777
378309
209612
375783
483295
228653
113894
330121
259182
150806
106939
234734
470555
352914
26613
190061
403758
69954
137703
246819
412612
241262
121246
430492
429502
371145
462047
272349
342831
97
81057
207363
199370
138860
322441
105710
102131
124695
148017
192676
138273
334822
454813
423945
11382
374152
456407
325785
21869
333596
331499
467408
493100
249796
156930
116986
247235
297412
134396
43773
70988
428098
267574
409701
158190
33374
130037
272809
423095
103067
478856
234307
300318
379867
90427
446692
235778
75369
235601
436714
90375
291777
109462
467092
418805
270322
373134
330387
489798
264670
406231
386821
141926
361628
281925
438534
350579
225824
5920
127262
328892
379183
216230
397643
105663
338704
346994
16531
46959
161422
471448
407295
217178
467224
245693
458188
204507
298079
461620
444042
128360
384167
84428
316231
175838
459096
423247
95232
154005
395482
169822
366378
57888
70101
139009
88161
151338
244160
460741
174408
208718
433222
360876
420665
205097
109854
51157
344104
294733
30081
378892
342415
490229
360869
459875
16057
356954
68455
256461
43306
261101
360378
184760
469799
313155
175260
303680
382800
184893
210719
48833
16621
290408
324294
256275
107337
80899
222066
293973
196712
123202
445358
460928
251599
213909
191100
247014
51899
297025
147376
40475
454248
235571
385687
239502
349039
21463
27003
259908
167397
120376
289548
453486
304159
359273
130527
348205
462856
62974
65774
471551
146919
310052
247983
446959
117470
114576
90320
357028
324276
471213
26069
30120
325972
211634
490631
174102
168923
123137
164038
398753
400268
83700
316630
223622
319876
347590
377895
175331
1627
146763
179258
357119
13291
317579
222064
127047
397182
95638
235304
295100
252857
158395
319690
405048
410073
109655
172151
48441
29351
184849
106721
492549
459387
372414
204387
84034
387841
397810
68072
127119
234653
143937
460521
383843
452174
31264
268014
79367
58300
189319
160502
144081
151793
220005
288429
168585
456896
348714
404066
31960
233391
402938
335577
232177
463691
163264
191378
448002
102135
29905
218151
175415
21919
440641
242887
414683
464040
445751
348542
136327
202976
483328
33732
359161
62501
254543
15614
18991
487896
374976
34040
479492
488248
239291
324621
457585
474109
152306
341343
54095
397037
373945
217805
146032
66964
472464
395536
83041
251932
41275
130345
45622
33775
392819
171577
342664
44387
372003
455968
433777
482041
231403
45919
296264
260406
389287
76386
316584
497064
467567
199756
444057
213725
463692
421671
6548
425349
188975
304660
285224
52557
410410
400868
81645
258123
52680
110052
346712
100583
25761
123809
400598
38267
158853
179476
139675
18063
475305
491010
114214
97260
485229
387058
102262
251725
20331
193340
86037
24171
200549
200872
409155
165275
318057
321939
403370
15218
135155
19624
471486
235383
325279
294523
50396
310214
383097
269544
256835
492813
458303
157159
113690
62838
257955
365526
446256
429779
312960
103219
30427
94625
387983
418738
427793
172091
298985
255885
168923
318038
104742
249360
456802
428680
201681
191504
356738
284338
186878
202828
449063
88047
369259
271393
263350
486046
177791
101238
196545
393264
291890
298412
247685
483732
73588
264235
1078
70416
453172
278500
474066
340630
78972
337293
124533
259963
307519
63602
177458
136211
96564
329514
21315
300605
41432
134821
400465
321602
77526
162347
269236
130102
213231
246173
36634
168513
195359
195558
171334
372179
384427
474482
117736
305756
319548
29069
211760
155160
89420
373238
327492
70550
161031
50097
70061
317274
189978
12442
310240
327912
223773
381161
126591
298736
419464
487858
177371
298880
262880
261132
496935
225898
261032
102818
339739
364767
85515
6242
175008
375780
369494
234606
327075
322079
409752
58497
327980
187319
337688
187430
286667
263179
366271
107671
80331
367729
67455
357325
242799
478587
487406
488594
376228
215565
437024
65549
143323
315352
351869
177661
248815
114942
440322
213615
56176
443553
410216
326073
145576
245061
266953
442869
348670
73808
311221
470104
405724
95402
476661
25386
351399
362767
310869
397624
199888
99748
188577
475094
231586
317077
431920
468617
288949
30269
257045
74943
133485
99069
317666
175513
110233
234320
182617
493508
434791
259052
218813
10018
496792
173266
54454
5242
56801
486995
392526
393327
19369
264200
157634
167036
368764
446353
227016
116751
329901
320922
123234
467808
304746
407699
75933
349100
390193
169902
364826
102090
427038
378196
478889
242875
5737
50441
174296
146202
106671
137875
58950
244433
494558
409662
168678
284627
171480
449551
60238
139762
102920
328597
362668
377322
239766
232401
174199
195653
480682
299536
162192
497094
313092
187932
126351
367301
13997
97377
223006
140778
483402
23490
274985
423668
400286
41050
47553
273493
41175
274414
162436
81955
267611
391296
470418
170534
395518
336095
415255
163089
10449
69819
488701
687
66350
484633
417654
58442
456420
25937
310324
488431
239682
168585
454426
151800
228541
384570
60623
432620
16663
280224
416052
25854
237710
180759
402720
361435
449681
267322
338793
117151
346724
179488
355458
303057
115736
471327
352304
8892
178141
424465
274244
463809
429257
349861
363268
223734
486190
16161
10187
438419
303395
324340
93403
8591
284222
350778
115770
290827
97287
218216
367766
51825
377614
211256
446384
120107
122560
89771
3595
138898
449898
231234
234437
388246
316367
209705
350633
468052
2830
306259
464325
170546
74268
235560
265915
429925
230463
223974
61800
205855
169852
272711
24145
315525
335134
258269
481281
85480
269426
339890
181020
128249
366829
393181
401387
414020
71567
122345
416763
448477
420825
373412
151491
119611
49970
90601
237386
326601
164125
350538
65862
223210
29855
334318
37542
35252
350326
471278
366045
22346
4781
88499
28198
226755
164882
32998
258753
164246
368926
224648
348297
121011
399328
353783
349702
120618
152556
83486
232460
495920
105119
498434
47307
391760
281514
248247
338009
48708
255062
153183
65712
274371
464036
438012
68722
317580
64682
386324
260875
447896
134317
103155
174900
415006
161439
460867
133074
8073
202447
352420
393046
40816
89054
439781
388788
244212
5540
253101
310307
488293
66488
484284
131139
290188
184395
324246
178046
343363
195832
41790
7588
327106
423840
74798
462908
252222
286403
327511
203317
211527
42357
25899
349937
219129
326747
46159
87203
470944
126234
419858
178893
326117
214544
143547
306223
325988
293197
42636
219940
152296
460066
296142
284566
454963
143759
124214
256204
210832
416979
265084
366444
374409
42296
99970
243601
482070
182821
412940
95426
223377
327301
27651
235869
358784
312852
61876
7823
184596
140958
154893
67400
389899
432516
245940
337108
362236
318368
259770
423736
51491
276423
76774
219691
231179
143587
365830
228556
414861
40871
108207
13409
178539
470293
38524
319895
268554
33998
79827
14648
181898
80522
100529
59459
2167
453728
71351
103498
191758
260332
268941
478936
216926
199669
348119
288944
27145
371288
30949
27410
296069
199395
17705
261294
491339
209272
322354
427747
364579
126142
2651
483232
102250
148931
466261
478193
10750
436294
73504
54372
261935
24429
19413
328646
204903
177062
82250
39461
337216
371524
20686
333450
140336
278745
296931
240598
419775
76616
483547
87859
290176
380976
13920
132850
83209
210211
151343
208817
292690
24326
247727
469589
175991
273710
93064
348941
230172
185507
489293
27053
338136
153607
232408
107812
53191
409754
422678
33578
57921
202259
97624
438755
302712
475745
215371
2780
287313
480193
124047
69726
42903
125562
128666
475347
364210
25520
260514
22946
198711
112461
169479
217531
222962
85049
54342
396855
146553
409368
86183
151599
366913
66016
252361
253913
20303
160652
462207
454544
210822
424368
405117
163649
251809
58813
138860
483089
472126
41826
194058
477820
298427
220855
304439
19423
104237
357388
356402
459174
396107
52906
450008
165894
469046
494669
292701
486907
16049
159672
315786
249839
470603
458303
117672
285572
273253
346708
250637
102538
139728
136198
68789
357272
406150
234125
496480
257116
226355
385773
171043
179685
198198
466051
364404
40591
220035
490151
5810
286909
77871
309414
494087
103900
392897
222570
320565
442497
119720
30515
180861
296337
172632
89536
2369
424876
475836
146693
152582
218285
473105
73418
66539
466361
409798
129224
444508
477750
460130
370454
144750
72267
122662
477995
268957
280456
439538
499859
245181
316777
177826
31715
215088
450586
348200
237049
155920
277539
401699
442108
87068
159468
283626
492819
344629
129488
255527
391266
215433
161189
282471
116190
203740
343003
232378
427979
357809
186595
291326
312143
247230
411299
282969
287193
158241
158030
337082
332072
201549
467911
448004
265387
439899
33618
31155
402100
184713
40832
262673
293845
441635
473477
388400
362478
210075
209678
381348
99394
170965
452530
63406
73833
405407
142027
268520
138805
396248
294139
485012
273135
321764
189039
351135
234832
120880
397108
257194
428666
209418
124125
87144
380822
381434
466599
402760
438855
241090
365981
423467
400051
300959
180163
49907
38322
186882
359390
423540
481131
27157
495417
440599
229596
62205
395114
225933
82553
428245
354275
89218
129431
336993
216651
471123
269512
292177
263382
17265
489304
271604
239920
368180
300264
194115
473853
410458
130040
119437
221272
377
71328
11336
303818
307963
175715
155508
192852
219093
305031
148203
97590
147021
142577
185274
288979
178406
39192
470284
285223
319486
429957
100150
88630
25280
74273
396146
268141
10973
256147
469603
394709
441854
227548
84479
359514
59297
272047
489935
116023
177506
254739
81429
438500
320964
403233
250105
81113
311807
323304
268833
485342
130415
450824
91248
18684
24069
152328
18004
94555
13382
457947
478549
461765
75409
105284
331207
429642
243933
453600
269471
230721
229153
452031
45592
246600
495475
200149
462294
166911
378327
415805
83015
352405
136805
354045
376346
392043
113309
145624
417575
383626
251882
435657
474189
20144
178189
292974
495947
381823
206175
98974
48602
214111
310447
244499
55914
332746
209781
406950
345570
230125
303103
59239
102527
145162
61170
245482
77840
304916
184081
463420
239226
94108
88006
392461
461611
348141
390021
122094
487627
365901
54477
310375
430168
364488
170695
317717
215629
144749
84250
336766
491823
439753
489596
193871
254999
478980
76236
110862
364318
208832
16112
267179
92396
15078
219434
483772
155652
169729
21298
428163
346240
149219
399915
431460
80679
366247
497362
419583
113869
352834
130480
28560
293111
250862
16094
2864
198031
488584
349166
313373
412940
312052
289536
148415
330883
71785
356171
183024
128327
467650
302563
84500
194821
65775
10361
194949
52945
301054
1529
466542
230251
162580
483016
76710
113922
128308
357072
44413
326555
84364
113329
485210
478790
487505
157292
361304
368581
429362
67918
22571
275456
31685
33346
192406
111919
31188
75730
220151
419261
146868
183026
127777
65728
88151
285274
202847
299581
70357
471754
98821
330088
142350
92765
28647
178857
127269
123269
309989
348339
93638
96040
412317
259043
239052
313739
195650
383276
240248
33088
156957
260008
5604
203676
339823
36335
392221
117330
178738
395705
272770
383650
305781
419327
328751
184255
413753
26323
491249
9535
133579
432161
417315
240993
210918
402575
141702
225321
388681
502
340553
157213
483835
218583
36339
59064
141559
389038
249953
31810
242608
278982
42871
12018
391787
268618
336529
470224
496827
395486
370709
306994
210887
216085
493781
129412
352895
215696
376643
372274
413378
405269
398029
443985
489419
381477
237342
484068
390917
161819
337374
481839
323647
261998
456335
97435
348502
325760
429084
406575
388484
69765
184524
210909
12362
169832
223493
467959
283669
415013
293420
305175
158285
111120
441998
363934
454850
459321
29510
415101
103008
323696
499638
103430
489817
366149
211486
1193
157825
200893
422175
344732
454462
351815
193493
19856
336382
212459
264665
398923
141172
358086
56415
115922
149948
388553
72149
46392
154976
192127
375385
132626
15929
72021
20427
493406
448565
294275
46423
43658
42959
1613
404672
75026
57363
133593
260890
156506
471334
280793
163390
286863
318123
453624
340595
216506
208932
257471
63490
444550
310179
183132
29986
490804
148448
449258
420692
331445
155216
198532
216520
176063
498801
392785
241159
444652
105476
170631
436873
234761
331019
395909
384321
131037
57731
163402
285173
101463
489404
397721
62373
150953
434448
395509
283307
286580
383527
419190
406552
94674
331412
462685
175390
378236
34878
414787
402371
383694
348601
179625
55642
441169
162111
183207
45539
78931
471370
313118
324722
209339
489148
222069
313115
18916
386996
116538
449992
491774
27531
184328
218153
318756
361408
299504
216526
436670
315593
430218
440883
253208
129016
451661
294456
22420
134489
298381
173341
42919
262685
257929
421147
147687
184380
460726
184784
455933
433985
467803
406123
196128
470566
285592
212477
339067
302195
74878
3913
293650
375196
368553
305951
402026
224017
22226
297842
272773
198975
15624
176951
73511
495907
207984
299627
435593
491156
369760
177768
324220
479240
187983
408038
205347
75102
314412
142516
495256
267852
100415
201002
84435
113533
19964
257466
487758
421502
190235
425999
76924
293745
238020
366550
337305
355185
190113
375563
413136
200432
409274
122246
108918
479693
41662
396624
266652
284392
223985
29657
127246
291018
377969
463078
408776
315029
26015
215059
157301
410897
150452
93228
277251
61741
96574
58098
54604
307015
68549
166255
353137
165785
331042
77438
88478
365100
189480
390625
95560
232699
279251
417514
445293
68373
279030
241601
295715
499521
64802
258455
62428
266229
345326
130685
142069
75323
453226
343673
46272
252675
479919
69110
121614
226213
451999
15213
313994
479208
436392
54080
177081
305761
366448
281148
350119
427412
407087
337604
179286
17489
496365
364599
177428
306331
91520
112396
44149
357144
158960
414439
80947
493919
394710
186138
138422
104831
5309
307817
101478
469838
199165
308601
165579
405141
180831
111733
440064
460501
208225
265481
261757
125588
315048
417498
254646
38511
33416
232205
465903
475220
382379
307807
303780
6986
321632
127185
180271
460518
447514
350256
182759
310839
429835
430576
234558
203499
91938
396608
4291
20966
355664
237309
386576
394642
88602
460747
249942
378352
172960
424029
27259
290528
151129
492356
492482
104162
375553
163337
407405
376842
117815
426078
417576
58013
437087
13835
114954
65306
395544
281199
219836
55350
21276
453804
458110
372489
10011
415864
232448
361481
305465
58480
487577
51618
77033
37383
2911
435714
384001
273375
356294
60461
447699
715
344293
327547
176279
234994
85644
86710
289069
245034
26208
222688
227159
115334
127898
167495
98621
384979
65997
77343
439112
359241
332996
155613
279054
32718
198771
164621
392565
484658
210933
341700
341382
149512
52533
394686
470474
126845
350162
454517
412868
42504
323335
299281
449764
405336
152303
180356
312354
290244
50202
115012
450851
368479
254725
201125
43905
186089
488971
138537
326470
478834
206487
232517
209063
248964
112897
159514
230511
406057
8901
192851
100535
6204
77186
181780
81229
206305
225769
413946
429410
313633
158643
116704
41179
283050
278662
105855
212569
31156
415933
101267
148622
362889
28910
253594
217454
335934
462730
69349
180729
122400
348805
444937
381885
479963
343998
398320
440391
362202
148205
254590
13196
466806
130049
107677
474056
253176
291461
220649
448408
485332
434120
4203
149014
90363
337227
176626
254292
254374
158737
234094
67168
213521
353231
380610
139913
178235
290946
269588
80797
202004
439697
319705
207524
211812
342005
479236
391672
413098
319156
194786
86390
229785
51348
137625
157673
462462
383999
270271
149448
427402
225463
187935
202627
114280
473977
363484
390617
457462
429797
99617
429894
273076
164362
425628
410054
76296
12231
36556
168469
268636
394795
217692
443696
441474
447670
313489
413749
77464
226973
409861
200517
89455
162885
484885
15873
365401
345049
233747
44330
372121
336277
227023
28861
379514
150849
119157
434129
4598
203756
451979
14994
441453
487483
462312
106421
54661
42214
356948
455489
147188
29920
312968
393654
238050
119529
451157
49038
428130
113768
232094
347126
472772
142911
339126
23967
403876
381078
117949
79492
312274
198903
78944
195662
398212
896
334495
69527
280122
199449
114075
110985
347724
177883
169757
222668
441346
88510
414007
286713
200057
147860
390675
468881
231470
464447
328827
338927
412171
36794
127726
88122
261137
211423
411379
64082
458889
22142
54483
461422
86163
444865
345873
355275
32653
257956
464325
155339
153916
175563
42661
423322
175349
481679
192698
51714
443117
426736
61962
205480
55658
142291
472658
16380
407376
110654
114202
5506
54305
403432
118168
467747
30249
343390
161765
244268
286242
305128
412700
360491
156602
67591
231041
438806
228554
83955
204072
30242
205204
104461
1867
338080
382377
300989
131993
51030
251557
284933
333487
459269
459977
415900
478354
133801
302398
107254
265688
87596
174222
261826
41739
260040
37125
482636
228794
35556
402923
82884
326354
313126
315336
433897
25789
301891
117365
35285
147508
458738
77780
190866
180060
201864
284744
103970
367532
325479
403331
319835
489489
430557
263218
64360
161954
273578
328387
491482
151178
215038
433491
318127
196290
297102
230492
495216
493140
249725
111535
416913
436532
498957
321577
439063
241911
129415
158129
35508
93112
168919
447192
320139
78361
225924
367147
227624
34687
27911
169987
18237
317651
259142
32517
432133
449082
147551
310
468575
238063
191122
155049
477281
147733
242381
143478
78451
39875
434596
113858
481230
208138
64059
27500
270919
276357
91561
348176
357404
93181
199556
329610
195559
201097
26384
25077
306
420335
244514
28518
170735
39142
246878
465165
168634
129076
243686
465508
366013
416263
355404
458342
180689
1938
256943
205191
125518
246717
121885
204473
184471
175932
479745
38452
210628
285891
489281
49820
199258
291922
117390
59353
98384
112000
228116
330268
262437
6408
182699
468463
310045
389861
206188
66680
301474
1102
322765
376359
193224
214151
18963
477132
136561
110863
275507
443123
155063
214268
144578
172998
257062
62318
226831
496263
54216
429348
73403
196453
441955
150412
276248
55398
227336
432432
292797
247064
50071
113298
383288
388608
200225
275264
300019
237881
329987
187403
232008
238400
426961
10047
431068
103530
425705
425487
39178
345665
403737
42198
328206
155668
311553
298625
479843
66303
307343
165300
391004
44972
461381
155071
269492
370716
10639
66333
145134
446508
294847
470155
63202
476911
349511
164626
33025
46787
484163
176716
463740
399579
211726
167477
461338
152855
487365
299951
299668
292629
422610
292360
174079
484778
439371
132096
9657
64571
251131
449431
72663
56639
86589
174118
220754
365417
383919
286299
462996
414142
195876
356001
273452
66991
379962
123350
323436
36849
443894
446865
105631
306117
480981
483499
309622
235754
99373
116458
407408
435051
437355
428426
287924
373366
237419
356213
234281
20391
340229
56077
400509
332315
286882
90254
111879
42514
115577
332027
406258
100050
269037
382429
241888
437827
229529
334546
188481
16284
213235
376389
211631
56635
259742
443596
13140
175834
104460
292617
238774
480733
245742
100780
206771
262881
419235
2063
75186
210298
243170
93716
103057
86127
433940
294113
266241
475894
106848
452837
167055
403009
365407
349855
366432
449325
119447
234248
53991
6354
185576
46813
229465
451569
338629
398823
5386
459680
377079
344019
446658
179946
124018
186138
7673
70832
432598
480807
431243
139391
341803
247550
262273
287663
245186
417859
479159
288763
387137
279768
460205
34304
40808
495527
213099
296165
411449
156929
238457
330758
389177
351888
103079
156826
271597
19172
331973
226573
244126
69478
43102
478901
380
162930
72814
491251
81785
30170
194195
447090
398675
423964
291485
210270
65238
75046
57972
172945
245471
220895
106197
450715
199300
88945
406276
292693
382416
444790
55794
300379
58734
90291
165924
287745
127851
452978
454367
187043
3072
387043
46464
445018
390776
485146
426946
421714
178326
79374
383488
488001
490705
1869
221545
64013
349741
94249
40629
378663
354870
331993
221100
136279
453133
6582
30901
495994
406073
307757
265534
329191
248926
24734
253340
36466
409457
289009
8657
255734
483059
161521
215293
124171
49721
351127
15520
42316
314415
236081
205709
140732
395991
36798
260422
104971
269691
71004
29951
476060
339804
487823
495427
465411
208556
275178
204676
165342
348991
360409
185164
167763
443458
37574
450221
163911
165357
362063
89522
139942
175098
145643
252175
313664
21011
329588
104351
389655
138010
152266
109627
225049
67895
103999
249234
267936
174928
61578
411350
284116
432156
214055
234079
40231
135915
409269
492929
252599
331366
442386
9937
372392
73828
182006
56822
244851
45837
23248
116378
70529
494592
474105
412096
117208
28936
48493
59015
363891
200330
263235
260993
184671
345288
473413
322389
85316
146808
60112
353128
4511
241811
41956
75983
297116
37787
189969
305281
376010
383695
16892
134048
103615
80415
98687
154267
226424
139727
155825
404854
146264
332053
426846
138562
71181
483571
142375
357093
186532
152075
319381
194340
287886
308952
245205
9361
369555
450804
459334
185604
412797
459053
273749
59758
478868
482574
329488
69043
472773
168168
393743
481129
138152
263051
87318
75152
232624
322669
134534
459604
410612
188254
255308
245346
274906
173681
447941
381224
355989
342730
412309
5170
322187
107412
173945
123487
112416
117716
62349
282086
216502
341295
449848
454114
44685
45576
185891
470703
139364
81841
109133
82267
284775
356796
159129
189272
189940
243553
330935
405314
81608
34576
415111
25628
272965
478436
313938
319511
120477
220030
146507
237388
31769
161071
33272
478099
22
430774
495308
385998
323664
70606
232832
84909
45441
256701
99629
341377
457101
121145
64086
110365
142332
253293
447867
130283
247370
482700
25038
252884
353099
316327
16779
251554
135358
475811
193890
67811
367434
393637
226124
408630
62173
309544
63668
291028
133872
204998
291014
334296
46612
368276
85846
487516
398765
337491
340309
31699
35178
209280
356906
108534
461337
467486
59931
75592
388838
281226
188824
333867
477626
27534
379919
14394
198464
330174
426611
366454
428574
22038
497848
140866
478462
449497
203790
57026
223000
116528
494835
74109
242400
225000
347153
111318
62192
69894
495962
442454
473524
452586
101214
463215
106646
97228
361869
236993
121384
328310
322473
494850
339767
317042
437268
286796
77743
83791
88239
185138
445022
140206
462279
349355
215316
447434
405360
418787
250847
146307
288934
213070
52524
193976
434847
297178
372515
464954
64337
437673
345653
53078
119143
49084
448321
91418
172149
361862
314002
443900
407385
100573
374890
275962
454300
436383
450569
254946
171983
3677
488823
347821
294953
186084
87873
62172
158774
185567
143067
89251
302462
39930
370041
189247
440027
306117
399164
391908
27137
460413
105946
48059
8777
153669
415053
389656
478266
121462
342264
133798
161315
53886
100345
266725
326447
163943
93038
297643
151255
30445
482491
195299
145186
232746
281046
409722
494265
200342
157379
252451
444157
22609
395955
258108
70543
319529
1571
149437
153390
370342
340087
18765
390521
181805
111367
10109
161977
107211
310940
2517
208347
103559
187640
455457
470487
145604
97614
4930
34747
394556
89691
482584
243974
440788
16959
59339
227426
457341
440003
50283
125823
29590
74414
43009
14033
97736
219339
216484
267452
252489
158832
237659
192031
102549
461866
419453
325762
145294
8958
426464
78210
121406
449768
471788
222587
129852
116875
241373
363108
310478
269423
331632
118583
345109
4243
446389
485517
468239
433043
318281
482080
364423
389255
312786
127107
87600
309894
356376
319857
231243
275127
388849
142591
49499
262499
308549
208896
33424
409464
211326
13826
147344
343731
472944
2985
285041
138526
153623
301292
23674
280033
461703
475094
78549
191186
350606
379667
229341
463543
456708
328345
449137
323670
199110
135317
446237
436131
226272
207187
64984
442553
465489
473285
79778
295150
287663
77409
82451
97286
108534
309828
375259
367241
252181
476301
44518
33332
7440
459013
251997
22546
378444
282134
258588
121052
308198
359749
27771
395980
149029
112448
184161
27647
490360
105484
601
124076
395
162045
60742
465240
320154
39995
482336
229037
235735
355303
173472
364337
349630
260466
172331
16955
213463
281507
159167
453890
85767
391865
240194
435635
182600
329559
208879
407861
11024
382698
136070
196569
350214
204145
478734
30469
337615
254834
203319
105293
12259
425364
484173
456218
336549
410477
156231
355979
126731
475592
238812
61559
401620
493589
388190
183170
131840
141247
216989
107939
301977
332148
477862
19495
411187
64813
40427
377529
466226
29078
215081
441382
422971
148832
314390
227586
121407
406214
332666
51801
338288
133145
178919
88823
398953
190597
99288
255023
299875
333822
94179
161919
454945
107578
274969
314165
455481
252475
229948
428783
309908
68614
415422
446023
211110
333895
96597
353709
83077
303275
397511
499299
424851
217477
281748
82465
5532
241430
136306
106383
330829
237545
15338
325814
43269
347638
487509
1529
118233
149444
235926
326857
395958
207896
246720
485161
271111
396265
173684
425490
80545
150297
146249
87291
107756
492595
320499
3101
45011
303474
38368
269441
143265
333135
288919
147861
25081
36157
303958
47519
64928
411952
59084
496056
248552
99684
27693
270031
54964
188164
433025
113793
265003
94466
378231
415659
162703
83795
77222
230446
150474
296878
408810
121171
438862
130622
167152
82137
89439
398959
425162
450923
434244
88838
215869
406040
21157
349184
243084
362357
298116
140714
236223
49621
180677
92819
109488
333910
418242
331456
143207
339316
333186
70623
328422
112872
210753
153221
305687
249165
199856
461030
140102
339765
367425
299046
220087
481410
120763
197570
461881
261131
44305
156030
30320
406259
340594
291299
219838
447992
247942
427128
130213
452466
388361
25248
163025
101388
385706
289485
55983
335236
137821
358132
355992
376042
52974
272892
45623
394550
454872
22156
225113
83801
345956
381180
171975
497144
87009
56339
359951
73876
221426
451669
213667
424465
491190
248585
268238
111887
290617
492950
95592
171827
385904
166569
468067
45877
65358
71173
36631
103625
226384
170189
142210
205497
369255
326712
44718
316187
187241
75913
83624
393068
180746
163691
90882
36605
355596
436257
209605
228645
148395
200349
329189
132880
491266
47196
414516
119825
117366
374458
282377
239403
489969
126729
97081
402120
448407
169113
301723
63574
9831
483402
370230
356076
350529
233631
445870
337282
190094
331311
245493
115247
288690
257699
357287
282285
286063
102729
36050
27502
249198
15367
179193
362803
280166
406532
276581
32820
411934
454272
196469
146819
293512
82947
101594
415322
356204
205710
140902
168560
412795
148130
223463
384813
424240
182758
124906
122168
6334
330666
145497
154165
439612
464875
476201
5153
33066
202257
413135
80030
495697
136809
94074
384748
264446
188888
108432
157134
110494
367756
210514
170974
219051
399284
383277
182950
17542
406261
420503
407984
439094
423402
470249
406791
429512
353835
94891
427068
244809
468844
206014
466571
268728
218695
211718
213632
479344
205298
22196
40283
328051
270972
252771
118418
324125
316421
231926
40758
129056
156419
119889
26625
38155
206574
301167
474115
343976
431418
206529
279468
365672
322305
499905
340292
497959
30062
256928
330022
195704
458564
214844
440383
122456
304593
127236
396797
436663
409342
224322
12247
208639
294374
399294
209203
84406
231968
298334
260093
475408
320757
21192
137148
471036
205483
460903
433439
282257
264173
345928
433331
428025
389351
185601
146749
166571
498786
373768
381927
245163
400999
442314
257409
97088
11214
89278
402506
386070
10717
433608
10941
233158
99088
364584
492192
298340
285146
377692
372178
377344
47456
177167
4106
273231
225709
354117
204537
496224
125394
76131
30892
299641
444749
318860
157871
147759
62545
155736
201019
120208
289671
365251
347753
269475
308954
138964
437997
261355
489142
485518
140918
433221
423171
269
349243
127816
402014
73951
294361
480513
188490
253148
188104
165864
269276
315444
42712
469685
362488
84966
101540
354500
35786
356541
77961
304743
3897
16356
418930
247792
488353
177676
62055
439255
171144
269024
2639
153646
328124
9117
328270
294251
412808
131104
436991
429559
453944
344472
4348
197592
93141
127838
281548
430929
20810
468052
272176
399126
167957
196271
367863
21583
183069
67848
119228
22344
138362
15028
199929
422657
23509
19623
114725
154486
232651
486380
254159
33066
269927
223775
103105
341520
417443
364020
193575
496022
468057
68294
425907
355513
144175
337222
391130
151861
324294
109063
156327
719
104200
439592
498378
168260
221752
121376
228157
401057
268823
410064
17809
460966
422070
128270
382985
164161
20061
292945
341658
142297
492214
431398
231198
7365
462233
340719
287022
431543
19860
259730
106719
259437
33653
366924
97881
404762
207098
465329
48554
294674
155157
185253
127528
358415
191695
237412
300053
78096
209512
362058
240670
478908
95311
382614
267008
172280
269622
662
338576
326485
189767
171170
228783
58780
238548
37469
125156
62809
338927
431137
127846
268512
458164
52296
261507
104943
252366
215297
88125
247699
258420
96527
190282
24560
348162
227684
370353
184753
329919
171473
96686
198173
200780
85242
42229
376698
448464
187846
336345
486185
195927
395342
364402
325530
173763
190652
135321
184362
420303
332701
268002
317029
487715
291925
115332
207943
463251
448106
288080
342526
487078
296981
418549
15825
116213
56350
210682
474479
316775
344004
489069
429181
17164
321033
382162
346797
142949
364202
447220
75802
389720
395797
59199
425441
174705
211550
259219
306466
460936
127769
377159
299997
269950
66930
173929
309318
285262
268564
458448
446724
329437
425151
327007
7323
30125
224178
39255
205826
338049
430633
170073
79715
149807
286031
443481
389120
261426
36104
476034
234
58630
346884
490249
84772
261878
236084
300896
265232
173445
81402
405135
8098
456407
400215
18589
272044
188826
59113
200747
466786
261385
489780
477387
404486
278435
350597
103530
107540
64808
366400
186887
281198
212883
163640
441653
435184
262400
124802
490752
201385
493619
366400
273145
50593
234727
77567
434788
134471
422786
412815
483381
181222
287722
241930
355263
140152
118290
226268
266522
291448
48348
60675
427841
302395
270353
416227
2764
416513
471912
130178
338924
412823
459307
260826
322075
323765
262853
491935
174326
486227
388248
104451
256019
414905
343540
483159
255698
236260
97301
265245
279610
61820
94965
423105
10157
95892
81507
407702
439164
15578
93326
258140
101587
439179
74809
490318
100348
108160
16767
345952
191134
29415
28883
405084
484842
487657
173282
140733
14550
478590
304074
130099
443523
205377
50322
259604
276524
109888
324826
312867
402686
255586
380199
335955
441250
450863
438675
486746
122543
159096
387372
449046
12688
160486
226632
126304
41129
255872
58996
296284
423720
294213
119382
103973
285698
199625
497351
414110
51040
194509
446349
387982
244494
370818
176691
31590
286010
10649
493393
185756
315660
179544
122019
494873
489807
432421
118181
390818
475849
449669
429077
11150
492362
170911
135876
136747
49398
401708
38388
7916
496303
210612
233489
253116
498597
421642
84875
494075
220069
76320
61739
459589
193946
99992
341829
263879
276665
161694
100344
280212
285376
473374
44839
412416
312316
464860
231764
50782
399063
396251
101812
302355
168762
389151
294726
305616
231649
112628
45793
425329
42501
398364
105662
94210
3436
385238
100423
449341
490404
126542
471909
402156
17178
241161
289681
70363
168920
346182
393147
179888
242402
405522
273740
455421
157900
288908
34703
126883
102964
13480
167962
29022
397081
497375
306259
359086
223291
422814
208937
446479
278526
123052
185249
59431
414449
236936
280409
425193
435304
172619
276286
126261
484232
229630
372388
347110
279279
463653
25606
114079
305361
98020
324980
204696
129757
480378
227375
180781
243230
86560
448064
375768
200664
153410
126989
418436
264694
18171
66386
423800
270074
186243
146806
112555
441737
354668
198577
347011
363079
350132
50837
21444
377910
321776
54096
300428
82114
309673
98346
343118
104588
468672
26386
182673
14057
12383
75841
348809
385986
259429
314711
435415
428447
383440
101926
22497
211751
338885
462145
251133
377423
186246
309720
244415
341781
55707
228295
478758
170262
398800
419313
117034
347177
169751
47469
59708
32821
127161
260370
201843
159729
323720
425200
110691
153805
264700
63557
384704
364591
326738
229404
429862
214741
276394
23377
394067
341528
336001
472659
117642
414965
130035
229175
155956
337252
319636
350288
438756
141338
8960
353421
5912
430745
68576
473199
38025
194321
195259
358053
237548
333347
383604
193605
325821
165436
367628
62855
245425
36201
223639
266257
20805
14798
330221
380915
194386
183782
163419
425814
498582
476826
55085
462647
411119
400092
29697
428831
288072
441617
436879
186487
253155
427953
467618
321225
208580
10415
42695
219094
307053
318405
227875
48006
79989
199835
245930
202055
271680
148847
456450
299061
303549
202340
336712
104040
164383
60725
189612
456432
37236
418255
244473
405070
31582
295126
3955
385411
386151
444637
128132
415593
231410
427603
312823
18632
408479
92700
8680
283739
387385
246929
360897
314897
358881
149178
231176
234254
211640
387419
466536
122057
115221
484506
6615
315274
128248
53314
162303
452515
306516
324793
23392
300926
60761
281305
263337
446781
8295
85837
489733
368099
131864
307657
402384
12451
403544
261629
212761
29176
449705
286433
118168
80269
115321
57409
55618
269339
69808
29936
462133
100642
321850
245731
139258
481889
491617
41734
299789
19338
264094
71398
15217
279288
147805
171903
216630
23680
464241
207811
471436
109182
295493
236145
54728
283757
333973
176517
60621
110679
111042
304798
483059
413412
411870
276574
482504
152819
277947
11106
330446
481954
455739
221377
466213
133821
185754
411826
477942
11591
250763
124501
151827
24355
477043
91991
113944
193602
100685
424543
261435
211990
303798
356065
208096
359897
257452
28380
375154
230466
93407
457109
384864
195226
446336
22408
334214
93811
487587
22776
340387
216787
16924
255526
123171
194480
135147
292625
428493
399988
479738
280678
427905
150143
356595
445617
493175
93578
204851
346668
135614
238610
422457
326757
369148
11841
149192
174108
383622
354639
439714
39514
59520
497751
361556
423069
19559
438699
495192
303596
34968
252065
356593
320639
224528
482885
240547
344164
382406
19177
37735
35015
161062
107261
11022
46381
464373
144917
317795
168627
443730
428376
473711
474424
143368
476082
119866
175837
66868
288098
356515
370547
34643
305234
320300
438736
129710
226729
345862
247987
81372
149449
13995
376118
210751
85765
3706
176555
140624
6708
178430
433015
484968
67307
450451
248454
168506
74874
289171
337257
139023
390117
61185
487188
152161
265166
50087
377997
475916
221483
102204
255901
250414
481659
275866
73330
79068
201918
387896
71136
459216
485243
430910
44416
201407
16040
191975
268796
98051
47798
457886
214000
362649
87413
276385
164098
399671
149385
477695
498355
318437
377221
206438
14972
281422
499043
34347
394444
48427
427493
356124
492605
425318
292937
228774
90872
42524
431929
232132
446310
161891
115746
55752
476628
270642
285683
77594
428401
311143
381892
140392
166063
363471
486966
95607
311968
226689
284521
399035
95765
107115
393400
29840
241964
200396
169153
202728
164000
367785
334299
19135
353518
263384
159917
274092
269730
239597
456780
147233
152310
39748
78331
284550
154194
6543
134733
365636
474327
403048
378791
265760
231192
90763
111194
437335
120141
435956
70989
270103
184083
181471
64696
313812
227541
374812
129073
361652
460268
156266
477773
327784
206246
411235
151161
471584
412708
353809
80033
404542
132642
361708
253524
315307
253151
41630
369608
905
428203
208738
266006
200230
146067
59415
253184
476214
174551
373241
79034
423828
117946
195786
232135
1637
65878
482705
343993
407532
410299
284825
404179
363383
204758
282954
26566
180347
393585
293929
167165
241498
407059
97033
240811
450463
36482
293619
76651
391545
92186
326749
490534
259206
386028
194131
169136
19907
266573
98197
447444
337785
313993
172980
458002
68302
344184
442285
394547
106762
253307
115421
203084
303763
382117
271091
65158
14101
262572
52712
233994
223900
306627
424639
91402
53674
191196
392202
179873
443599
338198
95035
261814
101734
263596
230426
156832
499829
255146
327638
297197
62751
81043
252729
96848
141662
348573
180707
353424
322354
487527
219115
359084
338806
5637
436144
116548
402466
100794
446487
202876
498751
285768
86705
311981
434159
340776
368323
449614
261682
71436
83335
198661
177035
443439
154199
368722
493339
354835
17755
90904
327310
462401
443312
402912
203732
415598
382079
6102
489651
456148
319912
263902
290984
134182
469753
425019
201728
315075
271903
452308
365169
438425
171231
53780
482093
222435
251158
53921
54288
264144
11823
206914
61686
261242
486863
413391
496697
492562
7637
60451
35972
29723
478421
131224
76591
114437
439035
142483
72243
455291
486382
341753
129871
443005
69071
154578
489704
350393
310277
419102
443324
63588
97057
295694
248627
48466
341453
295128
283120
470027
462560
41392
271892
242656
473477
155228
425306
386140
316550
440681
18854
337857
205704
54100
67187
208387
18656
262132
72832
41374
258151
57849
118258
108246
74751
177019
493940
322627
30718
269873
75123
165868
368008
440378
324494
33956
130786
342530
293192
204446
367800
165072
354965
192017
80616
445407
69355
50892
94438
78277
170779
276555
456680
192662
55314
38036
385083
64372
243658
413931
261436
26408
313175
221151
283492
265221
242481
211799
359320
132846
234084
24315
50972
186961
209788
434393
359865
133055
131500
446232
212059
60108
55408
19479
417309
210332
153912
327316
310816
60048
195398
156607
299816
323005
4305
463418
105483
328517
257512
341154
425497
359384
244477
225200
84068
416466
315789
359346
224999
474584
244673
349469
206504
57025
237062
141760
301221
416905
287924
205604
408407
146514
410610
160731
131167
263804
153129
189426
22809
341366
358916
238425
230493
159423
240974
367431
108106
463375
115722
166193
263664
397090
146121
190776
65972
410797
150115
146313
212202
350993
217424
299251
465462
303311
108981
73240
30022
484077
145053
63563
450955
490373
329874
266878
19275
49000
132128
389090
122732
487834
467579
457562
286680
423274
445000
347204
65422
443292
132331
108485
195654
46307
117866
309754
25555
21687
27802
113327
67810
162721
262582
173004
231625
179840
283075
192972
78338
317970
85577
189670
31886
242053
15114
442113
202966
240197
261476
380351
121833
28007
147983
23309
216180
463876
59846
93561
301230
45408
100133
305014
258894
270713
328431
489757
25056
360412
287543
270389
417157
278044
450928
6273
164457
111844
459531
391920
462480
81420
15093
180648
46525
184780
406292
421825
175677
434690
394675
240822
439379
475212
63283
59914
207807
312381
382222
249191
324706
294445
317545
492858
437841
334161
164564
452272
7176
443425
53184
181833
109052
65290
66454
240634
338887
47287
166351
447633
63255
232697
77685
367783
403393
301156
75224
60628
222707
448583
373917
142641
150028
431629
475303
498755
153950
323012
210632
499465
494843
184625
183961
314797
159249
110649
417165
354343
182375
22749
401283
266948
482734
135458
412911
60000
381510
356332
477476
285278
162273
218617
1739
202203
97418
157958
201622
192247
379387
176698
80839
460809
410411
430635
400165
380821
198689
341510
42253
352601
43295
227925
451482
283342
271546
88925
149897
204471
487204
100900
241677
201058
135017
499094
70490
299643
427446
391846
264419
70137
459966
462649
79626
55735
117692
230458
156545
406330
318041
222282
317700
346917
67559
146550
247509
391524
138300
464561
217115
14674
328364
333619
416771
411036
15616
160317
181921
314892
173667
208240
16850
158660
422676
380943
142508
9837
167639
177630
220546
439629
367850
6929
35125
242765
148841
397363
94732
485757
4383
307260
54733
368564
211925
425729
434352
460981
196331
225629
368805
314910
303865
236993
187080
107723
325273
474370
37489
379419
405
221442
15900
419722
427255
208706
489436
324630
83092
213153
28124
268453
108800
315876
167470
458210
376580
385168
402174
449000
492873
314264
372359
348403
263937
392604
101852
493149
388583
195116
43243
317346
455361
237759
265698
10599
154972
473468
444169
421556
438817
255505
53609
101880
24961
252831
219830
250222
136714
99496
47757
388665
232778
10222
283872
50246
234296
320874
403913
89692
218090
332872
162370
30002
265762
197010
275992
71401
69983
33112
408370
50188
9704
166127
491480
27216
128297
333613
45265
462396
333924
413199
473754
250571
129088
39878
263019
239728
194388
37585
298736
442668
340955
317798
410747
217833
432210
85301
200154
350710
70363
330983
62865
307546
272309
233748
381862
344357
165421
389756
115635
91132
284694
331026
65571
354667
424310
90662
317665
249407
152488
242610
107477
160045
443479
407154
134917
385165
156337
186585
422519
215217
315690
19903
399347
314737
475610
324263
158368
57806
399479
325954
453367
155153
192328
150886
302125
250032
303028
288966
38618
363357
425929
453549
492895
229277
115280
298473
415943
307661
459448
167675
179133
186399
314717
245962
226022
383135
440265
277596
7089
174053
241080
480516
223396
268652
338609
457274
253162
51904
439434
260188
205461
322360
193889
475606
398385
26684
156633
255366
259782
315269
432213
189026
213196
267916
31969
157315
491070
236124
463014
297925
295050
347441
157085
131392
293025
381548
421949
185475
198107
298789
425055
443627
251700
251783
1000
132948
98756
342310
370350
235616
487993
329854
58442
336129
92137
66310
41017
238409
144896
118660
496228
356291
110444
460012
308709
42730
290381
116610
312885
1687
101124
397400
249788
492570
345693
14455
246916
388091
83911
382215
189983
445111
424302
37364
174553
271844
282223
72404
339504
70979
266668
73479
72696
327681
235403
27189
454160
250524
361249
249100
100344
376473
308125
294669
204140
44649
465858
249636
58624
153533
394611
307633
328049
477720
176511
125829
185205
174294
382990
257919
37233
264061
110782
439984
148391
49660
379220
410014
95173
413415
126981
446612
29654
96658
149781
270241
249452
448948
270984
495242
387053
458316
479925
176654
493848
60513
58284
130166
60121
19948
50427
414723
444572
181712
298544
87752
331000
374474
329264
354510
376177
313350
349846
452610
339567
457393
192144
131240
130902
411709
450014
371186
22352
125757
308513
228938
243175
150059
332959
12799
288057
433362
231302
43675
85304
141441
489642
303099
23007
468144
159544
86695
124619
74790
424839
334650
435928
246249
446515
218481
290800
226255
322199
140965
63175
27343
160957
311346
386359
257217
262965
313449
469597
174948
151700
368372
122705
376479
40919
236634
1949
392044
426222
254626
328675
179406
50635
268199
127827
64975
286767
99606
236499
389489
174266
490160
241444
184368
226152
408681
470277
119892
468828
342323
378178
198849
358947
129789
397235
466018
178755
78857
387833
62896
59476
217216
148337
258589
53019
255160
103543
152179
235316
35018
221252
281042
178964
228073
360374
391047
484865
103460
84029
381502
283843
347898
227018
55563
217945
433081
59688
270657
117735
417918
108149
64982
184310
367919
83379
23828
275445
495682
372439
198804
98468
68237
47834
52916
87784
426175
102108
431576
349241
132793
466074
346437
143838
365318
254718
303649
454968
399119
246352
188377
309074
494491
110877
89228
295168
284445
10146
32691
81560
121555
36574
123897
194626
404147
392732
307184
324112
398501
375107
68187
488731
307893
110668
31350
381643
50691
186287
383891
382410
124485
214318
488270
9867
109976
198877
93425
273142
23025
378970
359397
39585
225215
263177
300035
498133
142514
351406
56998
219761
297128
31325
173863
131902
106930
62657
402643
459153
124545
310313
119104
199514
226787
7511
125854
492287
327581
287579
433229
332096
496869
426817
235090
460993
263557
460959
21933
36839
481176
62544
48871
287293
48276
35248
142335
15799
369295
418337
477793
5798
315730
440672
188541
145799
375465
188343
385959
138486
187278
414675
85881
7563
194595
57948
19505
205328
199866
27927
30770
89803
11649
441385
256927
419257
206575
146028
426423
272712
322222
182119
101214
13439
331685
54540
420937
454674
214402
371309
322608
139310
273356
361246
234473
458929
157887
234215
27550
124087
172954
242146
1679
317440
184124
388976
303994
269938
126152
434653
383882
315202
181401
200862
226212
78816
250038
90172
111372
483893
128212
434036
24959
379020
225358
323190
389157
353817
264417
390327
351283
9089
485535
57717
436925
104175
217880
159258
494721
22418
432538
103236
153367
462416
250315
197135
95717
20923
15786
365603
185234
433594
79897
379191
435802
45423
56584
231543
319731
271911
408703
9156
227340
132916
419820
142606
8185
149091
434922
179449
179119
394316
364736
149080
206038
223008
268852
4815
12318
95015
46937
400078
381681
181115
106032
197896
399534
115259
499819
118665
187642
460823
336358
297282
15721
20425
6767
145174
120476
57324
145866
470468
447918
129046
10783
13841
10568
150258
290295
391203
406602
309627
487104
468234
304074
388611
229950
249973
474361
49128
274568
158525
17484
37938
144103
86834
244971
247570
216830
162739
6236
428270
182391
267114
91993
364043
388761
21865
218837
45755
195188
72355
37954
90093
54083
123559
377473
209743
388864
251996
441580
5248
176702
339722
249599
238867
136287
168457
452235
221160
336567
457962
391948
74278
213391
316415
164473
122291
237675
88148
243926
252453
245978
83276
86212
53148
172250
183892
319318
34442
296554
302120
349170
399009
247184
137025
59068
267756
170850
460340
402994
223468
111290
69687
460049
384160
32395
406235
303008
19478
77084
444587
59912
364839
7636
294592
382671
485516
25099
467654
499047
271734
279840
497721
430643
25041
240544
36295
300368
72353
246598
460479
273521
293622
63339
459156
135469
288519
224938
306989
273716
237665
47634
397686
33792
160517
67595
479040
18500
147154
201979
109306
448576
470436
238511
93507
227871
327850
292299
120988
1533
462384
403474
404584
448199
346713
272789
9311
425133
347352
393687
340095
462697
18396
172352
331701
363608
267625
257896
432814
175717
323564
322206
107578
382281
132084
202494
368864
115830
414220
459899
91915
499889
78851
109502
245478
30578
301016
481858
399508
467701
8430
385523
425863
19779
496745
225001
658
67381
370966
359686
225948
265469
158321
250952
268774
477714
184763
442146
63302
183413
391473
315463
452839
9462
5057
471037
414671
174356
213516
474527
370827
287878
292184
211213
108441
98674
364456
39566
113709
152458
227618
371560
353868
342847
488454
101450
76867
186400
242674
29978
166502
493090
222718
364630
4967
186967
36938
415424
213619
422678
457965
49115
140119
73360
276220
38273
457184
389360
61537
92852
249993
369374
68251
46136
432611
135743
222722
318506
436016
409155
170056
288970
97926
33462
135459
43697
385560
208793
68016
379693
261323
478766
322511
490329
231248
455185
32285
190435
356565
435993
98153
303538
345098
383573
496769
395780
44775
445594
179427
274447
239062
375080
61807
181611
382901
328881
353523
194376
410501
26788
347369
63199
222705
81555
317664
427675
314899
321812
229691
280493
353525
319327
363057
142010
292674
237876
404797
273374
453105
353734
441720
25160
131604
24305
119376
402052
154200
266491
125060
63080
318974
362582
382707
262354
401277
98774
360858
332752
498391
99459
136581
438887
410929
406316
459968
4128
61100
425138
186797
80464
103295
17666
266637
445376
171962
209955
456258
301759
57197
133033
49259
65500
1561
194090
267294
159713
304074
371704
402953
457318
252488
92537
92260
272427
448372
269171
355413
425868
469561
105638
178829
259001
370796
388960
256561
304332
77307
194350
443620
342388
71095
181364
215696
191685
199255
436784
264962
189182
297941
388462
49601
399133
454755
151665
317513
360191
207466
280847
320182
254441
225710
201967
425413
473574
249819
477834
413798
12383
75574
448909
121321
498486
251669
69684
279609
334234
153582
414603
168243
298218
372702
301387
288244
138626
270877
34942
186464
390450
333353
148211
141367
420857
33667
293515
313829
26140
151488
269801
432041
416278
485605
265068
434522
405761
106895
15570
213515
147319
495226
231760
309222
85554
293155
186264
471992
214694
340128
323210
488231
204623
319333
206024
467329
123682
431514
199194
247660
228406
308266
1344
28614
5978
438554
497990
451773
324679
464759
51523
33455
376383
339051
135829
254971
304204
156513
95136
100414
297452
167359
100559
2384
115352
238502
316512
23313
456579
45284
1923
152610
186630
207895
497939
127841
150731
324325
356239
286821
204036
207240
344495
14732
453719
430794
451259
491084
306737
151173
453179
346457
449140
334532
497614
396028
170988
160800
136596
321275
159898
278656
483050
297635
183671
341073
79843
153231
376771
496308
420981
65257
136746
467908
112445
139596
421935
480789
101409
458673
391219
282121
78685
24168
130290
429248
171300
7984
45714
241873
407425
432231
5977
348379
75951
452687
290365
269067
331239
181243
252943
212852
218092
334989
458434
110586
103936
117637
177322
284029
22473
393844
38426
127129
225751
400610
316738
243386
43374
93298
315701
262344
38918
339247
124309
457550
174275
358603
29267
469991
394925
245705
249834
171477
183411
394819
191920
464935
485123
365167
224065
278093
99499
57753
277647
187270
99303
49395
407461
270652
142824
173864
483058
338371
175224
358076
265860
23573
71557
392419
302920
276574
121391
427057
119823
405647
498079
299121
39345
151713
403360
331246
4558
473576
482671
202089
187185
158650
455517
216123
344941
273983
410328
332589
107526
27910
337524
45911
486297
167008
267756
284939
77397
404614
380925
100192
75517
56265
123699
422328
371642
289589
436123
262178
293454
423237
417041
338886
394826
222702
258167
151524
422282
336292
391195
263929
19673
451770
280174
320685
241681
43846
428016
209645
103522
63818
430205
91771
432106
179871
200728
341280
96200
129121
68812
342602
447642
93054
498351
180897
413788
65474
275436
236085
281068
284534
221456
489276
20159
272475
490645
458256
361414
258818
469537
430315
231164
309775
134252
49322
12959
179323
237691
434169
42258
56339
257462
271364
363082
285318
198930
429064
457001
435749
473204
473993
275264
115039
12783
299436
315612
215113
13896
318403
461977
13455
346941
333729
350354
461777
146779
77706
473481
128895
281855
402669
305654
224189
369123
438493
45077
76672
359525
200961
419296
454697
20671
7024
231065
313968
237663
407940
290201
411853
296164
299894
299300
26906
393691
475684
275239
164366
228928
452750
169579
408477
314897
458074
69171
142656
99349
462496
488655
279169
384946
138248
456332
192527
30375
309867
111959
168872
313629
479776
257269
405869
80174
200775
284725
433877
328636
463314
67578
411636
274346
25264
251128
442270
270060
194833
235568
64575
384517
77996
158877
321169
349368
4356
240251
72050
365680
65121
393144
167385
139037
379312
228425
42716
421398
437940
262013
295506
294696
476896
136819
76222
1184
499687
62974
288689
336944
17600
442319
217988
9694
271036
323080
485043
216506
255007
478211
177001
90683
153361
51185
181052
237959
236225
188598
385011
414121
86548
436465
140838
108405
426039
406667
111802
374270
52730
392264
32060
194575
141822
232635
221101
200744
139428
162951
253880
248495
469415
380514
320070
195506
296289
217760
38224
139397
159280
141442
344904
197947
181557
363064
227512
450871
54314
118819
374335
44569
447876
469162
129799
130600
116595
443208
165316
445839
233858
52437
356237
485148
98725
147948
110041
66746
198750
451829
498102
128320
345456
60072
404845
174747
303895
455789
70046
71608
301924
288350
343866
41356
148475
459823
186251
293441
354117
353685
268650
141080
188030
128939
19836
307227
459547
271219
109430
278361
158531
412194
59356
304988
282776
322504
419003
100356
30092
372243
337416
19804
171824
17608
129062
337695
496061
252895
254911
433320
446912
201386
269950
403330
252544
86078
104012
160605
464549
90181
157318
372227
432370
280721
99326
290987
359256
222289
365425
97671
93747
85977
474957
63317
5735
280192
479704
439141
328954
74628
176662
202665
140887
118340
54518
154225
271441
223675
47203
218259
452276
40533
164275
262729
30288
190049
31822
450965
247835
196833
172825
48903
207548
317638
328589
246597
456267
273085
347478
497729
368326
241797
23433
459314
171979
458412
230366
73820
376943
238856
334389
105198
294328
287012
107057
272344
416515
259292
498643
491579
149762
221336
377218
385781
258446
252479
426722
164473
382671
224550
297206
23289
278083
101525
256795
337995
173309
254781
41477
111598
230710
227695
127274
29823
490404
435100
226817
440560
261105
305773
70938
60783
279761
98921
153485
90732
480063
178080
426379
316611
439829
262749
170400
314289
380395
368482
112724
435834
96687
345074
93460
300141
382158
317865
318673
198693
225662
371547
423144
243153
162265
438778
491692
77219
488587
390021
82821
451294
60014
236484
252983
456050
12525
60
100468
24890
464622
266259
82435
433388
10080
458702
44352
445799
169134
249963
200217
129547
224556
211974
361632
481572
351935
8740
439842
135731
131107
444385
358312
33829
384758
387192
31384
455244
266269
72285
456933
292729
313822
437879
169438
77670
123796
241501
204561
258121
64139
383597
454402
15982
469213
429169
40766
488220
275741
181085
83370
339861
320872
222072
231806
195290
82901
279344
95304
36919
266441
494045
105467
315193
262109
265052
469235
258920
381293
443033
322123
293856
255788
124950
299166
93931
476145
148183
488733
451232
377178
163878
267566
71864
155757
374953
120793
379680
132603
15246
322997
19244
221231
238579
141597
216519
36126
160535
362518
8254
131839
140534
196926
427506
230492
410814
128035
427326
144137
252162
476859
11875
443182
189365
88516
90520
69297
124442
103438
16491
18386
179254
155197
265945
187506
116769
408426
225887
46502
145159
362084
105577
72475
119837
383346
46340
349562
248484
267946
482763
61313
6772
360927
393604
115869
497248
432358
256305
345791
96457
113249
464020
172358
104835
345753
384188
35867
478271
273982
254563
262934
288298
5169
89953
377657
112439
349687
168366
215676
260798
206661
388108
256600
493128
73226
91415
418981
475520
498609
54164
271329
498518
16591
265719
83945
429800
186798
408924
154466
169230
289080
278433
345617
14274
7338
406199
357040
36964
308519
405258
272063
141039
451728
365806
456541
433022
40203
494278
285143
252701
120722
316667
454733
185550
294459
450806
212781
240470
484245
445154
306657
10213
156300
39564
485281
351698
353820
458983
155268
336858
102871
353361
301275
484334
491939
321250
427325
463158
287310
55063
348713
67374
371315
453557
82216
428749
359479
37793
40456
134829
221209
233067
256044
230407
396554
107728
190407
367836
281683
115802
433779
227076
281150
84296
373427
16370
278247
33495
200652
112947
129763
4676
208473
431151
489519
491788
180559
140806
449288
361152
276319
336250
127157
435178
484990
266908
44860
71353
411862
242606
181615
407598
198334
59177
52674
158758
48206
264364
266025
238959
128915
323856
486222
422719
393572
329441
135485
475618
84246
106141
88770
81036
165533
80055
10642
122001
390986
460754
36462
375745
59268
381793
125302
272962
421727
257169
247918
132193
308385
177924
496328
244
391731
327934
258806
323105
264583
23535
495834
287650
278038
441265
198885
98075
388180
279828
38368
25546
198388
180744
423189
482269
380184
298828
135264
121136
171425
126981
400205
474020
456358
44344
378152
107390
408442
293068
320366
190160
436805
259608
382569
33759
321923
283546
27440
224454
61841
323061
415082
199968
114142
1338
361422
314349
929
34260
215243
345269
149191
312416
360097
190839
172003
169236
120890
102660
147209
257506
478799
38955
453005
484066
297209
131381
124550
68595
373625
171658
245482
141852
117889
283313
115012
433060
43218
185142
22100
261155
369468
316629
69917
433595
123807
379468
450197
50457
204409
362773
228944
498212
292012
495252
435375
452978
388350
137400
26580
287997
21976
182900
181368
281175
32657
333653
402641
65450
113157
472764
177918
459817
448578
110032
301147
316371
181568
131669
494753
147171
67048
450041
452946
323810
484831
304316
246709
306135
260123
123266
128890
210865
422091
245012
345838
291447
330103
28696
126113
194674
411725
210717
148116
297612
423049
414469
79461
31770
335316
93956
479331
112739
37039
49769
113040
188692
23054
188546
229534
192910
145385
479659
302617
69898
182908
368941
167833
245248
471670
259791
43009
492477
134119
158744
220257
372558
293017
393019
87792
392363
187387
229153
383523
136103
246420
98758
392005
325237
399126
373367
356722
488431
259803
48018
121209
264801
235572
64761
56598
87741
460375
115849
492468
71467
485160
55521
400975
79538
244044
98264
302223
41577
215391
390877
32825
337150
376080
325455
4836
266331
131076
165553
146590
216469
338898
147585
280316
414185
180915
99803
147128
270937
393406
313802
272876
215225
400472
88027
482265
494990
270463
355180
376686
83758
101356
66452
360981
288296
301179
383681
164053
79752
86480
445550
498958
384796
482668
441000
146111
121191
240970
362058
46177
347490
14686
18017
482667
484100
478576
452282
33764
334615
272178
436956
462424
395626
448963
19393
499119
260104
181431
436480
311692
88182
99258
393034
164305
417541
218800
439926
6884
186103
71652
457778
335588
475954
254414
352175
18097
195470
3849
310616
294283
397627
477630
444429
287393
389768
391237
162963
412850
373414
180604
198836
242522
78266
156232
435195
355018
63400
403775
304517
441452
195132
174069
162086
276339
45031
467857
27940
230709
285579
432129
395576
403703
59837
157497
304719
353954
290416
446612
467392
494405
277740
208706
307238
15125
106610
169349
302460
262530
157527
305365
253794
287224
298397
408088
484922
407837
379944
205241
306042
406652
436318
208889
248607
121448
187295
342006
12394
404952
232158
32411
257355
132995
243143
391034
162652
260337
450560
359435
361727
199972
387699
157861
110780
38706
12567
47348
28167
436765
457864
144140
139694
283610
255557
241173
32737
335912
348727
91902
401076
166365
373864
258324
64758
446878
227814
457359
334122
414855
106509
481076
113485
234422
242691
10691
18150
308257
128296
205807
146785
490979
93938
409985
368717
133577
340928
143551
12367
350437
408776
476338
256716
31763
240343
220981
5444
223001
327550
10041
375847
155701
348023
133303
131107
174141
276010
471418
223569
432088
263651
8256
166257
439590
43860
111699
301276
412875
294968
139003
347017
428133
178287
848
398265
89764
311827
453215
408052
27262
152739
87335
49175
187901
99772
45004
454839
493635
55524
123141
496006
397470
187584
82752
398386
251535
214918
382151
497636
405067
161202
415390
58207
214704
108836
326038
490470
117738
309292
102483
186809
346449
75050
37745
485961
404197
3198
7792
481166
70380
451291
6084
80064
132461
260530
262555
173154
396877
324832
438368
155828
179952
440129
190392
479450
258898
379561
46867
12784
121902
47
76584
401537
226468
23751
314031
245949
130054
305841
326083
94352
206463
310594
30327
158898
27943
381779
35054
291295
290264
230232
453680
488570
444269
63419
167540
445037
204218
318339
146971
351354
100142
368481
345200
259653
219020
472825
321226
881
114146
441756
390015
122463
426237
184235
224356
355485
378367
11771
122785
133209
90700
487823
261053
280279
187030
169411
9496
284885
273410
430675
185396
156537
479124
401267
239138
474106
184071
474615
108050
246658
118224
492643
159710
16231
247207
283065
98901
25328
165563
226337
246849
248190
210942
125957
353919
498049
405396
280361
91333
293901
342620
390390
138909
34338
384571
211622
205254
49762
122328
271643
371353
376801
458010
413850
395388
293675
98312
170148
405224
80041
325642
424178
457195
279764
225596
438941
359564
19374
80475
395254
161836
324168
280259
28649
223379
3729
408235
206939
284057
434199
273813
414554
260926
236498
452980
93247
316957
312695
370991
333406
140081
445794
388563
60214
443929
226512
434482
370288
24573
378157
250174
296649
131681
326355
5631
459437
358234
436195
174801
327982
54356
493972
418656
245030
108471
83978
338677
256496
207976
255569
133450
8977
178597
106863
496713
487683
403918
448838
59706
196138
39007
393733
283759
166352
298069
155761
120321
235232
439341
338011
498234
140052
427139
331176
337213
467758
3305
95669
464947
408693
496431
101636
361965
356886
483583
362231
174451
240828
235600
39998
8288
57758
376158
460009
109685
443037
328340
496958
430261
194737
29219
221755
187879
91732
382232
399013
281701
489998
132153
275318
184040
487692
418640
48515
45842
438374
17628
329454
485301
405625
71778
100363
91699
27955
247577
323802
360562
51627
168946
213692
198537
311393
130001
492555
18122
428491
80158
196324
16357
202210
121118
414947
254196
20056
303038
92368
176412
26905
403985
192516
447831
493612
448003
469750
384381
368583
479557
63050
240099
96564
2378
166474
2697
338893
205635
496885
136387
131712
282501
99608
453470
122543
394601
201920
390091
59520
304980
7362
53582
195430
146254
154135
216757
330589
441393
151365
460788
244495
493764
313014
280896
255908
32753
44437
256594
263779
359137
197360
187226
239000
340883
376980
101673
146284
183119
442244
98212
147614
411463
432515
363749
233227
185774
185592
489228
124735
347013
16765
421855
173894
187935
51275
171427
128038
326747
422643
416834
327695
315519
260699
61636
175906
2409
477399
479159
293995
73758
8489
443224
160357
110523
485363
455269
154701
42793
39576
92963
118669
418912
39292
231513
485571
448318
469743
70468
404846
461072
330607
199887
202439
47086
241065
220930
192724
173378
185602
162229
388953
162822
398448
26614
150186
317353
413760
248527
116993
350398
318364
454927
181308
296810
472827
47944
75134
299488
461045
285467
194137
51388
499869
241201
195255
356819
223997
123463
409347
270480
420671
251180
400404
119551
27383
92581
94374
392981
340857
236139
3105
439903
91686
469931
183069
480475
297133
3368
478874
440791
113561
322387
75498
77778
318442
475524
166501
9517
140865
488673
263275
245243
382742
377470
355930
44942
187118
299828
460248
145095
285018
151842
134708
366921
18878
231545
271024
473416
228556
90253
238417
489981
487475
253045
198214
322765
412020
441608
491613
476460
452326
324291
313880
106886
104151
411589
399867
185484
386190
71861
94434
244659
39123
214604
72949
358006
102534
197976
173921
398784
188931
111945
312262
253429
213668
340338
252898
345898
461326
86815
393182
298088
401947
66338
341387
407768
463744
465263
151091
23579
341517
19464
238031
131347
85601
193274
124315
321503
52475
303842
246966
315792
330454
399932
1704
71764
456298
134555
265978
262769
181352
74363
96867
465799
129113
72108
273613
364841
175308
259429
233569
130245
355057
43954
97140
166713
292633
456649
214838
259483
410059
55760
153189
307035
276361
5627
58594
455731
21226
418882
302730
77018
204431
13002
335765
433429
185824
232572
329392
391446
44903
247891
14992
248550
261079
190437
326493
457400
3851
30624
37574
480810
20095
396097
455423
315626
440535
141006
223646
1958
37724
453495
34883
385277
323293
94613
210458
289287
328063
324730
26919
369427
410536
458171
498838
190057
221077
468906
381907
288669
36148
310508
363853
217037
334399
280493
433114
253093
380768
469398
453460
225086
106397
6653
341821
76918
469005
103883
62437
204936
164627
37520
382088
305120
102157
471898
121045
250224
235622
407844
271035
455341
108297
456201
353600
293042
422573
124416
214111
463351
424822
28913
444308
293448
407101
497922
251935
108868
461833
145892
84656
96974
495172
177129
491706
217214
4053
450236
310110
230018
296777
412636
419064
254027
382
436141
193460
320744
363234
220834
236901
57257
483750
190285
174500
436583
422815
85880
293236
65921
3574
118083
88921
412784
2197
87050
386743
68886
475378
389078
247667
42132
199038
26730
234079
18140
68443
486597
195974
129588
423808
497666
360373
437366
327648
122757
376400
480916
170728
226678
401480
243752
292742
62640
241568
419194
107411
301200
163542
140867
359497
336751
21328
103896
227133
101062
268107
361242
188861
46143
391318
172238
319252
187755
467774
147525
319849
241203
119948
377166
207248
382508
285
210228
404145
329941
327179
282034
467366
246287
299245
316804
177476
176409
32567
327113
67299
311856
357181
57328
121356
303029
183555
275481
461749
157422
344744
314130
377985
189764
408505
322551
425007
271143
227712
135898
179413
151902
430596
192573
79968
11624
123912
463433
154016
263166
296578
318096
48047
499865
377102
427324
495832
29113
413035
492710
354410
279514
69501
222866
243246
36207
195816
445118
207487
93131
241078
140209
380508
343720
47546
29506
241239
69363
421530
138946
74239
93314
394137
210020
202519
70301
389928
445065
447020
79101
164450
404621
38092
361461
13851
252569
201372
389288
97991
193494
323592
142586
72839
113207
185128
149272
482380
196072
134012
226885
294333
284137
373459
460706
152552
358245
436671
204416
83645
370967
296804
35454
148843
465177
415361
395282
437263
95073
238792
382812
337617
399604
414590
110136
57532
318118
32620
319414
430510
42479
202272
208034
260223
486388
277729
142369
412725
438781
115023
222629
8286
168173
311057
470980
181087
494880
307700
466022
25478
103465
428133
488121
472708
74647
399772
309824
406391
201759
307429
230886
173895
398947
495113
117524
347802
236216
371583
53409
95160
342232
322545
203839
214938
35424
85154
280584
12112
381801
37366
479552
244350
434714
340982
347552
197992
299483
106718
68919
452535
460644
307537
23634
299407
339086
257997
498417
388313
426898
455048
136525
292498
194403
152029
80234
126458
113840
380275
310433
135275
349626
394835
148568
261818
360171
260937
492117
97972
413058
8857
124421
350925
212220
422108
69738
385263
455208
389613
452888
495367
7819
137348
132928
266200
109238
269550
43271
390796
274746
119096
319951
55422
34549
314419
405782
499182
164806
383961
347520
197051
161689
305649
428814
108487
1557
325422
47255
222235
361666
58500
390724
244692
205693
286732
402065
136246
473868
437207
149384
2514
133598
469239
4250
472297
89954
269898
100791
442613
281223
392556
138104
497928
119247
219376
47816
326689
324567
403175
430695
275232
238665
167927
399507
314317
461525
312533
105879
411843
129725
373977
296478
257247
372185
38022
22313
18423
342777
252540
339627
213437
282453
325508
138951
125897
159639
488169
67431
65224
17751
313780
325039
72110
134337
85878
464170
45784
463012
196001
20073
158
140989
408633
479457
321379
254958
249037
345197
442360
498541
234451
367149
417467
363149
235186
490571
8573
251945
432655
377847
99439
375336
23103
448204
124189
468691
186026
309232
418225
362902
446389
259376
467439
170834
390952
295318
369076
56184
433575
456229
258982
335757
50204
211786
472450
129463
234112
402001
4584
44806
421956
234838
436067
303158
249169
405209
222747
84245
284259
109974
164430
102254
416597
367087
153040
51812
88323
143962
107092
480363
151893
246343
460512
383631
246416
472027
208774
47565
258369
288771
263333
465508
326395
367606
410105
470785
453345
345300
245283
18071
129565
494060
267514
271118
420350
65916
45122
448728
371203
444722
360762
344312
285030
391444
191843
212900
261525
356318
274068
355292
282348
146997
29121
408779
354151
403099
353887
450403
233344
498457
482863
171066
58907
208479
370666
100253
304697
218110
304980
426657
336247
373145
132791
58134
161804
83783
309325
53980
249322
350398
93882
393622
16503
166299
369174
473908
499713
462598
289441
133442
149348
94250
156342
415755
391514
149024
131075
47915
129011
275019
302511
352219
374012
154893
419817
383900
134937
206107
47661
117236
368501
129187
29345
344594
90604
282503
315507
95014
100974
355745
382995
334987
250692
252185
301814
249141
22683
430126
452051
327721
136083
97443
82300
419083
401435
71515
308217
207907
369552
288787
384575
452379
454587
213024
67264
339997
253532
41464
89405
373557
260661
268350
462030
347003
461316
422304
400089
36622
349948
261703
426841
355704
329045
288798
127337
283007
358734
459925
398893
362844
407919
119122
325813
208475
381627
475227
301090
300841
313689
399240
415777
244076
153352
254588
227397
463954
372739
191529
144779
297287
305573
31381
453038
365171
8630
153219
169707
360306
201508
413867
180491
403678
411758
312543
263727
11051
495999
295705
356144
72972
185421
169675
259739
217019
191952
166736
302922
373095
437250
159688
93704
208744
328020
253308
227693
273501
26589
385478
189611
357022
437649
478812
37096
399982
6873
478595
447034
68084
485456
219367
318644
219056
450700
170819
253224
62253
475319
346461
280910
42504
9092
202575
81935
17385
13779
250746
135761
258651
41043
83585
186728
410423
231159
436787
435545
476972
346771
357091
151574
164203
411282
362266
403462
336570
367951
250818
378326
166744
281173
442428
126616
95763
426494
391636
396924
335152
88070
420435
254461
50902
328214
447112
392175
40403
280589
89061
222732
258570
148248
298845
148289
57381
153416
460908
371873
267904
495334
441457
69694
6572
386106
449537
195539
65979
169120
131070
488108
163976
162076
282143
341635
99081
76429
162968
490286
438908
139143
17284
400212
479393
155638
496479
190914
476256
321701
412159
172266
112888
64968
161739
457144
337368
65957
447716
283195
429582
337799
346541
493787
494664
76191
310123
410599
304841
377831
255830
160377
55511
236543
291189
61990
195752
190135
112864
456515
455576
315560
305335
230824
434080
32945
457306
155481
243571
55670
107116
475464
9186
272500
417700
468635
199438
348477
58146
295654
493073
251882
184985
186708
490844
281719
50496
139242
391819
396607
92475
196319
401228
267260
141161
336886
322182
201417
328811
418622
91520
332359
395190
175732
388167
328839
63968
265729
191169
131354
252846
143395
51325
393723
38109
330615
155805
379673
243470
243946
34518
133946
15027
416824
449280
166301
55376
183023
348987
270286
464294
137401
36526
317668
459117
374514
26714
486357
52878
102121
462943
56759
18933
247752
261496
179227
106311
384404
389316
471925
317785
478008
29117
67251
391825
242679
320889
121640
21907
4149
57919
433650
331377
419960
411257
386769
215922
15173
180801
76699
405169
350253
371558
231375
387237
335008
363444
338414
493723
184008
342797
460346
456200
89090
400727
35431
239429
498515
134125
192863
40053
122602
320148
186181
438828
400895
21485
3631
495952
252642
495246
311788
497202
68129
454905
161190
345942
43313
294260
105576
281349
296628
408877
377948
269014
188300
61002
46146
2934
151018
116063
374260
34122
188106
438110
5652
214163
392741
136597
74461
191960
71620
382653
214433
90232
111571
119556
218491
257071
159239
305134
366420
346448
391018
492044
32393
294392
424507
83588
42248
248043
246128
211800
347255
331794
328443
485285
328844
321756
402388
458754
130456
51229
139396
73178
427606
277302
414096
340290
362772
249363
319779
315909
9570
418972
324185
288980
120077
247001
476048
257766
142753
78458
196063
31366
162521
126570
463731
491961
177562
113835
454019
321145
279761
183673
378914
313159
29527
324358
133014
241344
233793
340141
67615
325075
205999
202427
210935
478404
219491
382097
489198
122558
84575
14600
213857
375830
303640
227153
251346
177618
28619
416273
357050
81461
149153
315525
430859
311920
106434
398135
275826
320575
294365
300558
360400
424100
230922
65444
72843
485697
127063
406032
268193
373975
301076
216789
41348
182191
99922
69524
293832
4540
315924
97623
472523
108321
136942
3772
362457
386723
78326
31135
296732
457262
138262
376320
491585
52969
358011
299939
470939
185395
252721
123532
59858
492559
492978
210582
416291
55274
439245
399658
205727
49346
312055
317280
367546
446334
474314
138119
448652
59773
28701
384764
96990
361232
494689
239770
147246
490694
363913
137937
289183
480430
473004
292896
486832
41668
495968
268207
295532
90116
204819
256179
131914
440854
243984
491988
286883
421304
100135
479332
228928
262096
390076
468562
395547
291876
400586
287504
490607
303164
254840
99154
114518
381319
125966
478314
339911
140999
420586
286180
352990
344930
458543
42567
303453
87668
303354
235102
483550
452716
216126
73260
358561
136803
407941
147448
441705
235956
58924
327002
100638
128527
179613
465119
96776
445369
362857
240858
419623
146711
464967
17737
18427
312171
242639
91373
37089
447583
32015
272597
345304
57381
225835
287654
417810
104573
224310
354742
16575
330869
198775
10967
35297
185398
499050
86699
499370
464511
99406
240900
420890
144923
344884
69763
262067
104107
135396
336632
62318
222844
46112
373273
265191
320832
302688
117354
239462
421682
107890
265020
318845
330698
311503
308235
129407
143714
66716
358475
267735
488610
359422
394763
289405
122367
202550
290606
85368
340857
16807
268502
77151
332782
160012
274165
468850
31113
6269
446415
50520
33306
499590
256615
118280
347510
120119
197179
365399
263832
380109
21728
188401
312705
241183
245419
302906
125625
113825
398613
182236
294718
320895
467473
201746
347309
184620
276529
168385
472519
400452
243935
146813
53475
485945
479019
293621
342942
239205
33103
135543
253869
281051
116231
193943
109910
464070
286347
138453
40153
224664
300014
284395
195194
139020
164149
167828
272280
299294
47372
63452
36186
406631
342868
458940
498797
356560
417772
251006
225948
248759
149662
82194
74090
420277
202995
464818
156041
431359
71442
454730
251130
17048
448637
7253
326697
399402
105032
498290
298343
133242
278076
62120
276945
125736
438772
328433
263654
304890
151048
212459
250859
14833
282512
356965
234609
141941
87217
40783
63424
269745
307515
326742
409770
408169
151533
248904
210778
19987
161232
181045
364932
396420
206481
484283
118043
299790
286923
171743
184347
319953
181922
219325
6725
219067
127136
167425
366624
288553
73458
171542
351650
304698
172292
360492
324482
4010
426761
139796
15994
254366
265005
290028
158372
181423
393022
102283
236799
50456
110620
51827
216768
48483
73133
284977
223915
437814
64660
162509
306576
156447
386413
76451
46551
162368
173790
441754
109392
286044
385854
404163
313385
273794
379084
417815
42730
180575
274372
209058
73877
340747
134610
255635
109214
289086
491882
132402
443589
157061
280672
326891
276553
204058
59910
461484
158215
98514
404363
437254
315215
296872
230400
186021
263751
430527
390881
200390
226007
27170
109108
163030
126777
88775
11725
424844
361115
459767
334569
71482
445659
360206
333025
166903
341831
263795
449722
46840
387122
189275
366806
340889
208907
215940
405699
329003
90681
79027
166397
178608
181081
232241
152218
160314
50473
440320
123954
15491
372785
181439
243268
371371
180127
338012
104787
22612
262467
354078
50152
304997
346226
251713
72056
184618
86984
442526
147877
343490
74326
426740
383915
442130
419570
89218
11032
413090
52204
391418
357040
13195
40040
216054
341773
468045
320819
114773
150037
303698
288821
348942
499916
369188
287868
216328
318465
430315
239452
35070
253122
10697
320164
118819
466053
467897
323030
338976
181585
417708
134850
144172
231534
104496
182839
1307
475810
257588
11975
478491
363525
270028
124901
225162
236997
434181
86576
8151
427898
98052
491282
105337
341773
484918
263473
348708
334782
32745
349717
59565
125398
296416
122712
346527
268588
415191
351863
169415
428297
257769
67236
293597
187793
80082
168746
331311
296920
39370
130760
30846
105405
325240
30986
372808
359901
450357
435212
217351
101109
271424
78237
16388
208739
23606
194492
488893
499574
269500
311096
37072
303966
153260
259607
414803
35465
371529
113274
274129
27235
340025
64341
151544
231846
219562
337382
361086
124822
90539
312468
88199
25551
313084
88207
309153
67511
422270
138213
2489
256088
42364
374091
215153
17899
100583
361202
318945
355052
119897
369153
180654
400086
364600
439057
81330
435857
191549
243432
457973
322549
184904
60315
272046
461210
491719
417252
418151
313558
487426
209565
180913
104567
345724
457685
210979
308579
141780
389055
421307
411751
102848
460240
268544
251902
425693
67019
181157
296042
422695
138191
148278
426201
1452
470657
84815
58679
431754
121997
133840
181684
120423
279926
389191
79150
485581
476379
323979
20229
302009
352344
129018
287332
322362
374184
103823
186226
21313
102260
369400
414844
193334
272760
88791
51754
234153
319934
334676
343497
227527
274771
425934
438461
271898
132619
50113
175586
425897
377662
433671
415054
141050
171578
16048
487667
361606
143702
36707
89809
312811
457107
463546
409480
38874
358054
342895
191814
320052
104804
292963
249826
351282
309566
49440
368444
78057
234713
206273
294135
387234
361368
382637
322464
79516
430062
207487
358218
415865
382646
394561
251048
137306
329034
304371
359715
469831
187522
333764
487276
6722
216212
405967
67869
141805
468470
475951
296646
84726
112576
396400
65090
47579
68952
307089
413978
236292
145987
163627
343434
277204
44306
400735
75400
111199
21094
166975
241209
439028
362862
324110
48625
123249
5902
82984
393318
450751
235612
95637
360827
484970
443685
305946
339306
303390
25834
431547
295360
280665
189488
26821
77696
52435
38331
333350
60518
36784
39961
353883
126104
87106
258794
107866
223228
99108
306064
146982
129517
355171
199752
356652
143481
390708
271797
144992
248101
323236
180859
434130
46558
5309
167896
474706
45299
3385
368951
178147
391047
383213
134790
413540
295894
378883
43102
232900
212558
151655
373323
289330
56597
449953
251109
166653
460035
406018
362619
300724
365755
496266
494590
349076
263010
42570
139070
26649
499670
173940
162701
30699
458184
361976
497421
97472
103511
121848
199880
129884
141562
75739
129214
349612
327857
332541
249945
308947
383111
26372
131726
349179
349544
353544
375663
172882
463892
111302
452914
338088
120201
138902
412949
417829
343431
85694
426556
146722
57951
232810
408341
253976
43424
152748
93360
71078
393320
264765
13196
494227
364740
339618
286353
86700
2315
164906
307620
330347
284224
121729
84884
64262
2505
327935
411463
172534
488082
65536
340963
376225
287648
370292
362331
495919
222495
109077
160919
440706
329927
447282
271220
451235
272342
145223
310757
302470
204717
43826
64102
281463
46361
347067
267090
20135
431696
303459
382011
226812
164553
380304
148587
141222
124790
406889
312444
386391
341092
58306
340561
18880
90952
431578
474300
131012
106266
98713
15500
159168
399624
100242
18109
397231
486075
77588
319862
359860
418232
281795
336920
351859
277030
252010
168407
474617
220851
151547
319882
359804
19848
183275
438484
110278
291438
35284
49263
304893
431976
242975
371474
399384
81582
338693
330004
107988
193065
41621
169182
392139
340438
438448
15556
275957
241480
222981
467262
403422
276960
149471
336080
358639
17234
58717
367869
92546
99758
432585
264831
374271
75466
160303
2997
356970
170497
179655
371764
149537
127292
126
36075
153826
123779
388842
335451
83235
22594
44563
297748
320107
385690
454146
171628
50630
158694
305645
486003
216961
255890
98873
495294
444513
202940
444150
132254
315946
114383
140453
43948
341007
274628
419162
175534
457934
335722
39817
205560
141891
183817
120141
345253
66728
473268
265181
209072
248260
325911
375578
120094
18290
336051
379747
139857
459657
378536
180340
100160
18967
377366
203724
413284
90903
421979
320697
208851
137306
74480
11475
389026
195263
25907
325983
350073
168480
202682
222384
332228
496983
370615
329490
271931
489168
73640
365660
220093
185241
497885
242330
342345
259592
39125
144076
74419
148147
33664
368525
324058
46315
114624
348501
287610
286262
110371
71218
10673
30186
418821
169970
167353
495957
102833
317807
160728
406427
391365
280490
257857
247040
406956
285494
296172
257076
276127
158716
446561
325084
124603
399786
34411
391514
495032
134991
118376
243071
298507
429155
158794
496311
126960
466591
143391
391732
162758
192688
13745
329041
345858
45883
243494
348153
412885
256992
427357
466995
89120
211520
102148
50410
183576
418267
2346
96027
73878
440249
317767
160573
425286
50688
452645
306220
28954
295208
2559
86061
54230
71897
306711
243504
282268
29671
214814
244643
181641
234466
122998
235693
232924
254927
144691
23561
101736
234466
382923
136206
111610
330547
315957
17548
248292
258832
149170
437785
182037
124738
299388
267878
8931
29132
450349
427003
320715
30352
20089
147955
315380
28896
455114
116308
485574
7304
303105
73520
341114
408260
236302
390172
79658
57800
66018
92613
463525
113731
304780
393055
201770
394036
380372
454478
103196
368423
160492
359059
10878
477597
479986
473597
357813
327997
461664
85681
473376
306567
315754
145824
244157
462861
53380
223395
104093
342153
310114
128230
71844
243266
70375
459176
147667
283469
335485
392910
439208
447443
8075
175902
345214
444267
112762
428354
60061
258946
483883
340309
99521
39544
361069
85952
268818
194194
476532
2032
435807
93777
286278
157764
438291
246396
258750
433441
274055
225776
363173
33351
309555
444094
408558
318724
492076
157718
154605
368362
285947
156170
207634
168718
303104
20970
365254
280143
169374
367944
178187
181192
185621
376948
67259
34484
469647
8108
7806
257809
91193
324474
68244
156044
15087
38671
47928
198552
144510
417436
497205
187176
165196
346462
285445
174430
107445
281875
163307
226160
263456
216069
52012
11698
395394
56206
317687
221399
350390
194556
177392
67813
197916
161673
123458
354251
124860
65513
10931
473282
316803
21910
100221
460736
269321
26893
483366
356208
496437
73988
291322
285473
158815
317214
446716
156363
129930
312985
182110
285396
39374
43188
479679
105031
484946
471746
418057
328406
414535
360239
37957
221712
407457
135301
179384
337942
345650
377737
148749
342270
143279
317301
321316
120266
276186
273173
169298
153532
228033
21255
14354
355391
432885
476372
305317
226181
425107
122920
370222
475143
272440
447516
294852
140714
20188
190500
210868
188239
509
83636
197317
85249
108460
217556
425635
118849
416446
172037
356211
480427
142822
26162
180814
33699
479629
368762
169538
182858
498082
368851
469336
400163
187086
2839
491868
36417
271356
185609
468401
353951
298290
67621
288041
321375
123474
195442
479049
441912
422182
48390
327619
430394
12826
51395
88747
411127
77772
224199
88378
480532
20007
179810
387434
216315
294570
39202
265782
314394
309380
137407
423109
42307
409115
306739
110544
10425
362455
109824
359286
411742
163649
377861
439900
192373
87658
314842
191035
346722
347543
89342
278258
264192
339524
197957
382663
280021
335652
406050
347451
312545
250161
117414
299676
224780
328102
88870
209879
77131
441981
131626
236627
420418
286003
89057
343630
142006
416172
145052
77090
363431
310489
345652
113117
336857
13645
61005
149109
132555
112914
16042
153345
124400
301548
337379
146073
420704
77575
294812
327109
231846
477130
387855
163546
376909
134118
242200
127468
40053
352406
34379
139961
406326
92545
320651
164093
315816
167174
436688
356307
120993
247638
251792
412425
169500
104644
270595
39149
420913
477972
214634
86946
302987
305756
285278
179460
303759
186798
36104
477338
138249
192791
53130
119755
135379
362632
12922
447376
108866
63432
289897
308836
92650
185068
206454
222816
464556
20643
480477
452640
317522
372262
359135
301446
169120
146317
169348
408313
146469
121034
259937
79577
12446
399797
26905
379673
417397
130642
240713
154125
76987
393701
435509
63410
421704
45097
271208
141363
375540
104306
110749
329196
356506
179572
366058
276666
365746
331864
361582
481732
278459
325495
194569
336584
324261
87469
22753
107959
477910
341513
23558
207732
170729
157691
131049
173412
422110
350052
141530
416150
137585
433451
217220
135129
17696
297382
148491
161427
374305
280174
430040
434530
380756
439439
360604
390457
44953
342638
284182
422804
365815
310752
215514
100939
147084
397504
6056
464661
411344
297996
426979
376602
317968
207620
414034
492535
471878
357409
192679
490069
91329
29428
132458
377163
35037
173563
184938
433371
281178
165329
141186
357367
26683
494355
256518
469876
35039
434615
27333
218915
144463
300636
163784
426076
200442
327792
291859
250473
434426
344535
398875
250856
147656
358924
171422
159409
399214
117339
304280
451056
269332
50388
74381
179257
393434
204944
140229
479608
434582
68415
36649
280201
363709
220471
1491
357110
234857
188723
300082
440044
286125
160568
435431
15851
86405
334822
340780
2147
493055
244786
158922
107
485743
428864
89125
83827
264698
262882
38114
405507
437907
164559
215408
147908
417930
81489
25750
176615
311059
62371
111721
123829
220928
114918
199697
327292
359085
223112
67591
341623
130097
335670
409657
120080
254252
31308
325106
170293
190233
74480
149118
90051
307098
414817
273683
113076
351608
69161
167699
284093
430629
485729
183954
291724
135790
492230
89677
248695
321585
344077
413709
24901
364358
474537
436937
292793
180255
287466
325079
305415
325621
352876
184438
110701
284487
82304
256060
375988
371279
331147
312651
33806
227231
164163
277752
245955
88961
109541
66941
185406
263786
291087
232671
147094
190641
270162
113774
168105
145326
185466
124590
216481
405568
137929
357200
172027
188319
3078
156081
134897
38787
262311
469902
356747
55425
341107
268007
457739
488840
273103
184041
25879
159425
484527
187016
284254
356537
42854
387040
307011
339220
93718
85998
155467
113381
446862
435426
83912
441941
230278
448949
48010
71022
75177
324765
187405
160657
93661
372255
455960
451525
373093
328731
309650
480943
311406
460074
352284
43788
43249
335614
449401
499253
28042
319984
486118
328258
85775
327971
401145
336512
105619
394297
64301
229851
124516
407131
266122
444523
59136
195593
214597
90195
438535
332376
58196
307823
312557
412105
186390
258046
316749
168508
463482
324596
231050
404534
211960
287992
415117
323535
390254
256285
248865
52652
422905
344505
266533
393027
164807
203813
164824
61089
248514
68848
152701
151991
217156
377071
260721
485961
374939
378600
449670
285442
483141
410596
496324
284389
46218
330768
255914
44081
454992
442394
458189
482200
334828
202273
325128
293880
133564
333509
54182
386656
11700
180447
206335
135273
69852
274117
373937
53539
373171
228446
346581
164232
284026
29102
24219
311852
281995
47698
362406
250295
19181
130864
456622
142132
372591
25592
376373
63869
130650
108132
467485
160059
316451
184157
149738
303200
168496
58361
394803
356038
258930
23344
53509
308979
13206
173919
135263
189216
239352
302973
343800
31492
259856
443751
256657
233696
245661
208566
300416
428292
24633
325703
203290
75780
488299
272111
118486
354945
227752
373205
408579
233775
377718
334111
101796
120660
194561
342403
497363
228441
393953
95306
488148
445262
464492
241989
160723
92557
32160
423324
413937
462644
462928
326373
306434
488482
106581
427331
2289
422296
11837
214342
462235
7851
18674
362210
19070
451630
119282
6043
116191
81952
316161
279695
91429
365795
77862
205041
248379
392842
370692
127161
199749
98286
147856
199223
86993
324424
352100
111344
489685
256557
75173
82045
79049
176818
376068
418524
305368
62604
109399
107350
357156
409642
39809
108382
326563
22095
34494
220463
104460
167397
309326
234675
291685
435144
119417
139291
175455
298868
147701
434814
244685
288610
450418
365008
119219
224
304083
84313
222805
199344
463735
265235
152672
58874
58528
228379
382559
9860
473142
433003
52234
110246
155151
438327
393493
271121
496740
201595
34244
110427
355493
301745
371792
56533
313838
277257
46088
108724
79014
235855
140214
210277
335044
354058
459381
64389
461036
252150
160143
140443
142608
266339
122163
225206
224903
226039
330077
14847
446307
165630
29386
307363
352298
417070
254186
452288
109925
122410
46433
439213
74708
13824
125680
330415
466726
100993
370831
77266
153034
386206
69652
232850
22371
37311
238962
94516
73118
498013
8520
466311
73983
172978
359834
360404
397677
340022
427194
200213
220185
222128
258253
332993
497856
73089
123994
408393
266207
427599
485111
388195
24088
399697
79330
27803
128015
372976
173700
197853
321505
482318
319455
53078
125420
180546
75154
308159
216949
13414
385107
230722
445569
482443
254915
393994
458160
223270
421019
222210
34428
456265
212393
488875
160676
328929
5205
81488
254907
79366
49810
186273
252167
86942
139225
115422
494450
413412
56359
322456
61017
161734
418510
470169
184135
391539
402412
130130
446367
108091
165447
83707
213628
455199
341942
329771
369938
18703
211383
256057
57478
124324
48845
325928
85147
121464
318606
341323
477640
82178
447530
247387
429066
240229
47256
163452
344016
238288
447766
131147
310255
112279
218164
289963
336068
81864
235757
403956
468450
184232
416308
292832
352299
296615
474757
24499
370555
397680
62812
425777
231422
434167
293683
164914
1032
102979
391120
117353
267701
457687
97200
343690
261083
78994
42255
147885
6476
91719
73247
294413
71145
282079
115657
135601
338183
91828
42095
431748
263084
283461
221123
404389
77996
157600
28747
105738
373889
25204
286174
283687
60112
116291
83429
29469
145455
139742
394693
411860
112600
151662
200661
4251
451722
309071
315697
470310
52109
460225
339137
77999
242580
101330
435917
272385
183126
203022
276680
443135
447177
263235
494767
257711
105800
458114
289418
75428
289468
86939
180685
457452
369033
49087
161840
85130
5390
271104
219697
205854
375449
461593
389735
376278
41609
336444
403652
224750
130981
402910
324282
269137
398632
422205
302340
340362
35680
141979
448638
279507
8856
22160
112434
168406
493787
389846
223175
14509
118521
86071
458789
276681
124774
469781
433986
223832
396701
142544
480558
450974
115264
302761
245341
451401
221749
7137
85267
343763
454812
232348
461239
264766
419458
85338
435330
458729
169318
31126
104093
353838
488887
471830
257510
186272
214339
174071
423950
23842
279596
279836
282741
275278
434156
232752
421677
439103
116180
343859
424149
54665
378792
382712
246499
116769
357817
109728
16083
338077
432950
410407
339217
349797
180120
143978
491215
303819
186887
177584
239461
479096
332898
50258
234692
44711
52392
220007
156626
273098
46959
217963
466596
234903
31825
341209
17628
352415
297047
80088
301094
481869
209106
372415
382803
130055
93822
12742
336572
31457
186140
32558
109701
202248
416866
92755
121962
336826
15250
52007
365055
362703
429852
396015
469452
332889
24320
146609
259654
487865
152566
210255
19261
239807
124146
262255
440299
36455
153951
321851
22152
130301
185648
13415
188921
270114
59176
142873
490746
214463
124371
494537
6801
139375
143521
148187
38093
171582
153522
380352
291904
40364
227533
11058
402094
319173
50735
97529
309314
52365
239779
63378
390064
211688
485812
139879
144495
473477
306324
253595
234617
155858
2426
498944
458341
158140
116249
223169
353955
384314
492571
207696
107822
43986
265180
372498
29157
422916
26425
465277
298898
249135
302087
337220
407124
469423
350796
190267
472517
368785
54249
242591
112477
157249
202814
137833
427239
215911
305498
322544
412523
496413
124766
390768
86084
241213
247093
100298
105033
442160
212352
78901
465541
68005
46125
223299
421581
53652
403783
292650
457444
340880
60414
417334
197206
433791
440834
459970
294876
33812
483940
13186
415737
416503
486017
208513
149275
425610
380958
489556
108297
288401
459385
235906
249846
381022
156268
280288
112365
214867
390313
56643
419061
160932
382144
289554
499716
57432
252019
268066
226033
171188
435512
57572
9467
147581
30388
244639
438319
342161
227653
46758
124636
190689
364680
224247
417464
477970
244572
180739
242829
388543
38108
81399
186550
224380
399375
82673
434157
166112
394458
308910
408192
495213
313265
498778
202247
2380
157328
230286
446656
284413
328025
265546
302404
235319
313497
128201
99659
421076
41280
44826
465909
368514
219677
174411
337751
66889
434683
451740
439132
19926
321558
51150
9582
265053
143247
226624
98875
499027
91048
429577
353282
183919
382395
363067
494293
142270
187967
27430
424998
389015
361687
52857
344736
486835
415928
184477
264106
21039
364017
249027
170595
253442
215664
267573
161323
6143
430821
320602
448589
264855
104932
442543
145081
325315
315555
322582
137654
246586
334818
384679
153345
160252
48235
160912
378069
366374
491864
302327
412219
118098
150793
268143
140882
240099
286177
36847
166345
109257
117340
85556
410244
279947
132725
251598
132180
357478
221582
461605
302238
92631
260421
472158
198767
437607
106573
7733
99499
240606
125518
445668
449355
86295
22031
314091
340357
209771
45758
100469
177478
168827
87008
102104
312430
445599
440085
477303
110201
281816
410351
106273
243624
72821
225495
468359
296281
455047
356497
282774
192320
322373
423866
47483
213793
96453
374076
490725
171154
270511
466581
290755
72215
360863
161845
260605
411351
200281
193047
262929
143904
335165
278443
78620
139434
415136
38706
220254
488215
456801
474011
146546
186503
98860
334298
434839
463949
316343
173733
193074
403302
325338
329653
85700
456049
97841
165173
119309
27069
487541
135770
446981
425327
47913
485674
405720
135834
327402
297543
106117
282948
62271
432627
22617
18533
300350
118247
414006
100851
372389
28247
94154
36895
235315
58756
163880
189534
451421
76170
472449
18750
259783
259306
240319
265255
145048
142232
128442
142215
423954
298677
460656
124516
461587
270735
326907
484697
482891
262300
356993
201800
151941
22438
166575
64109
234848
79643
115343
14495
428962
399623
443830
37403
355211
88318
258717
289898
296580
322000
153390
479380
404607
388003
250672
246467
421024
340485
14521
242325
437422
110024
368083
101515
372548
347293
24777
83565
217210
407640
30596
305415
22019
428722
42912
344657
359889
469441
180035
251023
18563
419663
383488
353141
261513
3620
430259
197796
221537
255487
249597
196002
372309
316429
118355
311827
43428
257189
322940
225191
359719
358376
388978
210591
40623
203304
25247
156925
387224
390800
328141
363301
87596
31233
392187
278504
359995
146366
170371
364115
233121
231683
178810
341404
346392
360301
436811
267419
430628
49106
100386
426379
118121
368765
135188
4055
423964
368319
325919
88683
390372
415514
104092
404203
229944
232925
381552
339367
140853
315966
134693
356760
155495
289050
390290
252178
230618
164971
389993
198173
274859
406841
392915
436030
473449
448280
189807
158733
244596
184897
126119
78892
163923
194622
460616
179249
452033
314171
463555
211373
224030
59705
293983
75249
33583
32077
105353
13360
19210
171948
443462
259700
80169
169493
291427
154487
281211
75610
465098
272357
116604
141263
307016
276823
469998
296809
461028
246406
238827
491274
302691
53473
392147
410116
499247
27040
471490
123481
239213
123974
195372
325945
373499
52601
235622
81102
491146
20528
348061
122839
395390
100370
286994
357416
440258
286163
318471
475963
265117
213185
39353
406785
195618
299940
407685
153761
97080
291608
229218
394326
107630
185366
308912
480771
9335
37526
337769
450584
376804
402884
374245
390871
171229
127166
356640
156231
7956
86524
280525
231824
309491
260233
294373
364004
425040
215531
447322
422552
363398
324009
380436
197973
249942
306900
390360
105893
334032
394089
64249
123840
119118
483712
463017
72323
223153
317166
424930
418564
462208
238103
214736
460967
167328
160337
312605
138182
480714
157422
406471
114900
4107
33118
111062
111853
194030
164640
186743
30282
47891
84357
37744
193205
51488
359274
468260
440785
162102
68671
26393
3045
290674
341425
130442
459281
415478
313613
258207
172751
442781
346355
267199
108160
373928
80937
132815
237856
443697
84764
148060
330047
426969
420540
396683
101499
369072
308369
402111
296759
407556
328032
138139
70146
318732
148953
41637
143391
6401
344901
358671
416777
11823
355277
14779
282771
299086
268974
415799
319031
214585
65161
381464
432138
182017
494039
9480
453883
243460
137905
33208
107480
450257
327789
6428
479455
340190
367978
447357
165513
270229
375246
485237
101196
9131
270368
27055
20076
480820
346686
304000
16946
436250
163836
346122
243823
262756
210876
207165
109919
417920
47033
232202
227102
359119
495862
297309
280283
131047
336470
447589
376445
406055
372942
137566
5362
132280
219187
205819
351683
174336
137985
216849
268496
475144
360869
324975
389688
41727
173405
46596
420046
329239
22173
375627
186588
231592
490766
20759
171646
456486
81462
112143
189326
418461
453717
279378
280000
352881
270575
260138
209677
29258
224433
60679
381095
266937
345220
476612
430481
440673
293960
192111
74887
7183
382512
7582
207175
251181
246489
213949
306739
199127
207177
314153
230847
474452
114798
362976
235933
198353
48474
49972
470450
78199
175101
112858
212484
141372
150827
378189
6920
439115
461101
487152
114539
31513
363571
108754
178671
108479
294637
77739
203222
141497
46146
315616
499904
416470
100600
193214
160469
454154
7561
211772
258915
265234
75171
138230
19954
487686
103436
245498
369169
417662
35285
418011
247992
292915
270050
379236
417375
175586
306955
267795
363079
168730
447026
434402
234278
26408
266310
281227
203320
246387
260702
368971
179981
368555
493578
174514
20312
236067
387478
496297
361604
442423
128176
325227
471332
167794
99171
44306
462211
329545
476806
355125
328423
84094
291928
171312
165498
102437
40296
246053
268725
92641
275119
204504
335255
51879
418722
415941
37580
212912
298657
38179
327247
484070
439511
371314
458999
377537
216989
46693
386977
229217
266659
384034
447898
171396
166022
194063
198934
16316
230455
93335
274946
96970
93624
391905
421980
231336
256797
174371
349446
152368
185722
99862
56823
380823
275863
89635
21293
247724
15275
119050
54150
428403
318603
406463
413255
423995
165278
97884
198908
190482
217052
385915
380897
131133
380014
44071
183803
293307
470307
469062
103235
228257
134695
22232
193874
96767
174571
70194
466959
89523
272398
410333
460946
384302
218562
265598
236843
315362
260796
322879
169618
198432
182452
52019
145926
133935
213204
11715
240761
34013
93321
253829
134012
167201
287279
340095
492712
401485
133090
158631
221274
51398
47128
466149
140342
366081
37433
41259
158193
489756
268663
280350
162436
377559
159267
204107
309905
319325
356884
155761
377723
119416
408923
442019
63851
385974
76939
341017
184648
156583
320568
42749
447056
422091
207871
473524
241291
486517
47523
76125
450197
264657
62292
316758
393283
196634
416993
60669
333945
316831
299440
60717
269677
275270
187956
488618
203239
37980
130782
221761
411686
249575
78072
470317
16312
220455
232114
312988
54074
241867
168012
239667
338944
80526
107914
478754
434314
114464
214520
397684
274693
78465
171648
300806
331367
170197
6032
448771
198708
290244
175917
457342
64208
409852
409232
329515
29399
45949
253747
187439
430927
457001
365436
415414
269829
422879
270291
429948
213775
448753
305776
182012
290735
313288
66775
48089
377000
118056
6136
194461
404137
477859
143660
419435
365586
292723
4635
366413
405844
406543
116457
380393
481237
68438
303014
245687
284472
169247
390253
359318
179480
408537
5090
238895
71194
117499
312532
434971
311574
133294
189505
106811
415978
426290
286728
328487
37853
4756
401776
416745
194810
138097
139674
368016
498187
473070
138501
89038
169699
153443
66968
343973
310711
288330
203125
360503
194040
293197
439606
386177
163391
466888
497400
393808
471808
236066
189571
293788
418247
430937
138647
369007
170969
390386
437609
63954
375890
476046
289598
80661
334491
142934
270867
170638
344556
142476
225085
273358
5968
123219
90904
91580
474006
479102
173436
342599
254636
143312
387156
199083
255166
454366
307818
362399
248133
445471
189894
184481
337624
410021
173330
465651
403064
451496
74834
17955
296448
430286
481693
135420
320591
201469
352475
232012
77225
44563
66690
307877
288791
470693
197027
259260
173989
156328
401102
388621
300773
256937
163917
198761
87818
364763
316652
322168
184140
57968
398860
434093
376524
82037
204758
223556
18392
37217
50203
232329
374586
393899
248325
85679
78854
342112
302614
110360
127306
135730
142373
483632
371240
278689
331051
424738
192072
31819
95171
291362
111386
6653
278649
303060
113920
287441
434300
471229
428614
443206
9891
332422
137370
8321
347917
30636
45319
184624
309064
226594
93376
31860
58445
179492
474546
447122
200942
127724
33485
144782
59624
255501
163581
27189
244300
54997
27643
169027
138305
39748
325139
15809
36397
70349
288212
58884
46306
480225
162818
337547
233233
451432
308737
80076
261002
131008
417182
255534
41604
145995
261809
272158
244091
4151
189227
286625
445300
94896
379729
495248
155953
412871
12683
424522
45259
447768
397836
497526
202737
167754
382746
224482
208499
105485
149975
385817
155459
375555
306942
192270
373488
213661
425548
453329
369597
64751
91411
219001
391624
439438
404434
307631
464632
393467
103783
468713
412642
64629
276865
194280
116967
84758
389798
220328
143047
169476
257977
200611
404763
382510
242353
374141
88781
132653
99768
208704
358036
419905
131399
122023
311679
85075
352335
458967
333097
29540
420975
352337
344372
44312
481105
82634
294424
371869
44347
274598
310773
319325
57617
364132
247461
205463
462579
270601
331657
455468
27980
278689
209446
297147
430924
99169
35532
177584
288058
338790
110531
244922
52533
224673
117779
473536
220316
349717
396659
396197
346426
243423
442550
404524
12971
247171
224042
198348
301024
116617
127819
298284
438671
122372
134801
224979
290441
140961
346595
99882
262026
106378
20235
19730
462982
217229
494619
453401
148343
315952
113293
443916
396098
35341
147631
155645
282480
301623
274362
160907
206711
14383
399113
173057
314053
224824
217487
5333
333780
136536
80635
84342
6964
10020
442497
316672
432486
318287
378583
22707
216856
17029
470417
127693
173821
192393
308665
378574
499426
392694
236201
360301
382772
466629
294292
376847
267649
194199
44168
2252
488002
402401
403977
162719
465488
424266
79777
491032
310402
359552
141371
379196
28788
366304
270893
453196
135514
439395
451779
260785
466438
328012
372716
246349
318730
2753
123653
10660
391811
292941
296993
253545
346684
491637
253011
313311
92220
457770
70660
193308
11740
445610
388089
318446
137458
9411
40386
497803
104611
252117
48106
383584
361676
309754
172828
60446
136769
356293
434756
347955
403833
274333
227705
144312
455343
183668
219561
202922
362382
104311
161851
495791
132392
405838
115462
385494
20107
329856
310832
397764
1996
154382
359466
341705
11113
488591
345830
411509
243920
227103
208057
394051
286506
160494
96807
88466
121491
153342
45045
333030
327703
119349
381269
145671
464548
326494
457577
253402
78534
431821
490959
192659
482763
488182
375579
187511
302809
356753
177913
411497
113644
174423
331576
116175
382937
472773
45285
331530
21804
467583
25641
230693
244388
287262
47056
258736
366903
482639
376612
243455
466443
471183
44130
99459
43261
73216
400883
124740
59861
407625
199660
156584
476648
297524
421122
50011
50333
147778
76486
249135
281770
418042
109331
282296
134984
393456
119769
223483
100673
432266
302655
480597
67776
462434
387647
118149
375382
12613
371191
472103
323910
422962
135429
147834
57473
233674
57416
297514
218380
211132
292256
214322
170022
468341
262332
296074
495083
322669
63594
457792
61471
423716
174814
237937
89611
267751
53734
61977
95711
127395
186633
41896
154114
161602
391700
44193
389385
48430
84808
83867
134860
172715
59013
35416
144369
463543
466063
77098
31516
28734
286258
403702
217873
291171
361324
230320
329226
357362
61174
82367
161411
134098
93705
205359
176263
103868
204311
238783
260960
474000
233413
429451
8413
400668
442958
276118
332697
83373
126138
252823
322553
53057
257684
180442
227561
306415
440429
174051
334547
171502
124733
69562
72260
295144
372744
224280
151449
282716
282192
126034
163335
197670
373019
427111
150564
336562
210772
156331
25898
118610
286530
136553
144561
451762
446475
442957
259011
381030
423838
427881
323309
104533
97993
50049
296966
47475
38279
81898
1282
218816
94933
490074
331558
346767
123199
22258
56512
18527
367023
24318
262722
265667
45971
275825
380621
311141
196555
236685
4848
163707
28526
477430
350069
200777
79425
79768
94284
406530
383495
83801
198577
462655
383682
70670
380127
79547
368507
112265
364732
349028
159083
416429
464859
461753
364870
10915
491664
15128
359809
99225
317426
462652
130949
246166
459115
494405
415355
433631
31361
150997
391374
387609
274291
94695
110906
169414
3635
291091
86852
406919
74868
440771
398163
47146
443019
405684
499733
7261
50416
250657
104948
3915
325173
251270
35016
90062
356298
347211
24893
282694
286532
45679
460869
114337
382577
241437
142059
273165
337144
88259
471813
473531
131749
108826
42265
216771
396290
433335
222451
326956
25321
119043
429698
310807
117889
63411
298968
173619
367178
436581
484548
441491
486419
264599
265153
187390
48744
157432
283168
83233
68600
487841
188510
229453
85036
72733
405392
366235
418746
239743
229051
16837
388606
147018
273450
398837
208043
394574
454953
103295
404369
60031
69410
346244
450641
249033
456529
299405
316122
418972
133559
52016
50212
2479
101341
15405
108459
39697
298283
194437
166993
296131
342415
235473
155195
71718
455271
77689
380090
209502
342729
349276
347200
380705
36693
214784
136400
408380
134475
366350
355022
180880
244807
337925
31616
492576
237581
183396
376747
281904
417250
199632
183098
289667
171234
49642
283659
312649
359238
276749
236252
285947
245724
400526
301087
404397
48431
75143
108424
116809
164709
479591
31826
62687
259578
288605
78956
2845
118925
342862
302986
157864
474315
494415
49778
191746
53226
483025
396150
214690
139783
213822
397406
69430
162288
104347
119125
354704
446645
286728
99023
64749
208662
63300
495474
12011
486689
293711
42506
359339
186288
168317
397297
102686
188829
204542
174409
125857
416706
213921
417935
154420
307248
13798
149313
465384
497552
191373
252684
173372
341467
104310
105798
459725
363459
64297
448412
184333
365126
450198
313296
480878
327679
280052
326608
65147
46041
338402
221280
380268
357389
280280
345757
184757
47823
378681
444456
6475
310654
378320
18527
235327
399441
64114
271105
493992
148915
492884
470143
257770
322360
20089
280105
391262
250556
78282
101540
65147
495704
212538
159824
321644
478521
77084
469303
15545
267016
32435
190383
279238
321932
45541
84671
195999
112261
272827
169654
312812
373799
408435
404322
337967
323849
196204
8740
12097
155214
185494
84794
336912
72457
346502
191323
412272
430194
366734
78071
261919
33097
168617
139158
219923
336972
117611
136618
369331
158494
259722
334739
100885
313614
484818
275049
29311
243620
183041
280069
251811
292573
141184
270175
386764
202987
85631
350210
255449
63244
360137
259350
256671
15169
95539
329043
122339
100718
162165
250244
269396
67078
49733
102981
275675
422320
271588
1978
117004
404634
400582
300120
98857
179283
17279
187910
498445
330962
184534
76974
52362
260262
479777
32959
183445
6721
270234
98337
154680
95714
299269
256942
323420
297503
211549
371187
407190
483012
357157
84571
174322
425715
347700
370822
342873
351749
389640
142269
102540
318178
169095
496816
337557
306727
73977
234784
371791
198841
461495
60599
315406
457495
278835
486265
385515
75489
232711
274791
188296
142634
456499
333382
322333
348266
287297
270404
370361
89242
42779
363958
386648
309208
137549
277727
94165
87685
172313
196211
352450
489471
173748
144754
412618
74576
244408
29079
448470
189592
471996
141950
66568
201833
387875
445243
428730
324184
371330
302495
217350
282345
467828
450643
65209
354202
308629
31890
112659
360787
93267
446358
64100
354950
105312
197846
129856
420957
444735
75224
80974
499805
152797
451237
182986
8214
10094
222437
435924
187718
436431
413532
40934
302143
245541
393832
73399
133436
485882
385999
351289
346767
229413
32439
490425
333262
26602
99930
129812
39316
406847
113909
230362
237131
26253
153933
204277
89049
28205
274703
140142
2129
320006
337497
31912
445259
156740
382311
195341
434098
55972
414678
10860
487855
211078
179162
260488
214617
381448
9458
457459
197806
37452
434651
412014
4274
38254
177298
420763
493812
61759
200045
268896
82015
333579
472937
221463
304475
193555
370710
150557
365746
69893
202556
452482
22813
290918
155463
212498
409517
381212
282510
367388
192671
234952
441182
441819
487668
268092
233784
469565
372725
69838
463285
107781
379396
36909
125508
36801
247054
34752
373065
199019
296430
373069
490031
139795
372961
16697
219274
176022
33820
433074
279581
275274
332528
229468
52386
382106
180029
485071
58218
119216
258917
413687
480089
9769
255240
189818
383148
24693
236556
227203
154263
164700
341832
164038
83758
441060
79063
150022
37314
17345
74816
63843
189089
414868
247016
236217
452505
465312
72410
59787
188564
438632
336054
56382
311606
285351
235827
232816
349084
293822
364983
449469
115591
406274
203261
210243
226627
333135
42155
82543
271263
84740
389645
275620
496088
68951
315975
366475
463150
68486
164476
35679
313893
487262
32414
277408
295811
159229
174486
94192
421587
456458
153826
499886
496051
157201
195680
295175
128016
177090
120631
207278
512
488551
225678
221950
312003
143249
173228
27181
241987
281246
78439
256107
371732
184995
487230
154555
24376
445796
344253
461203
10903
482373
149801
103123
147159
350332
160481
200884
285948
314743
416917
339485
109517
275044
429690
384561
213884
431223
464846
316080
156781
457335
253955
97941
157714
314460
35772
411956
390846
322538
61270
231969
33044
378092
266614
232517
391233
285123
352577
408299
120615
347791
369812
108231
341957
172686
67196
337244
210455
47115
42615
424663
113945
196058
96560
49627
302563
223891
40648
152316
369867
314714
389456
237201
326095
413759
104750
358281
45281
457358
317041
66278
10754
107882
347802
110973
134839
24791
168715
348549
293341
324143
136391
99669
436856
424933
19327
347121
424649
137926
491774
428783
473120
286866
174849
93435
176268
120964
8608
379842
140109
248423
229542
228615
198284
111013
267870
101353
182961
417999
316974
227867
27515
287658
355258
45509
168259
186524
164985
391384
258472
455242
245103
394455
467019
202849
284333
298445
7529
100397
338294
124245
29866
464555
368054
3732
186758
204410
348162
270808
134868
135845
100800
496317
309097
171085
3806
39055
164347
106190
271668
209185
314713
283845
14769
116341
304382
53700
44642
127224
361244
485827
258469
318354
69618
3600
56590
273002
59432
464892
14368
238357
322235
89826
273638
147173
31851
243661
348437
30565
60353
273854
132785
13795
162113
267012
109772
51291
274819
366182
129349
12038
281954
275581
476598
106357
378458
174424
278577
368813
386002
59121
432359
227662
428454
3225
376870
19334
448585
266333
36484
45037
464642
25614
189201
360246
489064
96612
417419
383490
250538
395119
75934
476351
150419
14798
236850
330742
405131
125689
119295
47225
55383
66537
245077
375497
495929
285337
281276
128574
373435
335291
269742
279972
69462
205860
79453
289815
303514
424552
198434
272942
205814
456774
472711
442863
132950
462412
391404
105112
112559
73593
253925
376995
242660
221877
195214
232662
315177
422002
118902
178066
256490
112783
417267
452751
357206
453192
399202
168736
19197
460494
234478
352386
344408
243173
216468
250327
148075
419790
433740
101158
74503
339046
52197
27318
108699
384411
392024
355656
388991
246479
274085
40885
157800
341209
447924
404759
303058
318577
41392
187913
385608
104539
460337
187982
316337
17293
361143
391549
7036
135456
221504
445532
167821
371563
352092
201007
306831
457209
390992
385119
235293
30668
159288
94321
288
332459
368453
368536
173037
361134
170677
330261
100039
249408
352221
301683
89581
79144
435405
254149
456145
221800
199316
209027
23669
264969
441135
317566
70143
421691
148673
477576
406907
276473
216031
116852
72702
390461
320732
274191
24923
4863
356661
424017
30455
460044
419844
95929
330775
74967
129920
129212
233000
81875
402267
237012
370743
341765
240612
277719
412662
180968
164038
41566
293954
215191
196256
347362
223474
10726
492975
242075
210411
400040
41431
175459
488938
412803
97257
138845
87922
256234
306911
82557
194722
15704
379735
479721
334673
253832
198646
43602
453063
125332
75645
95948
55808
231289
404330
253322
10969
496159
10733
75456
260559
493412
446680
143360
371801
133240
88389
78105
460274
314707
33773
128952
460123
247305
359062
285797
145367
388439
305798
126435
87668
256975
376703
9383
335705
450712
319924
212209
110306
132323
156338
181362
141191
151075
463555
249979
171455
62876
86295
35197
59746
55598
94466
38971
157872
179690
181388
357053
174265
5105
106759
477971
173545
382323
276127
308563
396283
332965
406053
92470
196426
174065
58796
149717
462222
472558
373329
317404
215032
343284
267001
349822
227289
439585
276823
444618
185073
27748
58890
488339
348735
255365
117486
322369
136232
448239
280183
167361
459511
306910
16572
49484
193835
256351
354740
267285
75515
420882
462504
250116
191125
7383
214947
225638
313304
213225
112840
258925
87029
137189
263730
425814
94188
461018
355392
448502
125074
85077
370737
474878
324958
36773
314494
306513
121576
467091
401137
221183
427274
416258
418270
119612
311888
299317
262250
430328
440399
395592
36251
41231
174179
466356
61885
323007
152963
226167
324554
339589
52328
350799
368734
67511
7828
370961
447260
169563
244310
451601
6226
117895
347117
54670
497761
31148
208173
15685
429891
409826
324945
1260
91320
199557
447940
188929
303879
211420
412619
264820
213546
172612
260087
50032
132240
496772
490355
99572
216360
459973
463179
206718
291692
16241
100971
178862
215140
453923
477807
37512
196757
58281
92682
358985
278196
449316
90153
206003
257147
210344
155816
382085
265878
309199
39272
422041
272889
54856
340932
130238
142217
461491
415166
214227
138262
179049
8519
397130
286466
369065
343482
171499
416877
8079
465596
394798
376243
1745
352438
345629
355208
368986
7237
72480
386895
316436
104522
194586
271529
169763
289751
381491
180455
178270
401455
432760
267056
158728
448846
43300
193993
309460
456891
224398
352393
396840
430267
161323
41185
123548
300869
24981
298845
244753
109460
243294
62667
462739
342006
59755
164057
295158
241520
47738
46320
497931
176382
13058
89761
83448
203271
396012
476530
118096
400380
93023
210387
221256
354036
441080
348774
475435
477562
96601
144182
161746
434422
178600
186742
173575
266128
475015
156268
493511
28682
52196
162533
430664
228144
403130
4062
160717
320974
182230
46054
83299
335702
256837
436410
373429
114467
455066
261153
139250
47679
174659
287628
335983
28527
307918
318003
155080
257438
292176
855
27276
405092
89588
210472
12086
163582
4973
176740
449205
302417
321493
101255
295707
368999
160720
209710
294638
79127
97473
243557
357283
321865
36450
372909
206164
470391
475193
62429
285922
312713
430115
119155
80583
347019
482582
288592
161273
23981
313006
145438
177846
453192
81091
123736
314359
374692
172939
495002
54474
40832
386087
421850
197573
162605
274067
85209
437590
429512
11120
263313
105780
435902
157685
133035
288498
448064
304863
483822
126983
179510
144404
283962
107825
73767
48505
235728
9999
241655
485735
138145
401577
164889
175690
155328
385824
422106
477207
37830
344040
378564
413719
395852
366046
55810
170731
113798
381857
343424
466115
68648
419803
235112
261213
410909
143584
427401
77292
466278
115533
223469
169846
472653
417787
387708
289630
205595
210423
373865
66092
221540
170722
59023
314743
11032
439595
407027
287585
137883
395192
61191
486473
42401
356705
120649
499779
18263
416755
22314
47920
65780
199388
188974
223899
430768
424549
175658
199069
75945
404969
245890
404321
103666
147263
485830
432953
82496
41886
20793
483709
24425
199630
257911
238498
229043
323044
189647
123336
138954
11076
290414
297159
413109
499438
226314
455968
378938
165140
264517
431631
167930
215301
26418
17539
53278
383576
61544
235990
278266
294236
403071
7944
444367
215589
173840
424496
23389
478517
294085
445659
247363
285018
385606
375479
306548
211598
31506
156604
474096
343197
435556
305931
172837
366377
215902
450274
167776
375529
257763
146329
222303
106454
253531
90881
465345
372564
164114
453932
83622
218737
134907
135439
150931
435697
431013
293100
177329
64581
457766
342225
161990
178854
474525
683
424451
334059
452027
75710
155625
3896
101187
205336
454585
141317
85910
324121
342246
343648
337441
29648
340415
383142
428003
411496
393318
53409
441270
405346
273323
304161
120564
15073
26643
195793
456772
69685
118529
466808
335454
433087
471350
178603
9426
39944
215984
121007
376594
30383
390642
312011
294171
155175
140601
263943
152421
142601
43811
127788
264978
109777
304497
124897
72984
99399
108542
430490
287806
450423
80412
340707
278841
216736
217406
391869
132037
424483
381889
395364
447337
195831
425052
476832
167644
40014
92066
152228
455688
9761
275315
19072
459780
401441
411894
183284
323319
9385
472361
83795
9838
13749
457635
469861
260395
328457
458798
103429
300419
47089
324643
62443
266172
147015
70383
104743
40599
333497
5819
282581
71159
118871
450418
409858
98633
318134
458698
316705
250069
440009
166933
108806
49732
186928
26665
247801
113189
158253
340704
89397
372243
294547
103600
305231
164003
212121
9601
161217
304268
188695
240355
125773
246747
330888
239557
234377
116791
326380
432502
204395
85843
406716
456248
284135
51013
139951
172494
51743
93540
329629
233802
52064
309086
86264
489550
275793
468129
83567
498534
332242
267477
423620
84466
227401
418223
114850
152602
494248
488291
147571
38426
463062
320758
55748
241173
238129
425867
126520
276970
473907
426762
484225
348042
105651
119736
455892
312452
229148
30365
226937
393730
154908
159605
229187
370745
258989
204473
322726
185953
367832
29260
134564
47594
71254
399616
35492
230689
290241
248829
64095
95917
211353
87025
499536
109436
32557
91206
26563
489756
171377
80434
72533
214341
86977
163186
210435
220889
76075
312310
251824
113000
375196
198593
306366
341088
228448
367608
44088
325195
472701
124409
292683
84309
148127
334206
452066
354244
233671
353910
277437
245637
55946
307530
59401
44964
236225
335004
26799
268605
381925
306795
304773
218352
199794
230975
152701
286483
90415
376904
469922
363530
81724
343663
27399
381114
188547
264799
361718
12495
375231
178586
94434
263593
360085
196152
427170
299945
100500
189473
395646
417426
8129
205080
368525
306613
893
213223
255857
137200
397881
134318
293116
86036
69604
298665
279515
84175
437377
387378
248217
253904
35297
321753
324482
100748
75411
83529
199837
28804
405498
416757
25964
258937
178042
4496
391724
312979
186103
137135
314310
74973
351090
250677
198313
428175
102436
34767
291700
233676
214794
124395
193816
150519
237087
63352
143661
249351
280516
336960
286515
256081
183876
290275
496178
252120
49629
182341
52745
329738
57526
110502
380717
51827
483162
54171
293931
428303
272864
398473
453583
323239
231261
438360
3835
453984
53087
251707
186432
157127
235055
441456
372591
214438
194361
430768
276694
425736
325421
411985
223902
264754
403949
430270
284351
463830
306363
52786
85757
47170
146538
443122
266777
290945
357980
279421
312685
158186
183083
98687
93213
198914
71964
221622
43607
323345
79689
184502
348569
480314
114485
247716
399497
354661
305719
54787
114565
481009
391851
137614
225615
270392
241587
443096
142319
89824
243836
57371
107740
195289
308893
104812
203537
176343
88357
256238
99756
414101
331542
369538
421116
463744
87868
21889
234556
483905
354087
389691
46959
353511
482518
403574
149431
474427
333331
47143
256523
444820
396570
147085
191132
119560
265571
299706
259878
386439
167567
423277
450885
434565
213823
242411
421772
123329
117119
179343
167144
384627
324869
179396
126650
177172
159689
29208
27283
27866
333607
451603
299045
181365
71004
355100
441720
90242
179661
212019
88342
103353
145281
483624
72999
104966
35554
142849
339557
193160
181837
151872
116438
499704
137431
156248
212712
74083
38300
79577
334718
381043
109960
437646
238404
127958
467630
194709
94815
262715
15159
112508
4629
349916
447861
206203
362463
448998
170806
298868
371703
285938
145890
14376
60147
183478
63269
109387
496031
492826
90682
308083
124802
365405
429445
352522
56751
147059
291478
11688
142669
90727
423965
103802
358948
223013
421894
41947
92707
90955
142908
421150
187504
65949
420233
244346
170948
394618
472995
66336
153026
99357
235432
471402
108401
458038
415722
271027
442482
260223
122953
298320
488816
162598
287562
203545
73720
434793
119173
30097
97848
343614
486063
384395
364271
249345
364447
27441
330074
488781
133056
291476
167183
282162
260577
432949
490964
319202
318750
52661
325032
88325
221467
453747
209662
12232
338183
385976
37167
78073
174249
315241
253581
215666
295331
318246
239775
102066
121873
121783
294132
48321
408821
15038
102612
257179
354249
78266
46583
176600
245606
372384
262522
334782
445663
373850
457450
478732
400708
483837
126593
303730
241533
152480
12336
100375
293161
181895
239459
310524
286619
361132
38465
422936
40858
258236
234756
418249
12648
222695
53460
471051
327476
328728
35660
248941
439595
375024
386671
463926
88874
51384
160064
111532
4203
377846
289422
219848
486579
451749
156294
17147
478759
454358
470974
397990
476728
354180
249894
352253
382386
185690
136017
473238
318164
160072
290213
8643
174741
115312
240080
429703
230134
8928
154767
42090
81408
288618
339934
455204
301706
322446
474293
352548
131179
109068
403756
458995
53131
193543
102172
129511
360142
201559
143857
65567
449856
22478
465588
233903
223400
395491
35759
32466
144623
22701
334709
440281
281740
434621
405311
100898
62658
127639
112094
282610
203884
492005
460900
13594
298648
278947
195742
279430
327440
222643
235249
16294
493637
201429
262959
272980
65139
112901
420055
293211
29178
475444
389790
257826
134832
4011
110483
137226
394093
353682
98105
249398
6903
182015
170860
231914
123122
75808
81030
196520
259399
303974
66927
65343
147181
373085
463196
131387
367179
173967
295700
456124
445046
66784
212203
38403
347006
130772
311783
378166
240408
20433
445704
32167
447599
455614
499127
70065
482633
403655
219641
275889
225330
362793
455533
396809
88728
452577
426289
243276
16038
228264
64922
311434
15100
409898
461858
324761
397781
394848
252079
2258
413199
15784
132821
242228
143260
367122
185597
39875
157146
409134
76862
354444
341762
418085
234422
432114
304979
5518
436269
367480
286489
22259
300462
197642
433863
460273
482323
41236
117930
180831
414678
340140
11292
168757
100680
117911
197672
108252
440227
373707
383676
309663
161410
297300
383537
46021
237783
139021
335277
128373
279422
408105
434261
133972
130691
61306
163761
443972
443301
302533
203511
489037
276810
241131
24750
206261
211027
287417
242635
57726
315390
90924
132953
260798
246355
60385
223776
74052
344614
457245
474020
459995
33774
114892
486556
76919
65355
286364
45428
300849
202981
481920
467614
88866
329070
16964
77427
332605
65344
134009
206467
114402
6712
151841
233994
426022
395593
364586
18656
265139
188863
291474
232125
315595
130482
447016
50171
468583
23439
329093
78779
307060
42935
195946
315122
357547
285207
246940
208918
362164
209601
126502
316404
143375
402746
490453
25525
256016
313607
1441
335659
400908
66578
243399
417534
233634
347833
26177
91184
435452
176186
237828
79461
36601
64354
460536
158859
148307
203336
79424
188916
291596
249664
260119
357081
449520
150037
343298
177182
493554
446550
278368
251887
294592
382680
303853
445516
428724
197333
190926
97094
101890
372349
310613
24571
184353
455477
315295
158085
333840
493085
422112
453090
73547
420920
329618
349050
314511
72958
164268
99012
675
198684
55198
407291
121271
311730
200725
178396
108151
388123
179092
209457
374943
285356
308429
369727
35552
164835
331439
5107
79192
389953
497909
106984
57234
466623
445751
224204
305826
37300
314124
100972
413455
181786
166507
233532
142448
124118
237524
339926
374880
379802
486314
488540
243533
408862
171784
153665
159909
383923
201077
202777
163847
482422
489318
420254
305341
233632
262259
57737
292021
338595
410474
289117
232993
301219
116922
224635
470926
434267
238389
443316
315864
240426
278321
200874
479656
389186
210955
55239
108297
447942
228858
442488
209258
252113
403983
451259
96732
377844
141321
374314
381004
463228
280616
483439
487208
383996
403336
25664
298506
386512
484067
483267
497251
310939
212101
139927
160761
436744
491188
1587
13324
256756
24239
210689
196977
362567
197005
110096
461127
83424
16423
154719
230500
84931
93552
70354
216960
377468
203605
366772
153757
6230
140534
388729
143900
19203
383741
120489
199372
485318
299432
346351
422208
224811
404773
434074
95745
369307
393613
367182
21900
357997
35974
365625
325929
330272
212520
428784
46832
326242
109124
47275
28907
355464
376199
318100
404697
326743
307326
308958
140773
195265
159063
349842
481705
69779
499752
389308
106498
303070
23698
301334
460431
326915
41531
116368
179404
216224
372657
416201
149945
63429
64434
216349
441850
240299
441701
164528
442250
481683
15771
209623
195717
439841
280470
108005
257591
305266
166757
9294
146932
343870
127799
389097
229000
261504
161708
103825
148685
193599
132580
281112
243565
30599
227789
35167
283765
242048
422759
20466
429525
110134
181354
149768
453119
170321
444564
338989
3768
449331
458175
415751
358300
173136
206539
405635
116674
52167
398152
416184
395635
369466
268854
29225
171624
401470
53870
340657
142636
26439
207120
408001
319369
490116
474590
368817
483938
209876
428964
412121
350584
294873
481930
490317
244567
449664
65133
481023
178284
157356
53827
67560
171419
339077
322947
361297
471023
411757
301429
296133
165656
308484
422594
211696
364284
256979
334522
145346
163347
160834
361819
196891
391169
263300
489255
485155
395548
140302
233243
400526
37553
444772
217538
290430
307646
123568
340006
67527
436996
468422
180642
14452
309581
475847
127461
328672
120531
213107
231971
92308
285097
399264
151638
16435
480270
76105
44696
199816
343272
320869
15669
246400
364683
229763
280684
214750
355740
242394
397026
252479
241392
404286
342988
457968
10233
57711
209056
384311
401430
408829
59833
418178
174195
170832
305888
191917
24727
237238
282810
178128
10389
287466
332776
1566
228896
375510
425250
325180
434620
171968
214880
348933
499334
150158
56430
47469
79745
164524
169102
495614
458301
195919
13357
177047
340230
197449
239072
368732
112610
252748
292998
495198
146746
494317
15738
21290
362362
330132
411879
341789
346121
225774
209327
428095
325769
240502
357759
163802
198569
252494
97233
3930
221168
483414
330274
158003
49102
263899
11183
14373
47234
488227
273691
238162
6755
23628
24228
318122
239645
185559
238675
481634
20618
179989
391335
445531
302455
113916
53504
369340
238865
206009
262762
212903
195699
476826
168369
66291
170962
183121
292572
391600
362429
260047
9549
315189
379391
146579
357518
136043
149710
346392
150130
233930
321722
345051
195797
421424
220151
208738
464151
88627
218911
324470
138819
254554
98047
20477
467930
229645
27673
251256
371275
116474
436794
182161
400318
259860
242278
264987
290711
377233
40650
145266
39756
42428
405757
435947
280485
339526
186704
64186
3287
38457
159634
252064
207919
355548
248153
124842
419375
459829
466969
88960
58795
49011
451147
233376
379101
274267
269243
214625
284293
412657
65730
198904
9047
157808
480759
375277
454540
183313
187155
186160
115748
275267
83225
97694
434744
434347
377965
48245
406916
303672
212911
94307
102954
85366
111987
55057
496453
273286
67499
286313
99879
80352
88852
206302
453648
205119
338328
209741
232932
375413
9222
322802
7341
43405
231184
303861
478913
91629
350554
288230
254766
51629
353580
33990
431096
161905
98247
377938
111331
204782
378713
353191
9061
409102
107321
233416
123959
204382
95284
289931
228157
496379
320618
16469
184656
414392
303040
400212
282123
284395
255348
119320
61397
108158
284102
120056
476420
213489
376317
474267
367119
25805
389300
156165
46880
429032
194830
205380
164874
353262
453273
65956
184893
474013
217283
306377
65084
399288
298106
159411
425517
203295
381523
243593
441208
75997
168414
225473
9818
269447
194192
163420
130005
149017
179753
460412
43979
324142
295958
129441
324019
265534
371384
150151
247789
423503
462868
343629
74708
77238
320152
328400
170413
368268
144205
25230
443083
347232
194330
324747
499685
57336
19225
347535
370781
112926
306997
310026
19053
202912
114848
420674
153621
373107
111763
82569
235447
228198
3048
234546
323265
478972
247461
443618
470551
389298
449167
175772
441083
447829
287583
269745
43167
352592
461354
230588
402795
312805
36053
430105
362843
149518
351622
207844
200684
366956
199154
296063
148684
420559
236864
405934
386192
378813
455045
131527
471498
474534
391562
199080
418025
458455
29303
363773
468234
6317
378871
342175
305216
109646
412380
116855
214066
128151
192298
401234
15785
476939
369510
274558
204855
150533
158897
300351
22452
169168
326626
497146
31323
50392
402507
393690
337623
369540
205
330841
283491
467988
145177
97074
30661
296337
328405
179702
255068
479436
306382
189095
324369
197227
167287
422509
259492
120070
486161
490402
273641
81099
430306
484429
15496
441444
324656
137783
46872
1387
422537
415779
326138
44020
326817
280383
371047
119231
196908
346669
113382
113003
180734
389189
138573
64046
130960
9501
166070
201473
488237
350788
194745
250816
103196
349641
88827
485685
308106
375159
339073
199135
252455
430017
139360
269984
161971
115244
214014
301372
258702
52174
26811
89516
483727
21730
417455
135495
311066
489282
2910
132705
65798
288292
175742
114083
215262
415188
444354
235993
193569
47709
495636
120976
408081
146304
463047
309133
152531
32128
1084
134922
370578
173061
385420
32014
426907
391571
409656
222519
7168
324709
317984
335157
267333
158159
396112
363463
254678
498285
204786
76549
256242
364174
461994
138675
118859
394456
439356
441494
379595
400310
157061
76693
264948
9321
184417
423978
35479
43904
255545
331514
142039
440853
2848
231632
422680
88152
55589
115037
333431
114084
217125
128457
4777
23515
419842
309126
25146
462240
426157
333616
79220
303145
5574
92697
64757
356395
16253
462218
166868
442971
364112
496403
43916
149635
411454
467206
36670
499697
16616
75862
61619
379963
132302
242693
36716
235115
303115
472941
389753
37467
84973
491818
130654
218146
389620
452897
43213
126954
221111
343542
359228
203639
392462
388025
279527
236840
144677
324537
486334
484923
493854
268261
154983
485599
101392
126823
329702
40319
138423
296057
193970
108155
359255
24814
34429
322904
183902
370736
144092
446798
132012
249066
244660
179340
315400
84462
167967
376926
100478
218306
22347
448878
453529
483651
466437
202120
95633
5591
333433
167566
141481
338725
260818
277862
130854
340786
359019
199940
282182
17100
177144
214209
466917
298377
381040
437332
18807
283127
344334
91297
431785
308451
336807
267558
53004
432944
94884
146418
358389
246437
293775
197498
362852
472262
84068
227107
109052
470243
217951
88283
319704
405853
458709
346966
237500
148587
263407
232518
156588
31143
317643
210175
218710
40628
341621
279182
88909
123506
186013
297202
402390
131213
306747
489706
27177
238613
329986
35411
161510
398002
143104
449392
120228
297880
165601
241449
460707
152807
460182
219786
146261
450915
466540
124051
278493
269151
430036
345224
400259
343659
446218
379297
274208
456606
410029
52109
397118
437482
291049
154416
245258
344966
289205
104074
319035
139091
275461
212255
29951
459811
126864
489923
448719
187469
54247
297321
494264
225662
256227
128592
88940
265933
336746
349051
499672
229499
408761
44773
175247
361272
213659
200339
272730
359815
118329
70335
227513
440304
493214
418305
193162
291880
197570
149291
73727
420769
38749
404484
472899
469045
203421
99935
415069
220346
28050
493473
415557
58344
90104
217399
37433
387718
330897
132938
303439
49137
115107
427961
282240
328991
189778
419565
12044
119000
466539
282457
136777
456344
303756
61708
33547
141828
122724
463514
199441
235974
110823
333125
396401
288286
12469
164187
255832
499425
448739
244225
321022
277701
376629
303982
437068
445950
141356
180497
160489
434574
194855
149906
292089
4199
128859
205563
419530
232919
8534
45308
217909
312366
467297
480050
273831
315021
228774
94247
484465
390626
19367
335668
270741
242928
446423
1900
469674
29906
75539
291868
64915
362685
234876
181606
345602
261483
225448
207625
24555
468360
21371
419528
434099
275376
99209
21930
44634
419636
79346
497628
402249
219295
145632
202547
50516
367421
373127
443857
208119
353352
449355
201305
324324
223011
337038
99368
410797
391005
15043
293457
287744
215985
212552
190370
159258
323023
335429
121276
469547
235322
71112
84369
10710
106005
442753
182820
59344
296236
91647
394419
391288
275516
199890
380531
70428
402284
137134
222414
214751
48189
154640
270071
158752
223823
59938
106997
253769
224243
443138
198347
478264
466616
10823
152135
75731
489468
43197
253947
114602
200910
376814
315710
245654
388112
382860
446455
225441
101857
104193
433661
362560
39562
176109
177075
311616
295916
427143
248658
371245
421734
96729
494046
282766
92600
486199
141944
186756
43046
246104
191525
462540
46324
33847
354355
323002
141047
205222
423685
182204
354964
339673
247935
437159
74812
344832
312237
70639
379392
97575
331361
169904
47153
87737
140134
438927
384041
86630
342705
279718
214079
72860
289254
335961
50122
194267
360168
73159
255476
213246
91344
65853
109984
46968
427338
61594
157307
407267
181475
436056
498638
38904
319007
96561
303023
2800
123349
421906
85302
241770
31423
272038
218552
414776
280035
446555
82318
290885
406719
347009
145822
348381
478967
425659
87768
487481
177732
168524
433334
348349
67871
223187
272253
59650
51780
146657
55045
246001
303877
483546
190233
466404
54461
224565
153900
101328
221016
205041
344367
31732
25770
410220
252509
147347
383318
329563
161989
274977
321585
432900
350702
62844
73072
437231
55897
337155
286599
291927
170502
88679
278263
266684
255884
94877
31520
336291
35231
439602
315984
449658
8352
104139
171068
215552
94615
427913
58485
151501
485677
435943
48528
332698
201499
340313
387893
65738
8677
93327
176289
34115
453268
292571
230748
307960
28470
8443
182985
15984
270439
254133
271855
112153
225463
208977
207175
7083
129731
262975
86827
32641
479448
404656
385337
211399
281276
52565
412121
160301
331460
338798
414494
422045
461680
327016
99383
5417
379034
181284
496327
352033
34373
272341
378531
48388
110639
80738
141639
10407
268201
70560
454712
292319
430258
207262
318297
362181
253728
271391
223456
278113
1955
446129
380668
46668
199237
383454
283670
381007
74470
363920
225954
360710
94023
407091
142267
217232
387079
165114
52192
189624
208139
301497
120195
26910
91973
222470
147820
447619
355972
6989
473348
461667
259889
350935
401552
245214
152466
458704
332465
46477
118528
130362
361890
373767
390687
137420
280140
151772
274748
148913
11778
14503
306119
328095
368532
423373
126796
167757
450570
406731
153150
245270
312204
225812
432872
127549
13359
369915
310635
36267
303956
128798
83765
127934
115587
468755
286678
359058
116590
206013
282790
238162
487570
394083
5917
12801
320365
227255
400449
437313
97581
370105
84775
347668
97315
46473
279469
425465
43788
243369
244039
241772
83577
269938
128695
263915
12685
397688
311878
418986
348975
377282
191166
98828
195460
467214
474215
258048
41766
178821
139880
389631
381549
477980
107743
150745
347524
149853
318798
140010
271202
62107
422047
139624
231966
340070
484899
275642
378452
242904
370563
144536
354591
454365
484762
402752
387911
227208
459272
211891
459576
68324
190650
473648
30580
138891
267491
157605
8296
255998
455017
270262
165481
98449
193393
225834
173702
174471
355230
10693
275039
45648
296073
497374
74103
189648
366966
224953
350907
257795
366619
406463
319185
144925
81643
210747
87709
180698
310829
288359
352707
463744
348355
477484
13218
499229
53582
394835
389412
126206
308086
321038
496677
353933
28108
91501
497240
281121
18831
443179
349430
353250
42453
440640
89226
155704
314423
30704
56654
145340
90484
465049
433329
162789
131680
97825
450514
268124
323903
8659
293948
492302
468987
414520
308491
57906
141482
288496
370432
352965
51527
30234
309076
269940
459699
449284
483805
347352
359493
308239
86300
158204
181490
110983
357502
479842
383434
471121
76803
246308
9083
350815
459663
145147
228839
43445
286602
102140
232933
208201
88811
191348
208352
152878
162405
193153
419563
484873
447511
167366
397624
269130
484805
4642
45676
61965
463342
212752
457632
273370
57938
303575
331130
111373
151208
70226
498384
91112
326586
118972
355544
205357
452543
473504
309296
137326
349631
226799
416277
315590
268542
420406
272375
330863
359067
217591
76194
396369
314939
42888
444622
369140
392250
387137
359757
387823
106596
122763
174040
103145
268629
305900
459359
208739
199485
372589
82473
236370
252802
122856
257499
19570
375907
228810
35674
146094
281369
209302
108915
38648
475864
299133
79235
243241
386825
360311
37385
185474
185784
298187
115014
392588
91979
81615
91486
196503
460175
413350
314434
163482
179899
90184
196259
22362
150833
227273
371640
291494
357451
230827
59639
179741
31519
135649
28282
60340
426691
313798
493665
461290
423064
293440
480833
257859
367395
145847
87743
489137
258036
302527
53964
27477
394672
478073
256813
244996
19322
185091
118420
393786
345626
144924
129243
442443
489892
302657
355912
452133
378714
309726
492332
90514
341014
13376
166970
82529
133088
446505
30695
269412
113459
337280
28585
411714
141046
456185
336917
446316
217326
152955
272647
96577
268170
91147
389309
460499
283975
56502
375398
114064
327617
179762
285606
456013
183988
432174
226378
244842
303328
487505
492686
298784
458514
294955
433116
364294
35885
163341
349611
264936
401702
313492
398046
216629
340041
378908
16405
432602
391514
298117
340930
181324
42991
197001
319735
38194
447618
89765
297942
258414
161067
8325
232169
136435
244714
486742
201274
307195
450946
117584
302879
83566
222625
269341
319960
450764
48486
462655
239603
373850
311094
39866
198390
59020
307095
57111
150826
239092
119949
90825
148690
166175
410760
251804
336991
347063
234321
418467
302520
101945
33222
257945
127794
62490
292540
431596
179401
397085
37616
54290
166816
106924
145597
216150
242522
16934
477771
46973
472361
84628
318133
424991
368169
325774
472148
366294
457025
377423
310391
382199
243892
353061
351236
184959
457488
316970
49886
64864
149959
337044
410735
65579
234443
142417
409364
160910
131246
260787
67536
46256
199272
81012
118527
434464
397882
314227
16617
472343
133131
438094
93204
409717
442458
253444
328409
440974
124150
40546
333987
387024
65608
139245
18895
350656
311162
180369
394034
266206
429050
136495
470947
88349
91380
95094
255915
27145
492547
436641
198932
484987
443415
55750
242684
253295
307454
203958
319915
99472
266842
26989
242821
451296
23243
145974
21795
246253
205020
474296
89410
434590
258845
171820
228925
270206
463414
357562
315609
228660
269781
301284
59286
150962
479654
488129
8638
246618
449794
479805
56112
298540
260499
5194
248410
244571
417749
299607
379351
264286
214083
21274
300335
413200
409506
454139
375951
368463
207740
144219
40411
259337
42217
392475
492909
348900
466227
221299
255031
213189
213697
392181
127793
184656
429385
459731
25764
220120
329033
36524
384427
137507
494922
475582
314106
420466
374716
316292
27216
144229
348614
48840
353068
107865
43337
54081
244246
26866
76949
110624
198393
284216
18633
293864
204256
419081
48
234629
165601
475906
369592
421170
27918
432846
235736
73362
442988
387197
137260
138412
190205
147696
449077
53754
160882
413573
144593
189356
348205
298919
319752
56337
271297
319127
191152
180567
418268
49777
382735
277483
411797
250649
193342
431967
316277
189721
485947
269354
142666
490054
210439
296515
279396
173542
184238
12949
152436
394869
384418
281169
98478
495023
463373
420569
337969
143445
274251
356841
35975
114227
99710
21555
151590
254865
316508
55272
221240
100414
1741
378910
300258
8768
26922
139525
157478
276340
121221
88228
336283
20658
321865
274067
73839
6065
196919
28791
312786
131749
241676
82542
241336
166303
168553
355290
445014
84186
323164
496338
39239
437771
409959
119002
154565
205437
127005
263699
336848
22541
387484
271456
305585
444420
485312
494640
122963
113009
395480
320074
254689
84175
109709
425012
27508
424915
377327
185903
214547
444306
331888
265766
60285
116239
143562
387871
276481
138983
18079
106395
426174
302701
417882
307183
89945
238449
481814
432623
132762
262352
345141
321022
372999
473382
77811
480678
414833
273883
37451
327592
495978
417131
467650
372246
365949
376609
438456
64629
116523
175227
399982
222739
62315
362394
65718
370370
307633
268892
91731
323281
132322
367644
435469
89754
242528
466014
350067
65333
475189
450822
141871
414095
167718
289849
391041
177507
107038
403091
177010
479107
459894
121470
321494
45520
109599
346671
27006
449826
93181
340143
161207
242376
183254
389289
487734
255366
327277
110897
413341
114288
301649
341290
436942
272074
37062
203597
64852
493226
749
100604
479440
376177
376638
227995
442423
274143
284175
436360
201271
431326
337084
442194
140498
130667
111001
108213
138657
278539
351751
296392
92405
86485
308879
461615
224888
280661
161758
374111
469170
79993
121266
300438
116299
220619
148153
5686
19619
3113
14961
463613
137356
118754
313252
98433
314734
397747
170205
381684
403198
125569
280539
400699
351939
466538
442860
207973
382781
99347
346660
432371
425873
182363
337358
74434
368721
129775
55697
403206
349632
283091
380854
91876
39427
197466
460309
118966
326674
146692
239812
429633
50791
193353
79022
75703
85463
415393
101737
207740
251455
146864
490185
133829
491781
484982
89518
427954
455249
399389
28911
20128
485379
169486
215322
247206
268644
466469
47910
204288
148617
292770
240504
62881
319198
360156
103823
474602
473756
112647
194440
480945
354416
499554
227529
352779
492006
365730
439801
360650
16419
293505
432748
275255
292532
398747
151965
422468
129300
92984
20629
457198
136832
388958
122199
80291
426583
108389
339719
90812
401038
140650
403972
466459
423906
346432
127200
7189
196471
171329
130645
202190
408248
248737
418765
237430
320133
292104
74905
135592
495203
62023
100764
137211
54679
116764
390670
489605
473089
370290
110295
147917
356024
446008
136179
264556
5984
409147
241360
326987
119402
492685
46028
248965
491917
99134
91787
4135
257065
119341
122399
210101
419722
246024
379495
132896
263561
396294
472265
226263
341358
274868
140951
19823
262965
191202
424730
105245
303804
390973
147771
205889
388538
102712
330627
327017
388785
315991
165735
145582
274156
401577
207830
363293
304907
195036
491380
408863
289909
497437
210734
8764
23566
242807
57776
427384
351116
353079
309598
131771
181790
324491
320961
7646
114473
407719
89056
105137
194105
182149
453295
326973
42716
153369
369633
478172
170571
92718
55808
187093
481017
356290
430031
384580
236743
218085
376907
121997
205926
360867
123085
321885
121663
499776
130520
317415
237085
283613
302673
209441
257133
451567
293172
259509
499235
244664
456770
42605
114245
153247
353685
495050
406490
201475
415154
92477
489852
451340
62359
419642
251232
348209
143617
202224
468825
486840
285245
491691
405374
212545
295863
295148
223594
29781
152684
479975
77151
456793
133529
265087
248669
122605
212564
174733
425871
66854
167817
227705
366069
29032
424400
277423
16583
16443
85949
440329
260940
53710
487556
150052
266964
434075
181462
439048
113551
196344
423527
489430
259198
291022
368474
51526
277434
447163
71571
52835
279300
357326
60629
87436
77860
256657
268928
204975
303904
468823
90113
318615
398065
390411
155023
476189
434535
40213
58837
446512
434374
421219
372817
475415
440603
463688
61730
408376
302571
33388
139112
176910
6759
276924
351198
385356
409779
359253
348783
190335
103598
263919
443843
238392
250413
373592
37080
158324
437527
397327
198087
220598
27483
75165
169057
253626
291472
85450
142658
431780
209871
340049
328675
368389
328978
132218
326294
215979
108535
477004
371510
25203
367350
357553
67018
439823
402383
301144
232648
423547
474085
383923
215893
50804
246829
357106
84027
489266
105957
239587
272272
66568
257183
430789
107398
2808
120246
1996
164995
86257
255645
298959
127245
57772
97266
318209
7018
402817
28241
429390
40601
416125
405565
294159
430797
136304
461487
291724
446798
24870
152662
117053
379836
70896
455685
431045
135928
415055
416108
19656
212785
381093
364158
210012
336431
366730
123032
457856
64166
251953
341000
1474
188405
325775
276325
437801
190922
395510
309034
403565
499524
142340
25634
475092
262709
168884
140776
15886
413694
82326
118042
284116
448161
404489
278205
337189
349484
137580
254092
159233
29173
155123
190309
196245
94730
391853
466070
62780
355328
410156
272478
218019
376961
365997
245505
2375
190966
23318
284940
151395
3892
236771
105246
98409
71965
482951
344722
403919
54381
375459
174007
76504
469984
221649
6110
231470
133130
164195
499244
498962
245789
126851
140925
296952
97144
102272
478661
186050
493116
34372
96455
6012
399346
354676
211524
468941
273633
51875
32106
29889
170852
359897
439473
39125
23301
122700
488261
229501
229205
334761
406538
219274
423241
319143
249340
414697
273916
163254
180408
18365
212749
444194
475864
8069
430563
169005
313566
610
17027
330714
150791
314363
102564
6612
452401
45062
236559
435628
205430
435708
456638
349829
479999
341711
144535
223534
298896
165067
324684
381111
157596
104297
471047
181869
356489
44215
325224
2982
101776
239889
198863
483428
435481
237127
398928
470471
284941
181555
274961
468969
73147
130382
452295
202114
294927
441539
52999
393090
339668
16032
1526
349672
202033
387793
287979
38141
374583
390160
472524
233288
490832
179858
256544
58157
282358
204231
423026
84115
171279
495110
157859
236253
404170
134748
487560
376514
265152
27190
333518
261295
393696
351758
110115
409855
466882
110220
157766
189387
243535
282050
461734
117334
393950
47841
267001
302014
364028
303365
452287
490106
269783
137393
23791
164100
166676
322914
123414
174744
471262
134105
330000
495697
76888
385517
238221
207996
497613
47669
104164
38905
460886
143641
150557
275792
474731
411802
41733
10080
14470
187522
69752
420040
50790
332494
221746
376802
237381
272820
49004
24981
365782
454165
222471
374015
317164
122220
84194
136052
311278
113543
465004
367951
420663
78025
158679
133338
133379
221073
247800
457141
223597
363958
477243
92892
368258
388472
408640
459705
244004
136485
139145
358539
234343
189681
432438
144333
463673
431193
160145
378175
46559
473562
90521
412737
176281
95253
462081
180828
326527
459185
236592
17642
4958
347501
169470
244989
89551
193867
453028
399135
363236
15148
61447
220067
73571
224887
349456
163879
211073
226251
242678
360236
16809
29593
368496
54809
217638
271133
311669
211058
361101
41446
406025
345523
162316
384976
75684
435015
134551
442675
67572
208330
228850
343915
242994
387989
80326
201624
27345
390990
439247
304204
387721
473673
25708
59810
230663
440818
99716
92469
431952
190189
75508
57435
159975
259346
37744
250198
151417
49822
150207
401510
375948
315193
343830
61480
246126
179419
59323
28648
65069
385618
228734
48383
423306
287675
29080
459256
387656
451618
425588
100917
28233
55481
43470
196010
499760
294374
499748
154547
380638
425010
383140
271729
149431
221132
124416
453232
135162
206668
77310
60745
195063
465794
111270
33432
429057
371878
439963
280618
228061
446348
87599
157344
476540
266016
163567
70724
79824
147920
74605
44292
221186
73984
181534
292835
466470
181526
226594
208933
290378
323523
116726
158486
370300
290976
356989
204909
215452
148532
358951
352929
65339
484847
174750
292922
152600
377228
132784
206889
188212
11831
350398
191665
340389
353801
76779
241855
275725
401499
329883
146136
122854
181466
108875
38660
302464
144332
288931
22197
188189
334605
364010
328470
240759
327163
103738
341632
336786
147554
453923
102202
494156
78480
237992
285576
393550
21314
54518
134844
165128
207323
196265
91546
254483
28411
449791
96534
364076
179347
375777
219771
334000
60011
299650
247488
36974
275030
126565
420515
345956
32026
38137
176412
85565
463603
18930
15746
191974
480797
56758
329188
49254
409517
7079
357809
182902
188830
197891
477047
18340
103603
233532
186639
183885
102064
139653
324421
400111
209364
486645
83142
270414
183626
166212
16817
446696
67599
22692
474301
115443
112314
104826
54553
312931
412769
323606
400994
224517
474878
76263
110913
321474
186866
348906
233067
198521
377713
34732
302478
316440
142129
455478
477678
189728
398100
113422
219295
294409
98146
76432
215106
249462
473623
308658
309066
253051
312948
358492
453775
189632
186836
267727
338766
13123
292756
494715
433408
119131
11373
301195
241220
102757
462734
362814
44281
206221
490205
181392
378005
269742
283011
227553
136423
423805
4052
216605
175717
31047
7016
192086
249673
290153
385793
94764
54795
331469
258615
32636
93680
441639
139455
184617
100549
406424
418773
123519
182844
320949
294057
491809
210079
55881
99265
169823
496959
58390
147180
480668
186706
164277
130279
221058
177357
187413
316619
185292
109096
325543
372387
255119
38438
468024
214835
454158
7684
192447
313426
465133
173088
10995
42477
139860
441521
455996
351703
14788
53450
455978
79740
28287
230492
379810
420116
185235
290599
331245
389490
359200
265855
393441
193864
215672
31409
279511
474804
175292
482872
333115
191546
269331
487378
38208
195035
66715
192964
431554
211448
252805
435663
269256
160201
467414
321232
361581
280808
364511
414992
205635
8970
298774
129520
39216
380564
255928
121571
453690
176401
262796
353033
425590
101406
341894
301296
469226
172756
58300
39919
244806
238668
111897
431318
195645
216889
63358
56354
59790
13036
462215
71259
75516
390075
37731
262798
28623
296405
176020
208121
104697
491309
16724
263767
467881
481292
458925
240959
399158
242137
137431
190315
280933
291886
11874
20657
13671
372978
211697
180244
44304
71654
254849
126831
142773
94136
255891
31614
135704
115164
378611
182347
482013
221168
63170
269093
12723
490778
495997
63987
347607
145052
75120
160205
111801
339053
434476
421726
383979
243408
211451
120519
3991
116090
364082
92433
288996
173243
492261
128458
6542
18019
222547
387774
159061
365667
164568
242694
33527
338318
464178
197094
15180
263620
163766
389730
233353
416838
201781
167736
440310
144490
446703
319094
176285
156365
21774
498832
71456
103487
452640
7078
265104
16427
334261
477414
477430
246561
438215
306905
78414
248735
105778
301264
39908
154611
127256
22055
330765
287667
320669
486210
32711
53038
3244
481396
39792
471878
85883
20790
222438
339247
377296
153567
310739
349920
3388
204209
349046
78872
365908
119022
18402
244740
90592
394378
499427
202050
54496
257498
450268
142625
61983
13949
334998
330255
277020
359135
270993
402287
255806
460626
169399
481651
100407
230682
242000
104222
317249
219296
125688
101053
445045
372916
125344
110554
67340
33548
479246
57799
338101
189700
338531
357004
387684
147399
319985
125258
403315
23176
59830
190415
213434
162756
361020
4384
164555
482579
218676
364991
38795
288437
180652
203593
20397
170854
169865
288465
441435
409558
420082
348395
403777
366373
426680
21197
120757
187641
137398
101964
72714
464912
427589
92378
95890
465364
440747
249940
498703
248482
100138
311675
208785
163564
454786
235731
67366
250385
260749
178673
101879
35489
237603
23688
484246
441281
452289
343888
365521
334131
22971
472301
404437
415388
484797
233761
203098
56755
469438
388283
143945
342717
214962
196854
118088
399147
149800
430588
461335
261053
363938
4749
473717
7354
398498
371123
445786
468673
35549
112997
283697
260455
396900
248227
147443
209924
363555
51104
351680
355698
228903
436434
253284
13767
67630
104598
104255
489943
227983
12063
71932
226614
93821
403414
407802
154002
42943
226686
262433
355447
297840
255036
267898
148008
271780
484430
120109
175782
176513
310690
110299
364697
444893
198712
189728
388859
279250
134561
256776
487835
372131
331451
66298
310503
352880
95256
78609
57275
249042
385840
441488
425885
357143
177194
430823
324369
155907
116258
451855
128236
325741
361949
442569
398933
264571
209203
315928
155791
464818
277084
402245
488732
406441
79998
74839
99349
468098
300216
373720
259797
470151
191417
354864
13709
76249
427716
277842
200155
104115
6575
358482
224592
171346
119860
491986
329707
77373
471403
428316
378285
18944
424191
415936
409154
379394
291926
164169
179884
71359
204055
311772
455374
308913
40230
58222
331829
145093
38900
342307
114640
434584
14351
179069
452542
329592
475331
186721
238815
171724
466737
471481
241997
234864
139395
217737
40862
359650
260149
80072
449568
281730
138383
44848
470350
21133
376479
43488
327811
320234
220571
148768
133936
294711
6181
262649
390059
99521
225257
239577
199185
140415
111858
302909
453071
281695
373618
324060
416790
264421
210554
483193
40114
151654
363310
58230
415608
492357
82690
426140
100484
148109
131324
431604
344256
320806
376920
470448
283342
470652
407944
482224
64067
459742
430930
329490
128735
137906
64967
7209
484502
199300
39450
386934
192774
218160
438638
380756
386130
71860
390875
422016
93708
252705
381110
246504
465003
266107
210581
2345
132813
271144
262318
376208
200009
133623
200790
191466
204768
49962
161316
276452
36954
306889
328580
355786
203128
227039
396902
50140
17854
240189
384277
290531
41466
310683
325493
448484
392612
349239
294730
291106
246897
308769
328227
127191
403063
161087
139948
82480
236035
277293
263854
19704
156635
478711
215505
174215
493456
266604
323658
134255
180288
442361
202930
210832
85498
256982
96893
430171
341265
41619
107467
459615
78471
354924
13450
107832
29311
160675
429450
441601
238232
393946
234815
355942
488353
469228
481457
446952
94463
323247
499299
490069
42268
205458
53078
247444
464643
377567
61812
299749
148000
164942
269937
493888
14163
461947
133378
18984
430468
313404
402185
180870
338300
484624
179772
390491
291110
210133
276143
68749
343574
88220
303248
133335
222549
56041
389163
357413
57335
249379
333694
61214
3097
438061
15475
395859
365826
215694
147389
489297
281290
181056
406220
435263
430178
475841
165928
218563
38334
481410
325059
120631
423455
164551
314228
494841
439800
122336
166995
154469
488802
169546
275942
301995
330433
126829
482768
435538
271423
298425
286892
384893
257131
473644
401748
191111
53826
280796
69348
84861
499468
316626
327643
307708
159667
249941
287968
195542
273588
130157
213786
2371
2538
499496
312632
373748
183750
340564
172062
363986
366689
95527
499020
470917
297866
207409
142423
483748
183981
116156
46854
236595
233906
63561
107495
68305
54024
453430
154803
460894
286991
230722
180936
310685
62433
42598
16401
451987
46417
100737
475622
126356
151155
252566
278579
386807
219222
134035
267531
116963
192906
153790
175208
65693
356929
164033
320619
115083
355210
319392
106809
66448
138853
48506
169667
23315
271491
185562
391728
484914
67321
231890
2433
109000
314612
311674
444487
187620
144348
325369
45972
484739
457400
414052
93599
285250
53122
462006
21178
162516
59571
61575
177991
82786
255810
61079
198185
393134
235220
395416
266153
115937
79138
268761
60124
399380
300659
270165
274122
478271
80929
207149
47381
482754
264006
31090
204238
311301
307614
18733
127861
34578
416604
333213
74701
195340
499673
369787
376088
11849
477947
353317
90470
320024
88837
187413
355337
198370
451443
118799
88050
80491
310701
36942
157869
142675
480903
239896
277673
243095
129249
215853
455957
18549
111109
275059
23180
388575
33418
393222
167179
90717
36259
196421
333928
89585
389022
81801
405348
426679
102280
490064
436552
106344
110185
47580
379741
228265
489869
28679
177017
161857
276095
271924
352247
4386
248177
219657
45087
417991
131358
297466
410110
285947
145631
434786
489223
124110
202600
418965
6406
380114
283904
353440
286448
354873
459053
70879
127356
40977
165593
113276
491408
457793
84871
119029
118522
454398
64723
394240
338480
107993
326042
143767
137806
229349
317730
396096
64680
3706
472958
445023
189148
459814
4612
11800
491740
206181
356728
246550
383579
56853
343776
77880
3551
73226
56764
467990
453854
25133
389464
30517
435202
30831
46344
113508
215062
157466
237922
43372
167626
216229
69177
108599
402066
135712
302178
268460
216035
126657
279786
191567
123231
165022
455583
80035
308326
492252
292175
235110
440321
466784
162308
235136
86634
300770
218614
257824
494947
237243
349569
209700
291225
233487
318749
99781
179350
273556
120400
34575
326465
175089
257257
343085
60552
370479
280029
264570
315567
222528
111700
420632
254094
323513
30514
481828
397242
126882
102784
310610
356958
381318
227350
499235
463013
66042
28762
457572
276232
228516
485972
176475
221243
121402
216549
403207
253202
241772
293925
436032
142109
353536
305551
345798
466298
121646
242513
36187
260760
254374
21440
212868
401374
332752
223505
409293
9558
253854
23749
439555
103959
361717
49359
308119
213586
372137
52762
468727
264602
121649
465464
177780
352255
192388
164907
48076
96795
357120
105549
211947
19577
399330
438758
132068
62200
343023
470558
114477
379504
391355
441336
47739
464533
423397
427713
175159
367876
272827
246997
237954
220735
328131
498130
31033
343980
381744
111124
450838
447380
345513
138410
492256
170015
256003
245318
209994
378876
5706
119140
221130
334670
322280
40233
122634
183602
36922
258822
166848
377038
17711
397472
412368
119964
217575
190283
496259
464604
227531
722
16344
446086
346728
172079
28660
226139
54988
81854
325573
345946
17454
122170
78163
311627
345086
428474
98049
470325
394949
213187
195931
274478
77545
77582
73048
181036
156266
401513
64726
357287
123941
357956
314259
58432
35264
399399
43920
375994
62352
426556
54011
115264
400232
76550
143945
337731
325217
248042
207138
231262
298620
427487
179134
417845
125822
321731
222611
424228
219198
359741
45673
262782
192942
267767
451254
211211
394466
256511
177205
249121
169497
342781
63752
494646
241719
284183
172977
338157
103562
33910
319635
460190
312796
388589
341285
140004
257083
199595
231067
470987
133545
2366
290104
301810
1465
405024
258032
198475
236509
46113
92174
294728
25489
170569
499684
263343
434110
259682
497771
63751
326264
479785
310811
249144
420509
459062
27785
236999
234749
417132
29494
196733
79099
352226
455158
242219
498411
100659
238087
373552
331640
26498
482368
80422
131281
259810
358660
352032
267325
233409
456833
292050
260695
496077
167661
173980
438072
346446
46516
203117
362453
52820
49631
275313
319895
499999
209739
159263
398928
450869
418089
164033
35611
113537
438743
87791
174594
433471
346529
283329
311359
342642
8268
268413
159742
316017
52604
236850
149993
109853
260718
165842
60612
448648
15200
467030
288829
8827
201623
68779
271533
325814
217611
268250
33730
144964
231520
162336
182686
255230
117584
323248
409665
267234
331200
328521
422523
290537
28083
397435
410001
53775
258974
320134
160126
340872
459563
137881
477009
366377
72490
194819
80807
8583
419668
389286
48207
127295
457968
299965
487611
19675
325754
412307
220472
15836
95441
151200
14424
460559
96881
462347
376731
478170
176823
91940
247775
344556
492614
266100
397010
56050
134543
181852
344785
111275
199266
227334
126983
466145
449671
314846
298767
426880
196730
468722
87321
449975
421554
106390
202665
84712
251500
180927
115401
207284
86565
492879
176354
485574
219081
461113
388958
224148
354265
329923
291822
355135
2040
71327
153831
484648
61598
402419
295797
88858
99642
112884
170154
387038
354371
94124
61091
355607
181574
499422
443032
35491
320714
220633
339500
206310
52274
388570
472621
423817
358010
102702
280882
397873
76822
111221
215012
441701
386495
39006
127810
52538
166572
158503
25911
298155
194703
127147
253782
232627
413472
348396
217183
142546
325265
54691
222675
361294
81736
385609
315292
45202
366792
359903
484715
358328
336413
95715
190619
21387
235171
24648
224811
471805
355575
281934
425115
140516
293891
47863
439277
48570
274811
284330
121859
361374
377764
356163
30317
236930
223820
68481
121525
148987
474346
452938
14100
74462
149686
121967
12453
288044
8310
279894
285148
42762
489584
329597
1542
41381
387595
139814
461210
362204
201753
246451
128870
457993
290876
14411
432197
356140
149724
299952
182652
330341
8970
90226
339357
498540
417098
352740
11306
318918
168811
434985
198806
36642
352610
252730
89550
84290
360186
472895
358063
307916
414133
347080
356464
439347
294989
22352
323319
405934
268902
197113
347130
240767
160621
455606
441332
497692
1917
33946
354449
459083
325921
38312
474204
295725
293404
470168
330130
358366
152991
367917
43335
173235
406376
152367
17465
221472
132688
167843
404870
324799
7334
225569
21282
328781
155123
248090
349899
175496
410042
462892
133654
434007
293618
276802
347100
90883
88481
186318
136927
300254
335903
82603
448430
94201
318424
210379
103951
309055
382990
216319
138485
304806
287153
395802
322483
468362
407016
226167
290479
43453
360223
436073
442607
340831
260029
371205
147602
56500
146607
385519
108376
331473
61551
228108
171410
67282
138505
32753
202604
483036
38997
398303
400499
309788
311862
50350
27700
152686
307595
418153
317712
70543
385715
244399
417110
357843
287992
308879
479352
181972
131597
20645
136908
382096
245400
210563
161849
457068
476606
175479
214008
368456
25252
495085
145921
29663
495369
52821
323880
398848
325809
65938
146057
55774
350586
117518
468569
235530
324104
109948
56893
292069
187053
435022
288136
58612
344748
314013
198146
346147
450544
375715
328100
103065
218762
485241
473694
9841
225753
51717
146780
457548
279032
315320
281641
364350
245643
286726
225426
434725
374266
151708
471817
40750
317080
374210
159420
299690
118420
311951
137074
187972
115583
96037
412844
459030
443220
225045
457599
38130
409136
278623
317782
401315
85731
445421
30101
185189
343444
462984
180798
417197
498533
328270
463582
340270
294191
186912
263561
426171
70893
72346
491691
413215
4600
169195
91027
278946
99172
470055
484320
141999
267028
232207
137196
400376
42852
318332
184127
158639
267430
14943
76310
332352
352634
330223
56472
441469
372987
441326
308129
1330
457012
368927
174871
345956
27330
318537
237866
7453
243451
156673
393486
59706
234933
385010
234317
362211
478401
172749
9575
144781
374483
349381
279181
442322
81149
453912
128481
207692
118347
320045
288952
175104
295348
164313
12365
403726
235449
139768
27765
126642
444288
212191
118280
362671
6066
36623
25917
375476
401468
404615
33877
246685
433256
440029
249138
243792
3154
163402
392694
199494
486320
405237
472635
264701
412488
249374
336075
224196
235723
153124
128015
44450
199050
191078
419400
256519
74280
179706
173509
30855
415056
345569
69076
285645
439006
58289
307712
187893
387120
197682
290920
254143
172407
139915
353372
46651
98331
271235
492177
253925
316537
31341
440106
304115
295003
345623
455040
32140
383412
9709
405235
319897
180920
159284
218042
9488
99729
363985
255898
321585
486860
381130
360960
27052
73156
497402
444445
386319
430064
61281
171709
432150
487300
261453
226658
487024
67092
384103
75152
285283
89756
41039
427296
487911
368907
383981
66408
203398
493392
143795
222782
59860
149255
157670
262804
252801
421903
366786
242927
350643
498956
308505
460359
263176
315574
89923
135457
376569
456247
261114
435847
166857
354568
373752
335577
467550
290088
26842
861
229364
392580
309860
457975
147846
452533
324942
478856
148968
162416
499209
401840
160301
322348
44732
334369
359622
231732
53748
468432
223670
271169
113801
362097
210214
279947
199261
316453
98143
256466
161135
278274
363742
363944
53726
21814
184684
81586
374346
98406
38616
307793
469343
252245
147147
424402
356833
435557
477671
361091
469832
256831
28086
439830
146650
430038
67783
421358
33091
219191
77569
276868
213655
262755
84433
153729
242027
108392
20876
178696
445884
371181
292315
6080
327169
488925
163740
491473
195934
132817
197978
427192
243237
147995
323502
224280
385219
483350
60408
195652
388934
5724
228701
232122
217762
153831
392672
153047
490069
368170
94306
169348
83008
419893
492810
6705
351954
135994
493673
441745
295040
1532
429237
15614
226100
258780
60676
195501
46220
175114
102112
443532
294882
268236
150335
8042
295539
65582
8784
464453
90212
308321
229768
274495
468145
378103
201530
154937
343568
292435
321796
428062
200941
39809
35589
488151
184130
92648
179608
281497
40220
400355
88936
233295
167289
372615
490889
196068
431224
109964
417274
451112
161874
46575
208928
461279
398124
194453
141414
120511
398586
458012
235987
439112
61977
428420
410471
217520
201697
493500
404319
168525
187712
188812
101488
478956
31591
60940
361986
157846
421144
409625
89844
114537
144512
135217
442282
449705
331582
192221
434443
396458
74529
275830
309059
120523
86953
353651
417821
284556
49952
290422
101482
164613
496965
293917
372434
227745
12672
223185
114585
331821
347469
305084
376920
273804
7224
401570
299566
185839
339868
342460
50801
45169
108326
242438
431530
268329
72328
127689
25048
376783
410358
100718
255028
372928
289257
108216
119278
184950
426613
480346
289993
208044
379503
157779
439933
134393
29647
31654
461279
388336
309788
317126
477519
351078
490679
292669
119855
299527
350215
268088
225682
387555
134968
268275
243679
468281
26153
126942
492755
305555
121694
329757
172843
446278
472464
51697
82573
60743
464489
100168
267951
225018
161968
113207
460629
50253
426770
440640
288805
354076
328262
231314
173670
390699
18956
358304
475038
11367
461840
310862
379501
302276
485030
185027
89101
103642
378019
174176
42125
259452
201631
18327
286705
291851
37112
365249
68483
164134
446095
359146
65439
25288
384361
417640
313998
151581
210179
180439
21380
191161
428669
486938
464137
283973
135096
188581
471298
76377
402687
289389
145270
492747
118670
69794
27422
372000
78659
34678
433206
257494
59320
44554
255038
316879
183039
270735
455218
48146
17261
9438
5198
191691
187147
449333
17393
141310
49865
463517
298505
371605
461144
243584
369046
336323
469620
105807
71816
1765
158103
460878
58969
242209
369914
450408
395468
415346
171529
39428
117206
79733
133579
156959
179954
198368
303892
228716
100895
172020
150837
429699
340049
295952
21549
191699
96772
338001
211166
258269
434566
459311
487710
451044
193772
14699
50674
170648
376782
494526
343156
442113
46548
469827
163491
399717
78843
130050
112109
328983
29794
28137
389967
26943
329282
28270
104745
480029
469933
314291
95288
480869
67960
461806
455420
316930
177144
200228
347466
314453
93387
293581
126306
312562
431122
79902
251359
496517
350332
400398
148132
259014
136660
231757
71683
40534
429706
237772
173097
149725
280054
23671
390380
419622
334059
487259
74165
170580
402625
406596
465427
143533
110449
322724
287616
425374
15601
237717
892
406610
169555
2824
127229
300337
126284
252301
336854
272021
188823
339203
196809
366631
329330
153604
125296
321911
21015
339318
59075
70572
105763
153106
484986
271976
414797
202623
71502
168022
499685
171444
24519
307858
182659
329803
38209
400290
84261
181024
419821
345851
498077
409771
433053
418291
152285
247609
319977
306542
274965
166726
281723
293425
84102
330177
84184
442592
185940
328795
243960
276323
485511
221539
449075
14568
166264
142571
12641
301797
378817
52897
410682
382783
385205
45516
466270
76951
115785
334713
276475
106797
340179
493990
316393
209059
466822
204190
254165
426223
425378
104877
82606
165098
474766
486052
269841
197121
295202
193306
230058
254249
470997
58124
195992
401129
357792
253488
472613
65462
410725
200925
333400
251273
40191
239236
443647
354391
491616
484887
14017
401418
473242
244165
256713
322344
475908
116607
127661
176751
167264
322385
320041
482006
196433
290355
208121
213458
126407
472954
478811
89604
92454
464069
423835
195454
314233
421824
180297
454854
395539
74587
308765
457065
47285
233392
116076
116498
79806
297347
369381
153260
383807
467888
383793
110704
314392
255154
470112
235263
345500
97920
277133
259996
397121
251503
238893
399775
353608
299712
313825
304938
162305
83962
154074
56150
353099
93583
263944
55169
176235
8886
339717
166276
296760
472678
162135
455471
332288
128201
437676
268902
125939
466242
324591
305499
352684
7213
39418
262707
223889
476372
4244
493738
275711
296826
333498
477696
126366
311704
459378
91053
170812
165820
307813
231841
217154
183908
22626
230494
454764
474489
438819
347287
157784
110472
70178
136630
83202
133848
174262
363225
1559
200285
3084
96915
340605
200459
341739
395603
118481
181607
247711
470548
218460
200402
236618
52475
18746
488139
49714
489629
73366
360666
129341
346100
281322
495395
61525
82877
67560
220241
416483
411603
69395
41519
185413
16915
395567
122349
54593
301193
22453
161164
188308
231913
275555
68744
448959
443997
185702
287444
341725
239602
302259
456313
133170
2564
383204
156007
464499
417820
192756
154588
174544
327690
324175
457197
197421
422749
430479
370289
462777
469872
284095
357103
4927
118972
366062
240611
368235
353497
55292
34217
374383
270059
349891
405902
349646
227936
360729
463976
269444
495720
8971
294863
214254
261222
64790
352297
171822
494862
186980
379829
116120
313165
406948
78432
248059
140734
197916
247795
208291
467926
488095
299176
408786
360372
109361
162564
257231
319167
430177
256455
231845
373914
317583
8043
301145
321234
216372
477796
384594
470479
65130
114817
366108
50783
167494
315257
162838
255651
248377
481463
469537
125576
156323
81873
335063
46458
274498
236535
167118
27284
217975
143765
36285
172332
409430
317516
405553
49935
250456
74199
262477
320638
34432
163360
166111
133054
85180
334159
461701
185523
404942
181668
208425
393649
92470
453552
382185
142265
74205
465846
193715
368703
266988
396566
282817
102188
326791
429175
385257
348053
484032
333547
230685
308784
440797
239407
49336
118769
455896
420156
381603
419663
315375
114716
262814
104249
139101
92215
154569
264112
296097
164670
479411
340072
489704
170407
429057
293471
344888
296774
427697
41354
184826
496611
356954
27922
495960
445700
46577
427261
77141
35086
330274
185960
73312
268131
247965
350412
448697
409967
117260
95590
301038
432312
57577
308848
82823
328771
234654
73608
57083
491966
415874
322571
314109
69547
245639
219905
145412
345056
315151
494016
349952
380396
242928
397253
212336
192828
162840
424574
79269
256032
221225
375678
335814
37562
310922
28985
12236
10892
467704
407981
80546
33801
320265
215438
122964
483401
73883
152206
61159
432489
467250
113833
108907
3237
337280
491408
345983
49518
242551
281718
498816
363341
21926
290098
414786
92846
4626
170837
110794
411126
34390
103017
253327
137785
237224
360832
167302
362875
143886
160626
159539
95588
125450
111427
73011
155830
63112
185583
33977
260011
306215
66250
379373
10675
15867
147500
138257
276601
469481
462630
270921
55976
252386
465403
398597
160285
465526
394731
246510
242728
480863
417150
13041
84776
108038
187645
330302
233719
146077
479541
102743
214233
283653
166205
483271
104714
229678
12599
97416
313231
450963
385216
180528
93978
48518
324581
430404
43711
167014
175202
108721
418137
496163
380212
230215
403306
498156
208090
434977
461892
479500
14857
303953
63725
201900
299016
237297
189842
73718
17279
3159
495314
96062
11825
456593
484190
43307
46765
423530
402304
358362
357767
450966
322576
144703
144325
477774
374587
317888
86142
359761
381160
98460
175408
406357
146070
44030
65043
330034
300231
183753
494289
103437
461590
471475
214683
12702
112485
241352
386356
490104
15435
282670
304248
137215
185487
463976
287485
372931
262310
494131
474214
359
178621
316378
263626
346099
389269
170091
89615
75883
305576
483550
42395
47907
217423
330357
228418
213041
436855
189826
479383
77515
259831
330962
260638
490096
131665
155396
95072
135137
58333
182270
328178
49138
221054
251054
324086
195958
123177
96728
208752
42111
438731
127690
212417
109776
368072
26600
422050
458482
139909
24526
459690
443878
296712
488871
310965
70023
90985
223329
122501
67011
406031
479302
341914
481508
319877
178304
209118
439317
127341
437035
236291
151578
155874
428239
376211
149349
55490
434695
4806
15284
153071
362989
448020
355509
377116
361751
143023
407355
441446
152900
346319
42588
343306
205040
45797
320930
458817
27471
337794
123395
198922
207500
148765
112883
217253
411573
367412
14091
494099
143835
282777
199540
76721
455196
94309
400187
215061
282631
57119
65836
365198
23548
86843
249780
310522
436535
127336
16772
398765
289551
439724
210066
302955
100263
80709
49489
67955
267323
49690
102029
450370
107927
265227
428236
107815
468923
240014
254486
319851
18200
31809
412783
195693
263239
272047
461131
434180
104364
120678
456839
297644
55323
174474
452950
25147
309313
164907
443400
206926
259561
130824
445643
195571
60896
450616
214190
142250
91533
487099
365688
329467
177822
179823
295740
95119
700
475234
31902
215341
23750
368703
470349
35933
127625
57006
8203
55774
209146
32868
175561
165948
101833
222446
483980
473957
51932
306121
227613
164351
156453
435484
138990
86579
393027
90454
486372
143325
273025
468064
336308
260075
21350
131625
461910
163840
445060
403303
408378
30068
124668
201071
60690
149079
369481
276926
366516
386339
429251
116662
5574
184880
440930
96148
458763
250074
237752
343009
306239
29891
229705
264525
246993
259351
429027
361891
14789
41604
294379
19119
322678
266880
438128
385445
432476
404411
115910
420159
497180
132282
404753
424956
175851
158477
435458
128395
189081
81710
116945
468267
259293
258986
387684
5376
287128
118896
435368
239066
399077
151663
66454
13525
5571
453352
307191
71615
74895
231557
138956
49937
253274
11462
212656
62685
56683
275909
274166
372920
243635
155250
23816
321967
78815
487697
337981
20989
394678
67570
285570
205825
320328
155230
19165
16936
74036
343431
294879
473245
200616
183536
412044
109921
355632
248163
397361
141445
153802
305854
31969
376844
54721
33053
178484
373113
390193
78308
392182
270956
174659
278644
79618
251488
172301
412615
95754
12853
187701
52604
357233
137488
430527
391201
369671
354379
76509
193616
423246
189630
360685
236372
156048
331296
191565
191704
323397
256666
352857
93504
114035
459487
183870
114002
409835
402090
199001
183494
196561
10137
90910
327304
389239
74344
211024
401862
69906
408944
480704
174333
223152
10046
390518
350458
365163
301110
219147
189085
47672
99384
267686
447809
430637
192084
456252
88639
418095
381110
416332
132174
398511
146184
152137
392090
27097
498494
26832
320182
181387
242544
307934
423756
452572
161812
450854
143297
486309
52637
260004
427442
361601
55014
104445
371026
323776
290763
343080
154079
370215
421266
237426
440376
352250
430993
88453
378926
185714
166929
128276
74016
402535
322075
210549
242300
453315
235201
257554
23265
352820
164782
655
387543
367702
275671
244615
400891
483237
334675
350084
287913
161705
374359
413219
425119
115122
292020
471633
30563
446521
298214
20924
395239
200387
47476
205499
366417
189712
265980
14487
467265
443929
243772
191816
413092
319034
225385
451660
149239
495326
78918
224246
61049
200370
122430
237454
317043
396824
282899
258832
325192
157882
357359
307196
217118
12278
174266
487807
65632
171004
352805
54148
412433
208949
432478
200695
383478
359137
347199
247480
117958
146709
63029
173214
382862
6928
43918
187913
330479
478461
173293
401864
30449
325891
439270
157581
294137
187260
395665
392680
363386
484685
374593
446786
139525
367232
445407
384865
186556
351581
428657
432397
193798
125809
206124
473898
324114
105098
62357
120566
148159
261424
421008
433266
328559
323352
223001
165238
162668
43277
32562
292616
453265
42427
248665
56939
131082
444531
365039
28614
31883
31166
87592
263149
248624
318108
438887
149112
248222
300123
353717
88289
191194
332481
12821
107783
403513
335075
385890
239316
156792
268946
138885
55507
305700
416400
402747
190304
229432
5078
164584
310138
407774
293372
195174
407242
351551
369088
103232
21819
135157
377454
392506
216016
264917
259277
8441
53096
101752
375148
122875
281648
151066
295457
302672
483056
305771
476181
208044
448010
50266
227502
3550
107708
11023
6975
326874
405565
121764
228368
458753
409784
400210
253098
296333
473982
98412
311981
363473
316804
443150
14182
358774
162275
328276
261442
84885
248389
61479
383736
397634
26552
38161
421510
199482
441998
480403
84154
101570
207670
408045
449812
437596
14082
97373
100511
59192
485375
479545
424075
459557
202915
139972
224454
118156
197425
179692
14217
494783
444522
177950
160817
86594
301401
169000
495679
166270
3223
68698
347252
125117
352971
342423
85372
379436
236959
484883
129279
238910
482145
175651
104775
177524
175828
352336
203102
297564
102580
307285
242553
200642
23373
435722
12451
209154
22691
438324
303399
413910
18792
215134
254628
186998
143462
486296
195444
481540
46176
195065
264777
379971
360998
332299
265928
262983
77254
227679
306793
187332
256103
4505
273545
130613
343165
95343
407005
436326
359039
28786
267541
161883
108399
177189
251340
321879
273604
323587
392893
294329
449758
17895
151336
426941
69241
498991
465599
447193
134627
424799
114133
70437
225427
473561
209550
322700
152504
346829
30208
7828
371480
396718
55920
397307
403761
216825
330036
266073
439865
337349
430687
303222
360893
14530
211680
129469
311397
241753
86490
394604
422941
205579
430558
97196
215584
428113
32856
195077
16941
479073
456771
485439
452475
259445
261639
327769
99946
125304
410980
200468
379819
154623
373132
490559
382776
15361
69904
109889
396085
397837
60688
313226
389002
435806
156069
268922
90274
171956
354167
477434
144495
225813
134365
80391
268598
456298
105516
410764
309701
121010
8369
291063
221520
159843
42307
58485
263663
281212
257151
172660
14542
460319
340182
168927
490167
391650
48680
162462
288685
62057
373836
122960
126618
97053
442555
15068
441014
322177
167961
246189
372546
429098
124991
45239
203889
490260
324789
23007
347652
353590
337758
357326
208916
226425
109746
69825
294311
343653
64892
164683
437519
449425
57006
412651
212865
179001
306033
318699
356045
6359
336598
213556
344040
457356
382206
209637
188680
209758
429437
422473
207011
200025
311579
465024
50435
408002
215559
98077
186233
415867
36007
463787
338508
173485
386897
7132
174609
63988
28059
168449
29399
115046
86601
159190
202351
319309
141030
298628
382986
168494
285042
263644
259982
297491
423471
94914
464270
268695
319063
391758
336493
78737
134537
8602
281227
352441
351314
428802
92451
113310
234842
496420
341122
90237
156533
23511
483055
305483
292803
134546
461862
213615
146861
42198
100172
36879
430450
396138
330252
422025
42568
93855
321710
355367
302714
379041
273700
344436
284660
89524
227289
33304
31223
173859
68677
468481
208584
157061
429948
183663
226830
130963
327683
401349
206528
52296
168224
25225
210403
362990
443111
327085
374922
260060
54172
295338
451668
437285
471554
215340
429221
144546
450670
3258
392939
493310
428444
366186
121622
203991
302605
136614
114077
499706
196836
155394
438915
228384
489805
363281
472262
432414
155695
474185
81705
362140
454078
471030
195727
86041
451629
25274
335591
201533
375939
50956
208977
141029
168259
28985
179104
468310
77631
495121
404855
463534
76996
279138
213029
387825
136861
175153
426070
76717
165073
406397
437661
377798
174864
182720
151922
215946
112223
264551
297620
138745
490422
368193
113754
69913
154851
110508
11324
246790
451142
12452
398315
105071
480180
262130
434053
430032
49207
313121
70417
227713
39529
451545
395891
399735
359255
139667
246723
192301
227192
370456
429599
172141
208289
308304
195170
415603
88454
161687
170613
133409
60844
133502
317148
199011
364997
414683
111104
322923
296622
431740
439594
228927
124573
498435
454969
360026
258863
496143
381184
375210
101559
331748
27553
117633
469296
443199
127142
202317
178515
140065
168253
203179
114137
74542
254355
99
479404
180626
410988
467903
184364
76298
330273
137536
18981
185918
346713
72425
128919
217322
242934
439778
32312
205812
343862
51257
187733
390383
83054
373656
46771
485262
333229
442211
121043
340806
257369
214564
152182
102704
348748
178481
481779
339081
448011
267930
188121
432068
390754
56764
311826
231905
150358
136399
383409
105718
449592
263348
91520
227000
217779
234893
377752
101422
237117
69644
226077
262549
64233
351789
107083
353516
120423
368161
141380
286290
489068
101082
330917
377455
431278
243011
22682
157015
273951
165395
201249
1935
89230
27642
167533
29529
443628
437929
325702
3554
431087
395599
483922
117654
2679
148730
295753
310759
112264
268561
98708
340560
345679
102218
462254
69576
410731
350157
194810
155115
279023
225094
314304
183292
11309
435923
151102
314220
267711
463564
234249
393078
373850
95947
15405
181424
8002
96226
316065
216319
421774
182993
185233
144537
245633
140640
24179
221224
483474
315991
486200
375898
202507
132604
263266
112653
289144
210713
210531
215157
147809
207908
151829
440982
147475
64580
196667
394299
421422
244884
219129
46847
443441
251293
182381
174843
153647
461122
407996
377201
369680
67952
424750
111831
244481
376459
384049
334490
485710
3125
198264
484068
397424
118255
298336
48101
397
3335
325389
300626
354950
372951
159746
468147
62730
451568
108347
274299
315022
32324
280087
179630
138329
382848
112490
152909
308750
313880
78593
454529
52380
185114
87884
220441
385373
420657
442938
171881
372668
168997
327146
29840
131473
17354
365696
179501
366445
459038
405918
28111
189673
11717
60034
478489
47348
21857
57262
483629
199652
429843
355175
140946
268299
133168
137750
338080
348202
313500
168278
48419
433868
55043
455842
272892
232730
451290
25762
363637
356943
159973
31448
211681
39127
478816
81168
163925
269768
410308
140506
407966
48672
16424
267502
448051
225162
185209
85008
44836
418576
200805
199195
416236
278918
314600
427784
245388
382809
98837
449108
43305
96457
348288
484584
204114
395790
440248
394062
65570
261784
46237
378504
290466
463950
171355
466559
136441
101645
454380
467673
391623
206438
173539
379548
311051
317719
194641
102844
58941
188215
211759
404899
108127
174850
48763
170982
408020
433337
365743
113251
472532
279550
215848
295928
287692
60449
343381
110547
214527
258009
305865
11352
190553
228462
427681
204096
100029
276969
43429
398053
498548
317338
437161
353517
442679
342990
436241
129924
242108
316332
444080
146655
219153
42423
361541
285530
279643
485779
24290
3800
272297
243574
167551
483107
38170
435025
304409
342838
149134
344239
323362
178951
49212
93399
348691
131739
195010
480098
172353
240799
431004
340738
330050
394813
397233
432991
72259
36648
295411
196453
272642
301013
154705
258069
198151
164673
287545
386656
245739
499280
445423
464222
289719
172222
19478
20437
145402
388600
359670
356386
31594
212701
405907
71838
203486
188599
363025
193851
97754
417817
191593
404246
77541
474414
179162
387408
276036
355114
235045
334068
476374
342784
343301
33034
423294
31183
417318
158224
308819
478543
316089
91848
261371
177386
161203
431399
251992
265777
113639
251729
47380
456210
146608
241504
44727
64165
323808
180016
371768
389441
414854
333152
440167
407207
20818
474831
446229
230996
387703
253627
440432
208917
311546
214211
148047
107760
404949
347683
481884
51729
73204
241974
488753
14142
339653
428787
172511
28026
192254
440189
244222
122589
492602
337154
190069
236270
308835
252525
383983
453660
408924
120853
429256
219920
262391
263452
204611
23830
255934
470488
214130
280957
407394
374427
118656
312360
193834
447469
364976
167671
490966
244572
432229
241940
172541
109099
181059
351953
141226
274278
411766
291556
279824
316030
438525
468409
456209
299979
34514
230836
101484
134280
269075
146020
211155
54446
70864
97040
468817
276832
393389
200683
315611
41241
440812
27897
106049
214755
368650
128230
419657
219976
462150
493244
112802
45597
316281
353250
212433
224207
332828
220972
29332
130012
413938
186976
301670
498450
411453
475751
235984
5100
455119
244079
389850
468414
97051
337983
192692
116352
174703
464772
3481
227715
498746
370012
17650
358443
331006
19612
433823
423953
234545
309803
212560
371504
490405
198518
204808
478351
299476
259006
417692
334925
26863
345739
226188
212201
106220
374908
300083
275888
129183
4360
273375
273202
74567
458751
309330
198269
393305
321561
203100
44386
363299
261527
280919
497234
5785
299471
109893
130615
272139
52521
214389
472409
119933
41015
161183
308809
118628
188349
45259
101858
187886
430899
83914
395125
278721
333343
27772
191931
187861
89
469835
10641
139994
151168
297570
478227
339959
52437
208583
432589
315437
201976
372407
451877
143814
276919
356592
254741
261645
85774
281651
306009
466209
208476
456118
35258
468671
217571
25548
97648
454219
245499
422794
39900
7465
179690
135099
215409
420540
349570
324673
330924
478737
323187
320098
456515
107123
213735
365023
231245
40096
451605
436114
228999
492547
222044
336316
432288
382203
190852
185975
94995
407135
475819
12977
41625
292328
323594
483674
401250
257741
305965
293271
467780
254696
33241
254202
311772
178320
100518
191653
411959
400712
88588
311001
143394
486408
452176
110027
281738
367698
134898
184920
216176
61965
247922
217758
81646
286939
356837
81466
268804
387213
354847
330193
171107
44636
222835
174768
85772
40372
305000
322326
287458
29470
53599
328302
496222
102665
204190
90768
155326
318029
427814
310812
448682
246986
276040
169674
498276
192091
313634
437303
124890
390021
391431
414223
310162
318274
7187
86519
418229
53779
17150
442549
465950
358483
115550
100439
312658
294101
335669
40930
128523
314220
414474
45172
319739
391446
101584
417842
197780
466967
157499
120136
37876
70952
307576
306530
183518
68241
61731
17639
111425
298618
245831
73468
100325
178646
376898
230573
39786
403223
70029
102057
389808
148532
304779
84607
258474
369825
490873
110332
3542
431274
428524
45960
443663
364619
269881
35483
106254
420172
5488
36168
4560
254602
382003
476842
272754
228619
172703
43459
223674
234799
115491
131768
468669
254203
456995
62069
169159
122806
294221
150180
190369
94152
207147
105325
477303
393369
447782
105782
137751
178225
431340
325343
238049
358766
440387
144624
9404
141763
318525
175215
248485
222413
188642
421086
160943
459262
83507
490586
494169
470468
436395
288565
291431
436925
317642
423907
474291
48818
329269
445265
120462
223622
479368
316665
293900
64710
177959
27382
164038
321185
440494
67411
197476
403610
168943
144457
299985
188796
45678
279165
149414
337580
336234
250359
334364
393289
254394
264570
495705
402523
266201
89920
44041
457970
430964
214732
57426
404315
398606
120850
141528
347922
160917
215388
90483
444855
17157
189529
456666
429
321161
254562
158764
470527
277291
66275
403025
234959
295808
449134
349244
92134
404942
131633
101462
122006
206695
364098
486399
86378
235327
11150
197574
396222
229772
60491
14568
372730
170049
349128
118927
92524
446986
343765
250202
374236
267523
187172
363452
61577
188878
267659
358108
262565
285058
71459
185253
43013
479996
491983
48405
60133
70484
319576
408116
12412
290593
257783
232861
447608
158817
18419
320019
170349
129472
424087
142133
455219
144083
373983
397317
202684
472443
282742
423024
51644
165022
413028
267531
211913
208880
402744
88544
212117
16035
82492
3957
330740
366730
94303
400545
15879
466580
218724
369893
70275
214254
292518
494637
169503
312112
45347
401963
82793
401216
154202
133252
282379
72551
36681
150164
185265
366757
444826
73951
9153
493728
241774
477268
169700
97739
208186
61699
167830
288148
215716
167029
496839
490893
328260
87168
18859
112932
334253
170156
232313
1630
497707
13228
139783
234298
430853
40594
260981
365011
336360
483382
194102
203272
61486
324197
480085
289376
195618
94834
456739
498316
287379
392854
264966
450791
442045
127169
110065
21756
263120
361558
68004
66747
449244
216067
427067
453764
165529
423869
294766
294603
262145
281538
15389
99065
102344
339174
348251
338672
216665
362794
54847
398521
289606
356861
199965
430793
422570
82879
364287
423795
237844
210402
490014
278112
256742
245489
167193
180260
279678
300490
95444
246561
42095
263225
149974
246162
320320
318499
282961
103280
496685
276483
386635
118078
428024
204224
452999
423776
88842
132263
48511
314757
202261
250797
23263
217018
293228
140828
152972
362193
464150
34944
295366
1943
245951
149182
328768
174476
7597
365553
289992
92880
174064
250038
268485
192249
407823
170437
56975
63367
222188
33958
79782
212660
436617
247299
66466
311667
241319
488956
36405
442244
38344
377903
187624
13263
354420
198538
257813
356137
256578
5141
40437
15517
57524
476423
419364
263803
13566
338604
185044
450404
137049
260795
2296
476961
57841
401344
277183
287703
6358
277216
34733
144492
203803
182072
376751
171398
351909
435509
76930
419829
373619
231316
1051
190107
466712
493887
164900
91756
371826
388541
17772
496452
445704
44457
495324
105537
63724
36715
368809
484523
236978
228253
476136
205421
414035
419514
183159
25148
290696
290029
471722
414212
494188
249181
209423
95375
38371
474772
332637
298951
455779
74705
484084
18723
396214
280039
293144
92205
19861
301044
208185
293500
106917
18942
319938
211869
430993
462759
102158
348637
438451
256598
209006
439836
321781
408777
180133
449206
155371
259381
73550
231034
137806
371209
379706
392653
271231
372185
450485
474772
123631
308682
331918
103619
91337
34977
121925
33549
330936
495815
325976
49471
313848
96838
483068
489211
163408
298606
214837
259297
279569
163805
440256
35039
300128
108095
213123
153158
235102
99997
421159
112098
286032
64884
265805
310739
214369
218547
134797
331218
240739
74795
84319
459109
54927
6020
334229
477607
110869
439952
30582
155437
131044
179265
62881
68831
152948
428567
241198
23000
472796
328747
227318
98351
333111
227888
293015
194296
387368
285525
409305
386403
114101
252009
427564
455558
199731
181784
50917
301051
114174
250166
458679
254024
139422
174668
94222
234545
374098
27262
135845
67680
50536
449472
342895
53229
265600
132917
32670
182660
206611
65765
199037
404077
238897
446733
35407
406069
362560
29336
355273
161304
451074
391727
428507
64061
322852
229621
405734
54810
483267
285902
415714
465632
154625
440783
184286
204060
322505
399314
429
42733
488615
188229
495104
492620
87896
388172
75592
412397
478199
135312
492059
137581
428764
195159
235353
189890
254406
290260
27451
400953
161287
260829
484430
434013
125403
269313
129050
281575
157016
431872
407688
112261
154838
430701
343944
468478
429746
446590
209424
92207
476590
414158
428364
303331
131630
104898
381992
115713
445801
77354
364628
437444
131794
357792
14700
274117
184589
61034
399061
378853
334287
391154
482940
28664
423429
408236
33719
373379
335434
254961
249876
238482
477961
452179
414837
71201
133778
434158
666
179586
411252
268996
139976
156639
179132
427267
178090
237570
453636
25194
173845
438853
411834
219070
66875
213517
226956
259842
198932
101111
235517
498685
241566
284621
241677
284515
479207
47584
135363
73341
317029
116031
400715
200467
40757
448053
437377
312471
331230
390716
44041
377619
305650
77338
417684
246261
295553
482166
456865
106121
145866
234174
439071
82376
41641
182456
473670
157314
410684
443811
445135
418577
411953
232205
239708
440973
296365
471838
441355
479258
142150
144660
138818
372270
211624
363672
197573
435383
148031
334160
307794
229854
438811
387477
214049
192287
442598
187867
473453
442049
157299
318981
251057
43770
456336
233897
415031
448740
341737
303960
264482
155657
404070
362473
73621
67836
12116
13815
385878
302481
2795
36791
133089
395799
290691
287094
118643
457296
172071
161575
471585
444573
38971
116547
489101
240900
92412
360121
124183
358608
145107
207817
439174
37079
497995
322544
137883
132715
79917
312192
428530
52693
441130
242649
292410
318544
287352
230637
46550
120445
140645
202734
99145
371767
448167
152137
335310
378835
325475
134949
405043
211461
451658
283864
458324
413978
313508
342954
17884
107430
406700
177425
241365
61601
213986
172268
126867
37747
380128
6287
23717
9226
142596
23008
260786
241279
136855
400305
270537
437439
362167
432750
259292
46107
399473
348726
396851
277342
156736
306135
399729
26236
222028
302350
284120
417363
202701
277945
387543
499996
324488
278467
427437
77833
465468
397866
269676
189152
322233
349188
467115
203880
172284
29488
309895
279990
475393
311686
23902
72994
256092
383024
144548
248729
67104
190919
396696
119459
42532
359251
174941
428177
334682
426234
303332
244078
134975
181310
420533
226800
176269
430657
492598
104139
20096
257073
444679
419901
108337
62085
78099
55149
53936
192045
262811
478575
275204
33232
172899
366897
463506
249324
114221
189360
172184
74207
261576
149452
395546
446374
73049
210633
153171
141946
169061
209368
296847
116396
110473
17152
306494
178406
151374
458965
306803
450136
110503
363919
113072
319660
390553
461083
301458
361109
221956
405623
263537
277822
353822
213607
3155
446009
52675
225784
297142
224220
45887
367843
250119
451411
427185
396500
481397
64106
153160
150695
119037
325540
219532
57332
88132
52513
435846
142716
140436
203395
191754
75306
190600
24187
371364
157617
48678
240462
399953
312473
186097
391166
144678
340151
138827
385301
384322
237124
88888
75187
108962
283135
353017
196726
319386
131197
20706
138105
95117
6859
978
478429
361679
494824
224429
498957
362858
104375
97912
19658
33275
379665
258747
121447
125478
133435
435150
185155
62506
147965
32457
204291
124592
1177
198676
275987
37488
420642
126370
164124
445211
85293
464497
80778
446015
37528
150369
105702
467843
416676
336772
498577
260011
425223
289565
326027
64316
490064
366949
463360
433087
119226
140115
424107
82687
306788
371225
59571
317472
337939
235739
36539
363717
418869
69828
163772
116126
318116
436386
480366
362349
431973
171250
106523
289249
98006
255467
134127
416041
442371
104308
217266
174459
62715
150139
495664
486535
163351
466451
364706
360969
310267
125646
401143
419844
442187
477417
214537
327501
118043
496849
355040
171691
462710
364279
382494
375508
107134
495054
247249
144976
824
476547
65050
15069
102771
57593
439008
385320
30900
386459
358307
397788
224228
389812
25168
87749
482882
58175
440463
250560
351252
277979
311732
205055
396043
312623
469437
448623
235288
113218
70685
268000
361341
240433
8938
60509
209190
293812
13670
116801
72663
379343
247229
138582
189282
18716
49824
187518
177113
310822
282709
58663
226743
497411
174863
190663
362755
255682
191396
15854
73096
405906
218928
217616
194808
172779
185394
17114
419328
80336
236447
299011
406604
3888
134584
225915
279615
384020
7034
329568
364180
454864
165525
232557
437487
62911
171177
342829
276919
412550
19733
293361
355400
289652
323238
267175
51072
345490
97651
359035
417944
368027
121068
417485
150608
324687
365153
81672
216667
132844
93010
31702
210708
171694
100240
296762
43082
253480
306515
195394
192473
177193
55570
485473
481631
482270
359636
390322
472390
374980
129363
21275
386048
333500
271879
71659
214630
148643
164675
343533
138983
347304
321216
481412
92385
375534
426326
207971
253865
301675
403866
419511
445258
246239
272056
5654
14046
325463
183908
73033
99758
114729
137392
78695
374737
259352
171603
109928
178651
22262
370810
415778
403258
187897
209965
294603
273648
260739
149527
306521
126479
219878
469039
347866
495861
319018
412972
453060
49898
141842
117817
236662
266467
152368
207650
218839
286685
499281
371109
146876
8645
377332
308908
184619
217794
235195
352086
413401
402421
460465
182989
320744
18342
138553
488375
412545
176488
371607
395067
456293
216624
140979
87665
365299
171655
329522
497001
255027
18289
407873
143293
122989
127816
383705
261523
15018
300295
277942
256657
436066
82800
135762
330642
287628
261853
142889
391372
496729
179508
228891
160532
19401
110051
20316
272306
236648
489343
402580
312808
297933
240569
463388
281809
156954
7461
238261
389646
339046
349458
124810
356904
475186
47551
497972
397249
168679
83503
231354
302994
189242
471437
424592
124800
302223
77286
215366
271222
25227
253365
262325
270203
23954
150313
313656
468478
252471
170959
107729
94788
161083
371055
33455
254052
26214
43901
181859
475871
472908
360002
168150
410509
231507
49899
319242
133916
107793
484639
329314
347896
463451
25667
479515
132027
49384
199063
43700
246773
77316
302427
437910
33264
282384
309557
192433
324057
195031
145805
118694
255766
147623
268394
76095
455139
497017
78415
80107
212198
200745
211966
444647
322438
326293
21529
244733
88659
421500
251993
144267
237676
30737
335890
334845
479030
367993
404450
186370
41083
296092
301008
461773
144206
118376
93798
160193
296132
281350
35729
402834
176311
282922
388502
408443
412981
330442
358147
387694
84197
372146
412338
478629
391202
144973
379978
72620
411766
150868
330260
240699
497524
383913
44096
489537
361160
86718
250211
58174
412380
210172
417081
150299
299104
449278
456212
131495
78872
76320
174303
38821
1306
78820
243709
63258
474136
421758
129582
80378
255673
335203
65075
74040
202867
120
413775
153316
462848
304609
151469
32999
20519
483185
356089
402484
35308
53329
244207
166495
32377
49642
53162
347437
139071
487337
87639
421885
373007
321085
93093
189528
138698
371415
141414
295218
154203
288399
441992
320256
257779
95115
118124
40323
185867
452101
68223
301597
154058
115980
24875
280897
317977
150692
2367
37530
453080
29289
375401
211418
220977
413943
245370
377073
15272
437041
189806
374410
372765
485978
172319
138072
190956
70250
195389
329449
196835
459374
65260
394441
322119
196311
393113
293471
279468
99643
141351
440060
231813
201723
59177
295256
398384
184874
178535
363563
335905
238558
407428
183161
136667
238871
445224
14147
207712
35248
3387
450897
231357
42756
62038
9884
33304
75437
60088
136243
321854
387866
237024
118369
98909
397192
325756
207296
164409
441396
141215
419693
10603
410157
339153
366660
203983
77123
70817
420573
119660
245264
422964
263356
369146
486943
239600
338302
303784
36602
195262
255918
284380
353525
18287
336334
10158
149090
244915
479598
256138
132560
359266
288900
42367
72089
421465
374813
389499
201298
168610
144632
318378
399136
393670
408808
35815
407455
297970
174725
302899
267576
152976
314621
196596
400187
457353
481171
168827
340434
271960
235235
321650
351812
345806
376959
97351
283829
211991
343804
377651
272469
302671
338829
378730
133889
479887
166093
371436
242031
116038
276238
150595
493114
97855
230900
361270
169140
450225
249175
43425
411544
234449
307600
293766
314483
225919
287636
87510
167456
193628
412532
405964
40591
150460
312046
158087
71677
77260
146804
239630
444677
484361
201394
434827
343348
300216
4360
25408
252967
243199
212735
244303
312302
175005
497796
469976
218430
306755
95472
261135
92881
71555
334957
173107
195521
187509
475584
45283
149326
64351
285075
208725
289346
297698
8308
7083
82277
152074
244969
81291
45427
265670
329414
129844
82668
489535
334791
466341
322903
258363
235094
143145
155903
407434
394747
232501
465132
307669
164080
434751
342662
232534
73042
369211
486911
324439
421869
166902
422627
178044
211113
51003
424241
368850
58112
188912
256512
150584
466228
89693
223082
221936
490141
200337
23062
332956
289923
154121
155719
243215
276458
365289
379885
446503
94296
221879
346239
159645
419506
54033
78635
44469
393550
52467
300560
217878
346033
296293
222429
122938
304329
25249
209023
284786
393186
40687
215391
116505
144732
201130
104348
66051
141402
118848
88252
109655
113478
88732
285387
30285
270912
195096
210219
113625
107805
15102
27459
233191
477301
254498
142800
402818
110484
162056
471674
49435
224341
288794
286945
281653
460102
290777
147405
359275
457097
428560
330867
16565
397908
45769
361539
78241
347192
300322
39384
147840
148668
432086
104309
439611
161222
17130
456528
486930
232017
210337
292963
405339
108284
171578
55105
258697
184159
285669
329515
250554
263064
72544
8139
432872
389781
261027
423286
315159
103267
133908
309538
311439
293159
242418
74073
246530
253463
82285
113561
457065
22770
194385
113636
246268
108614
462648
124187
430227
394927
397544
141417
247634
291099
296569
189057
360366
169646
473263
217403
324392
333730
490781
366112
162797
148473
162399
78484
31825
397574
110452
491864
285185
10336
460281
273162
28479
378259
490500
234705
235217
460089
263290
97074
19775
372080
29725
313874
311963
106411
40901
320832
303727
408465
177463
190106
239654
417715
198818
33571
10808
331662
138666
407601
489517
369817
393689
310637
289325
281390
346636
263594
107493
423599
461135
457802
144550
55855
347546
336093
390270
341819
27452
380012
205697
66330
298720
61838
365967
273151
193729
487809
375188
122632
345121
71936
71386
315978
3056
403585
316933
60586
484476
52784
137644
151160
145292
250640
197309
136081
496623
171838
488463
81719
440958
158410
9774
306404
469668
219220
183556
397103
404644
372872
327634
210072
321277
169662
465504
433007
59641
644
352318
467028
326696
204037
306729
450227
395367
483019
371328
82835
358280
94472
408775
333343
217380
146974
65679
442016
378140
158121
269323
190506
81060
10697
129468
201312
299233
123299
298804
137953
446058
447266
335764
108782
190360
499561
229435
497338
391067
171669
397862
495065
444024
30664
276971
303295
3355
177889
441785
438281
437610
292227
324149
137535
289088
398729
323408
451806
464707
312716
326829
467372
150790
435985
244172
498792
434028
115783
58904
291059
344623
56434
171101
10375
458009
282757
388800
252634
67476
404047
495997
398013
231900
474518
323981
239265
127869
110609
155226
219746
414485
305602
230757
8178
187562
127227
151844
111892
152276
462794
11697
94277
375431
178589
21121
350643
334674
34358
371714
214945
140941
56026
236618
435267
494225
498289
42562
301403
38030
239126
344545
233705
201796
420754
178297
485096
431716
264417
100921
22795
168544
358027
74882
371295
256195
410422
130959
467494
446102
56116
130159
75697
448678
136941
118149
445745
394621
235422
165164
28727
483983
217031
369243
368723
59556
318450
481586
260643
444280
204766
471833
234890
310997
352459
82376
33229
252051
330556
233403
247795
23850
249028
331426
391864
92432
282005
68805
347985
137068
143492
215144
326976
392430
24016
155455
269613
126604
253502
72288
102733
37848
76192
166316
139997
20768
108552
161557
267162
171837
333568
133964
99319
11169
125648
54121
360885
5836
468242
15343
14226
6596
294931
254591
98842
295390
466353
8631
330163
112571
99516
127875
484313
286051
173468
155802
247264
478048
56632
95025
370957
200973
72014
354935
455682
236125
271959
422393
440973
257400
446026
435855
321301
483341
24441
248990
333289
460831
243781
261609
475450
147777
247164
317969
89657
351861
69503
23808
135809
104501
435080
77805
318532
53191
317391
218127
228657
379760
237862
213498
495663
69831
26283
357687
187428
48191
466288
131588
289367
278660
345239
53148
30266
304937
481048
121787
455177
488178
150339
428548
108065
238692
18790
445981
40143
75438
46095
87441
21528
103213
466870
467968
73953
57343
91339
472372
5631
349789
295728
246985
103795
180055
111322
412632
437192
226292
112543
394991
451840
98329
59224
166506
476762
322563
129874
365595
5705
406585
476330
250693
422369
296135
359625
134571
70504
43398
147461
46832
276242
178071
215159
253170
8132
66030
265808
349736
87755
36726
88190
115482
359941
41228
484671
377611
77304
279733
323838
107159
318050
309855
420370
454025
392017
484007
404436
293378
275192
49965
305059
101964
468798
64070
95558
164824
450568
319052
331799
408383
183486
184620
43693
222575
247602
359752
301504
20099
195050
297771
419231
440771
473880
246448
424150
252103
82783
340454
430604
389114
428945
184029
387422
268081
252860
56697
217689
113801
247751
119120
279393
490516
260944
290854
302992
482941
323042
63597
492113
10697
317069
409102
344629
71284
276729
135948
439556
40981
355912
118259
272470
144490
47070
458800
385627
322252
330011
241974
79398
99852
172999
314907
41142
391234
8672
178137
113265
389847
361959
385339
422783
182255
120115
340268
63577
486139
485964
265375
305213
445978
495550
382081
341656
23033
172555
341870
44004
318037
146184
488933
189502
431300
438669
210502
474390
188006
92924
106263
321664
414432
8204
242638
144607
54093
386380
350818
159764
22445
6889
11508
313639
418336
399695
403736
16151
70510
417140
229264
257176
37685
249829
430347
174960
171529
26453
36235
429864
189963
207554
194213
68194
413036
339252
436967
451879
221847
321804
224521
376198
218143
475648
358003
373404
106685
348103
131422
450611
273956
238550
305342
237509
207712
64258
429046
18052
193376
497545
396461
357641
415776
407664
345475
315024
56338
265931
298809
120706
381015
313133
40849
344461
243991
28304
201621
50584
158602
328590
236445
56406
335087
395331
270911
474825
51120
129868
179226
199095
271807
326773
260082
353097
349161
306396
175914
243710
305286
353749
129127
464884
329031
28374
367989
372644
157729
325959
279769
146491
252024
84699
258989
469491
72695
339342
221455
492943
99886
379821
222881
449225
330828
434934
159893
381391
35072
231385
105772
239360
275911
348178
498949
413570
470751
408940
337174
469202
402420
166186
379334
340482
16840
353724
219923
27680
98971
236538
342709
48846
421808
283093
142384
379528
22556
292891
471484
270904
394034
473176
110882
469599
378007
113256
42152
260496
410064
412990
30121
251239
475156
139780
225885
95679
231485
371047
151438
307394
347866
348453
90668
499904
8937
379636
119498
218332
408143
271310
273215
217683
68333
364603
66359
243713
268942
405387
144309
80693
218345
296147
431318
122470
455482
338577
159220
133486
495894
233547
207898
323345
469790
98409
256062
170059
275230
24224
219500
320029
219264
184314
183749
101966
423366
463159
16342
434794
255985
393085
306036
131730
421762
321859
226973
417581
251168
200538
13786
425674
80477
121456
220070
452686
92219
265572
59498
394241
272948
238792
221045
163083
366922
183427
225581
66523
59477
394979
404479
52492
339838
491943
52692
298618
459406
329834
164236
484015
487420
210612
281939
491003
374101
448661
440523
472069
14207
7335
132866
21672
442238
52096
287138
466921
81118
481517
325730
305042
205801
421416
253717
188154
490639
219654
470900
306742
412926
483379
56045
234655
126916
138106
87626
148422
417906
359859
435012
438214
190218
486741
395781
444975
216
404819
81096
481048
489233
89047
187778
208789
25388
225376
371842
39474
289407
326066
135400
101315
318709
426470
402517
302665
279612
250976
307475
163374
220050
292192
230557
158411
178701
294857
87993
46479
221780
34586
284528
59038
328884
350512
152641
465843
337840
283511
154362
14970
448804
292678
499709
312302
27254
499961
167206
287748
368394
187735
296348
239781
4308
146155
415298
289696
463587
441113
252450
203604
199235
117052
126151
98764
497970
325823
173357
364952
265284
400734
161254
245427
259525
251297
178834
148414
280839
291256
106775
34188
368095
54679
432202
33241
272432
412056
474811
342977
251638
113003
47385
195135
110314
371762
181568
207312
384739
339214
423886
492739
465772
424000
396862
432153
433578
104950
75608
418737
65883
261411
171719
421121
385876
333064
139272
10363
197337
33130
150428
197113
55261
159671
424357
54957
80990
118217
108084
401547
164517
217618
408089
396759
299567
390897
60604
289487
439658
476984
199174
313510
161169
211491
47517
326597
159971
44785
78823
272179
282369
283352
159930
314801
86677
313501
407317
404543
397030
5567
259037
211131
357076
171613
370198
306697
438673
4935
97744
354538
372687
377547
209128
7835
391407
179602
20329
199214
333749
67239
353131
283923
236766
362876
170216
429085
429496
326878
213604
351866
450918
131138
465808
108500
324865
386753
4114
389398
62260
266372
479413
480459
498472
313690
79831
558
181394
274830
209409
291101
157285
446920
199133
260231
238740
80774
144283
104158
440799
186780
292265
190114
370063
22890
141509
135828
229598
65550
381685
43037
38882
481146
495363
388372
100690
467600
309312
457031
352022
460999
479061
463146
3128
12244
456594
436841
342258
199678
219447
295278
282574
442191
330640
39399
417463
4034
31337
160264
481544
276207
56949
287214
197843
351645
215626
101746
315727
28638
484679
360653
133265
140148
333615
407942
319498
22135
25441
221048
149012
233464
112114
100335
409653
384335
34392
105527
379120
343
445768
371606
249095
443994
157334
69446
246698
205204
27174
396059
489892
331229
98002
27195
436974
380417
300609
121317
304552
107029
30132
435954
37423
70708
215496
419515
247976
190391
64335
401820
319579
205145
286526
110115
189959
84952
192682
446294
366945
483733
248109
177247
155384
84506
403125
324084
459399
198120
66544
198829
69685
70119
7831
435462
356594
375184
368685
286827
187980
213817
57974
189834
440680
386652
132779
139416
367224
130336
306162
235391
225487
267225
235309
140763
268063
101461
327370
215569
150261
487621
10622
235325
282646
485660
251644
231691
119482
366071
74710
196454
347825
474849
325998
141841
241390
97359
356145
41220
239314
482026
183340
359724
300572
310664
427870
90583
135469
315407
249301
182097
53610
252041
214930
49043
470611
327373
389270
90188
27460
211739
10942
289247
139047
48503
337807
416183
207236
430430
382159
248890
32411
130070
373919
62656
285710
339854
459521
97187
375711
471246
397614
366821
97850
36367
118226
245353
29427
324405
486178
225471
324956
47502
81650
496997
416790
129052
236799
391347
35613
220254
155500
352676
35822
345202
291939
305001
437704
347365
11862
52402
45943
416424
333895
249824
384877
247122
245296
38389
86461
113221
492465
211658
352500
197092
485717
121893
468659
100748
53724
491049
391660
486844
25468
70783
353301
24537
399565
103019
310370
97998
497707
326707
199918
230137
290902
120813
226357
261263
97539
46250
269530
91317
474155
168995
467466
281505
417430
240952
245880
280315
381835
242806
312222
480585
182395
398530
438175
448144
335234
469295
96507
434360
166704
395719
48700
182502
396484
308676
443240
347427
99708
349670
86150
390465
169376
270378
108466
432562
416293
175621
137872
288846
368273
401893
57682
206318
127373
180202
466272
394035
92226
311617
231838
116242
108410
310471
361114
132982
425761
182018
226322
272482
342627
277205
416095
52110
155404
21332
283417
182186
269075
160369
325651
78064
457185
487570
382989
281771
363148
439300
391997
491246
114530
361588
453141
461603
328039
6361
371913
425077
121576
24886
112140
427496
264864
322157
414441
41756
171668
199809
139000
92394
181646
41238
458204
224227
32894
416781
187378
274590
77367
103547
192693
405490
232168
165676
408212
462562
462830
91294
258625
149229
400191
282617
81945
132801
25551
74882
497561
343644
128385
176726
471235
213460
110240
151040
184709
279303
334653
358680
322459
57740
350240
244991
298992
392717
457224
101319
27094
263720
5691
156469
15565
307291
286509
420046
165342
465642
191690
245370
440050
415125
393061
272685
304572
118567
460354
156756
458383
343267
63861
213773
317645
373198
60326
215174
467479
281967
43710
480422
138996
379351
419519
320012
130668
136881
406105
91728
215920
488257
320034
413016
336616
33970
469301
139966
112493
301854
213824
3528
412862
310050
263264
167369
82005
194538
377507
188496
458867
498108
120952
175699
470477
197203
230676
282442
273936
188421
137066
353249
431074
379102
176816
17172
388212
309983
324535
201521
398628
18225
328420
29175
451495
432607
216414
180238
446029
475913
372826
33367
207517
154502
163709
342556
266836
482090
232264
427256
96698
29983
125353
185212
407323
175710
56688
490614
422550
139704
365860
84851
329023
271397
221842
185968
410685
210134
126939
353100
499364
428835
93166
220510
53986
334515
407036
72336
23614
479327
304717
490793
349129
242678
326267
327962
260731
51341
269180
112637
17531
71336
161395
227103
254139
239561
4320
354532
5082
317449
472162
299138
447107
247980
92997
15510
360185
144195
453858
208427
1159
107385
402453
324698
215338
287500
315158
271631
126576
365374
371901
355098
152331
476947
395227
119487
208883
17232
70638
13892
439922
392108
25644
326177
432145
36446
384159
215863
359213
296993
451107
76917
97945
221823
498564
389804
124655
471261
254007
318453
28050
199830
286961
64722
23596
406656
42277
434856
317601
429609
291166
179004
398246
242329
377594
345382
219326
496274
258561
275393
68214
39126
99766
12317
381458
246944
9004
344959
175682
306423
119097
161015
473020
259690
342556
333423
97145
9035
289295
9921
23876
300458
212424
113751
339939
182888
273702
50360
222524
422142
425954
144908
456780
385695
273602
358862
94681
199569
323289
63735
479729
427544
292165
354627
57422
135868
448567
161272
23781
463850
101478
73588
309097
491232
187644
34023
174216
244810
72952
219669
402554
228556
31627
93438
295157
40118
214606
194487
410723
86183
376057
35228
195591
58282
445129
499003
496084
37441
353725
425863
454975
28440
1186
111815
343756
325699
284456
432181
350170
109097
424375
451086
287517
31055
232258
313394
273225
113736
360578
497890
461836
422124
484855
371353
464357
188256
102152
313682
26794
184494
423842
368251
216933
12946
328901
428676
208546
336698
441366
320118
466254
77971
255764
243430
250768
48632
333169
297075
12788
115542
276517
474418
175391
279910
138617
229491
420277
474254
372687
393382
214489
425474
308221
94750
304453
364915
415687
395521
395505
298349
284511
235955
490270
426747
306593
182294
460086
74652
444703
89709
323056
486676
331079
299423
27713
236455
8133
83019
185084
174306
149419
336976
347257
127128
182084
310013
164375
151810
218130
138933
468458
93830
206412
22020
64452
130633
306337
6814
60908
223783
323934
404379
399080
160113
406086
436292
16419
273254
340698
459220
231907
395506
243976
34092
115307
304682
216133
83298
337841
293220
110326
158913
29379
204973
401942
149798
372022
62361
173558
318958
433490
14261
455151
331000
260552
16008
337026
82301
365612
262903
446998
247670
205927
298058
50813
102095
197363
338530
357091
58461
497235
315044
83995
307257
138162
9204
173528
375168
94268
232362
212195
239824
38210
88421
286163
418556
311336
63455
71574
58195
471463
150799
252846
221612
308159
50843
252374
241282
449027
326730
29844
258583
240256
338256
392198
328290
469512
377974
60681
240287
16437
144269
63686
16288
306342
132572
121415
160066
209675
11213
318061
58216
190702
133436
180437
492202
302094
331195
384280
462533
125984
43550
356109
151275
326251
449750
293671
279379
242438
446620
145328
151149
408893
320714
140739
455415
407663
224685
315178
367754
299105
282907
423024
486973
129739
396402
436905
387983
343595
313407
196726
327103
297030
42591
420001
79810
278595
439275
236722
297082
353105
367040
150260
314652
341120
441606
73124
363540
176484
288019
418046
62074
401448
211214
340878
241053
278846
357052
39932
142564
361622
464319
408899
315584
203622
203037
397586
495817
269674
130690
231589
194623
230695
350041
499499
209697
40284
261843
48899
448328
304803
33090
42067
267475
85243
269217
102749
264390
131006
198707
436172
474709
259755
318950
182982
398144
270689
117298
466947
131553
413670
381676
189778
132015
5135
485699
22537
86761
258408
295907
438051
498709
257672
211066
317396
190742
251755
66062
155480
404581
88103
186976
471695
277731
365206
483738
107602
264843
82577
398828
171146
353250
133592
401654
26871
95031
108247
83369
92250
4692
274158
338943
435553
304826
102990
460946
151096
10750
328064
402352
362940
76529
402102
469802
481821
444867
232445
271459
350893
19344
149012
84664
86404
217398
304929
184727
199686
313485
331133
446601
385484
32081
311605
245389
66652
242868
471877
316644
247421
289672
70830
245198
408213
166598
145421
256889
174348
49088
437022
21469
240241
156508
380711
391603
3811
195915
324451
198059
308541
274819
69087
71557
445086
303475
446385
22487
462110
211007
442381
57587
12130
478296
304780
219198
142622
478595
206012
106300
340270
13110
285566
123861
181908
265979
140477
428317
73082
350417
346178
136711
313391
70559
157630
76440
343120
325769
88447
357153
189701
110390
274838
376992
347724
185636
406622
423174
117722
367796
87288
360583
467748
140821
167589
161656
282508
485238
58407
155902
445327
176790
70724
149372
428677
74456
121076
185142
192995
278841
403369
441841
268008
261953
92214
135578
494710
403546
342643
485831
326470
70726
484607
210586
322857
229408
455216
180509
310816
291985
432433
332339
279573
191277
135892
478697
5187
216818
59672
94966
66033
399265
84279
19696
471786
379203
191724
347166
186877
244468
405232
197756
48422
100547
335189
208510
422923
122465
491814
67219
339325
342249
105807
101620
283793
491382
386634
269218
265256
211352
472669
437451
301509
428563
5916
87069
453886
485133
230255
325343
280737
320790
3934
362830
383397
318269
257036
108125
113725
230088
205379
27423
374837
56268
403390
141755
122919
159845
454875
126336
173885
88552
317638
166845
409451
112221
460949
61046
473093
337276
376698
89272
474149
191988
343909
224844
369234
354328
359181
1527
130802
5300
218137
305659
100088
378887
180814
17405
35920
432251
497177
217371
7805
316581
62861
33451
46388
167348
106869
383174
159851
4037
83568
122051
389552
246921
471086
62050
425205
466220
166976
452084
299498
185254
204745
233758
443388
142282
68649
189768
309829
436155
385222
280121
271511
367961
469209
481349
421918
201989
128642
171522
237457
265316
34687
273781
404947
327362
366156
279526
361837
19090
73711
162748
367106
46683
12174
180185
68675
424568
226819
350224
218169
288790
227005
32008
330045
190494
45896
122354
492402
400687
202134
476467
316617
28921
63270
476313
344231
379374
126529
489073
397838
462516
161666
183287
331730
112602
352428
6759
472951
59000
268001
241805
430542
36142
312651
156072
397821
87821
253868
354857
365766
232472
340906
172577
127438
48705
425812
54789
34806
30254
262065
256823
438020
69654
125938
116275
223297
458653
144006
456848
94276
119946
440957
20802
451723
215797
399178
457800
356429
300267
432309
422252
326014
318190
320133
437434
53535
255184
189866
245933
64964
90866
112905
438614
190148
91638
9512
465419
216626
133996
473650
377827
426667
426981
167684
218629
68394
66455
163311
216882
203475
270272
144080
452790
147136
81921
441102
456004
453942
68782
196819
386839
433297
117930
247933
396943
130819
367318
436179
228097
461671
192884
252494
341692
91922
166651
159953
213940
390558
423134
228674
407020
403538
449273
177974
26781
328688
10059
418260
71115
61153
304690
388407
442821
303690
477887
307749
218994
440185
226377
214484
395441
426459
169539
386712
59285
442248
408976
212334
290721
30904
9071
466147
65888
470831
135455
70709
164883
193223
392608
201826
244624
174569
162693
395606
362112
207362
418121
232253
357200
209023
419191
1860
36650
318456
443660
422077
164308
132491
267126
258682
242039
39515
200866
164287
399060
201526
119690
401736
474884
208487
356543
306288
417807
473958
111391
281653
148131
447531
161310
151683
367442
481346
27858
21322
130984
84888
222140
358567
56969
435467
21611
491418
240519
307028
150372
407381
435904
173890
219124
438334
11822
319412
116683
5075
494184
467082
193909
398964
148731
441963
494286
277076
361257
335399
167263
476359
147892
295929
267580
495914
357327
398915
495854
413874
2114
388814
437530
398452
48886
53182
378600
417129
63679
288672
307283
409219
444357
120129
32476
372891
76347
342486
318983
454376
466786
479003
494629
316168
176759
453186
138708
227451
278129
6405
364787
98114
490159
21533
146753
158475
330277
241163
103895
288293
329483
318146
129543
272483
303633
412852
102045
264920
332837
320583
284701
255106
195213
167805
410430
239177
41966
90918
363634
84380
232569
230607
276267
482904
314324
167215
228190
214679
230542
30209
80908
340337
253319
298136
409180
104470
287660
88040
207716
438318
417017
116058
478955
112936
307134
439294
310361
347394
437298
216021
158276
145136
120360
238904
115509
112667
298088
369629
66236
469167
247963
254132
172136
344029
122213
373331
211788
66588
408062
19709
418749
121362
351455
135090
293931
263509
225256
89722
18973
43809
65124
368775
349863
318878
425117
134915
305478
101387
393047
312985
282843
309350
296346
98896
5495
231665
442248
16231
51110
36143
235984
275708
32273
362568
11865
499798
16253
303745
191675
315984
375327
488825
286982
290715
287819
334580
92433
423176
452284
429191
294261
334710
117342
217160
268177
463276
44528
288671
346281
482478
160907
159351
276188
293505
8653
229861
420962
327451
467597
44844
105992
465661
422528
228935
253952
336636
193246
478146
291886
447231
292571
19909
114416
339606
437279
124651
380410
196358
119207
327340
391497
46761
114463
479146
136436
467394
191855
410936
217270
157080
57173
494480
107388
62907
121134
12012
411606
11560
228343
111596
68052
374644
175963
14578
363996
189825
212154
70268
20696
117878
421290
492409
451828
311754
457955
354836
370596
66420
281114
248776
101262
410101
341722
427034
49664
399234
336424
258627
96075
141816
243341
252446
149084
377913
269275
243504
385995
6593
455225
309442
154572
377417
221014
208155
462677
474169
378074
364732
145961
382199
21565
495885
493757
316001
259025
301813
163212
118160
366994
121556
97067
236392
168468
33140
46882
492326
70643
312575
311247
406071
443907
230562
437294
287888
430392
71565
248355
316301
327353
155040
80340
232964
53331
324388
308683
315091
378882
391778
164474
243491
290381
232156
120925
430119
352035
278672
16375
284740
269190
353083
372068
409231
129850
192343
190447
499786
341058
385844
38635
43858
364306
331256
9166
46709
273589
404410
41039
97360
351676
258167
498091
92124
292141
98201
409927
135149
288530
210341
179618
356755
416736
91123
189770
84623
170069
388442
141840
444320
267073
226894
108825
357258
361779
367731
250968
379432
46327
411789
478372
444533
495339
376497
16383
167945
94655
79665
346614
423420
144424
27193
394998
268012
426080
448880
494797
279487
405835
351750
237041
31767
68394
304883
368934
133603
54964
231991
361424
323651
208942
72818
175385
22733
144885
175363
215173
323406
263669
463454
150143
259304
142500
353097
479525
224336
199546
92752
302055
237250
391175
421410
462972
389364
97187
34624
349548
296972
132164
441368
346492
214881
68775
1217
299156
10721
106932
462288
235355
161147
166997
443041
381754
412935
310222
190502
77447
358904
150682
435878
69493
226079
344210
105350
290946
319463
365206
247185
316852
45331
11234
492219
83956
428265
259403
299679
301667
245424
21748
148394
326207
91635
232488
208004
47409
231531
122251
22703
432081
100820
423533
357497
412132
426553
379589
280078
427150
283121
141892
342356
167830
272534
130508
223544
17224
184224
466929
388835
195503
96802
1918
315484
219870
357041
499943
220905
218727
127705
73409
33763
53202
25212
235363
361124
244556
342990
55297
335434
398491
62840
377339
163209
343606
90335
352505
493513
20466
228368
133650
73877
435890
375570
180425
289509
385975
103656
34516
54825
103413
259085
330416
345643
98970
298758
116003
172199
268662
351253
204804
278248
45097
482152
262854
81856
421877
176297
245266
59199
310162
210857
21809
406133
199721
230800
51615
123761
433689
169641
29323
117555
482746
166292
37328
289349
475387
402345
457383
448050
410057
460391
330584
473185
425334
486670
460564
352944
75773
387306
231111
222661
174743
28063
202447
467331
18256
441027
107604
385741
317282
427989
434946
344708
407371
443550
1014
343830
57790
207811
276454
39273
371554
411746
320913
29461
323511
89366
182278
41546
423443
282282
289713
213848
56189
280533
151580
321234
202125
468629
89301
255693
275322
328222
328538
89031
204397
114809
187894
184510
326111
200229
403185
135528
213057
331835
150451
197761
277452
280894
150384
115219
177754
96667
306563
66944
404333
207952
146233
491140
115838
339671
430146
371595
416613
90692
395730
148775
405058
153326
348017
131902
399742
400549
193255
258773
237801
456322
65652
357139
44918
442518
413359
330639
373507
404181
471481
42655
344172
109785
66318
80697
107693
401627
396243
204244
194797
141832
3573
444092
374770
13397
472860
485474
496648
425874
13322
264169
251275
414759
66805
7717
68438
31467
379112
319740
349260
306040
301378
315420
333666
194836
450093
461917
219698
228025
379105
479056
292767
132889
34800
303949
429611
420638
348247
170814
385520
157145
163953
459498
71925
286061
362645
251695
421836
273278
23573
84071
119964
2669
488983
19190
57000
96450
109323
11025
22185
127170
307113
266266
353441
13288
222385
368918
291902
145218
279162
354650
43123
309848
433820
78960
8649
152826
275152
7658
111067
178623
163527
409685
449865
77444
277491
432418
131627
144973
467587
369653
260848
27647
395322
467927
488981
379909
181344
167566
436737
299131
9706
169457
268951
297312
409127
66511
186427
425826
422437
29496
4682
66924
332326
343119
215747
499269
466337
332378
451729
48656
129646
139279
175078
398222
297192
335615
167198
286443
241797
389293
408722
313869
289136
74586
182844
168440
287488
256973
458410
182659
423365
376080
399361
76648
33785
490688
411725
380600
105779
179777
230711
205332
426579
436786
407455
218607
379404
453088
16607
339547
169207
382770
392197
26565
74513
52698
284687
410336
394328
457886
298253
441341
267177
474844
166024
294544
217345
186992
257268
168735
341154
401604
329149
291716
206592
313552
52967
348868
449310
328568
157049
237141
161183
386014
419509
455406
209940
466260
299732
171540
276655
157835
165512
364681
448537
252468
92849
183744
162535
349868
380385
295390
135912
279503
494065
369691
271055
84430
25961
138338
30967
113490
132779
64898
297480
248375
393852
311329
186160
174834
344049
6297
212508
227824
323571
311346
489911
378965
442935
57653
421814
223482
453234
363766
181715
50490
347756
432967
385830
146447
1125
317577
377973
215944
377791
102165
175324
471368
450963
418607
97694
354920
156412
360290
28221
99205
268443
284319
265228
122860
337043
455982
332098
392689
457363
10555
130542
146248
1368
422824
427265
368810
316853
457744
439464
325913
119106
204724
416460
112441
32939
284193
485206
360188
49006
396668
284050
336936
136403
253243
313012
228556
416093
55656
386026
283664
352377
414777
305285
303303
57003
449782
96596
119209
6731
466780
7921
362385
56107
390127
219722
453795
152299
142775
69884
215276
362013
194447
213425
84654
384084
350157
28530
366189
69802
376942
344417
455
457018
196522
101744
12281
324993
164315
464317
229703
52254
200023
301815
432340
459087
88207
283859
155008
401831
56039
297841
150208
139342
229306
45532
416615
50917
266980
198659
327632
249108
21474
180278
247252
192413
291582
129448
58878
82564
100293
473435
32790
6566
430293
168303
85509
444081
82738
443259
461615
327938
483627
285391
193403
324093
155791
107879
18652
485416
124881
228400
111735
1738
183137
420401
287418
489310
454148
81449
422275
202939
46211
345604
185578
174113
474209
270533
261009
354604
426579
261969
8173
322074
134899
391174
194177
403056
419065
100786
91406
418336
448197
496355
155568
148951
100831
115830
66924
170114
74958
90074
252892
119384
477211
80616
176103
6137
152590
384992
402387
436302
203318
456881
165921
281735
233977
479600
330734
170141
496233
47774
350807
418617
287375
407897
113947
356419
238893
202523
488571
481834
126707
84340
336294
97044
59281
78995
488562
424053
356437
263109
446311
350189
239122
169199
157584
371161
116835
231149
123943
478121
398856
185672
401661
351378
253024
309773
375277
199888
322053
76445
281839
141187
353134
301114
320002
349204
357175
499297
167138
300423
213503
188464
190326
283562
202061
289097
142260
101307
321794
326762
95623
125090
176975
315793
105037
4361
434254
335626
145691
29360
108391
293162
384165
72972
225043
279557
174223
138470
178003
359735
469875
70741
220290
343023
284720
262997
102523
149913
129954
295895
239212
182071
223362
318515
493807
137119
403497
14916
302689
95103
70466
328251
19392
125540
387654
198106
473695
30714
437425
364104
290653
480773
319876
274562
378494
107145
28227
325398
446051
421061
425922
483505
361984
459890
447678
124544
371294
62295
258315
431242
14846
219043
134773
240280
366877
435184
496065
234768
38014
432691
158963
296684
217428
374472
338886
283593
268780
416116
171700
135914
158562
350355
381704
169120
82536
322538
180168
441135
47558
54881
353014
183997
158209
176784
401694
390764
118210
374444
257833
26987
165176
108262
341620
131287
218362
46732
35597
51142
85728
7624
436783
295605
207151
348589
344132
116367
58045
290966
374676
258509
273598
69992
200946
4037
499459
35372
146314
446658
158880
308180
339577
97388
412155
71384
103525
173473
354442
189030
358255
95913
470807
293326
182202
440351
471451
80501
335533
10990
316337
381943
90257
86032
170389
421800
9595
208842
122962
360072
152926
236081
356283
138975
263669
84930
102770
283250
140627
355528
422058
192755
477677
107852
174091
75760
340860
198911
241871
377580
174057
460211
456233
418664
95813
180088
203220
110455
284054
491157
439213
380946
400155
184109
161395
343240
203357
406761
222194
103928
359346
278715
351980
199095
481552
385944
300892
389116
228216
423849
341281
386135
94118
33536
433724
301105
385466
1684
32570
463701
113236
317292
164571
338960
80899
212456
92294
298892
314640
181920
143445
89554
218482
115646
398641
156295
37747
321887
118322
161124
4291
298919
257412
26762
282010
373850
33894
246084
176427
256445
496543
483226
320073
100882
202068
302720
401283
62465
107025
121823
123282
276371
273154
260831
119570
383318
204345
270207
402447
230371
78394
79371
444109
437893
111611
492463
217708
290012
245556
307755
148653
256851
142742
337459
209658
432891
301226
484138
86651
175426
11829
6842
89321
145109
318861
421418
288921
426056
456528
230527
467766
40340
469508
168728
14593
404638
154457
180066
47005
349956
298672
251022
442527
345783
65438
91516
199183
471701
492230
487889
291067
294432
204570
429851
2175
315325
200967
441716
77815
173535
20204
359790
125212
121895
239318
353779
217294
107287
185394
278492
368164
95260
331263
263269
330965
6111
36514
105943
267229
322796
435408
1264
409256
202593
34303
351705
431307
41857
217997
160497
45703
162614
446376
389402
195210
265555
429262
224507
487301
15680
12193
263721
408652
205180
449521
275761
186438
427803
90070
335276
497495
381266
224091
292463
115163
105812
213445
112168
140098
43706
174667
106107
121351
226090
299611
36216
363390
30088
128288
445972
152407
255927
315330
206502
18381
151392
424962
163071
101170
230018
294314
378698
93600
233937
353938
94481
481500
373862
449197
459374
197018
150491
80463
436456
307439
495565
70301
194530
113766
361117
50729
281746
81868
487975
68700
379428
170292
425428
195193
456875
499249
146740
456890
36276
357684
281608
122816
248961
435866
310806
385168
105001
142767
494704
286317
465745
34893
239906
404298
106557
339248
86342
80621
337687
146784
345947
148844
145902
236579
135493
104805
395072
358717
413962
264283
442694
117764
105606
10594
180053
195486
21632
360465
72716
31423
24330
347820
279083
139752
62076
352044
15535
429608
453828
208054
213364
489642
215694
97000
188528
96925
225316
283215
472678
237613
410053
314050
285060
104483
126986
213707
496478
111842
450080
218295
350916
53664
151863
91628
360280
131237
466636
239390
400731
209814
254701
230869
37343
200107
53351
44387
294024
406822
73939
248181
273965
23288
297192
62466
443365
199699
74502
185646
264005
192869
480481
144082
137862
118116
487141
344100
383229
100054
416211
408504
13074
425761
21409
416689
5979
387324
314806
275886
101470
440554
383764
498272
358536
483014
97388
58680
195637
247287
372801
491452
208513
465
237917
366658
87866
311049
345619
274453
255523
188311
271350
413357
64974
308536
204262
469762
353963
338969
390516
387163
161390
259789
224324
457802
149813
249279
441595
422439
9342
134138
485938
400993
219618
441160
348020
60058
395802
476926
84201
281578
246693
429514
423754
203485
434002
29314
164142
30689
287520
78419
479945
40101
79799
313225
233260
331914
301724
146115
20786
277414
62667
28035
349791
156853
327573
105431
155854
194567
416866
104242
68722
68513
423022
51433
221828
85301
260247
273731
397602
473843
273705
250467
34506
419257
325678
232679
233967
45481
200730
195232
76959
440112
422489
293793
404681
462689
476633
419969
372344
191320
362684
358903
196587
197343
357551
475088
491960
25864
266423
119331
327364
315781
375076
65311
127702
345398
387680
220893
265509
394543
58921
470541
270469
126557
78225
369128
184445
491540
448196
449357
101839
64388
329977
449066
324995
44905
320308
265113
324902
402790
420583
302797
122027
481360
315146
354184
173724
313140
354258
40886
259315
210332
408564
135401
390285
388861
148602
88719
350412
332525
494451
303791
207538
347950
247884
218873
249209
10664
124162
61533
132747
134869
471186
64848
391054
116930
150727
336691
271138
287194
65130
285266
119543
492195
432654
364440
498355
423141
13424
185632
6608
105844
75251
270098
92255
237806
474328
252018
481360
133991
250361
407750
383739
339552
300947
138193
467243
300449
453513
453038
76924
436757
161640
141143
55032
471276
20611
441364
422258
143130
401744
238420
483304
476359
128666
92772
487551
254108
425897
423148
420720
397588
173168
273866
140475
362069
62187
485435
368123
393715
101172
194747
487040
245305
257163
31054
3466
278840
37963
444599
490418
352172
216896
258275
388691
123858
159659
470461
293199
486870
334913
7411
438163
365638
216753
187151
87998
431060
400352
236418
227254
225612
158985
255753
459924
294227
370818
96816
81304
219185
138733
145274
146244
33907
196686
340218
391250
133995
29053
262683
271634
324814
287960
491177
107213
249465
425397
65071
10882
76295
268081
427603
426383
340835
235825
351555
289165
289195
301894
60701
368509
414054
108049
466084
234476
40457
33100
133747
208012
386389
212230
4804
276900
309097
214118
288300
325716
388095
319017
300727
77851
491373
339561
236628
83004
310875
6488
117013
123217
20025
497821
80473
294306
110068
36791
212017
475534
70339
306654
345625
492965
83109
299329
418399
289542
1290
481732
332915
82021
130411
446015
174884
477174
357990
386941
460649
416078
118127
239001
135183
431783
301888
332727
429142
421578
306545
14820
222435
490899
325276
434126
161832
331386
204961
417009
238769
174879
14626
128350
14485
303630
373930
248613
185552
231580
111272
100257
221250
128670
44609
279712
203342
361989
78971
273065
49015
31899
55667
194178
292611
398104
150914
128205
208508
237502
398720
344797
375006
404201
358728
354111
101242
54901
482007
375200
35854
399286
282191
44193
127834
113768
188005
452188
185743
274903
101219
299434
56446
191774
428159
6271
69183
342046
464597
484765
493063
217814
33286
47797
90515
469509
14447
308758
406010
139445
412149
4873
359797
335656
359162
370272
296673
158923
116473
486475
335922
8424
112232
257702
382293
496085
73750
489433
330609
116402
157802
365030
354710
421676
201166
15349
27449
142262
76289
261785
27728
333081
372572
26863
129177
423893
457252
454451
172945
87289
302273
464516
333478
418577
368930
17787
484410
298908
1495
416239
182837
208667
32806
238078
371475
398628
87166
142962
258816
198096
242061
153161
221542
343627
327134
289923
398334
291685
179654
428649
280951
413223
476880
171707
485457
87373
296111
270986
15509
16630
331386
113249
188149
192554
393079
462984
237566
79540
492282
279509
347213
248667
465687
7351
371101
225185
254158
261741
30860
277231
367723
352716
468488
339216
239390
417490
132547
195601
399857
434792
261810
497112
250666
460117
378054
450875
118110
52035
494945
268212
102259
106884
65671
215795
277433
461619
204729
403182
342970
376987
379703
42036
265715
476078
342100
373987
57836
211198
442368
87606
452189
216976
22411
9137
342562
215392
61049
182246
576
289796
245850
341757
298939
186510
346565
198142
492036
393403
229908
22329
314460
57245
348731
63556
444211
205235
475458
62488
440687
325573
205290
52549
378965
175169
9210
34323
320044
387394
416674
152155
253889
217042
91280
399162
295346
317246
257359
170094
290717
432455
118443
365553
216639
437456
413262
295861
145999
383774
383473
163551
294813
176952
481282
71112
126938
233806
38732
386239
23001
368188
35691
91789
432266
98104
245354
259874
410692
198724
193647
241536
294242
125904
70787
369005
84006
220322
196199
375360
248815
201774
212660
134688
350325
291867
63168
96009
342640
351174
308684
360164
135886
264994
152406
428008
448573
251712
360413
387358
413910
256307
24396
234888
124677
147824
282589
435465
91282
355434
277588
58824
489060
224095
457915
240820
185154
7536
287089
335368
218408
81344
49930
169209
241823
389361
199141
96907
206519
452562
13937
467061
430325
351664
433607
77227
332741
112774
38047
327200
67911
143811
31507
13013
499160
278444
207844
449949
93781
416077
163470
127758
172179
488929
457902
96633
396027
337979
418751
344050
247144
49881
368506
147900
374803
418218
390606
16339
132731
277030
159920
260259
329170
146952
44657
184311
106711
211593
86561
250736
215466
11260
211209
268035
100877
24625
38414
368672
245305
94575
484445
498199
12016
67066
434430
133531
399411
28816
416291
426008
117178
110119
188386
473802
38168
180813
425646
167363
294506
75271
327638
220292
319536
474580
289074
302447
364478
377689
350066
60048
148827
303030
483498
323196
223361
143060
442917
263655
137094
171552
334285
497729
402318
121704
397970
43599
396760
129739
423205
172625
476617
11870
436602
431890
64801
132986
435029
177572
491109
54854
358345
233773
18645
52916
265007
211034
180318
184743
326676
143517
22579
492881
231338
425360
469902
158263
360106
306982
146334
128724
305976
230817
308181
4972
283263
354025
148779
208014
43340
133511
188407
447669
109269
77363
436808
105827
489465
442621
244106
427923
230608
414279
116895
35297
262272
272309
140274
427935
14282
461719
390981
63966
195315
408529
230241
138042
12530
227148
112276
355098
206001
389590
495745
361934
63831
153153
205653
405945
249254
52182
378037
411976
253632
45377
203819
396461
138842
481706
41504
124616
368431
470883
8785
41072
307896
87119
414657
450090
378048
416313
130115
296912
386116
242155
227790
92846
115673
269222
130333
77227
433719
350761
102637
279422
117915
263998
55026
383524
192565
128393
69082
19766
25318
60867
434186
96513
8512
423028
493634
338478
120805
66219
56271
182944
339365
4960
193017
211848
337484
208689
482532
285728
28726
399927
122589
198664
379413
77100
122285
362495
283468
74303
309497
381270
257997
21996
418782
8862
375884
57596
492950
484005
399282
300122
153553
46099
88750
83913
283793
444822
307031
203662
87188
354439
229095
69
299007
332118
471589
488131
378899
376911
215445
70990
124108
486201
316530
39012
97867
373108
76718
409512
194130
273800
216239
229150
226873
250925
434087
123037
29992
105388
293861
316557
274993
192854
495072
315932
438635
289399
471709
248814
2954
461522
467584
230837
274019
452526
51482
120790
232226
268534
479015
105545
192204
251315
198958
220688
298725
293724
69766
375598
222124
464717
66533
446834
223643
354767
256100
330267
43410
17588
298061
436504
435311
192448
434343
256644
32670
51028
73065
269784
499495
239625
69189
475261
110961
16487
397780
218794
294476
298049
324800
462256
493649
129106
229293
369029
440067
183360
63153
26984
389841
468912
12385
136665
147673
240939
487062
109687
348620
477190
403487
372718
313596
250559
14267
245740
282506
308631
213419
386287
471768
206520
441100
88203
115201
2923
348250
143367
312304
236522
424876
20499
242455
6519
460398
425357
445616
380781
292207
471841
156027
1849
112259
215157
431613
344464
222958
435415
300215
258530
246582
142588
114061
311671
371814
39390
375512
475765
82978
380665
481321
327087
178452
262908
427119
449250
185003
152705
144559
196823
405742
68593
92572
313447
286862
72574
26303
138770
185474
120662
324993
155880
311525
215701
172893
365894
99544
163059
209121
279332
50467
497356
42738
491920
443503
488122
91406
398141
185391
241867
325782
413765
315490
188852
102825
199323
366294
79769
430200
266756
64394
460365
273959
66677
284425
40857
286411
58102
55004
53819
87527
93582
94479
294403
206072
12477
53866
255947
439892
23290
477938
24716
39898
32993
492014
22561
132812
484108
244004
129743
351301
494677
31893
9407
86688
455438
461305
197185
138985
393492
17608
445276
284346
147595
443540
132423
108214
70914
76791
157053
137071
338868
338072
266412
153572
134212
175034
181770
275033
16400
304696
410764
387056
373744
320280
15660
466992
279109
316346
271
41287
59060
96646
306831
78654
412035
207828
407878
241370
78520
422209
180442
238433
296686
296656
441424
298097
59579
316157
230168
75421
11164
181374
307261
257311
22886
108780
134632
170147
360832
394932
328483
463549
64368
148901
317839
209336
260762
157451
62247
398603
371794
261697
357874
216722
460135
222197
245228
324521
291517
389161
180472
81118
191985
280811
224878
444671
361869
85237
167608
203321
191767
142403
74677
223171
288132
370571
402245
71412
43302
73292
78968
351957
127782
21586
419542
79504
181886
206129
220264
498348
473667
188091
28453
84289
322854
427516
3659
325822
470689
261152
224037
372488
409406
26799
183505
259384
495451
299960
137624
321143
104699
134046
25849
228565
106166
193905
77036
262299
134301
338762
52189
382067
62597
21078
383541
394734
95102
358903
116651
90206
403379
387613
211226
84411
275655
176453
410109
220517
100158
474002
233154
494543
19925
454690
58748
248508
96789
85522
243291
142895
358542
46547
235805
201513
181795
115485
286658
230369
261344
478846
463810
236154
101790
240771
234964
240694
48038
474854
435488
20328
474752
254167
176570
311812
441006
189668
401231
342370
220252
175139
96396
286037
432039
481597
152980
35235
221356
94749
274097
353282
469921
239152
497333
340585
184337
237309
165066
339414
321128
121159
455005
136563
463973
249453
313534
194973
112946
290881
9473
99599
436922
345254
420208
293258
166389
372682
354416
136186
72820
436868
184442
400497
373786
151582
145957
250557
387598
146244
150030
310543
164027
482927
85161
213940
302020
58424
329186
218294
70650
396228
94078
428235
172041
380113
89196
238616
471563
238351
402659
385899
141908
58747
417599
430810
357554
165015
486288
64733
461203
177219
457941
267240
143349
5152
193606
45898
407216
396853
455765
289120
369538
360311
409440
162373
248438
452042
209145
315449
253290
272923
244530
330780
116785
155116
319634
149747
386815
226939
493023
473949
255315
162369
271663
454898
223346
226935
259330
319028
422318
100558
358081
412861
9002
133081
249185
179356
169138
301896
153216
330169
317993
78124
45617
496982
262158
56771
267048
256608
33365
409226
245052
198435
486175
446564
110585
210560
79264
427574
73986
393474
450642
435246
18748
221270
446843
486060
122712
197668
466222
26879
79416
88307
235631
131433
296212
3984
216651
76515
57136
412945
270627
14517
418330
369977
472021
23646
430212
491274
379263
208316
1458
295527
239810
24761
323710
408190
291231
193223
403435
21877
199789
332313
335877
335287
276953
131836
204232
410923
476334
57767
78194
204093
479318
473985
185993
167777
430136
130216
156188
201749
113454
443858
387497
85363
381576
345729
45080
328371
83893
57407
338209
317086
362216
159844
99077
60614
101751
70857
348525
348380
215227
456764
181272
382146
297005
59251
317974
441738
482642
357298
218174
312297
41307
136417
348979
306797
68784
150575
408275
439902
215570
482127
409855
371198
359480
382872
294051
109425
235791
37971
102959
404302
127559
477817
358571
328391
390943
239421
402302
364201
307932
356382
262289
369731
394592
161719
153948
437368
217405
111450
496510
187907
57385
187881
35906
330363
94317
39488
400849
409122
388764
17190
174921
462513
125382
32055
214683
267294
187870
147591
54382
451661
462444
330777
220881
201495
287300
392869
332392
68783
102825
258475
304214
254304
154605
491029
193429
447422
293009
5719
253296
296345
266333
29682
257849
363375
47871
140384
53911
17004
175969
12285
156709
95413
203177
91501
497989
55313
176014
203147
197583
410329
104269
220848
453841
225143
334049
152945
44175
420149
265054
72736
322635
159852
89452
416822
200214
390678
221887
74299
376143
74994
1893
66383
320627
177557
369376
119142
249768
481882
405999
327691
4870
453585
379632
460153
357748
497707
348392
421277
91983
217190
253451
319021
411721
383848
185590
237831
393426
199165
478138
284066
38759
446008
52347
338941
167021
235892
178135
33526
306071
190344
111208
237153
124902
197612
486491
492426
120160
161897
186434
239684
261334
1325
278953
20245
33379
159036
192703
7602
151029
168811
334021
8610
305954
492400
356719
231717
253986
174445
53139
169348
59408
87654
84791
328335
428254
284197
93344
333699
463789
271653
459801
442390
314080
343563
437567
308270
60101
43782
339886
159816
229996
407376
238953
149841
175357
107207
230479
389633
315628
136492
408475
207118
285644
456765
335191
61678
45701
24044
132057
101834
193471
3435
80347
497604
471603
22425
361479
388267
38470
437861
432929
493098
436772
459094
126379
129376
216466
297799
418106
373653
493818
486638
467967
147641
272059
94629
310070
162830
277987
455035
408265
204333
312922
288684
411659
444336
471841
58549
324231
206415
423828
252454
476731
448747
463270
315044
344230
100998
21599
387800
489387
255985
342644
76526
458090
178820
281316
22419
78153
132760
439444
465384
72182
139481
304843
175108
329978
213242
8534
244598
188328
146219
11524
93265
226465
278305
34332
195159
96088
307147
345779
142828
339152
197114
310071
223560
412026
395475
176897
232203
203431
367604
264073
142821
252855
414545
184780
466774
263018
488432
300916
144327
10601
403926
50366
195062
5733
50263
423586
168819
366725
440004
34275
246061
340828
453527
271747
467517
468189
101152
392947
31193
15695
255969
190323
358091
317152
284223
13769
92298
79355
22504
371589
114022
283953
340616
451145
157258
48903
445962
74001
394558
206327
86976
173420
493016
50988
252984
199633
429894
461849
193851
278407
179600
363402
76036
22733
481807
392916
446936
253047
30468
121035
189009
177158
68393
415997
161978
196968
438990
396971
478788
252271
475716
172317
247871
142131
95603
144254
257666
386872
288149
39704
129503
131379
161165
406638
461160
191213
331828
43672
495333
127463
442167
166090
93075
439451
323372
149068
59203
254898
471662
389246
462447
103289
206181
257888
74856
391312
439431
47177
463314
67284
394824
136864
298101
373373
169514
259958
342950
493771
460876
490622
333912
374286
348802
478042
455035
330574
244458
40736
234629
141135
389543
38232
175675
479114
52541
314238
29084
252417
47579
96372
134538
494201
354049
108687
23419
390875
464751
261228
333822
67851
107364
498361
7903
48737
56200
232802
322956
448669
352210
374614
474645
3476
51107
498392
164149
159572
285027
105142
416837
399944
465279
363941
422700
38618
373039
131604
51904
294363
455568
251716
288973
13508
18207
28201
268377
65140
53385
65136
140295
340021
378742
332045
245632
237331
251908
23269
499297
112972
64984
266944
208773
295599
492196
413052
26724
377852
117923
32695
336216
144619
180390
8428
477604
132685
223657
125389
320410
378276
90400
126123
465791
216136
209579
424872
218610
278452
317770
10806
393283
320705
27805
217218
322433
138801
221733
262238
403607
387955
54359
322916
105637
228008
109744
99135
351130
4709
44001
22649
421103
110559
328070
383950
113012
464569
269314
279223
221458
60257
290781
309751
87191
372454
224246
211775
314043
65256
252213
314898
71265
367973
459321
328841
438049
368224
89138
412875
39530
97661
159517
68507
99384
196854
59683
191102
318250
461696
427927
22054
385506
73684
73345
431445
281793
60962
96714
279664
451715
373795
260798
393387
293
218923
102186
196709
214626
460570
465204
332982
270113
496602
28012
84389
214234
164136
194140
353915
393807
475192
396531
417079
199686
223278
349150
153000
381403
384744
144972
408811
198441
434500
360278
303666
361981
17936
86243
394951
223652
381606
96601
183373
351432
382259
111933
27768
377681
177501
174610
154190
27592
251799
83044
427814
102842
173322
18001
238162
385675
354448
52517
276107
476714
380919
83238
231449
106672
356843
331373
46613
77490
47303
177262
86590
255370
234257
488396
161944
170778
372345
327038
145707
231459
304431
394415
22780
98860
342738
45333
134213
132500
338367
263083
257590
393027
155990
467393
87566
221282
74859
473014
239678
108075
476532
449867
497992
61608
284873
347963
294131
54830
361191
333306
192930
425112
308268
72193
336152
248466
129282
29640
371869
395951
224538
259696
344499
207867
239682
366332
221768
375279
436884
57744
207900
475147
237027
397013
328271
264085
444139
465923
294042
376834
372080
313475
265028
354056
55302
174841
356746
42192
206907
498970
389675
421527
358721
299430
269962
250360
442207
281872
308702
241129
197563
62844
462512
258974
61798
499380
51226
320296
202203
333691
495231
417523
133590
2459
321006
416169
259771
268723
95507
85069
414444
264302
313554
121146
145592
356568
314215
200401
248088
333087
470802
55531
201016
341170
243743
16755
287519
39415
410490
169504
309755
36743
183004
267204
248273
1396
35332
323549
80317
20458
28381
3437
11638
154230
257113
162730
41415
306521
37566
201524
119457
8734
357983
119063
88926
174990
132349
248707
107949
48411
194568
16004
394104
314329
156332
461506
361902
390528
101957
491684
478768
92415
145961
12727
403884
298240
353467
438943
245322
96801
167916
341625
341046
425653
92349
432331
23322
206009
274448
149671
257821
30034
420197
79783
179309
113120
260707
442353
285113
341410
110618
8559
356778
289909
43963
339307
294382
298953
198407
241753
269388
148376
153395
183836
247429
9714
394002
308788
413808
188976
77532
64533
153328
162635
472237
435593
430156
438028
425894
375481
216312
296811
184938
215928
2146
324843
434451
310990
158757
442124
426492
119449
474757
224194
180760
237519
352613
62941
245110
299999
317189
157602
450478
328057
378042
472487
335285
466974
191629
442373
483075
195616
154326
324862
154632
76056
356984
442620
70105
393156
465429
335788
100281
365842
317935
407327
70809
198979
176765
64110
424247
249662
56466
368541
171978
164751
24670
166807
47134
214153
372241
437335
230879
349136
496232
107398
19896
195472
55117
168953
20747
237870
225465
421130
426536
406915
306076
222668
60383
279782
267099
305864
149317
308293
289771
245646
80872
318639
489451
232437
290143
87901
444695
36393
438558
283538
280661
294566
441156
499667
15249
412599
344520
386327
303247
114595
162473
472786
249806
19614
376821
127588
282192
75547
175763
73929
368683
6427
188466
156357
166577
288349
106105
188148
237188
468322
203500
96274
487483
37452
467517
166783
225835
127394
254096
272857
285364
499428
408890
309144
1898
100540
252166
307884
357157
410739
328764
119420
423136
300623
127939
205013
407939
261970
452965
372369
489039
143988
150355
161220
264467
303293
73187
274965
309188
377961
472951
145465
459043
35715
200480
23451
172333
48281
76675
301794
213938
405178
60710
332979
406785
70524
408781
69317
130891
90706
146573
229459
146587
10266
192767
435976
308313
380881
35637
261416
464377
385222
421400
457292
355479
317129
167085
339628
60111
81299
185759
35342
343454
115093
199180
41012
176174
320740
264658
235525
177312
455741
398119
7081
1700
202058
207438
79198
259597
156357
341526
323302
305975
450563
138428
245158
357783
313753
190341
196356
103061
334213
497358
407126
129410
2141
158468
425772
417355
73605
184190
299281
352908
374013
150305
89165
384797
19307
469823
184567
415233
153584
280622
274643
256917
87193
106541
94069
388816
252311
247678
92126
206237
19282
149431
429903
112024
321643
322706
240906
50019
361280
234436
234361
336256
227776
216384
291388
158436
44980
290007
361277
207387
6113
6836
328375
85316
498178
332814
259054
402663
256436
197296
81061
258164
41186
37585
22755
352246
336052
448107
351612
78322
271300
19619
114311
240529
418199
191533
81810
36445
92043
74084
476595
346429
468648
298499
265335
375994
142293
432915
460152
436017
8377
140586
260428
378887
426303
335296
277258
228471
326872
134862
245769
101027
433158
313364
163745
200051
62495
194458
325814
80706
383470
1178
496581
490413
16431
127852
237844
82538
327598
112135
50212
153468
234431
345601
304855
302879
117473
372295
104531
316109
131973
374491
323232
166029
254152
323308
366231
350177
74106
24415
429053
260144
241238
419023
215956
54786
396560
475407
351827
422850
196318
306525
370835
98744
413081
459899
355883
3771
260070
63569
28294
28600
80974
64835
99231
236523
139612
467832
399857
219466
119889
295007
281544
409922
324942
167930
184020
245527
199753
341122
264171
42825
63126
75473
205078
320748
202261
368
339322
349157
179962
43013
493669
68074
438110
341479
203221
405491
203096
151109
133832
493680
337204
145008
4268
160059
316473
194379
136005
267313
36442
497150
486284
329809
486941
94006
342797
12906
333626
149903
395129
255445
169592
240514
347438
166417
151079
113605
395929
466094
399703
147545
190120
284462
423241
442247
74375
263833
427705
452951
166063
291693
198318
149263
188520
267651
142148
495982
61017
173265
84487
87121
232393
496011
129600
253857
184487
64268
458876
419304
246080
38992
66383
215549
274822
463472
339355
70325
413974
65583
169569
356470
130857
369916
191245
25657
134812
400592
222011
219991
178391
245627
296148
467885
38486
361529
71778
407265
148232
410235
24231
359661
207603
427247
489969
65579
333056
63452
33418
489820
206165
256250
495129
44579
388695
158756
376592
62873
301136
352349
455923
126998
259127
163198
297000
228649
55827
228276
290857
355058
49641
28594
361658
272264
51085
462759
48140
256511
122149
452026
426599
52917
344168
131523
288570
338890
193258
211323
218086
211822
240114
245286
306625
345826
286261
296860
340392
441331
13235
159851
47661
59262
15587
494714
465679
205905
485306
250116
343007
455620
263852
287200
183509
70186
333389
373610
419738
307945
497519
42662
347422
119784
120506
178468
252642
4929
230196
233883
289444
139766
373701
71057
143435
242203
187972
32403
159600
391292
3708
175311
273905
269185
98040
385640
251541
59145
43303
107954
465910
471535
309500
474065
497541
397556
411299
384184
55742
25179
149203
60282
200405
186757
144361
296008
330500
438659
353775
66006
11624
324744
247572
454928
293425
381412
409
487282
120560
278756
64666
457035
299712
383827
178474
345923
89260
186163
37827
421231
430504
30747
445164
253079
435517
391973
415033
483495
246702
333010
78366
28159
334930
337111
197848
416088
85668
326238
422760
117696
10325
187429
478869
210136
353497
8586
384069
259230
467707
414663
100860
56984
325417
488186
256689
315681
311081
290693
256601
132557
133279
145979
78491
159369
394594
318388
43178
162565
156321
431444
124036
228645
20125
129808
189337
345360
498623
481344
334641
112242
235835
148980
345390
40790
485272
120969
191292
239745
488585
216762
414435
153726
308438
458664
52318
106036
409511
496793
264337
82654
153672
20940
210434
474139
498410
72701
60744
428960
189782
186013
131221
146191
125151
3244
145176
184816
137612
455026
80965
210345
400486
181641
153520
119163
430254
43601
234301
290259
134083
464372
475990
247574
338161
343573
202475
345308
335974
200218
461548
395426
78895
431198
232918
496731
372959
373686
196544
142910
432782
189364
35118
109923
108862
467460
4284
223446
144152
507
178469
65955
407209
330808
413892
458271
73128
287346
476164
368158
428034
174470
312068
332721
486167
432211
110617
320515
191210
164877
238785
209193
267202
119474
272004
299986
69259
467869
76801
100328
387572
190346
342691
143700
406465
470250
72119
469337
282961
474884
93306
21334
255586
260756
459760
234556
297587
291666
159088
223818
261056
121367
343521
138599
1385
247276
210252
347569
379509
425022
288978
316021
186918
388794
172237
157631
202986
303057
116298
459394
274442
403559
183584
216886
80780
480980
131957
123247
17556
259040
80340
80977
396242
74229
380620
450191
296403
85310
49328
87909
336182
481805
82729
265742
432933
9261
52306
439866
57806
137861
233060
194496
169780
480088
371249
13051
7024
318667
129845
263590
117022
326697
172324
458945
386392
375234
386538
494695
112009
435416
283449
169527
263298
193807
476545
179702
281801
263172
214017
418492
419852
12398
308550
430049
241049
413126
249888
20868
277327
405757
309412
337280
313033
193077
194962
401231
336823
449976
135685
223431
144519
435752
91309
73316
259563
115631
208626
181156
102633
412667
405335
299749
108752
77449
404263
42704
9762
41602
286923
121567
318753
424132
139394
287244
441226
420144
178737
489676
276915
22902
154871
242684
375019
62760
415850
343510
293162
324471
17601
160078
405948
32622
482779
82331
170805
321221
129913
247958
297052
90277
62602
334083
100635
242122
474145
496623
297056
150547
341166
142436
481678
176621
183953
317367
241563
369806
239089
387853
81252
98294
224617
478836
183766
312031
188235
275320
139723
442897
106189
496121
78636
4800
424545
333108
314291
263384
217693
452787
243079
201750
148716
480707
475885
272232
198816
447747
105454
278356
342971
91305
50800
369734
213009
56849
455151
82265
258450
430628
78570
295018
348108
3490
359488
239339
302210
405838
270786
38466
498808
229445
400780
481509
85299
304369
262144
285094
274639
114791
102483
249234
98126
483379
262599
490915
234746
177667
1341
260185
27951
320452
273110
394506
487390
342732
180999
313131
325483
324450
152708
186993
52627
253623
62638
443898
215382
461349
209736
251355
38718
340419
263867
397791
109078
127141
390730
116431
408826
161086
112237
497886
335358
9059
410225
108900
439632
316569
417914
236027
496075
11303
265945
40956
240222
227154
31718
211627
250818
267791
498320
115174
24423
495391
71615
464728
342990
462771
3006
18689
418596
194771
442844
200655
419592
313706
440565
379559
203911
57565
159248
142635
407037
391755
396571
261016
203189
47059
341470
143111
264482
320455
397554
306940
482900
383769
34056
405343
192642
467937
356352
149054
329449
167817
131330
103146
114051
208395
189452
266333
266068
378867
215142
447039
261692
499725
481728
325840
408482
94462
76811
245959
133836
45953
23262
247354
491725
276741
302303
319
374270
257877
275072
450774
165943
135692
130679
317513
95363
426161
91634
80824
8299
92712
95179
491256
428834
483779
497114
172643
439350
408265
355070
86701
40890
278133
189061
420763
201246
267983
469103
287895
396312
207501
401006
240372
248273
300306
357624
140329
62392
39872
478607
3847
187915
418312
297299
4784
189591
182887
1069
371945
201623
95458
317581
431225
165164
34212
417980
369684
427522
321975
318274
3983
302825
114943
340460
232933
112625
348659
200645
40842
140690
126200
145279
227737
484948
360129
73388
302723
239301
398684
217912
287083
403581
242936
113110
166511
303514
340327
39244
22805
275286
54004
420747
32279
340485
294907
471021
43900
109874
184424
63458
35772
95906
141948
460922
86622
394893
61852
419576
452432
100217
130144
322706
453306
197374
247148
462888
461145
121098
304379
28221
366120
487296
326662
102973
166957
367114
264314
425886
20841
459442
423795
154818
226033
151069
393954
151400
459659
137152
12671
320534
20454
214322
76983
136722
325386
167618
423568
327678
465988
456957
389994
77635
179331
181752
100765
342348
328427
285931
372347
113479
364515
87822
458330
310733
126989
217286
464541
197790
101058
234275
290328
429628
474335
42076
421344
53490
20743
420865
191906
224161
294812
148950
356809
200071
123520
310970
437298
214763
98085
63096
478921
93493
372722
50343
74076
371759
327430
65684
318384
154582
307127
348544
493919
138302
349958
95935
362016
287427
301748
105947
27628
185328
406915
402873
325250
466578
156621
468816
413642
285904
179511
45741
99833
51763
393415
177869
207526
63832
135237
215643
341324
293350
410239
78240
318864
59354
139045
39977
65817
312113
113200
389288
329330
325793
182902
60857
472719
64288
370196
272054
273178
247989
392317
114921
460555
178478
409972
102759
442038
460499
168150
246459
101107
367350
193422
20380
339136
289044
363060
130067
153026
127537
88600
24396
105338
344975
87709
141372
426756
14054
131528
381389
468157
359755
251280
146473
411331
174894
350061
249563
120345
259367
164640
495624
395695
402967
83355
347673
73809
411054
163514
20370
445852
242013
449199
84259
491423
284782
494330
403341
58086
213374
487834
274265
243162
411863
34133
32635
292824
318614
49124
197869
496164
430443
105766
154492
286327
258500
70177
238677
365798
298353
374210
288713
400082
446368
403683
332706
162505
22081
181408
215803
479176
137766
238646
274866
266981
383372
223270
232821
423052
408707
17281
495223
317652
379889
98406
432255
472430
250320
63012
414897
421988
344948
28471
131627
240937
371458
212523
160751
117474
310337
250126
409556
411808
481463
435796
257867
366801
497081
336926
130589
292162
298488
433024
312309
336188
393767
378742
217032
66204
450849
336917
318959
447693
318521
252901
327903
368703
172482
112055
232657
413323
386141
452967
478999
379788
466464
409008
111319
164739
383138
319730
4852
495085
458761
402272
452285
62362
222077
92252
115538
22910
112543
175800
90047
24635
18001
256621
368916
6394
95421
393880
221118
259348
298291
355344
462800
370441
444468
336030
271532
371272
112344
76892
83775
372657
447893
129405
38876
263066
70660
214351
57623
287731
486790
88610
239465
127345
16839
240200
347185
224163
256162
135912
115831
41933
72637
437633
162710
258633
359471
60247
363914
155902
321065
271639
381014
68685
133856
10893
26067
291006
406762
301322
223294
119776
205147
86683
263488
337008
338300
479163
4976
373077
424122
463708
331519
475577
170600
224411
156902
200832
357312
78516
20992
248825
12808
429029
238201
51297
472219
219903
281880
173684
461345
225324
387413
482417
244062
294103
127877
240247
413174
237733
248684
416044
57139
180322
460152
492144
254168
415945
165848
151033
435751
438931
453818
92854
365454
240155
263276
5464
24609
292646
474630
281123
187178
350359
313782
91648
187086
357555
286754
258081
70741
462743
25450
362021
105423
307985
50963
489233
315351
329354
290162
487960
92607
222047
291470
468703
88243
143772
191067
297502
476651
368203
212318
484265
314561
50302
96514
458920
129823
179330
98834
29953
269799
318726
352422
448987
444870
326345
86770
19230
356080
93494
81662
59944
396810
368506
128549
440288
38762
96666
82024
155970
204398
350921
386386
214822
392836
476574
177157
269708
40726
341204
327444
497493
323128
40785
473498
24565
99656
182041
153476
398356
70540
187006
193134
271876
288222
228544
69028
497654
272691
171400
194046
341776
476152
191694
76955
347414
304484
122439
245399
439356
362756
14370
5848
147978
248915
162082
148122
19683
414453
161787
160268
184284
40141
369623
215311
271071
151214
158782
141398
122604
39989
21621
36342
146078
339129
405015
416402
205728
192205
106
431231
144579
396237
347415
209420
173917
460801
184778
171456
122925
496419
236868
76766
261551
297715
107988
312132
38804
141501
307589
498730
121782
291695
173596
127211
137141
247507
226660
226654
290506
409248
228358
327831
334695
302805
461732
470831
82532
18117
283718
241088
415930
181116
104991
425299
155662
140886
129177
483965
344224
491283
429960
239105
97684
106331
136520
305662
160898
470893
102897
229103
323533
453551
455769
493188
346056
242499
195663
240079
115664
169918
372771
19878
27493
425064
106442
230454
384595
387295
259614
118274
300615
325369
69341
57859
330412
256708
210711
4396
75726
254120
304371
454027
243127
31285
383955
242385
357953
461183
302098
199095
405459
183228
124760
381482
252947
464817
271399
399584
237792
253271
74016
262302
383052
337051
444812
321810
437486
403256
175931
322420
177882
74002
64555
7477
331302
301130
252548
236213
483175
69779
123915
30999
313944
380768
446430
189117
241023
51340
408160
228918
210777
311454
116370
349972
497342
102456
16048
419503
152802
203246
231727
481563
369917
443369
475099
340370
217857
411847
59380
223911
312246
34277
138753
80743
418733
393786
40907
55637
75457
486607
18970
380800
207916
34055
376758
44924
181784
164609
202779
160069
8651
290485
398294
236589
79803
375080
173095
373902
354656
469333
478377
78068
422959
132581
394418
132595
66847
33162
401424
417293
73637
314994
119518
400010
458560
31672
1992
329834
306040
248026
376842
415187
340140
366609
336930
249602
141958
323315
392342
461566
110554
472389
234726
9898
92944
308216
365821
450578
95047
117578
152902
273385
351001
480434
168591
474557
314797
113737
109604
395003
483430
486031
240604
67713
143703
423508
371302
265477
186563
422343
331133
308010
121686
168608
386188
174734
57168
485918
6044
440545
72293
283210
231853
236912
406320
364386
437930
245799
26269
206735
320962
462508
97958
240718
194191
343275
213312
108944
93359
174080
299064
408616
309647
90391
291964
59748
76074
133657
305968
9109
370735
95541
91847
5933
269500
164517
7167
299689
412455
225712
184619
26127
486455
70452
498211
286445
246812
339402
174975
72562
466670
9627
184828
270183
396808
389682
352977
340911
136388
326117
434779
54123
446197
93856
101983
291021
478707
135132
41061
108518
84631
358443
282763
306872
270832
439935
243504
236221
463629
8626
144399
258653
1288
27601
468552
213213
367520
75907
343751
163231
478996
82609
109390
367492
250376
18645
152750
257713
164372
487086
499458
67357
137606
181076
61417
433499
17926
229717
128118
72308
101441
50175
7701
389194
59482
118504
466750
268891
491459
469000
425005
393888
131891
119846
485633
499063
118877
34048
328650
223195
476364
275803
138934
494592
391250
393537
268753
269705
312762
321097
211339
304510
455608
381773
97861
370950
212992
88201
386057
185809
494441
272913
265471
119698
395732
91170
411346
46684
461606
138277
106557
447040
90912
214671
305374
201934
294635
110619
152182
129288
58415
168521
379951
96909
29790
189470
383303
64518
371346
312956
104429
302112
471717
301395
262849
157534
30249
413548
222276
425132
125920
212738
452767
181628
479293
29616
276380
341388
140371
435074
443075
278670
422280
5592
43480
13764
32256
468836
46354
93197
302735
299640
147301
130530
301520
191111
77233
10807
172755
364586
358527
228779
278468
410106
189146
388544
233628
120485
406244
63414
191233
283257
47770
366416
193557
127992
138873
59837
101970
229112
39940
422587
391824
484737
165552
265090
183126
55518
331435
333799
82073
494393
492500
303316
39841
39737
167268
300589
29213
93691
195990
98411
180089
318961
319313
170972
448369
163475
255769
410199
340818
146696
156890
299250
312974
111794
111153
312185
141898
412553
14002
185458
330467
422801
110617
116654
1194
142312
189008
12003
493939
197995
769
84261
212721
97898
405063
424143
47948
290694
106353
36168
322888
418869
24979
442436
145761
96926
119531
187772
480094
339209
468093
203008
236503
446652
252245
438398
448135
209676
81226
239182
28753
340346
298721
332309
280434
33518
330252
392637
458008
80618
374315
471343
380658
473512
469961
73036
62201
125569
46174
114764
153102
480012
63785
86446
263587
217659
493036
88544
58877
306216
318579
262330
497055
407487
12630
277108
441754
288137
129652
287102
488612
186080
247349
182699
127448
60908
85686
192916
153371
369658
51064
257230
414746
364113
101803
399551
404123
368390
8416
318283
68444
213135
386725
85407
115888
83116
387318
280253
308625
355753
367603
400009
340913
9573
101356
389698
129409
63914
214761
285979
452638
481865
452478
117262
326036
104109
302429
444653
221085
419996
191416
211561
91058
157533
448354
239694
200220
99824
123177
410593
230358
158718
159810
17470
333726
355221
82450
1721
51166
126306
216336
210948
427911
80173
429270
231768
460494
433193
491482
100986
162928
299012
146773
268664
119462
79961
227825
83548
466260
482300
299426
431495
326484
354772
235468
487583
291482
361178
127768
287336
447441
401225
380632
8938
336945
33400
10413
187762
275023
61483
16143
243583
199279
246050
493074
243436
86280
203023
213250
289466
340139
362036
443408
140856
456770
99863
120950
443804
191520
260055
101494
78390
187386
141259
161286
361205
310595
130404
202390
146421
435498
73320
385357
436087
406472
394452
39755
50843
369099
399729
87138
3522
84318
72421
27285
260239
137223
219270
252693
315840
430470
296465
18682
81371
103694
439417
455062
262533
291710
197969
69994
28528
91590
549
133224
325814
247738
231382
144546
21837
140554
414549
463462
229275
386246
419110
127692
413033
152076
490988
196421
486717
2965
12192
213785
253730
484683
367401
98946
426771
279399
125524
342786
361282
220329
100467
196221
431513
301466
80222
5570
150591
190048
466750
477843
234502
228169
280785
95086
95289
39268
132466
307030
157651
95696
481090
54592
254824
107443
157155
497705
158561
409931
288981
100035
205411
429668
397758
268645
361908
70118
480489
147664
20699
90783
69728
160348
246119
433408
188432
359040
141267
133174
298777
397787
118150
50763
176525
338507
313410
107275
350229
159599
105218
239505
382247
425150
293395
387411
220041
85428
118326
220517
35659
480276
53063
238316
243725
77325
387014
151850
430525
203604
187965
215657
402921
353701
474050
179795
115461
135546
76125
69138
474223
254871
401969
183088
317970
333017
130987
444052
51172
406477
52313
260259
330984
387935
165196
296280
464341
404271
19532
406623
452442
276678
176565
337203
52041
283746
26879
361180
395847
447044
362645
199200
340525
444748
464586
450273
77958
342565
122219
432612
308183
220187
260307
25857
440819
228748
426214
259775
313487
359418
153738
240264
283408
487789
402171
203506
38301
345818
292074
450834
315614
86036
7576
371465
466035
275635
370499
976
100932
260992
371739
482864
287862
333343
333487
465846
57936
284099
128611
327150
187426
117984
127893
114851
280571
384222
466174
252509
399151
181414
441717
366266
468464
373923
241872
52219
27327
79812
288949
41609
325825
363589
455522
364626
121420
212897
45072
120816
150612
443820
247427
480901
458983
181487
497573
324379
235406
479805
274139
30351
299118
391367
68633
129718
222093
219462
323554
453425
194196
445440
200780
400593
324598
353821
67810
454671
481035
16325
453562
408689
390207
57193
283307
26493
279064
32498
248575
462215
481198
259816
319743
99242
117224
463557
320425
354207
387796
265326
454248
307313
256187
168226
401720
226391
323862
307387
323017
342545
47511
267124
431188
100338
188174
479952
294884
55983
33910
235881
458112
197682
16598
373117
17590
390808
495648
383920
1762
238966
309878
78208
220727
490690
370140
370509
393805
335886
271038
97569
488053
314835
421919
340503
156824
55151
168586
410109
429313
240699
251925
134232
114554
338968
139800
403564
483045
98462
394008
1158
309119
420508
259118
398340
132080
393020
449855
147883
279492
79280
456673
325738
46328
61908
484225
4412
54035
408515
431631
443428
33698
496869
193506
480297
381952
301634
310709
214849
116089
191290
215190
271764
209847
405619
314757
364791
296568
364499
483514
302161
166987
380483
109090
62988
377569
129685
485746
8778
498713
202177
49404
47555
7160
151725
169333
189825
287241
394851
315656
266875
198734
45287
293202
159436
94854
363932
343722
123064
226868
107233
113461
485175
122651
408373
339488
33657
338725
63169
207752
23454
162185
84326
252324
195347
405594
201716
351960
440710
471340
470305
242461
181906
137273
122417
203436
407106
122912
486672
50717
160281
371476
408633
254493
49718
306030
377573
315659
176850
444822
353775
404364
18775
314589
38200
260024
417292
82517
301549
357164
16471
201809
169925
349433
115185
403439
456280
79897
375446
21132
371605
257591
18629
321068
311071
23008
245432
201386
220867
268613
243126
310048
126115
315400
9797
199062
396456
358591
477760
88059
432203
8732
45156
100118
148817
282402
47326
317160
401801
474726
403069
254924
61284
426077
321352
112598
368295
239718
48761
205558
51703
312978
82426
403062
38315
60222
116824
498247
384016
225242
449370
269251
150946
242725
42055
156703
81216
219806
189406
427552
245858
33879
5189
189047
215585
68733
428629
65186
401839
308337
412305
448881
58396
265967
486926
272229
86498
332152
54533
186859
365540
7405
29978
256557
108428
32742
237766
485451
469327
166098
160795
223578
129396
31787
12288
214633
169558
30703
285198
281394
191351
398742
187405
362388
97906
252365
46349
278375
436668
275340
31093
447837
436366
184883
263811
91718
49991
361785
272355
277852
47230
47887
116049
214461
491408
163679
309045
250643
263363
78796
412777
1282
422800
281043
101036
89986
82198
48346
301887
101028
214486
91912
464844
328173
58754
475223
47893
126019
269934
262979
93680
102762
236907
131432
145429
396984
118688
138461
18479
212540
145249
264100
113627
107760
316355
360541
17827
202151
418096
135242
149786
133724
250906
499332
23800
210022
48650
104671
296914
478969
423350
219727
108987
234122
44374
4653
493490
439357
89183
474280
126047
156580
325845
132632
135578
306555
192453
229042
239183
66611
381565
354077
389749
370412
314889
32887
11757
103035
162154
36270
115488
375992
9846
330697
463282
229064
405959
181512
8318
313976
235829
232021
249314
496632
53231
369603
245425
253906
379144
480180
19930
185243
253802
464738
34403
138957
188112
20895
86435
222229
243533
167604
498235
120761
242421
14283
37464
176493
491196
262510
84890
216889
400568
18311
186861
423654
140373
322108
356742
77922
350607
463908
383191
335858
400167
440392
448027
148076
437643
209266
460349
8480
484285
85351
97802
78849
114824
173896
100973
395906
204801
170527
492026
431536
36217
47700
303504
329874
129252
168161
20288
332212
204952
370454
112270
25281
455750
432406
358309
80424
260255
478918
483716
444441
166155
298805
370328
441252
260450
481170
134242
209400
227441
18977
19791
180174
483616
198386
21779
207292
242921
165148
139674
342455
436292
301328
174201
428917
69171
380868
164790
26671
499696
116495
200816
149701
284823
462816
62549
434207
47525
156048
163134
426751
9846
234302
433844
293919
425724
227841
254150
244687
205453
157962
212240
248701
236016
417990
169601
41701
146586
237800
148634
190979
44396
171252
129685
181075
497653
69469
200769
48159
42491
210374
494813
81291
154829
489456
211742
112543
345221
137228
437459
238866
41467
287862
133681
355253
327103
216547
397509
106831
396738
211528
107570
355832
65508
361061
465976
333878
91275
337851
452449
163487
409458
88827
269122
202891
61081
256526
185595
152738
65564
449138
432220
71595
178681
104769
289845
39055
408801
79759
172716
360243
10217
415504
196331
214827
461355
213302
227686
268504
116088
376969
124705
155351
23878
449424
112864
184777
318249
254126
33204
473264
418078
413932
495410
413285
264029
286030
145205
120979
31477
22224
164225
53479
281791
58534
338307
262481
151521
457821
340286
482780
90968
453065
344497
105161
115230
274591
255767
361320
474197
209163
304620
60705
352654
497818
415787
41892
280609
484250
252808
206718
17514
252128
190962
311003
486324
453463
335975
389528
17129
224414
389144
164096
180819
427822
433298
27080
251161
163664
88515
251147
426830
198856
486332
236461
37553
160909
418044
251761
236915
155743
140219
450504
194338
19266
91900
68980
425999
323981
261362
333049
54000
299091
190013
497623
263169
389449
31628
430046
232568
462811
474258
15546
344639
488242
192271
314677
116044
396780
298180
190523
342601
270954
216878
45012
449507
21510
390588
314961
93083
210003
470080
491519
470668
50136
459087
252962
58790
58788
187162
423796
438451
277130
78280
327081
25081
309315
293008
235961
412569
384067
95108
139888
196856
80295
57858
311639
181235
25644
287979
177224
47588
355248
339908
273339
107271
201602
176641
492716
287048
469884
209114
220202
383073
455424
358514
446409
348039
360708
194117
372863
401181
495707
324814
204022
100234
86447
361285
451965
136918
167941
347139
229096
9890
282128
373121
253313
269757
172437
84943
35701
14161
104391
282704
313306
65293
454301
429457
76723
131728
183352
460191
338954
20267
284100
410532
102157
180257
189353
262644
196730
59979
329082
217880
416029
495108
479932
384912
104792
264754
174969
49986
81394
141054
478175
127488
310034
278126
42966
294884
265533
61987
110220
413604
440456
381202
56543
266332
140968
403039
496215
416900
22601
415417
371186
182950
256537
80330
456983
368356
354134
139499
220330
438433
476394
259192
375589
235548
332623
232660
468423
351994
438768
447924
177921
37268
148652
270567
94728
122864
438518
388130
318823
372084
350891
280346
68007
489360
462773
111663
287874
386240
482191
467920
88524
451002
186589
387179
353476
233770
282970
146632
313979
16197
249877
392436
466480
108772
241479
111139
81405
181003
197372
474641
116953
213261
429204
160590
414453
264628
457714
12934
32796
427596
148867
113767
448295
339849
178513
105495
464725
128649
48802
455178
224518
66083
193290
148830
12824
476407
27984
362740
289976
107591
26959
354501
488709
406097
174995
178957
66656
466037
453249
316344
159314
108847
226262
115174
63670
366269
415641
310148
276923
455205
451941
477015
213299
138128
390663
421480
398272
283817
376137
367080
278218
378462
375912
160902
238377
146288
20870
66958
472532
462256
424736
132207
490376
253274
977
46045
327238
179915
252522
165959
312738
325411
281868
488562
9523
417963
99497
29737
444005
303539
231785
10783
448141
269628
427968
245120
347178
306882
384455
454241
309817
356001
431772
343160
83801
262524
426429
265836
326895
213083
472384
39830
315337
347254
133696
213315
18267
341532
362975
174954
12765
216083
471627
139133
155085
5059
216250
104685
373981
10277
238529
55322
380213
15327
28454
15833
142965
13015
138980
237955
280573
231761
409955
256493
418409
356580
26013
14058
270604
7604
91202
361537
470760
459002
421886
493921
125608
247778
366810
286946
306592
493555
105892
54003
465716
169017
90629
97041
128108
178784
264114
169167
429132
438756
476498
78026
146525
81439
238324
200999
59584
29666
478230
299965
179709
198277
300363
301309
340439
45435
23828
340394
490226
143080
213948
84802
135371
136378
108327
239746
475190
90107
235420
238617
304675
14429
126164
150162
254641
150880
432519
86599
24494
49116
414416
473142
126020
67677
293396
472842
42274
442320
404995
152139
244151
135539
133827
298525
215291
332700
443877
176516
137927
71057
182672
250417
35702
94817
107968
6291
435358
449321
195715
227677
117185
488575
486172
59232
114049
213462
129318
42216
466649
109853
151850
153325
474198
141216
205238
264375
183100
454867
175036
703
210146
206795
295112
83007
471168
301989
157425
258376
269681
411161
226940
491433
16449
16816
391567
329266
392892
337058
425418
492472
229662
79472
371350
170523
400589
54642
195665
140522
176719
36178
32834
246793
80489
101091
23926
54795
245576
311486
303110
492627
427228
416982
476253
134894
303315
396990
328920
481422
119842
490112
269007
290481
257438
116063
191856
419884
254869
107032
262497
368920
286805
43098
150997
215544
352902
163748
434981
394699
230706
166424
429956
252697
262659
460933
284740
429081
290726
37249
257985
322771
72321
347999
426360
272238
231110
332406
158720
312428
139515
139071
439416
381980
246801
243224
266137
158205
273750
148701
54469
399121
175993
345334
190500
245625
190540
429567
326678
188549
44689
472589
156134
36239
445281
90475
436676
291647
65631
387210
340710
178155
45554
492490
301589
77542
164193
370994
425188
316369
217843
34641
356794
121441
209695
281401
455526
226199
269258
466527
57135
69624
81963
146744
27246
37617
304335
484346
124669
9829
342411
480286
412122
8259
290105
485295
113134
297441
245961
307185
176756
238272
499225
274159
486142
485057
244343
237323
163251
71042
137630
87755
48748
37439
47482
880
226148
234721
148221
200119
69097
405904
211260
459729
324219
373974
433259
239904
59165
430019
272193
281957
141865
88775
183446
431382
93145
95951
82847
471942
454244
73601
346999
364280
66965
294432
365798
165674
460662
58169
352384
452826
366771
177182
355870
258911
413892
54252
318485
329449
406712
327875
383572
30357
239071
384209
215668
488084
99916
448901
241996
470611
283052
160123
204608
169278
361643
482562
31357
421693
234861
424729
381956
295142
343488
120790
285083
325703
312104
195903
183614
212897
410416
11531
160956
420094
351700
34382
253559
338159
418721
220373
356831
182205
292175
160367
338535
372145
116965
473777
110041
236856
317500
320043
200997
99612
370171
457084
134856
33208
470117
350386
80592
232432
20962
280805
373966
320148
68577
380578
166043
437449
282044
87940
672
52427
210147
466833
132023
406748
111106
259700
24691
156187
414538
192770
491785
380595
460884
458005
184989
193525
469601
31535
305126
354280
498050
296457
451380
274932
155238
389264
36644
54805
217641
274226
442344
303601
3299
155973
157664
48460
289786
173108
155910
136080
55473
329789
335495
22780
75149
493332
278546
263750
425104
295571
237388
312716
144251
319354
480677
227641
485279
345193
119453
465140
5031
322889
249737
250619
63090
222309
171542
499827
102982
231222
196636
143062
74656
186073
315259
122943
61190
306613
43649
498028
78203
163425
236515
457666
163775
198547
356894
3438
75357
207830
17857
429267
347396
317994
427566
498322
367945
421881
328407
58153
442504
403047
330352
363623
424038
32245
325010
257789
1901
54127
141271
216336
18028
277851
61858
271024
8695
62394
195897
333589
137295
101612
75359
195914
405711
37599
159998
368356
164431
24327
140792
212413
464233
100099
483446
28799
288156
206166
124058
121463
380736
434359
448164
460003
261749
444755
103738
492031
466496
340363
34631
380106
337435
229796
129519
238550
333343
274670
429751
19200
93607
83228
366764
468182
146796
4756
219761
73504
129031
31375
148984
230125
5259
379316
206277
399926
248041
421616
46933
404443
312954
462720
34939
118328
196632
30915
473233
15350
189641
254894
466552
466554
386534
422403
269671
356894
34470
170889
43581
13162
92451
472774
133324
119527
243789
471626
308761
289237
359984
447876
130730
146979
489050
68708
345283
176678
401185
413032
250996
372102
395884
39628
345971
195686
22665
47534
292285
17530
473132
156225
88006
456151
376022
65216
379994
402758
438041
7618
117526
350814
149085
85772
280395
82886
296270
280546
458063
294893
33130
69401
153860
264530
105075
451488
447982
202695
80565
194580
439571
70230
441960
440628
98254
145153
219216
145267
17528
55244
112607
331732
336379
481501
472297
314125
90810
281595
430816
162991
305377
148147
25285
460857
405932
189367
249856
231210
152772
162340
397565
170303
291797
57972
448681
301464
219984
85443
310445
344830
295855
39250
107510
376393
139886
237621
183125
253450
407667
358983
168132
142366
140065
431255
426436
261434
422925
16907
25153
314010
465315
13050
307557
469830
90421
422366
412399
404051
186633
202868
366529
124837
215674
411814
25140
6381
317534
354261
238658
474582
378540
294158
302746
295043
16261
416170
225044
351785
259061
317094
283885
273361
290120
235604
415624
442934
393757
418321
481223
252839
151174
486797
110464
362153
15746
221648
96768
50558
489046
418897
397272
196001
353656
170715
234548
159643
2718
275013
344706
150060
498199
161868
488178
322047
319379
144548
125988
15753
173124
34553
181424
494458
423708
143315
102533
28848
317713
65408
89981
322197
443170
39702
315145
196426
326904
209884
266301
402782
446557
185986
363910
73545
186142
318194
147330
166364
490431
377951
396598
83729
358802
221248
99075
298516
322497
255010
124283
31186
432165
44827
304441
159255
163321
138484
443105
301405
456309
191751
169008
6579
377050
194792
215895
59410
186410
148910
130238
456063
232062
217009
53897
93720
314026
52638
392094
67227
29592
394301
148175
220584
480803
390229
372173
13461
136272
371879
488614
140842
326147
11210
250921
189116
101984
115801
149927
168045
487527
104413
413353
459378
89875
333169
336948
424875
131343
26715
208859
244371
142596
269601
449639
208279
17134
318349
70877
334217
483270
6150
460230
148203
116463
54033
53687
427885
99672
336778
229578
244022
317865
210529
421210
299477
265749
461720
95
234789
239027
90513
331675
440652
382073
370330
314348
50937
100237
126075
203136
141024
58123
1688
93446
393230
109861
4754
14246
449958
288904
272977
390031
94863
204373
365166
119327
419036
360738
56404
468685
65065
300478
134524
454398
117868
365067
335916
321142
12449
474755
46099
354354
152320
31054
444737
336754
238931
221110
494316
312159
32942
34123
280261
472740
260307
366796
77253
53428
34714
341776
487284
362945
344600
348287
226573
19067
117067
36735
170486
267890
247907
279583
485944
375866
127071
477773
237720
276135
174612
356264
43307
497790
492355
8675
264483
362106
101258
81422
489396
121657
205242
162307
105525
136681
496237
126358
97704
389744
45783
268955
233704
293932
142414
94724
111325
153109
379913
156388
29539
430006
90549
432130
238243
485131
322275
40154
135597
59596
468033
313510
483518
405302
423680
205238
434970
231319
350306
236497
186466
417106
395022
397080
75133
21300
427596
44085
324298
374851
171547
414601
399961
425506
377057
295408
98849
473190
418677
1288
440893
206778
483254
222138
77106
453376
424174
397353
374598
182373
344020
368321
85175
180937
421256
441456
418722
295858
390528
414334
415676
43256
293256
39931
172587
341377
65883
205783
387701
203549
154249
390896
287306
69289
378667
100009
269445
288267
184995
178397
314088
460242
499140
75136
316885
156537
165598
255685
221116
342633
130113
60374
417424
140510
249108
480948
244267
366154
125135
32213
43404
17166
283995
114804
106302
83482
346126
369526
369961
445069
421062
428362
225167
481824
409833
485929
441713
101462
400460
172499
70942
203948
195238
129358
91591
214092
377214
213238
361652
355612
44715
41600
470713
207337
313103
65371
204343
107847
409625
492724
46324
219095
313399
130526
380548
455070
381982
477592
98276
80175
104710
124549
22360
307410
165794
44010
82315
322193
85850
337276
217310
336353
45612
461795
428298
322639
445718
285863
283314
90435
178900
331155
389271
115234
163837
197012
13779
310405
127168
118375
233394
254270
332891
154521
101414
209556
366509
342581
405308
438528
452417
450135
119570
400484
487655
403165
156602
166129
93005
470524
356709
234744
409432
400187
260693
346760
211458
187144
39899
431089
230522
227547
302796
102669
415976
450989
29560
470236
113452
421411
252529
355933
55584
94156
290909
280629
175591
323736
409024
151845
161864
451528
283682
253969
3175
259800
200912
384397
155452
321408
58629
484807
46384
365132
301841
187380
30312
162311
67383
36395
110832
404825
53955
47840
421127
150338
213163
110468
109629
251577
103655
333348
367627
275166
117209
477118
60233
53598
230050
134001
338559
247928
114894
472333
347840
300881
22665
455417
341696
284659
494066
14645
451673
9209
42882
402020
138689
452311
174438
45918
175407
138393
22382
72445
370757
195596
356786
205107
251348
230521
334077
450078
382486
235133
117510
184
76358
183105
188802
382501
37091
361302
5982
299538
285363
140162
174158
413261
207735
175414
68489
447318
38635
194578
409766
158327
73463
491214
218454
29672
352674
444044
408302
248485
482787
188566
54494
461384
31596
220476
178137
445570
354158
29706
493067
66034
376092
59215
100873
276919
428525
55382
265644
300069
75085
258329
120392
221340
387024
79782
280996
243516
94833
189649
381863
315662
287254
363882
490407
265252
367004
333808
190587
117172
451238
323082
83232
5271
197346
367558
177525
452199
274843
322044
390043
365503
256580
292330
220058
204588
478315
479646
109189
66603
55642
63457
414355
328310
243031
65127
37749
410176
172612
283069
459701
183749
202179
30568
215105
377006
467219
255817
66414
418193
376502
358105
258458
237277
489953
449186
244319
314898
9971
87089
335812
448931
282050
300538
462484
49288
329562
81235
35155
45917
189086
455399
174238
88678
216983
443427
287576
467821
342481
42386
383401
163205
6733
318634
104839
243179
467572
263083
390985
20131
58682
496079
262388
410302
258940
218881
145388
270632
181337
78798
153472
94666
177687
454810
153646
353763
110730
86056
344440
261691
294880
26973
425044
206508
443616
330762
489897
149106
432819
156928
463009
466506
376155
468125
332038
23995
416399
404348
333930
221633
3137
286383
158776
384066
209540
67990
7194
180640
56004
140951
202721
109375
33095
278383
125267
439919
444357
100770
346584
76037
412419
37028
444910
489642
35323
254995
307945
455659
60014
241657
482126
466152
330006
295946
124720
147256
41451
322087
52640
302915
237898
427660
311168
80116
452140
317809
277244
157697
372831
124717
219593
283292
499691
221309
218169
462850
165865
156700
319780
151671
112679
410957
82449
101105
218451
59232
61051
130141
98296
271804
202954
441630
450971
137473
47641
467685
120019
410843
201150
416259
224041
125744
155071
417394
262887
266198
68229
383578
428366
163133
387440
75249
57596
172621
293857
182126
223390
118395
268342
433897
457237
241409
255150
288614
462198
158659
232836
479624
450066
415226
388967
174402
84543
184306
376988
475828
54413
274009
276446
354554
44748
36452
459248
98684
205203
116967
312646
325126
396548
153763
449940
80325
259748
256892
362862
294097
400853
366192
379142
371223
206920
88794
438454
73280
144219
221664
379541
323793
147035
47508
133962
413951
57349
214760
467344
416856
448945
134335
117854
443218
255410
1996
327550
14664
328439
62410
165153
133873
108690
95144
413703
172454
461809
237909
227403
146601
483336
459065
300133
412841
165685
40934
142877
201217
63466
352449
476166
296358
104535
380777
454220
185201
76710
191592
47769
321357
101624
83025
146531
305951
157291
14982
9258
179062
72562
438395
183784
157603
388100
162743
387328
345121
14789
42077
371695
86864
131470
465708
94453
166475
146361
180701
104208
104001
423705
23902
366195
156267
81963
28931
206470
345377
482572
101494
402145
202776
4571
182514
114235
153651
411626
57751
317137
204278
376520
446661
293376
195886
199636
402772
21307
211552
433906
211317
60827
157892
304423
112314
276385
269872
42770
46283
376316
312625
213504
461663
398503
265385
16502
303393
8222
439205
322329
102098
157342
387307
331119
369096
251123
125101
412076
73069
294661
215073
110099
357984
248606
453080
337368
250689
237385
308032
244321
129620
384512
65162
161918
244666
119040
359358
12596
76331
274409
309719
295037
247489
162944
410227
417979
481893
499061
258220
225118
161042
31774
486755
96559
197513
264412
489399
184901
334688
442381
58452
358470
176639
291572
154122
351745
352524
198758
496918
124073
497127
171547
477082
73894
330637
145950
37547
155964
120541
321656
58668
36910
154471
492156
249481
493980
134686
380604
402260
153081
71699
137541
388151
199508
307757
364519
467975
236446
203198
170149
35934
238239
443036
413453
486948
91094
443632
251208
314632
102963
116587
375232
228268
263730
53653
355441
201295
426699
6283
101705
274767
46453
491982
81119
10189
47596
76193
394627
441386
210077
192310
417224
446065
180460
433731
406179
247743
403904
300120
211815
130788
435389
30346
199533
8691
164351
283263
247111
263887
38947
161978
231441
404094
324829
393741
204152
190798
162977
235908
340140
50330
342197
474279
278427
59760
436764
381241
218633
114811
220217
191908
284869
182781
6303
337256
463473
440905
461389
494336
177867
233726
79805
136738
317741
116467
338371
52037
26200
61392
488421
294811
21901
193480
98561
81798
195828
206074
352988
321299
205189
202029
305799
120223
412558
22371
319990
303508
154358
163649
188500
414224
459923
419844
95153
77418
28190
383148
80338
223313
378173
279412
195149
475178
343345
206670
223111
180320
342886
319820
74824
306220
8846
197019
212249
286672
151021
151744
405247
463570
450421
44644
71938
360085
350096
171249
327648
21137
50666
139517
175348
201111
152111
325788
219191
202234
368817
276601
29748
154958
329020
61365
296995
218600
109765
447675
44922
299951
118728
351139
136872
311324
455183
174859
436985
87465
286622
272060
119011
213698
171293
254897
421235
377249
158192
231351
415756
349236
350623
167082
321501
131090
442075
427850
235843
104080
38598
106820
159312
40970
411015
404816
139003
472375
10126
463650
251791
149485
60130
252574
388774
489622
177945
222268
469406
326206
117408
143752
287994
310222
310646
99044
385998
54682
327689
345459
73491
338446
434329
94824
170285
338576
479774
126686
220840
96646
328686
335109
399738
290382
194047
418476
129685
97840
203657
276559
421900
286794
432157
27183
482076
118551
219662
291454
231867
465409
437708
204312
391205
484135
404177
65993
272507
489192
355800
423280
76279
429179
437438
391907
348192
405818
412578
226912
363088
207339
252651
109161
246714
103225
224288
284052
10120
338003
11433
85269
17364
394807
336607
463567
209001
61415
346507
313996
305678
410780
68761
368881
317662
294605
236036
22664
158999
361403
12172
288572
8263
434303
375469
321390
139445
24405
54617
139339
276234
325087
174257
162867
281418
309356
109753
252403
124407
141967
277728
185732
240453
319824
465446
263864
146123
435599
249888
16645
147481
377760
398566
152420
446849
455771
111308
8771
117637
445853
350778
482450
330646
115614
290255
185523
408531
146109
435079
327051
305634
472301
452952
101437
70726
138094
418955
66886
34046
46385
421619
411141
304115
29534
309448
43388
340710
437258
402096
143386
408607
440719
62161
447097
317081
76380
100429
127641
266449
397374
8627
435493
364555
169501
19309
435668
471582
4326
400079
209613
439645
106380
399401
487749
52591
338975
201982
240289
158928
43236
324381
395632
253218
210846
3527
34126
180861
348860
473514
477859
71915
256732
49813
480612
68515
134137
196483
394801
48305
116540
477877
157083
184068
328368
89794
365268
393800
217955
79121
206512
325336
383671
166424
138207
266667
401925
126403
124237
465049
275916
443460
177268
240590
272903
413542
237449
402913
202769
459801
439975
477698
72273
412549
349980
367787
32166
100147
324895
297332
409250
58173
167878
71261
373100
83037
450267
441975
460606
193605
331882
60828
133118
75345
383525
39455
5048
450964
57638
310426
263308
149249
464326
118165
392096
488237
327902
479907
418265
408051
19132
492068
265973
478199
107992
81253
340610
385704
85645
226540
47261
429040
140353
7572
160291
62503
409573
53991
421678
385948
108912
149042
36452
438289
103768
360097
411952
305082
227860
343014
23026
171678
10350
335046
121359
123477
96966
50824
458015
55119
425005
90894
309504
357012
277532
82993
230863
71295
184830
38922
495833
390450
268565
344480
312319
260433
268515
270385
423793
4204
452704
93584
224681
347017
242548
39089
54254
131757
375931
341138
350113
479979
5112
369034
484334
231679
461835
358231
447891
466757
352108
377185
464727
6213
306641
149297
325900
392142
364411
311047
78470
277800
306224
186285
323918
318333
313456
325478
44782
52714
15308
493361
186139
20785
370714
192989
267187
220839
55796
263178
247624
226680
264981
53152
239086
151953
424214
249795
114589
307320
297967
345774
39315
302274
229014
206616
232682
132578
471960
207172
462744
253745
373286
252643
51487
466692
239033
470723
50819
6895
71088
415429
53508
133801
49033
234789
307048
413565
159062
187359
86881
50154
53239
330427
342096
472370
247314
406688
74326
12984
289173
192330
50778
272820
401552
466447
155666
254168
45658
1345
10073
482601
286466
70463
401551
38245
191249
39080
16298
437870
480803
226488
471811
417430
380110
310485
462553
169063
137650
3704
339165
454761
398749
237308
198816
432852
10702
167436
290305
355784
117075
260813
405238
118470
135074
206328
407775
339909
64286
100118
427808
431419
465302
213223
82912
453104
330798
287191
204955
460950
217310
322582
19695
366584
443157
411571
388073
458884
252241
349288
16990
10315
171305
175057
282788
434203
242467
415087
130569
473171
349229
42986
319889
278052
113641
39499
144171
396705
341579
492396
145695
36791
360030
277229
343125
117959
412570
44086
235947
67115
4521
248889
38219
21799
36047
173278
348990
147897
194225
412200
490605
384588
105649
332921
23808
247316
237199
293566
454831
170965
436488
464959
273479
210974
101474
274356
175410
460314
307878
377802
52824
457448
318874
302607
350597
118072
446042
183120
108411
67792
31335
431475
370208
343011
494635
87256
240463
377967
227512
16699
18020
324825
181478
449041
34706
230421
283861
338476
213131
72586
99652
92788
46965
123816
177070
39160
276371
276645
427711
68972
383773
480857
406247
260511
355131
428542
115031
36191
32147
421136
407107
44489
463658
82578
187081
160802
385788
186058
357143
80149
486881
444765
232184
455302
200186
493610
365890
360780
65521
267883
369900
441534
322373
253141
247176
33319
387730
74356
385207
316368
192378
70976
324989
394241
87600
498537
20890
204618
400280
285685
85840
426409
315254
68482
130739
424708
27722
395177
312736
55538
138633
160298
188037
261725
373743
38693
87722
1441
116942
486661
374129
254983
311933
386925
185536
385722
92883
236016
152741
172584
98291
423253
232832
294560
150449
284687
381850
295944
152406
36041
449800
89571
438333
344588
134629
485825
321033
56698
34797
149320
443504
413702
411248
65529
258900
216509
52453
226304
238210
476934
76364
350446
313862
437453
253147
315692
52739
492107
151862
139665
485718
272259
88794
217296
361139
30761
333004
256908
16735
55501
51711
416676
399241
175806
240636
372730
321250
105643
325547
48315
295546
77276
122609
480405
385527
113768
124314
429496
327552
346322
309543
329798
321973
179483
247374
73924
359710
466701
462477
460640
403205
195895
235942
324535
140384
174408
45432
295886
354520
123803
369771
273975
468999
156076
427516
111240
239422
74958
361838
219415
212306
128504
311845
106527
36767
212738
8988
481294
456
406876
322732
404393
185471
92007
79647
369221
439374
311145
302791
22139
477443
452573
148968
218139
351600
400265
93225
436569
139323
357472
356628
254620
219863
213068
443814
365404
153214
84168
408095
285797
403941
39023
413839
361072
433051
420630
450334
372800
327543
347101
349991
202480
319553
326888
264136
187765
358874
377323
238771
37990
294086
173581
142457
411923
299301
277585
481142
175823
17309
392880
22380
427064
329308
195415
326513
318357
47404
427808
192730
174855
412827
480536
88187
43158
82131
470212
404491
109963
241809
153749
328532
187552
168646
299234
423505
191335
188275
91600
367261
257216
267717
472193
288719
467789
27384
323662
297659
82015
293997
151827
99675
441639
262094
486659
149420
243771
350547
24762
385015
477648
2042
242356
54425
160071
237253
127673
492700
433670
392522
148075
38893
6850
64001
25913
33046
297247
178535
361067
426799
363495
446219
425082
392068
380617
242104
4470
153219
187621
40820
433995
325050
196789
276790
488506
153537
147458
269983
16000
441590
340643
379057
49026
27140
428011
290673
78877
296320
305440
354400
306503
137064
23950
61359
84198
134117
395820
197580
297874
307031
461307
109577
449194
213861
444896
298609
292705
36536
151686
205254
88556
303367
365462
486013
397729
192510
318612
248720
186089
399848
50087
224234
499261
431701
55221
114172
331589
232410
47279
252755
116912
373305
142298
39210
321220
10024
254192
462995
295320
46350
236511
137526
189362
441102
323373
388042
40899
442089
108750
416487
164940
415660
186303
489028
153069
80475
256908
349283
169451
106153
391614
209876
314681
128811
27305
409995
25026
382425
369522
386651
292198
33998
103199
3965
74460
222474
41249
463699
229636
367193
220009
440788
471503
233716
118952
214539
209999
226956
177839
490475
212614
151941
168817
131957
392837
372692
126595
208140
306561
446138
277090
75709
280694
343547
451789
378491
41728
296028
222189
351961
261758
439542
64952
493227
259820
79931
24310
339692
267313
388642
374235
148683
360867
168569
59545
150276
320346
440584
79435
295481
18008
222208
436807
258065
238492
487105
83107
146011
175464
294229
89530
254362
383982
7999
136872
40457
348448
123495
306269
118521
248492
346718
56573
83297
360709
15030
324889
211444
386258
59856
164831
496375
393253
167089
99551
383146
183637
426974
445423
89300
439675
99466
5152
289519
480321
69248
481877
27356
311122
264098
246240
196594
330445
393685
409378
375606
214156
246179
360383
28340
216735
289352
211660
306161
68979
53454
450868
444968
354870
207824
231077
64710
202493
161759
354620
340204
207406
85981
331155
264681
272289
122101
380960
79785
125683
194731
238586
279272
375960
479858
121443
4680
30186
226390
60866
395495
101483
346533
86748
220491
10839
246266
424911
287695
479776
26668
345573
266641
450051
81249
388130
224010
397855
107692
140717
247061
340156
111291
6841
294094
5271
327352
359056
414809
241103
461547
68189
3434
353582
330611
418727
145837
395448
161896
31180
114147
184042
348319
252364
287457
381475
118605
433513
439938
72104
420113
113766
361417
89231
237438
299169
424298
417914
303953
120233
440749
335094
374634
123662
36309
137060
136004
352224
379543
34922
342966
39199
437317
292563
352642
9448
274980
331010
93504
353862
464044
225483
249027
75179
477355
222235
266399
120952
230794
231510
89196
294217
443666
210244
430395
25373
256973
291170
357131
81964
95708
360124
350523
173139
314619
428696
210
79160
218077
237814
183596
399052
81389
325737
152437
261441
297625
284798
444984
313422
465630
207948
379673
447223
230212
342647
419608
41927
47273
43995
49422
106421
190533
380317
47321
133628
363004
367877
12223
280948
453905
242662
250080
62126
201478
265526
453573
302804
248233
41347
472295
117124
376259
361336
133037
49933
292847
103863
206130
174327
478109
6592
421714
409306
393272
486828
60327
434201
180706
42777
294076
467222
212003
252164
234589
130341
364311
176735
18821
193904
340423
222362
491579
307229
299522
67050
398926
23957
104131
407438
308044
28806
157238
411424
13134
159061
270538
82562
413824
405116
489890
230576
317811
33601
134805
120001
295561
479353
95127
107739
192365
262706
28023
351114
253994
160272
392912
484622
163972
136755
484659
381100
354708
139196
460264
17522
336748
274559
97729
376622
443932
387484
103676
15807
376315
194392
473324
308480
150630
32663
103630
94036
271292
300140
217120
204196
443960
122926
205106
345597
161591
199760
280110
248911
168369
39847
495020
325975
63401
464627
141080
23377
326898
280624
12067
290235
188366
487213
110221
252170
243517
94147
395123
348970
397487
346029
40023
450477
461657
442812
460622
187737
296010
341521
427238
41910
69515
225219
278760
367938
261779
76895
308650
423826
126921
381713
311104
488214
135500
388664
238616
419869
122853
109980
8730
392910
349
423865
39078
408488
147141
181641
497696
397506
59260
397030
469000
466204
492770
479613
370938
89864
327852
131394
470513
169542
493708
62576
406752
144274
461286
494752
334879
8528
422748
320250
255705
364034
94246
169065
71678
240437
188297
499461
452605
314573
244952
5144
348513
188720
438792
464294
391654
15639
65789
391131
26945
473580
91518
24110
367227
114908
347416
238364
42215
155273
61322
201832
369086
37035
75637
189688
103328
209148
495131
337616
96116
232021
63905
394248
201914
352152
132882
217286
461199
418608
264855
69949
351680
290964
240697
386245
94153
449977
211993
85374
287131
410954
264630
84631
421028
316234
218121
83137
161274
113369
101660
431190
338177
188651
133674
274290
150973
96995
167724
375246
358292
21299
473968
146415
314656
126504
365416
152787
469259
229059
342291
375446
301987
278410
65703
294217
324586
497811
298231
298579
5464
293106
90835
352128
453555
7669
125622
415637
228215
54853
65693
238956
5756
234898
38536
3303
45191
494450
432984
465090
375802
459728
5363
356209
105993
221815
29462
398795
265241
103440
74442
104118
165731
35461
32987
81223
111069
431134
321055
138635
187867
234231
234394
302987
365751
368362
112101
365167
169574
234591
327659
492720
256307
442270
33750
303625
41094
343391
271011
14013
477519
393741
209825
427892
339481
143131
172041
24175
235303
89556
305020
441261
457543
455565
86822
23435
408376
434576
251357
29392
169923
54667
112115
397762
425811
274318
102518
410575
156284
413531
55273
12937
226291
331719
122992
202484
310576
116373
151720
377299
163956
377668
214414
253353
76796
344570
417177
356390
281042
100027
214123
375108
2487
272749
158909
424672
224727
213359
261050
120581
261987
484002
422634
177930
326572
258406
375081
39737
133072
15288
122321
1240
484397
154907
128866
128269
379036
74870
178449
442257
111744
50770
240274
301041
97132
186591
363686
396722
398098
100414
51228
63115
80842
470149
221723
13538
83890
441275
158096
75915
235313
160903
334118
50677
346618
254048
228116
97168
369817
76385
239919
73815
362265
483969
271497
244491
185393
230646
466614
371061
263240
157783
178522
47142
109325
105986
308126
151723
185576
435826
56911
401960
389504
478267
488817
424584
329496
108187
133763
101861
265028
205478
435978
346583
44784
102843
318270
258594
130971
19131
378521
285908
355784
204196
452090
361756
175515
338492
146738
265716
310560
130508
360237
299203
190372
194303
77629
215881
123421
233005
459078
349544
220627
443209
298996
30764
400020
204582
187188
174432
71629
282690
256826
354960
175678
354386
348092
277198
45124
412467
499939
1905
310024
247655
348834
392269
388334
156181
266935
30916
462109
82352
154803
470937
309346
203277
224488
282002
372266
369414
176871
148865
264041
431481
72456
255974
17530
210416
201418
176571
443679
349423
492662
279551
232042
114888
231849
110626
417676
31455
24225
40857
380787
459214
480762
429699
53508
207646
137869
380446
388687
297154
161451
95184
240913
456376
431728
250563
83833
9101
338824
415572
314981
257323
44218
40099
313047
178447
361280
478925
28715
183202
11034
309050
334353
69325
327901
148728
475340
276531
72754
303352
3210
425789
226974
40058
216231
241402
377990
325662
403146
394940
61730
31653
89611
361908
222633
342832
415875
114968
404329
343285
401511
338135
429830
345969
297514
85319
374471
11105
360507
43994
43292
286373
474994
278019
329053
296910
6027
188182
318954
301010
198772
319115
46209
132203
333869
909
285661
25706
83516
321392
369523
134574
204210
375003
208102
295746
82036
4729
148499
443722
163213
478807
99006
265775
181067
288800
165970
346213
351246
421340
77140
411150
474094
467205
379560
240182
5974
267992
274908
485639
476957
326595
202926
319190
105899
68526
401864
338266
387773
114870
89654
403241
88052
462889
185881
263386
145854
277740
303980
225288
59739
7444
341485
381750
287699
351302
462332
338126
112086
79520
47500
350128
94132
203385
158582
203240
26652
3489
28507
359185
427384
350265
221411
328951
479216
256663
292259
148491
216209
42899
398649
404933
96035
64991
432304
47590
284590
479076
132331
410701
234246
218421
416321
462504
179079
105750
439135
103826
428931
241516
371053
379567
405980
89949
250476
338364
53181
224758
92631
318282
85262
97845
237131
101514
39590
467589
330542
185509
47454
123801
491972
421108
232615
75400
263917
347404
30404
415572
417144
473060
250489
197302
451766
117750
63710
464682
476686
291240
129361
335326
441860
32703
452708
155018
402759
25279
763
47664
207694
104533
54786
182823
220392
91610
24351
234874
174618
411282
392203
268320
339317
304369
241365
332461
133746
22733
443781
95887
356749
417028
99892
165725
214300
351187
458264
136755
395676
357215
473428
186146
124517
251541
270193
386005
113143
96629
294561
167288
93162
358901
160249
275962
237136
164576
245632
7457
230160
70852
216990
82471
474979
475313
232978
66659
234575
131280
102792
471368
154149
167091
118833
212299
37191
335168
24083
230230
58516
465369
481118
61854
175598
45334
165361
6794
454255
386064
103450
252116
45528
264086
224040
494940
483903
407742
6131
205276
265046
161840
187182
157592
422059
244328
290323
411172
10009
474513
452038
295532
271713
220343
18804
138971
285966
140808
487448
438350
299067
96134
55638
322985
460857
352334
95913
410716
301186
493239
97183
45319
156251
497689
74853
481840
241436
109016
174057
192160
448240
442648
420682
269768
67823
260666
473293
368786
325347
44015
300085
291192
281201
87233
69198
72321
350708
192851
228635
70774
168043
396339
41817
176151
264267
207529
486303
216764
239830
399095
291068
397469
339204
409042
149007
452414
319608
136549
249048
375246
179904
496071
260422
364168
350378
270391
316370
249423
343972
381388
169854
493435
154299
290197
462497
385197
77975
496339
279422
466927
377626
72168
375268
401454
142056
61640
99299
383047
392548
301506
95522
124116
299541
171219
280625
379031
296225
292653
326768
7560
253537
464222
307764
285861
11867
318408
6769
481831
454618
304719
290824
306175
451146
22851
496169
479506
402981
349451
178226
261648
150936
28242
359582
181368
196662
464558
46307
125788
487587
295862
167538
425502
458127
437052
386590
306141
344565
342874
430634
48964
156496
262863
315978
278768
126262
74761
3689
8791
217
255302
268794
103507
251318
8829
9294
337267
102395
69578
159886
209906
125695
2809
279352
130211
224184
382319
421442
251374
343886
422029
42963
411305
283289
146387
188646
197352
55526
394814
99567
345166
69152
222346
281155
11445
26058
238090
376742
398839
358923
192543
2480
446497
362065
384951
383563
237236
59869
499290
299913
475686
77849
377395
29389
488125
365438
96566
225778
478624
128957
193082
432314
136949
451596
342046
148082
274745
224990
357404
371392
130042
497185
89956
75683
420175
47769
433583
261398
381805
252795
456295
327894
475670
329728
434550
26977
297084
454446
146364
300337
80592
324934
116301
347960
395518
390777
114057
23664
245668
374867
266671
207615
106122
51215
80827
403257
495059
359784
235390
136555
102083
402286
182095
336224
55684
424150
31304
19868
89565
245745
21954
142225
237796
287548
484809
204993
289884
385335
243528
175406
433433
133889
445536
82273
447707
179910
259522
165943
485286
119926
462977
231795
295011
231069
172585
290418
208159
478484
241302
456870
51083
260380
18117
436435
441823
398304
175218
483311
427296
53500
37605
129067
107491
391029
136351
295096
386994
183131
199031
140750
76061
443784
323852
183654
74096
190528
464545
442649
168950
479588
288335
82201
3596
413297
315414
439174
429350
437111
368026
242320
497462
326414
72032
104930
214503
379227
129034
300938
126447
101372
111545
213853
248587
311215
406760
212657
402917
36862
266478
147063
200176
40789
363444
203128
491281
58954
22910
299648
156825
290494
385524
410304
466816
222346
347567
382821
88744
5144
404994
319994
34802
138710
168746
276601
54700
165403
296125
231051
43531
284906
153293
47257
405654
17458
190492
300168
81841
59197
342239
112942
331403
97620
470255
19982
96632
54123
241761
470089
197575
213635
337970
126835
204448
389483
465873
165037
388277
89160
450927
471995
496409
75802
129524
30270
274319
336540
177735
377059
400797
473213
45730
283004
465669
416802
114215
307361
292872
344802
40595
177862
83383
359115
49624
408320
453841
388709
478138
114115
408614
236369
359063
388318
208493
285903
303097
265263
214721
284943
385210
406761
378219
191035
106528
222901
136254
438323
93230
197628
206430
256659
153472
453385
175849
210532
5289
431358
87037
115025
237853
182862
490759
128341
313072
73561
476621
305288
380736
303189
136227
188503
54069
341861
194052
499905
241202
18638
423758
336825
16111
145523
236020
382709
241827
70207
121378
215082
211650
249622
111748
259236
160380
132528
260325
373989
297387
325622
207783
98276
296507
67613
276260
315237
110919
494759
226494
459841
12462
172060
111385
327737
63549
56858
472672
467420
121715
150813
336834
262289
472692
300162
451098
264711
496557
472421
310722
273774
105667
425058
381983
453179
86379
204640
295707
296761
91742
166525
260955
12497
192601
84574
399568
45721
21172
316989
463889
184790
133304
499818
392178
246376
272365
176351
207707
41454
16968
346954
72343
492000
89226
191310
342767
244837
69827
232061
180025
273987
98415
68718
104831
387923
294319
330517
357586
449798
37290
464096
269598
428156
398519
25192
380835
35438
373990
413273
138695
492285
62932
45741
496941
373601
71713
35154
357184
327502
184352
249548
91561
176349
13346
310856
414146
159170
158357
373384
307113
277964
197819
20962
338905
54794
42258
23904
348808
55322
406304
121223
131452
352516
112423
149575
172794
271412
296565
486491
284883
96189
490244
253635
341444
106080
38335
117908
181873
88143
24647
184695
248817
385493
271531
104270
425390
311626
436257
263738
342534
93743
375520
154124
310461
412399
460911
271352
217680
6223
119423
47001
325175
335688
170083
335916
195851
77989
43705
103268
440306
307786
201874
109550
332816
158924
468750
138094
281926
182693
262515
252060
456827
37895
94012
461044
99955
495304
170152
431803
197913
91186
325895
241200
48730
91663
166025
296781
274552
139068
488963
389644
383239
458394
422351
464824
72434
422215
114755
325309
270675
221252
159410
66562
102543
203123
444606
302620
143032
121913
185389
431137
85273
187714
13804
43955
306243
278632
69788
222996
112718
327879
448056
268779
30797
179505
328032
38072
403739
273099
198308
421238
287327
414325
469686
261284
483292
202618
24252
239140
53339
327140
205912
160918
238010
128760
310835
182183
77045
138674
23727
399600
73740
312365
440935
108232
348502
498181
250228
38405
488856
466540
360154
283060
213837
281175
16330
374095
417806
398240
212338
233982
10314
316856
56194
352331
123218
140319
94723
173159
128156
335817
347241
352141
319602
260420
105958
156548
407715
101995
271767
178122
128319
379505
218397
153964
431715
347121
238551
387948
151877
363945
198306
50392
420554
160341
288080
422908
239041
288464
439602
174762
20643
18315
315157
352120
42755
288927
97363
59757
375384
275226
193194
32443
398735
63355
412162
77055
43639
495542
217782
82769
435089
367123
290117
133210
316635
137586
182308
43335
317233
207072
443714
400498
289373
166406
26728
368095
196113
327322
346662
222346
48772
437716
379113
473317
104036
310331
241775
161025
214410
290645
467167
93347
275683
52264
261790
227976
209768
269303
222864
347388
13951
161612
242777
215602
269825
481165
490170
122827
213421
171062
393016
252995
376141
372912
473576
260296
379044
337350
238395
379368
488265
261668
188952
467136
38415
257251
135873
477917
101674
134376
221732
100547
29111
386917
460711
337533
22935
131628
58305
109637
194127
437328
97350
199983
157446
146568
113180
360786
53697
21737
454569
10396
92796
112393
188634
209123
463220
345935
260768
494906
29338
292438
78093
240076
305657
90969
310666
55549
439633
73287
96146
67827
374304
436510
188006
802
419372
377341
428595
392784
468037
216866
296127
427529
176632
21274
271346
8691
241424
338790
286063
189100
285895
104533
42451
315840
469599
217955
309271
30405
189504
60301
405814
235162
36631
429010
115661
170044
469003
310712
225361
66954
192072
440451
413139
103185
156402
115937
15480
329900
61577
422220
21887
340708
65183
63949
21295
175963
344149
277474
451674
45444
377218
406184
132255
122218
467028
179216
258237
300868
108283
158928
11044
420414
189734
152888
406884
296159
199937
204959
441937
230128
169352
357247
442429
401452
72142
462664
386934
318411
390447
135173
222524
291510
34442
392946
117446
47723
361067
158517
249669
188447
2713
232510
350084
326641
112729
386080
235828
233336
103840
314258
317292
327510
437819
235894
83760
297504
92351
472011
220051
181919
8712
363077
158388
352557
356690
39889
32181
16406
191012
43333
191135
499826
252541
62078
495362
193103
309002
233901
142086
158046
102366
160158
421140
359099
236763
348520
476521
413432
14147
38403
353005
435420
427210
321846
251809
358157
370457
378253
215025
108810
129961
422555
461638
116634
319352
430147
64224
347762
269393
33595
171611
28377
71166
393495
213584
468237
127117
228945
449475
218593
334723
301072
2347
399097
266353
301124
62103
413709
335831
432583
141369
62211
284803
454520
484735
228406
453255
158665
371687
95032
36502
412261
5998
209164
414766
180291
101130
262815
11890
416760
235543
222697
162854
338819
265393
241524
24112
320657
25503
38424
276519
348486
319188
23186
296786
100567
175147
111915
84695
456066
178696
368605
410141
8264
15284
457770
114830
402077
328403
110329
129344
381256
166332
127643
4302
129149
83073
119673
38883
370141
204383
38872
295377
277531
430567
24495
190447
308036
353382
396592
132002
264531
284020
65196
98249
373476
98307
285980
357759
159608
194717
205918
181516
141736
475400
390731
466422
27780
199794
81244
48371
411400
31642
170654
77856
70424
279774
239031
225353
33406
71597
250589
247874
399556
361477
127558
40638
144378
337690
127657
237996
261501
482804
376844
341158
167064
165604
152509
223152
192880
164171
247129
449114
420508
66036
182609
52402
145818
478765
497330
300120
50561
149600
455020
42017
350679
192568
317984
395978
369941
159832
308801
278753
159634
267844
92961
473537
272285
125312
290581
395421
38960
346734
490190
260250
101543
476755
383106
100055
70571
330957
115636
107215
229285
472112
264028
496738
13033
63487
125193
90888
82841
451801
163055
368531
298595
106243
447432
458900
84208
419549
402040
238392
497736
281781
91115
42577
69063
123580
335677
132887
118650
196199
98159
244359
200007
340352
235376
231261
328939
257787
184896
297361
485555
61846
165624
227556
131052
347023
175048
215034
129315
128770
382050
285843
106977
33666
254456
346391
41153
141278
94633
25634
127690
151917
45423
44547
415588
425043
477188
106341
385600
230909
2734
459864
45362
179013
92763
433892
390016
385541
271824
205454
268057
414498
387096
202933
389158
173719
328614
379822
306149
472671
245754
477564
422159
23592
87706
326458
80063
213053
423232
379440
8889
143284
389860
203623
210578
258215
108605
438899
367009
99734
77501
95435
363075
81545
112033
132520
373947
197459
344739
467974
211795
348178
266243
253158
340374
134556
90993
403852
163983
276182
306339
295325
241427
446117
87020
449348
327747
355260
36431
378176
200852
341409
22538
104229
160410
168812
51031
369874
270457
49057
116140
223180
235135
431347
283190
175005
98090
179050
246820
72290
401869
334206
429229
71707
357038
214840
361731
279956
243706
444473
91105
481747
134532
196508
201712
279615
262045
222975
58909
483721
35886
21557
27655
281034
140571
407110
399565
480877
346643
162466
136502
92839
282842
475803
110007
445936
23772
248245
279116
243118
93262
411333
222589
222351
243159
247621
334530
272891
75545
306961
316876
211304
466089
386297
249072
189781
5716
103379
292235
52725
279686
73652
330421
244359
67283
372761
414209
359763
364106
321414
192631
341325
112927
178486
479361
176398
40923
404012
117748
57432
30744
377162
367994
348073
355041
257873
407403
448461
160657
218023
116648
87422
100371
423349
324823
73263
168936
56350
365436
449926
169351
499792
238747
203749
439036
261386
444790
235052
211045
62343
23195
232194
201636
168086
347993
442378
68638
147876
497356
232425
143680
10320
64482
51842
22880
118688
60117
488908
255720
245660
325648
41968
313225
138366
109647
312660
396651
217793
361804
498487
230817
421753
499212
50439
403160
118707
489535
120027
125954
485943
33923
116177
114857
419942
198035
191196
104258
63937
353673
15628
432380
184555
190499
272735
20624
309009
46473
46299
477764
197237
273154
459579
139704
94365
55897
410784
87071
420774
426536
418860
280925
59331
444254
83823
493080
426690
474215
392683
436685
489812
269101
80249
37433
19210
40363
452921
39369
353682
138286
72605
18845
273641
316808
483014
357854
280639
401213
296972
367762
427197
184049
486130
434139
190408
274607
494110
442156
52465
20748
240643
220845
113213
270861
183945
33314
333846
322205
402649
313982
63145
122128
451376
386527
397213
317604
296940
113841
230907
419351
64989
212504
236274
355360
231249
314786
154439
258965
117683
266810
60687
7953
155090
179326
457540
436795
361954
329534
232068
172968
432758
364840
112716
373427
75374
96946
211831
312817
52516
258683
167617
121902
339950
118244
16332
124127
247178
101480
152883
392163
459500
198175
156940
182509
325839
361960
174526
435144
207491
270904
258436
348602
19512
385110
84820
92062
162853
227689
40829
190117
496838
111594
300703
26269
135002
13494
375164
327865
141862
187359
415001
292898
468428
462705
189543
47030
273513
21688
400141
36334
119325
426095
125543
242836
101071
153230
263346
225140
374212
358048
456573
184317
488256
206946
299382
418867
416935
48721
414108
415930
15700
186957
296059
490055
249378
467090
454756
460589
139702
7471
70486
385691
373170
439102
346066
34497
62499
73211
370961
430983
21348
7709
161225
93798
254254
125705
199936
245476
363182
48356
483576
284202
297558
362153
85574
4478
473645
289501
199374
277691
313257
478538
224670
375096
302799
28888
341534
8835
26459
96275
492671
362344
49961
499320
159234
431687
360853
94599
28918
346051
63746
153097
355813
291791
211733
428316
468871
465359
480804
79860
287140
219787
17846
276000
499961
399272
274015
137444
288042
272745
147738
139527
469177
112308
221440
228815
181961
72217
23863
8203
375849
278301
421260
174104
7990
125600
183146
75283
410404
157499
19329
114048
423658
101771
34045
443835
290153
423752
433468
273699
432325
277380
434194
268524
182343
41084
54972
296783
208122
177034
138854
100816
5088
354542
350339
378130
301478
178750
168040
478991
294799
385073
208897
151803
441430
134861
282634
174058
200647
308405
490933
422636
379569
468481
165491
195026
313725
92006
99839
315650
23805
167087
272354
257408
445704
337049
241066
153908
376701
229585
132570
15368
132745
189731
337431
271451
496569
440518
387334
287193
434346
210778
162464
406573
274949
281380
119434
341092
80261
188284
348607
6183
105022
181105
167620
286492
255035
50715
186722
6523
63062
80099
12039
39900
340939
200593
377628
161121
316972
377443
269744
477112
175353
243027
385697
216632
330564
289548
6202
93169
61584
50396
115809
404865
380147
183448
417816
476054
303484
376573
64370
335422
66746
324989
499420
190547
434009
402493
265343
270151
25998
322554
407785
6003
304335
153961
232936
47929
117138
419640
295531
61075
466129
130822
71571
252014
10217
103080
144222
79015
394065
325914
164693
392298
294360
412096
157739
37651
273808
183976
401909
49561
114954
482204
20108
204246
142612
232171
6030
64888
458329
183799
295110
71454
63098
157609
96434
247324
380310
159431
398216
10546
34556
81569
71992
2571
466079
377723
457936
11846
30310
454553
357404
335025
256826
261129
198366
132700
4652
356427
424378
427622
18828
329118
190915
303034
29167
477041
383482
11363
472533
175027
54469
40650
93841
170344
391491
188240
107805
156736
434877
67942
444782
149312
151372
196823
349974
281043
171585
310060
96807
305833
43700
484201
203196
375305
112765
330285
191944
310212
129390
386037
113386
166990
49551
34772
259368
71175
169719
241948
428000
215009
241552
409441
385871
53900
54485
206577
212280
265754
242407
419767
196132
456485
389481
333571
286440
265200
482061
276135
249263
360294
237548
491676
29507
442455
481792
10904
253739
335468
128757
333013
240286
163366
284772
275848
462512
413060
122612
390849
115108
288282
188119
314921
376964
18317
490736
289902
369107
423527
53052
129660
40406
219477
94581
233583
189149
304933
412788
124708
298959
75892
177632
16631
145962
131848
336576
148004
107752
293966
231769
487906
192891
471221
349538
99166
201866
406779
355953
423978
353512
11356
134921
455239
244085
420533
69071
354647
469363
137918
110074
192094
103613
362029
176448
22089
271427
311698
309109
59341
398445
493018
474219
372606
443467
17945
113168
3491
338241
109146
17184
196546
446802
484714
485053
496782
315499
467113
244057
350303
73793
268166
182786
183759
403353
378448
149895
335818
281256
213497
436862
409779
51693
84779
215870
6137
180932
250201
272794
468866
248408
292508
176713
358415
268241
484720
273524
177021
326273
218153
154746
199963
7605
248978
221778
259751
207639
143568
369209
431664
263009
21464
403190
123122
433085
489595
123356
285617
394596
393192
8055
224521
380109
425876
245189
274245
424625
444245
455332
12134
331959
414828
437000
67620
262120
151876
208886
273232
139446
427606
367520
198680
47686
121550
300653
78584
420504
221525
198453
32939
111348
253921
459819
473287
352892
134330
236186
332725
454274
365226
348129
317900
58135
442652
491529
475193
455503
401482
421226
491488
185
412785
410557
409310
109164
86432
345551
284754
278067
204752
360719
133928
16132
310908
95974
192962
271374
94156
77368
22914
414968
205544
54626
226264
16284
140161
407420
277493
444631
130915
213126
434597
105213
285821
449922
209275
286316
184438
268294
264602
194863
198521
312143
376935
233232
159382
449644
452681
150777
341514
95292
128961
192240
370586
37028
252079
206213
305190
366790
96855
465684
106843
222240
129212
90252
311407
5004
399689
431901
105756
314265
303250
472637
429534
271071
47573
440000
10133
94529
185485
194114
339428
436488
106993
226876
77529
128124
97548
10734
358656
433421
364021
381417
466725
276852
438282
486878
489835
42477
261597
398894
209728
300982
78594
260998
455423
489105
54542
194372
79106
295859
120175
18100
193278
143130
443151
52428
12225
126621
261914
301546
128134
235184
372763
384076
484251
117420
386811
259651
83800
466688
22696
162830
493619
491425
116634
87492
353807
183060
234193
419770
108229
324056
98653
353983
113563
337632
72890
231939
154413
241793
379894
318714
95039
325811
440099
430639
238852
480235
418917
272013
364683
291843
26723
12622
308261
329493
150274
423073
227211
481021
228159
126729
166434
299707
231495
391067
172968
292188
289227
91353
170254
402652
5322
153020
449685
235501
483486
97683
438102
155068
372138
399712
405135
275029
94215
35704
378094
287159
320589
482461
7726
227247
119457
492256
180753
100497
459203
417092
132907
281609
91835
203393
306845
82825
349069
390139
340520
397978
412126
321192
356874
259717
74182
366377
415083
169051
412590
349273
373127
108448
6710
268157
96248
224121
397158
482902
344735
456088
80960
486399
102228
285580
169622
278499
33602
140921
18614
216133
146564
305864
116208
190776
322676
159759
275472
237061
32555
276144
164062
216430
145183
441981
177848
437388
145061
405399
419085
230826
146492
107888
491281
311484
251313
246778
386338
190650
57042
373060
354578
244255
132765
357935
145490
294642
203019
241065
218280
1581
34218
193252
213836
481428
334864
293095
105228
373643
191339
18375
377703
55545
424115
296887
137208
189423
175939
445282
321879
470473
311839
374650
385916
158899
123848
88196
346384
285728
472407
225985
244463
309443
64680
97173
337911
193141
222110
193179
100053
355208
297714
142948
158195
256418
477908
152176
325178
331694
373829
311394
459818
324096
412903
431151
210829
330841
425327
441499
107486
285981
429699
350046
69367
440881
202315
319753
252366
55508
412186
44582
37100
480258
326549
489636
359348
118020
451816
157615
427904
341798
141746
43300
213599
77221
139891
252561
464937
81788
75665
284880
102423
328538
427238
295340
266933
150056
168644
206948
209698
495296
246985
16022
207831
34957
326768
80417
444848
382536
26291
102041
476077
57138
259737
271237
308022
34267
247041
182894
115859
210081
302929
448841
299710
144215
140271
23041
153714
207427
406151
424674
393538
299066
294101
398852
497195
32603
130750
246869
148477
292730
270443
249992
82518
238781
433646
384206
192700
76352
11065
441410
393303
178322
72307
180350
214950
440025
173016
254877
40099
482903
70302
219538
275067
492586
50179
368324
411343
420410
446575
68864
17240
351663
353467
390759
68977
4786
266765
119095
278753
262153
273512
57539
376284
374401
111834
180905
138807
46792
107710
118004
377289
444334
191089
352329
15918
70020
37973
231633
162540
338418
75386
427483
121163
394423
428617
331334
349974
141664
331278
454982
427184
408775
252117
112068
155725
128819
118348
279971
119115
273920
150548
132245
42200
187427
178819
477541
367146
43416
278179
499408
343961
65538
324993
377684
97088
350475
320137
274363
156726
253134
118444
3572
356138
93615
80202
253524
100711
442122
369553
218756
279357
36079
451180
16928
144615
200142
24755
238425
85533
472317
74131
283467
476800
238851
477322
447686
370225
51979
338072
334820
17039
62780
353923
204532
342650
100329
203946
463538
350689
339642
382450
274427
353641
257921
211389
234756
446863
80765
325799
40678
396959
210853
15630
76311
217734
209473
214355
327129
366296
371597
362677
188203
159318
200317
395295
386705
479558
40836
50289
430298
464303
496303
203095
263136
188337
427390
486990
39356
498254
66945
298833
177309
169810
208364
210948
380904
261779
180794
66637
493664
498954
492402
679
193293
353789
232971
128320
483645
289128
455747
131148
452309
51809
318560
250793
99028
262
171926
195186
325785
381551
52775
211174
222480
53867
475782
197450
36777
304415
130886
181656
365998
334248
151548
40487
357755
425974
48046
139622
239110
76508
331152
390712
139158
377012
128891
45431
91832
104891
482475
284930
145220
66795
174209
25756
47604
109429
239784
13896
20703
394919
230775
88571
316887
404297
404594
5819
166284
177269
499096
188130
483868
39743
474675
208580
414014
18590
269167
337080
406086
372423
90844
37235
423019
33711
184679
190456
178185
109282
61729
346677
56270
349183
122613
216245
433514
464040
364160
101712
259547
28442
313680
267970
25326
345898
81022
359550
270003
118094
304702
118745
173158
48913
254776
118288
84558
459547
58765
221481
40617
478879
426992
236765
112307
222352
448577
267747
209677
151369
181639
395786
333448
341321
119789
6553
22011
407947
13075
424730
250737
392778
383433
284417
172436
390431
155764
245854
47747
348591
493152
252362
219682
334447
122115
193526
147418
379283
231049
368673
486895
106491
18925
415260
392101
489636
265363
106936
429049
471664
402973
54323
486655
56732
307724
227750
250274
343239
105927
110758
42317
385949
225613
391534
211380
388568
410074
194991
498967
120707
99687
241692
9070
419332
86983
129698
311323
449306
450037
255132
123758
466386
18229
315105
219130
64824
324792
403432
301470
257008
89761
78860
63898
109887
137352
308355
306919
144526
16340
114523
224445
401620
273408
402381
133090
401808
146036
86284
186091
90783
491867
106848
172279
211734
67444
453988
373104
271432
239237
470151
169588
330109
141495
29977
178655
404125
61385
243040
447038
213837
369835
31390
107928
209884
202061
88399
405654
377401
475925
134666
378527
244958
404421
297981
423531
13649
270374
162274
306199
494936
294863
195653
422533
265508
255624
251823
474562
189277
16797
78574
499294
440048
444626
8085
469756
34882
243421
291910
141115
450227
52299
58141
212238
215979
25703
127885
433884
322947
192870
37420
82128
326862
143972
304931
176812
239218
410118
414522
353744
128418
291594
146767
442417
233159
52323
287897
93608
177532
257158
172468
219251
228459
449333
202573
373969
390448
181349
437450
157640
395715
461633
249325
309179
84725
442816
359601
325298
187111
314305
200841
405372
56345
780
251423
158724
7397
51041
168432
300836
198011
427725
127400
176515
448701
173957
378292
198055
415136
404527
23966
479893
43675
474499
127303
25953
181930
460887
462714
115757
296337
52902
393749
422710
347819
491636
286471
374639
477850
307760
466204
90577
168140
200123
477122
327697
438469
389215
65014
260298
354344
218131
499961
481471
472175
146884
332857
44616
262722
56420
311973
433626
230966
345289
305208
370140
222009
107848
418017
493109
110508
143827
1949
294044
4519
41620
400013
174048
116031
179174
28185
264722
83155
180265
270999
464374
305750
205067
114003
339031
419600
190491
138341
123145
304641
352126
101582
480166
315314
305308
20314
6296
270453
316205
183820
9761
177389
347597
98223
178629
447820
34211
65576
336236
65443
54458
52965
105096
378128
404558
212191
370185
412361
371004
249032
427021
365313
15051
342813
328041
150167
295804
49333
392629
349874
407261
489191
193833
382238
127104
9848
140899
26905
27299
455812
394775
191340
70637
307333
70687
194333
412484
312803
212508
181552
43152
183546
63564
431717
463149
318719
441458
7640
474249
292592
414585
64124
129056
218396
281911
129014
259448
77246
349736
463983
373661
369471
53293
293465
76325
441891
45617
453123
260219
456238
146296
211686
235664
209005
360667
39076
251570
227683
459931
258530
350936
129917
451347
324899
254743
363767
118865
2140
296899
171823
451745
473895
255998
292265
54765
498248
198415
45817
392405
248156
293364
221
301156
447497
176511
334462
121701
312752
163932
322898
259155
267788
369163
141923
410823
284222
328876
15754
294994
110944
181608
304548
404875
339208
221884
195617
9024
324803
235514
397982
71881
123041
6281
200890
293296
493169
57562
155015
307388
197262
63147
84533
223866
251944
406885
43556
102009
449047
483428
187880
359105
174287
317875
361595
192729
180361
90566
5156
417202
36595
309513
499390
336577
413179
431286
398282
56252
325471
177481
275727
332498
351122
265628
125751
168682
499742
65902
474662
199114
223772
174900
4466
305065
377488
462406
73565
142776
256196
92455
150404
78149
364511
147292
383040
39380
405231
82408
125356
240250
184455
219944
448616
204716
412535
394508
174620
46711
414332
219545
412360
223796
126894
259811
90195
258753
274417
334552
189390
108084
477203
333283
270625
247741
64303
379873
34612
151762
177461
98386
171939
312063
97009
173613
334451
363604
362227
6836
448431
280813
79168
203422
374285
244353
499014
449712
37564
194335
274873
323552
200217
451799
252458
342075
461707
493147
242593
455591
238333
309647
147109
237688
107225
117531
353656
333905
168357
219851
232330
292598
383511
94465
481941
361411
178065
269963
208658
294255
383574
317199
474849
125900
382420
156562
396895
24011
106348
79846
122587
140575
189154
327714
101401
95227
30678
283044
293926
151710
242031
374590
24321
12500
447738
461664
119204
437921
139409
314599
97908
469997
287602
247856
217213
275408
65217
83801
352583
4657
157611
112049
323360
49950
411115
329975
275628
283532
362212
391462
238545
132146
399238
254376
133740
486610
399646
127663
486765
155527
255848
104931
48042
234440
249533
449943
330649
317589
465115
316837
155274
177616
450206
69062
357817
40824
348217
135946
52576
288748
179217
269112
84857
495543
326252
416540
220729
475148
237995
244289
124771
456673
203035
40220
378372
75133
453770
207451
76168
432034
125300
400762
471463
85044
96196
156748
326535
492624
435685
174776
287472
37560
195416
46873
65236
201261
391344
272015
88211
90262
395978
460877
57394
90630
278236
41128
343013
347516
290385
125043
417321
8642
491965
280757
297975
354013
219285
173274
497631
305948
52432
209275
452851
32018
74934
446326
329720
394043
185141
271138
109009
468808
141460
139674
421330
97813
489758
407577
343577
237688
211614
416619
422178
391332
22227
486147
339600
123386
485719
243945
266073
143994
210278
60669
158241
94046
417173
331455
499193
117919
190615
398869
264503
143084
33345
203444
251298
444286
292198
385376
274158
465476
62554
464537
4215
126745
315700
280448
434799
95404
66218
162756
329859
166933
62186
373474
168707
440734
460443
437423
241849
338705
242813
169413
7668
346608
171309
46126
103379
459325
287689
350166
71757
388021
380978
76357
363754
144902
371474
425728
173853
41370
380515
435185
94275
449839
124818
495235
77823
118995
498743
323549
349895
305239
58544
245843
18739
211639
393256
458229
167339
238707
287351
33285
225330
363783
275251
146042
164574
279330
79303
344811
118238
449844
259878
420440
385590
254781
369724
481734
203743
383716
116137
50282
344700
387303
143128
29621
424679
93287
165201
217527
351924
122616
592
13192
142506
58556
343151
458383
95760
401488
181573
3369
279018
373326
255496
383749
136187
305650
338678
401878
286422
287209
56685
315849
282420
335126
34999
355133
8076
126595
283435
231382
218464
76441
181257
119276
5739
1799
489318
209582
63848
61920
296818
141708
164573
69793
302652
132750
158027
464430
415175
358443
241777
376029
160805
77798
377817
361788
133514
179193
128626
22289
493598
360975
19568
216520
411058
983
386383
196841
71199
70701
433249
117264
95773
332352
405515
405894
27168
35795
106571
203074
61801
458177
411062
276168
171452
212463
207377
44040
344779
491082
195801
208582
118717
14044
174967
380089
28397
486379
456520
307928
431050
362357
484559
257548
147466
313193
185030
491189
96425
212187
473749
13347
152278
105723
399297
9012
285138
371944
349454
488272
346136
27516
378344
380267
24413
266807
165982
197821
91946
85986
140216
301759
213688
371501
329211
366684
223994
168296
278937
10885
470473
462792
475146
58391
487276
426856
13937
212936
13699
225230
47534
419872
389360
467625
392638
405746
61902
383274
265247
328565
460072
327931
491652
280074
192359
474601
391542
498487
262249
323405
303853
247316
91811
23931
317252
32290
231282
346395
416121
440796
99123
94955
335708
326164
289147
384864
13013
262534
201182
397852
336243
249507
76433
353954
168722
69530
185842
307389
249596
281031
291167
383222
197747
434320
317448
74
444528
171475
428337
308750
330442
238405
32068
79803
269615
177537
156632
116930
13293
483318
348486
114528
233488
334585
434983
460345
498304
128853
18284
266729
132484
395234
467047
50718
393110
57690
64461
233340
49998
208277
134412
225204
424138
443534
167473
26045
484210
392521
479445
227976
270876
71895
290935
448887
259085
262161
175992
70221
299453
327919
321867
125224
481836
432644
328728
170178
317366
250103
214667
94018
419561
387968
148892
42079
117901
107899
147906
397004
411878
129026
490952
486047
159908
296740
89116
115032
11907
217829
58662
70865
479760
406247
10138
169381
138941
457211
253609
447554
387540
470612
222039
233579
177482
337929
473820
144786
353897
286243
13881
424146
496291
193067
191313
15529
335526
228045
26087
69797
83233
68122
362747
133875
12928
313034
271865
398445
468877
84260
487221
326637
468087
65561
7851
374799
266940
42467
118666
184886
290283
16232
465439
428045
462697
158909
277762
375096
177808
216548
371788
165689
81773
58693
236578
291874
175935
316327
214498
276396
57695
231854
152075
305191
486270
69236
431209
275904
161485
305116
127389
410761
344190
477173
180760
429045
61442
197169
484930
375984
359834
153104
28425
174410
356221
15029
59121
178953
325376
168133
420368
452777
465079
105182
479841
444514
323409
342559
428316
388533
105836
63288
77733
131792
340340
424439
257973
188111
355725
137951
202135
143858
221261
295111
399992
328997
100658
193798
83843
473957
84062
157222
427443
48811
289611
135774
438754
75449
444798
171081
181603
230991
36932
93449
228109
462383
101623
387303
194951
154859
412168
277958
291217
419882
374389
101210
98829
150229
223975
135379
9376
411236
486165
242432
304741
176587
339239
268237
141266
305022
345330
4527
189516
3233
221478
182895
295865
226179
35345
301657
380090
472309
380407
384247
292395
144632
191767
125290
134890
253197
182842
469909
59724
438860
146294
214127
445300
46815
438851
283911
282254
213828
348518
343258
345130
454719
357226
99555
470206
439215
411932
158375
277356
412727
3566
41009
498064
205397
231152
427985
136320
191107
10220
307109
172009
63948
369641
324427
25654
400766
428945
167389
210990
46038
339674
420253
327919
330269
319218
251555
40742
279067
322903
161552
189155
254737
219339
364616
303818
496212
113961
13295
350303
339175
100314
200233
457554
301177
123900
348889
348136
336530
436346
493150
9112
198694
385906
120187
55702
203416
268726
210206
240838
38938
124112
201678
112115
310346
74802
396338
96811
284133
437982
285503
15717
495287
128384
66428
418920
297453
372567
455597
98135
369563
220862
208745
343963
74813
246784
65785
161845
328478
224290
253735
32249
482098
461522
238474
157832
290676
494565
426684
308069
288750
286965
397745
217953
484613
117270
482507
40437
95835
65122
438634
460757
412583
158025
448601
297192
193958
306497
158032
267468
178019
362376
324807
472317
71528
166217
308524
80310
164168
271216
269698
306815
164939
187157
26991
304482
466180
394009
122552
155657
236747
244998
450989
298003
442686
102316
282315
36953
59433
62106
260173
342467
176763
360380
189792
429369
260211
122503
306408
61615
126015
8675
475692
411601
406195
33089
102045
192194
473518
340098
19303
243714
142840
389266
35367
240716
12491
42104
271032
482930
24328
444204
103087
1926
29946
198487
208279
292077
11637
318757
388573
426592
117860
153569
166729
251994
303572
319068
291596
302768
365716
481777
216402
109316
94915
195876
425483
28984
179948
148149
74373
77867
135281
334990
100674
149746
354743
484012
334052
4254
130457
355943
106166
226631
199292
49119
413467
442908
80110
118371
356003
44895
400698
322187
331665
223978
215745
494446
390204
53159
189488
422324
180215
481651
19992
476978
350154
170010
463702
294136
247865
457726
331878
206114
82133
487733
366567
127608
166814
173299
424486
422934
401013
341633
483288
490499
39610
496286
82224
119851
475936
30430
216410
139327
394845
306646
450040
321734
326868
24999
201071
54413
27312
197002
264424
466251
406583
295775
75765
490305
445532
131423
368313
329413
302516
311073
452353
121220
296897
487757
262722
457490
253529
333285
99816
439434
291053
131362
33837
83077
167464
57783
379542
168734
391405
254249
440557
485657
226207
485694
491167
353390
248986
239994
471159
147511
37621
468781
51645
160576
178256
15429
468031
283033
355114
233468
87229
104923
283810
436003
63145
71734
191511
89585
19118
448363
289240
65712
428119
153460
430491
437744
319133
459445
211456
108763
397606
266113
379255
23023
304558
237912
73930
339361
143648
348494
286404
40100
397405
41857
338481
123891
173085
224364
77161
158804
223756
70732
184924
271667
353631
410195
254909
322513
494238
485971
487533
186724
273439
317458
409008
185120
427038
251079
57759
316447
264852
38956
419199
28656
436618
442845
172892
346218
38031
354845
272215
348731
62728
267540
584
8042
138773
283752
401236
225560
85203
493658
241840
492372
342738
418525
168730
449912
291655
277417
221061
61894
280942
272085
439009
343971
15820
396066
187516
448782
257178
20062
26008
160174
109962
288480
39214
166131
227646
483014
215986
381772
282253
357361
242057
414918
195308
127933
135358
428682
457426
193469
174207
331376
377297
245022
200046
338564
288679
112660
435178
461541
282218
182922
267928
149045
114287
165881
66537
395936
55296
22442
155073
362233
135725
100644
485936
437179
291447
445050
290406
295504
177249
106486
363569
159634
380681
23274
42626
98294
463274
485340
446137
248314
142268
212988
439136
197087
425902
434663
89240
299814
131078
47316
436325
114019
165595
193568
215270
230509
96868
182347
53841
353786
66369
71321
15494
493543
205077
96819
406825
398543
151989
382927
270954
450082
287542
193742
169816
394322
245975
206154
394599
280371
94032
180215
282813
407794
181250
133974
107517
111117
408879
281271
492826
325505
196761
408135
135460
320840
324613
238676
26214
133364
271876
139501
220819
474042
211222
116939
314561
406514
143535
173450
168206
48989
424935
479925
368044
61954
356647
202381
430367
122342
26158
469539
46801
444625
463525
316988
192733
2511
102608
137049
421833
375840
495501
330120
326191
226578
147021
41771
269146
170206
249471
465936
207203
430494
209892
281955
74
80657
443974
496304
202271
121372
91284
308905
257898
4654
244452
339349
336279
415659
266134
64534
266377
470052
137729
388157
455616
434797
423898
15984
265218
156960
16448
226050
4839
7012
178647
285231
391869
178133
65908
130992
423740
11432
92946
328178
250067
369267
212631
457062
111201
378142
68812
28565
451780
385851
54420
458145
70352
298202
286376
310610
89454
137148
88811
115462
205083
106796
87620
192741
443155
380561
27351
469793
473002
211354
421468
199019
17894
223350
438193
243823
48359
422919
266545
71385
297919
428451
442466
145164
144346
8971
169274
112271
50583
477237
399777
499999
34820
187105
428208
171467
23587
313644
247732
256554
482610
331022
126168
285225
138786
85828
245812
143910
298885
260022
476321
209036
42640
293803
499149
431653
69310
425594
361585
178453
7915
228972
282886
169941
250883
249903
96748
345410
407089
453838
325980
39003
402145
429222
503
363862
47617
482367
404591
358897
145177
409521
182101
379496
126861
67682
141516
4053
61477
211667
405322
253999
12483
189896
426914
199734
446204
19828
56130
281672
95068
187540
132481
324608
21793
90842
465676
61025
17814
207677
343007
80637
394004
88248
309223
17458
71112
341339
348774
322325
191457
406650
303872
422932
370728
35125
3866
353123
260040
460648
223513
206226
268058
155460
364805
90143
7922
31966
274612
475140
133400
60972
219943
49879
189213
167041
433412
403098
492424
11463
92844
404080
136364
407393
443528
241308
63993
132096
492272
418283
438536
78629
110361
246730
332744
497333
494449
454643
193596
149100
480091
155082
473462
326864
38171
107236
411083
369209
497112
297025
494475
431892
370924
283184
306473
104135
26597
389060
237536
495932
207412
157181
147415
452907
272521
151292
363039
226660
379777
51918
254451
261241
349927
496283
117872
413944
128573
442564
87125
2543
490351
441944
284347
6743
101288
86393
493320
73732
368710
420179
131736
404719
392705
351296
98601
397892
68915
43308
68826
214871
90753
1545
37751
306277
96369
427785
474535
230293
64140
478459
126363
167053
78282
50169
490198
350652
245957
473904
208525
366266
319722
359972
38682
303132
428514
308541
458308
159916
452913
150127
1227
188107
405606
6553
397414
69614
52945
343848
141991
307144
263305
63446
156757
462728
428125
173830
434366
260109
47425
203134
479034
167879
286843
455944
343661
388382
360
447699
167161
37818
470013
411620
174076
108668
439969
433973
494895
485679
239526
26786
413138
103635
126899
336974
492772
216456
419957
39820
149958
331084
86563
327400
168330
35761
316428
160565
17857
474520
291878
243008
217903
236979
188590
7330
365409
193022
71791
419881
22026
61248
318962
222917
217019
1185
326259
390678
285989
435817
222922
326509
155695
446875
469339
81651
477713
275638
138923
323900
57913
167167
373054
3652
75341
278483
233059
442121
8806
63618
309843
174536
455778
464896
316476
114608
499448
448700
497581
117917
324717
266347
163895
95454
348260
239269
402378
370598
299775
360919
112278
487773
121843
132973
45579
381403
443157
60225
232923
126543
253013
282824
463446
419756
480987
278465
315772
147970
231335
183114
221063
126788
49508
470120
35482
338303
225131
441315
408686
265152
21964
120720
156755
91273
406894
307627
292017
334606
227930
412565
13744
189502
360931
203175
487554
86491
185696
292118
319860
128413
474210
127610
46732
191159
463952
313956
435714
2252
335453
277521
448277
423132
23112
218891
224640
198979
449423
473017
149052
335178
387735
57887
69276
313197
127568
298393
464401
256069
259498
462662
347842
172838
347338
318325
145787
366188
5
32887
17398
307096
266558
173476
32949
252883
312845
388192
116182
360599
376331
300691
491558
438163
393088
227220
488616
409074
338143
223079
276448
439031
289387
65574
189500
455417
21795
159737
91007
438195
333564
869
28471
330944
381112
248445
34362
128274
72586
158957
408415
176413
171818
34955
415425
430486
326791
442115
207
49921
102585
294223
189292
481359
44675
338943
50956
333416
134589
134369
128913
462383
79513
496086
174823
438081
225318
361282
355464
300436
71680
396462
338918
253363
246115
219603
456871
428201
178602
48140
290487
196121
490986
353209
449323
160225
280351
288566
371682
343727
383998
257938
496972
32414
411654
277250
98134
82891
294557
227174
36351
162786
282121
229333
299200
442560
136631
27604
319757
22789
430180
285613
483797
387320
241360
312700
24272
394126
101012
334603
76944
356366
455079
485595
29847
37396
282426
123006
497077
397349
218697
8970
245519
265333
346669
300195
368704
234318
468352
114976
292790
246808
473502
298863
309630
232342
324976
99548
240414
331256
75362
467975
373341
158997
497418
117845
449004
30146
170558
25072
275892
367405
200479
72745
21417
357459
411532
146286
297489
64646
385322
353157
70927
426653
99776
293836
35744
431406
196737
479509
164252
165077
38261
217108
460893
461248
44586
253453
276004
211880
87354
154153
415650
491040
74410
243829
107251
394891
442765
42848
218385
475022
45492
125664
464909
367521
487488
373121
311200
44068
243732
385869
419014
14544
265173
221409
58041
63295
50180
50459
469639
133092
388376
86025
289006
371166
52966
416717
34894
362096
325417
273322
107537
79461
80412
440084
426984
381410
243362
464640
430619
264577
215500
486442
198198
480668
126326
403318
214735
344421
414351
227896
438547
385439
255347
488829
343068
391723
25451
448153
381764
25596
115267
159481
38636
40733
12440
470705
54193
455103
284409
156241
118929
369927
18695
427801
139821
238693
315918
393775
334192
93544
364400
399923
448659
160026
330566
65112
269573
336375
1629
13217
354312
452530
448769
38564
474030
476755
451176
382995
353614
191184
184945
485032
109855
350785
157036
166188
210082
424273
224667
26863
189925
465862
494504
107803
123041
453110
386764
337912
195104
191246
296411
462060
305309
175021
51184
355976
18265
459441
84590
20234
339321
42228
366087
455515
255514
37612
373367
495744
200896
14339
89651
71442
308584
286987
182784
39758
433005
440964
60588
273546
112773
30254
464989
170842
10337
34807
319375
173729
153800
224187
18339
459420
294454
489375
478818
118053
49105
459512
363417
22842
29199
185424
81837
251111
14575
58369
462403
418064
376814
413119
490028
280932
486088
482266
131330
28139
334614
132641
288261
494475
269285
272113
302136
35450
471619
285835
33953
400480
234654
284795
493393
159617
484497
270809
231688
76946
328874
243800
449341
22315
428818
478247
338315
133998
196777
45315
483160
306638
16610
465477
97428
272231
258752
203281
284855
395367
444514
443096
387063
118907
433233
38742
225541
491549
68993
301315
346105
461475
436331
443126
3407
474970
358442
10735
376798
160547
483779
225562
303652
150236
164402
302083
8629
474523
98794
106465
321126
303147
90174
250755
471783
120669
492227
401476
372971
464352
34723
163672
291540
49923
436022
433137
62811
496328
243594
43517
228164
126910
422949
15558
495837
250602
164053
334577
420664
248301
17411
296694
138202
147092
454105
370988
133534
250394
76675
136614
136341
69588
231900
424980
498544
415261
471847
340773
396147
122183
347867
360371
405230
334611
260516
361578
9817
122546
186072
262030
229614
337787
440472
217329
392858
34430
198343
355674
419639
457825
24801
334667
142617
183672
334002
491689
66993
264620
436020
336064
350411
243060
360515
170536
43161
481917
72499
146371
64811
449764
399837
283498
292281
182873
470153
86120
276236
60036
309875
191658
290710
103022
289522
453282
496357
90858
370448
330976
444115
456467
97064
277402
53823
356398
139422
229234
150918
11637
404017
344326
282113
231478
207629
36140
238324
156611
453206
406141
381096
368178
182459
253347
218689
381990
314505
294194
45375
395326
60696
20360
66922
156550
218726
162973
382772
424422
112819
466875
414970
182178
313405
159708
293695
64507
31112
195371
479399
77472
3038
1546
286103
132823
107981
131558
374422
233509
89835
175009
41629
195184
84401
264007
47814
59950
251429
247593
10167
427761
62178
137793
463101
404364
380102
26068
391896
197042
164927
399877
204814
344405
447717
468958
29462
1043
176251
207228
421418
487025
183366
460646
184192
123891
147929
462380
13531
49016
481090
390189
64973
243283
327626
110398
386493
247058
146925
370534
490957
132647
453848
79070
412546
157274
369508
258065
462426
94568
374520
286675
428581
182796
353965
187516
319576
66716
108088
481572
15262
463513
253824
49085
111108
169999
6795
39664
348467
374929
182100
329482
20512
307284
309175
237790
239020
338935
69292
357760
218964
366866
212829
494929
305759
225624
173308
242936
298544
69579
251834
870
299865
202238
229949
394024
18387
394234
144639
490067
412523
316526
407996
68751
162562
279678
56015
227487
5596
396253
248433
363766
246144
59299
412392
298231
163646
267685
394459
497991
71421
466803
94958
203186
216106
454965
46734
334780
350716
167729
409959
183456
295700
310292
25428
297118
312345
222976
15683
415610
151458
113989
90604
9259
87807
11772
238761
69003
43860
44122
275177
264808
303177
6824
12066
251199
285776
154482
70259
27971
201110
224184
449924
4702
78318
231830
42127
293426
412242
181515
180072
410133
384933
335273
295388
332966
63339
303676
492584
395299
350533
192856
363911
25730
126535
441119
247158
455934
149935
76688
430204
28269
75239
80671
87742
434832
203353
314210
139492
293153
130126
382393
284948
484812
52411
229031
130849
189252
50170
95020
86159
454383
423587
384782
445761
117985
224831
189774
228644
137392
91281
380407
281911
393975
327014
104692
233612
110229
19186
342319
187044
360722
419657
26183
456308
429640
496856
78781
353250
251389
128436
363638
364131
213385
222089
4882
280160
218757
83028
278722
465578
218294
357103
131377
295383
443957
315871
214527
364989
102726
232908
8498
269306
379726
221370
164559
13628
162162
86262
315302
358637
458824
215496
494821
228537
187794
266729
388324
84027
115571
387268
273682
292561
140348
289301
332792
392271
117001
310982
101070
280356
428482
261516
494614
123818
176745
497387
406290
349415
201056
131918
107535
243772
231952
318660
187057
382053
225390
439057
451356
422320
443853
354664
275873
457381
444868
29609
189898
178681
147782
477369
3503
217599
452933
791
41628
349078
306629
435976
454458
468063
8702
351967
493566
389007
452153
2572
456973
110509
195602
428661
382595
333609
383286
161040
418947
115720
486183
51766
383181
14551
67463
361949
51944
479294
223252
72758
499565
349596
115164
267970
482053
236370
351795
475812
426846
252938
401468
144969
255803
20008
168284
434391
309754
441587
42534
246364
89959
310922
113506
61656
42780
244974
318487
390775
44581
326164
325550
462303
19268
459865
170423
247653
12929
378600
39549
53789
412841
162695
204516
237
367961
149375
181043
467017
14130
358425
441952
228707
315051
316471
389024
461558
311387
180303
105037
262213
251860
299478
186905
190935
282016
163267
41884
173977
370299
302476
282564
18260
342702
467850
490094
153789
412670
439831
415162
492201
403149
297939
87255
265310
351333
89419
10130
477265
456807
143009
134870
395239
27339
385927
302696
220453
5726
210835
460072
388401
446994
21871
239224
14843
324594
75614
415486
15522
448244
309245
59551
351558
314814
256430
301718
451460
384198
270818
388728
85659
82068
273819
71214
318912
246128
129060
318427
392708
29582
165175
215361
324274
371450
336843
460399
266637
277888
451750
76592
8550
337362
198131
305413
423181
208844
146299
73063
476664
302776
338855
469744
237342
244420
24742
437930
69701
237647
449518
407594
353207
49280
371381
471713
16521
181376
288556
361113
146963
330027
402786
123215
11359
155748
445368
76585
348662
325880
278179
146888
218290
216510
322447
349927
294120
217209
381302
457423
481241
444798
344029
196555
206547
337585
252873
15141
374775
278544
344150
85341
366887
118163
214412
173731
142623
255077
159539
280758
192951
79591
309587
287950
176267
337846
146141
334057
242774
418199
298318
68403
195156
196435
154042
93670
475326
49793
64293
123711
350416
414126
217797
102921
298312
20633
482227
94373
214666
420536
7102
59170
201897
307881
407230
359124
261408
274879
251939
405213
391565
388456
429305
254140
259871
42274
58179
119112
429499
92396
423189
262742
321752
254163
461298
497436
131235
322700
28102
4775
116727
115128
52861
270003
234318
401863
375055
442192
164019
117203
463980
447305
417026
298024
150942
62766
178393
243614
161428
431012
140576
449794
319444
230658
183125
302751
340328
271521
332793
59780
267651
343263
250224
266348
324447
193225
322210
233528
369934
473886
334630
257434
468176
145392
417637
443000
51544
389199
169759
216752
45569
315945
242473
149478
194551
35598
308646
289763
162447
391483
198572
350241
264971
299957
424026
301491
425953
152747
251567
255453
51618
185538
212604
118582
94743
38835
6881
385082
372249
409004
388214
499348
69827
252989
347864
69070
247103
372527
172779
56595
186718
353152
243325
438384
298739
200347
90157
394653
190830
55844
84327
14719
51477
90723
326908
34115
468417
199385
221378
281846
326263
259668
163292
126792
498312
254050
252770
288622
102950
282958
278705
15686
373690
147347
231003
282254
32123
141680
263140
57059
185351
106286
190785
27224
38514
140124
132307
301186
273177
229208
15804
441309
283460
351290
29131
146755
297187
144702
347048
470789
57823
309966
275542
405103
331641
369874
112671
248229
217627
38592
363723
397420
111190
207292
397490
406503
77703
444493
290060
343125
76788
82526
144165
89217
257610
420395
277745
157838
366671
2377
327705
84495
300649
22698
411061
261372
251685
373551
398944
319345
293551
277457
498136
386939
321999
139091
429503
348400
40102
136462
182861
55112
58369
258938
325871
164062
269255
223575
277573
391548
374353
56633
375305
377257
146285
133433
75350
227881
303813
152551
447918
176847
285639
233637
169554
48782
225186
155767
96583
467943
404055
334739
149407
235381
189859
150734
1274
52016
124140
289598
207339
470723
498531
155341
384163
264897
207128
12303
327952
380995
318270
219020
112664
120654
307424
178474
158494
166994
147809
53933
496
28507
371655
422187
215902
126446
406824
230385
136664
302634
44723
269461
420461
131897
445270
152740
143276
189864
401693
370273
121806
159602
309650
210399
310583
46593
81338
96210
71617
299860
345580
486006
169407
447214
142315
279948
261345
310978
280104
79255
425669
193685
477410
235404
435230
285601
271994
413184
331922
470004
204805
117464
334484
78691
461940
66400
195088
194410
495243
344172
292023
302494
430886
129845
379566
175204
50271
161776
195981
262449
279950
294309
328160
270551
335024
73638
487093
43364
52942
140967
72767
153697
275258
172939
327139
98067
262584
471318
334259
77307
472477
176098
143656
355269
232306
32770
279194
149000
131387
194402
317474
19802
375360
395566
337670
401279
176102
264770
249490
6254
18926
299818
372404
311762
461150
389761
3027
181817
443967
144918
104404
237122
201229
149931
259729
275900
211351
240644
393226
177701
424118
235297
428103
336156
438565
408850
107296
233889
339075
274179
163267
237073
4022
494806
67121
250517
63152
352133
410707
163206
46998
44341
466680
153441
113496
328771
98758
340147
58538
457530
61017
310863
17675
396725
187654
490258
272830
245986
456487
149476
384145
450054
220160
351019
177440
406668
485861
95962
461204
322308
149088
473513
426855
178563
375202
437669
65166
112669
308
48725
61926
297377
135318
331320
291785
62873
46548
43357
312301
265231
394125
336864
112773
67842
314912
476406
395956
279946
82326
318835
178851
495962
21168
12682
205682
237049
203231
302533
365053
211877
91821
101921
476913
201111
196766
486139
174797
152053
172390
240708
426883
263154
195206
463255
109776
207300
179620
179785
393044
238190
363684
134913
304765
397196
499337
265323
270341
181510
18654
461909
402309
201952
51910
170871
426864
195791
245266
211239
325180
489336
305202
409315
12806
58864
356197
23249
178708
443209
133376
481596
405292
430100
273335
216600
282560
149679
310024
84981
12229
498893
353474
116365
467619
185529
234724
137467
12181
158219
57431
285945
333576
40250
415610
4843
284199
94951
482368
382589
67643
470949
384998
94439
220814
445282
328983
361668
46939
393328
235509
106490
189095
281921
245705
261153
117459
425489
467359
110900
468509
236905
40094
495720
488461
235187
253031
283733
226538
134246
378046
162713
424854
247467
458532
157519
141126
50377
85452
493117
310929
371038
77422
451056
396701
318446
222957
419272
389360
115622
318401
376955
302507
5703
203575
163632
170477
243827
245624
168655
355790
238981
408107
484011
335087
230601
17614
430564
71502
480250
478339
165801
452416
54542
221541
457250
431871
182703
76575
230297
348570
159165
83587
327018
289776
486436
469256
347588
34222
39182
448334
378771
212579
171644
474316
57045
254498
116722
268627
199623
158781
270763
289428
251035
13405
424719
428232
1605
51095
147202
48303
126424
381408
408352
451495
4448
33880
97
340556
127565
150507
285588
485493
249243
343554
493538
75504
79462
143135
293502
339440
17354
221419
52573
2515
276218
261923
28219
203327
148635
104751
318299
264214
277926
7021
480125
113360
341217
338073
89726
146984
178523
408877
263545
195288
226682
104633
468680
75255
390840
85526
152895
201940
479316
222516
32084
93788
411877
466715
118255
42927
191079
240611
339306
29222
398266
373720
78334
453539
270969
309046
477512
438379
411474
265389
408413
205174
251782
242102
150727
319046
65258
83245
92970
97879
460363
259178
344186
29035
53239
134759
72381
202901
91459
86175
352069
62990
324529
99746
58006
204357
469391
11702
258956
224521
359692
205457
128168
200986
393825
184240
13679
141638
246194
215869
462525
300398
490924
187419
354781
398745
6063
84950
419255
325776
135131
227596
208528
85047
370327
341286
127760
333518
418284
83744
323621
60144
322218
286417
138980
473354
5590
273439
231570
284820
468432
252685
375199
296331
378701
59395
494907
242120
356189
494699
236290
409800
417795
168336
26789
232634
223098
469356
380335
465582
209293
14965
322655
314857
180525
330218
390410
198746
408281
224489
134381
64257
242748
408330
124395
156675
255839
398061
300766
234117
395284
447698
292855
150959
42894
70527
219646
282237
291283
461196
392447
246247
38680
90544
136295
228446
269404
270714
57334
230499
304414
373083
325497
470442
351996
118561
333034
243438
78355
16677
206127
347761
218309
53029
425080
249618
25559
446906
86310
126060
466194
152903
20681
34058
302312
448746
143024
314447
193597
124552
254466
447621
479620
283985
10294
87636
349311
32446
14484
187325
351316
392163
279099
358860
262200
70945
85265
116352
5588
346880
180629
245353
317707
279936
209899
271179
157621
409714
205907
440234
152657
295176
341821
138308
355386
429232
299455
199691
227439
302862
160668
39808
40444
138215
83320
155726
289419
117338
11113
187798
449085
401177
67664
286873
102177
260869
404211
190045
436600
431842
416765
432265
309147
145488
82406
157221
25993
161343
389006
32937
252003
370961
198007
92896
276190
249995
346312
199893
287455
310241
386721
420735
14450
35086
477949
20587
332206
35771
363831
205584
201981
87126
70760
261668
36632
167749
285253
118418
308350
274299
276742
143138
224801
480091
316901
434864
1552
159
278023
282303
434026
164864
286017
432927
322276
166485
92983
484021
274798
37643
261234
120539
338907
218765
277622
44420
5686
114373
201980
447110
493687
193545
430090
146715
120218
292562
359475
194660
278236
131549
4316
113253
3973
461737
162326
26072
25678
127707
203950
424083
235766
78767
65349
429950
265124
322730
103854
255542
166290
107906
499643
355364
355790
237506
418501
294335
148614
493982
17841
417388
89827
223946
28460
74958
257840
180477
120782
157970
9320
75404
430808
359083
188068
115294
161918
277924
478930
33969
257304
65648
336974
112875
352406
446091
174031
452665
152895
257117
91792
472525
26329
280779
234036
116399
189120
218629
489879
352089
27868
345893
222469
109120
36255
427223
328681
33835
315317
70311
133325
441583
248009
401959
44188
177834
236288
148457
426166
338690
30330
94152
239256
160000
241580
209703
128166
302981
238492
279095
17773
366132
216895
236497
98888
247863
132900
362268
338334
221805
44165
220080
225205
267515
261306
434424
398853
449449
310111
354431
148497
77380
264907
159341
325968
473521
350865
136623
327168
137668
113987
236452
377989
367269
121772
431145
238771
447655
169191
206867
337066
239351
454948
278891
495424
194721
95383
386441
310724
449891
331257
384611
30039
91720
362912
293779
245939
202172
393183
115704
163993
463088
248811
28750
486012
206512
260370
434338
202392
252240
238273
483829
80411
109748
316132
58514
392251
368159
211003
496358
107131
147808
403576
308062
94029
205457
487017
405145
220032
480990
297597
122867
366739
229932
58896
410988
238548
122648
133146
267627
433290
389115
85502
97262
284678
418708
497256
457843
24042
139027
315815
281794
404637
245445
363428
325134
123532
234023
315788
373059
79158
462604
459390
302880
210824
134504
456054
257197
239426
298829
435902
367890
113172
343917
20140
491543
430763
171578
140607
156104
400610
40777
495732
31467
465759
464874
423551
168360
43384
119693
306942
214375
19256
157580
17264
184622
499452
214246
126483
396850
151853
15670
332796
294228
344304
339951
407855
419459
399810
262236
15427
262674
296177
180532
291314
102086
355064
289738
108732
140322
147134
352162
126929
380160
99722
240757
468110
60533
196865
339899
422159
140489
360141
70395
325337
446753
346036
61515
230513
26633
386332
498070
147277
313646
481654
127709
35835
381086
49095
202739
392331
180426
455682
167054
229810
364238
324785
263695
148721
224836
290955
262666
73679
6713
374878
461804
294417
406739
199228
374151
356861
213607
235704
150992
344221
64878
64263
393083
99214
9400
409127
430277
175791
499044
160446
488700
154363
49561
391160
462048
435467
33077
384187
272583
380848
107607
35489
146413
44252
132071
339190
104547
374637
315762
418545
444745
287837
69423
359747
346035
348385
250629
286315
78717
110090
448384
207014
437706
129938
180324
35885
202049
307640
88634
342695
154388
324581
178273
164933
192565
350353
235772
54214
2520
59069
351599
430805
232496
14512
37288
481312
332078
163322
371229
345761
343317
313329
250918
466724
254149
11109
320495
418689
371645
300959
55167
384351
250571
257289
264113
447331
488149
245605
337095
80469
318857
461973
116038
374703
116590
496379
413036
333354
456697
106173
251379
160984
236298
365561
214207
389823
455254
6843
19224
87128
223158
396091
167683
175845
172246
152644
130427
495268
316616
293228
281960
325743
185810
410658
124812
280132
249278
119385
207898
53741
431490
464687
238347
135431
311172
247543
264687
211273
467269
178561
201458
290389
439264
180043
369918
359699
338979
492884
102538
297389
176178
115855
175778
14042
225199
447198
86241
5172
89805
75926
219501
99221
362529
202904
48435
420972
81740
271385
118766
140526
459895
335234
108277
165024
223643
470197
471744
193181
259947
382971
170368
386038
471089
243459
336039
425519
78177
156494
478241
114400
318053
312065
168695
295133
470523
184737
96199
366024
492696
461455
100436
113956
245954
59717
344350
12087
191466
488945
120695
79233
300708
494234
436873
2720
290567
231559
417115
277238
284069
325510
445106
452041
62382
191773
413419
481852
452033
207116
448677
168254
454425
101795
481283
208188
92997
164905
293710
485619
209641
414423
478842
461899
34984
247298
461276
367961
446044
108111
387303
312878
378754
296620
184447
398454
52916
195767
172
475590
241788
176030
4843
304234
272101
103357
137943
411748
99443
158544
19171
181913
458070
301328
39536
432067
78063
298042
272534
322046
340349
38454
147967
203226
469845
458074
292293
366166
62118
425753
386002
73966
161219
279436
145629
445465
448117
101634
301198
211656
416194
29814
246780
250636
417093
452533
219902
334266
129603
123295
151761
450636
430188
323662
25940
18972
477667
275296
211361
312626
96475
417191
166891
366904
35664
201226
419589
411036
9176
140415
451414
131790
379240
37381
202650
93492
339011
6418
389767
222113
181468
104279
227556
361422
3293
470180
237480
458490
155964
307188
286977
48329
210681
112675
351743
360743
336107
155965
415772
275524
455438
89684
333340
329223
321265
448483
21495
440906
37712
91922
113242
136771
254799
116985
440090
176026
183352
239028
495892
192511
368132
127926
264289
286187
137369
31383
327514
384683
246874
40050
76223
183682
193054
435880
214789
41269
92534
430703
69418
328226
118052
214870
95621
66174
357579
10771
170664
88251
37872
314816
444840
55665
18681
444396
27931
384038
94989
102197
366796
472438
146650
64063
53771
489573
463542
265985
16302
145265
325770
479197
458329
237840
373201
434200
265048
335197
77030
74284
91
368221
267110
151625
10346
99215
450116
339065
170557
129272
52040
165121
43962
223937
409021
232444
486853
173892
121099
37331
44475
89805
454850
333401
368699
399162
153466
109562
265174
275615
487766
436433
296883
15848
121320
290830
332830
352822
252265
306401
298581
402202
223130
298873
137889
92892
263122
61326
205976
116757
359926
365531
165394
259196
69407
18716
103928
237267
326474
170544
351695
449940
476962
192625
151332
324758
120769
380715
133255
99840
405582
489399
260458
250408
24273
499399
327385
233206
284671
265395
422099
468849
21688
293661
281663
301303
267896
354357
324129
320469
18818
198320
142423
331863
410844
440509
122315
230674
435803
40936
441950
140021
239071
191513
172685
376319
17672
113158
356053
229029
440177
32905
240226
21828
404189
275891
360816
131455
54603
427185
168669
384255
497106
416833
232043
186657
241361
35469
306213
136894
294738
18511
258923
478631
145823
188470
453996
118517
74035
260747
311423
291832
79729
401550
387454
448895
250033
208946
217641
26092
329052
454137
352067
256629
233857
208894
150484
63085
219948
316924
461772
34821
438893
322293
222952
489762
107572
417038
54608
318196
321584
131797
401010
79031
53427
413665
107498
481236
10235
369544
428017
201696
427835
121704
402675
247511
364958
260750
370608
158051
346500
376340
206059
272669
199402
160852
475875
456050
346866
473341
267551
205752
156809
410783
340876
24410
395567
482348
329954
476195
158975
35454
52729
131363
227783
333071
11170
90752
53513
422147
233961
139488
436655
43352
496080
436001
92482
378201
252668
141586
478218
475692
278597
11363
496016
312417
119733
485523
392286
271845
242232
29425
189601
407327
123340
17801
312263
350266
432515
110451
228110
105337
27816
42635
216776
483354
341618
406762
123910
161003
175363
66644
398668
305760
44076
401293
443110
337528
294662
490406
498377
369421
51529
42505
229856
388902
234559
197621
317856
141845
499455
186883
348418
2449
11933
262238
468903
17489
266738
128232
220945
136118
191297
232323
439102
424677
261864
60595
399725
488522
111041
360595
456282
315449
254142
361466
18057
360968
214946
3477
100931
402240
48109
80072
59545
87227
96107
141201
5772
138439
405132
440211
46620
361017
174169
68229
287832
466562
385490
248201
234124
144592
97488
260878
311497
89050
166296
355918
106532
24258
13840
114007
363838
335117
374692
168095
166706
422780
305940
118607
236018
58307
138507
96062
233936
317384
481757
397092
236669
467647
55273
471418
121939
429916
378536
20269
328499
174466
231845
234358
169129
222784
189064
307100
95540
246130
102795
475158
415628
465470
66420
363381
51322
400369
269713
485522
300290
401232
217543
476015
150488
444001
476778
420951
303901
112555
401292
18977
490897
130918
414038
357227
273378
470139
194615
369161
315782
282731
25832
413431
443034
200575
403330
362366
94289
3267
17464
115487
225350
27306
221513
307314
388016
3540
382965
180757
123420
264194
484273
51961
445701
450463
321934
101113
344801
286279
320070
175667
160973
375255
113940
270943
320811
76544
75373
279368
177284
422525
149916
182210
262584
18593
302461
180939
315915
135902
305460
430173
314128
360332
377769
41605
263346
479851
227921
61137
444243
210534
177740
314208
275066
51772
470300
351291
297602
246371
20847
30825
389196
346543
250915
165369
48480
242480
200729
129236
98115
71155
430014
387268
179604
423093
186719
201546
111265
135144
407550
105807
345087
328252
74386
247341
90461
211106
422732
106865
437037
252001
269697
431117
83278
83572
431226
386426
235259
249717
255221
162383
413546
379474
328675
495617
50155
35049
385329
117572
316556
348651
21379
130152
9807
231255
11214
425496
143138
100419
190405
473865
332494
349249
188031
266857
227073
472827
207242
408339
350787
243327
450948
411241
177040
279875
420994
386718
341288
137894
83375
462462
66785
252064
50726
337563
373248
43035
149468
462988
120989
262286
411871
176030
259073
223617
83514
163404
371303
363056
373294
432098
480588
82393
434063
396530
222291
182197
23970
124122
340900
190925
289758
209400
163538
285580
442559
99962
224547
470613
183341
86
394993
390804
197612
481291
424329
273467
241617
305946
99104
17501
401624
431519
325753
34751
29254
434976
315044
57376
387275
492297
21068
263090
361471
118646
298182
162734
136873
458099
202974
308924
286146
484880
251278
83811
465893
134181
204146
293936
201989
157941
432974
285725
328458
441200
347433
351157
432237
251654
155465
306033
363903
369601
173749
261603
253280
36654
340438
67831
344973
80063
67939
79753
396265
239521
478427
387398
229916
337264
332251
3061
73980
25886
447104
366587
277808
212764
491298
158074
267692
270516
443543
378669
104437
486447
428608
38209
95500
9061
261320
366595
149294
199225
63327
92152
318035
235349
251257
175506
210474
401942
341964
353649
169260
275054
158640
179509
386868
183714
110770
307275
467607
116755
38705
181109
89096
55203
16764
153301
482394
496899
158733
167527
161759
495663
76788
59033
483025
92801
12967
71744
472065
89432
497373
83481
117976
195855
329705
115424
302800
429748
81639
124150
362805
420554
18927
138133
289556
335015
24636
102025
458241
128860
231560
146452
327793
321983
254007
134226
33493
134173
329707
41877
93856
367492
394479
318871
79725
178737
207633
226795
355067
442819
107802
81673
167784
357213
25566
491130
209109
169113
419423
493114
192518
151412
336698
133113
166066
99373
349126
427726
97413
340912
42152
251505
393068
312312
136761
337085
47691
86253
299139
205019
465391
313936
29176
204637
401243
217837
414596
194753
472035
317793
197857
396199
251857
113604
344530
122789
247025
20501
216421
218782
145070
419552
382364
32066
362360
375265
205066
50951
143032
485311
197415
213607
364785
83562
147839
65127
434038
256707
491053
165431
92363
217696
113173
336061
101445
52068
33669
423478
112600
469231
129141
102878
116098
168264
373562
291142
454023
437787
378004
235813
78413
189000
42575
469472
76
469682
440448
28232
344678
249824
320168
18359
458508
197620
267916
152260
88726
230845
469203
106915
435302
405878
62538
175078
371613
195867
474720
148553
193009
490276
251833
40255
221895
405867
124594
159195
250328
297771
228922
274987
284488
2116
407999
44871
484223
33447
97993
12244
114452
497859
372771
4483
401933
147546
229606
18077
470687
378638
406980
52008
340418
223709
108807
496792
301943
308755
80954
405594
153337
21691
372744
74674
297071
447856
239425
420816
77666
31901
443565
268028
150594
379717
275530
445062
141689
118482
303038
323384
210310
326952
80506
334245
353724
143099
451724
286737
454623
206681
106549
32015
349140
336635
425538
462386
406686
117935
315052
42483
174709
347143
317746
58719
71222
159900
71376
7137
240123
134960
265611
256142
366365
385315
51887
385297
285295
347271
216752
215848
18185
5359
159741
294448
293757
356728
238188
303245
298348
399923
302192
137549
472901
53434
295023
372656
184871
196957
130893
19174
47079
41904
147454
463951
44394
18978
456501
445129
328642
158761
84036
269888
287751
259578
450728
166001
396615
362419
429291
247905
230724
309394
325064
145280
204801
145068
221081
378791
326092
138693
452499
175268
15967
251920
432500
314705
377201
15497
199706
231853
439368
90169
337254
288725
182405
20243
407468
143553
418435
124006
461528
125535
494340
441171
365125
239028
273288
106575
167030
423509
188604
448726
480715
383217
353157
372378
247458
366780
403456
436227
491867
399763
489264
6875
222988
56758
148104
363259
291283
2742
408662
105094
293643
202480
363175
359236
437887
208652
290678
100480
144474
185710
464673
56761
267884
122061
111957
494207
475084
414411
393405
455178
343710
91243
86447
212380
437642
410252
138541
246819
191245
439353
361688
167464
463352
35739
45865
32193
469914
217561
498413
413104
236110
425471
166126
153773
253212
6351
491891
274597
129798
413778
455669
325400
47794
295979
366513
273299
255363
344238
18172
96675
304720
399978
117081
299954
142806
270739
366415
395148
113592
227525
16754
39617
382265
8771
309115
227746
232310
462273
457052
186856
416876
242336
342058
144371
337203
491195
277226
53113
470519
182703
145062
438416
134135
44015
345721
292415
283436
294857
25136
410776
280287
172689
188458
279980
435203
123374
404327
499894
455593
47424
373497
200572
332932
337187
342761
100924
292279
479890
490767
84168
321530
468634
1216
375916
476981
213870
96810
225788
194103
156419
332791
280660
173711
208122
474709
67292
443766
442476
256789
263011
483408
240610
7940
209029
460244
235157
108788
124909
225724
222822
36373
42772
403033
465178
342089
244300
219295
185783
370137
214346
465449
147213
436793
104322
181084
273511
299093
247651
386966
48479
118448
167114
358059
94365
370060
384766
380594
385432
174105
352127
89632
352863
430399
124155
370974
276715
310190
233638
52482
78838
144839
478425
251761
293364
306303
379294
277848
330272
446086
409670
349109
419517
404452
274033
145273
268269
150582
82639
57738
453120
446308
230416
175416
472253
152190
359655
57362
338144
21516
191151
20778
407729
382696
435616
309816
224171
111005
259501
287446
469252
310650
421044
489401
51622
211828
194986
102691
450940
335292
13237
430180
360479
305581
260766
168280
114984
463714
88595
251156
32369
133778
87106
176156
157313
148702
164839
186067
375911
387944
211712
139222
160153
193334
407755
467233
66972
361068
217115
408013
499854
110448
20219
369969
9785
356676
367981
82104
210495
362848
57344
203474
330865
158701
258074
468529
301336
411220
447366
313946
17148
397063
423734
41604
488099
222777
482451
88532
42499
411533
389335
121677
478279
446273
118408
499024
83407
130879
134688
498754
425567
450389
298446
330480
413723
422655
291181
92165
35590
122443
116002
334682
177010
18824
387923
311013
156180
14744
147928
211948
158412
430273
464183
375109
346722
185703
208720
55252
167828
171279
32806
441878
69589
247867
206920
394958
348411
29646
77417
165980
25647
282093
315816
64902
365136
272702
125918
384959
220152
477077
130362
307944
76070
406431
188309
357586
55173
85955
192218
323210
364432
41838
29750
89891
439838
277455
429733
294888
338693
356709
183563
175350
214859
6011
32770
183146
184940
74379
377915
50275
187940
495014
416602
96147
67323
399998
195737
358326
387101
147578
269291
317789
177825
282566
458122
104181
449935
485141
217288
284272
126674
405041
499663
161530
438687
482499
395330
83857
478593
75131
55935
175704
192235
255803
337371
116839
116761
374151
106362
135217
232052
289217
126845
101642
308482
453677
166658
452831
71692
247586
498544
330376
11234
382357
323639
274359
451121
361467
63165
481512
215558
350142
288762
38156
359124
20993
5129
326802
115177
373637
271855
464423
204963
360578
29962
484532
92980
326416
319199
132159
243549
179987
291341
277401
448393
86104
314407
29672
446594
264244
270076
368952
44507
444436
435293
268775
417277
369557
180892
93555
4403
220586
494265
153424
150741
336060
252565
479517
319348
13394
75015
199583
154808
94078
41827
139190
69676
454078
405409
479384
254798
91515
150025
441135
244872
431341
54888
297108
130327
394123
332982
324868
384205
261658
79175
36495
415550
228599
33337
166298
170517
479054
232044
240996
302411
183193
498036
290919
96299
192267
485796
92333
195187
430568
54691
361850
313904
205292
40827
83142
382170
187118
206745
190086
479063
221563
143506
294121
3799
89676
283738
442366
111895
499438
332601
238718
157808
41905
363615
232668
343387
172270
135857
268611
72034
444329
299043
296975
190597
192542
432028
40499
267959
209088
59462
347773
404671
423689
334791
311585
251568
66046
18277
473800
347100
396540
155921
262509
164761
23503
271532
462288
319494
361491
489749
187974
19727
395973
313273
393992
168813
398893
321845
430791
475039
460893
201262
392002
445483
140802
116480
207419
491229
433173
121208
334802
29462
146516
29948
180580
397672
444748
103466
244932
495323
405283
348363
73049
117215
117805
98177
146290
258476
177992
9031
332138
115754
345985
437789
244793
31925
312883
63055
212202
385254
46975
413085
283015
89736
244928
327506
262141
309347
194637
468474
381638
160928
137106
146416
492330
146342
467234
422360
120159
129697
267618
179472
94944
5369
404702
319259
155137
447079
461548
119029
61067
92539
77977
136448
312302
108573
421201
209497
275316
495779
340751
124623
355753
483238
101773
443750
210208
127062
351626
85365
410522
385836
347097
13385
319913
81631
59555
263455
421818
114818
330557
472081
162576
152937
261846
171147
57540
25833
396306
396295
359197
391989
330036
166196
146431
1821
43271
101357
470203
228147
269032
14625
44551
420361
280258
273416
210284
88022
262025
380721
373344
13166
392692
405693
214668
346899
348151
181949
496936
363118
160803
212442
129103
104853
72827
453761
445369
382305
498057
95976
21583
64109
360461
333725
249009
57080
400851
207696
47042
234222
482175
314695
113175
441917
278863
194487
163881
259889
15000
85005
132813
87496
40342
479164
479520
41571
192620
464932
113386
350701
340088
269360
207722
319183
7390
351034
433372
150185
227990
225956
307291
468118
171010
192253
443593
185604
183864
146330
127030
225128
246238
272112
336207
24449
467031
283131
365006
960
41848
193570
105000
42748
99339
128987
84305
226841
375121
35954
127911
357801
295792
326337
246541
32341
229935
213475
16493
1544
233310
40457
316472
20367
124083
494706
228647
116659
135823
209547
249390
307587
183730
333681
165792
88140
384009
9542
96689
314722
445784
419746
490634
332154
426635
192286
188752
256578
465065
363417
207375
179627
279086
155326
118809
95351
475855
109375
469741
31722
189251
452464
336435
415858
478397
423921
448801
461383
267923
344610
38882
99908
196215
155987
290056
4659
387490
306298
12475
50448
487705
483046
354474
26565
453171
300778
16921
467957
343759
140137
396230
324420
261467
447875
278216
244082
329482
15227
52741
113333
351131
136238
342106
438009
182994
242782
288907
397210
159054
311114
146694
135142
354642
85608
351472
124975
270048
163861
19649
119917
28098
325082
236110
345463
164889
374166
75522
240907
181970
265993
61543
86699
164949
347960
180653
160696
268147
286827
469088
378406
380767
310800
467234
451941
102208
329304
466885
379889
266146
332177
295652
60966
181244
9402
403337
402007
405226
160107
247337
376987
19174
471280
96071
183572
427231
444030
449412
67982
102409
346212
142179
424582
415753
297347
429184
11265
172175
348884
158961
484036
498951
222439
160701
410149
40173
443225
286781
453209
236696
310989
475278
99667
91245
218757
263813
405674
305891
352931
73315
312000
209058
21565
139622
484668
97087
162329
273773
250837
49671
462209
341216
154107
315611
216284
32595
346648
67246
143318
38535
190139
64940
472191
357517
335862
150024
149623
247375
396792
79414
354058
165433
62689
107527
405075
372542
427429
100545
352242
202557
39595
412004
102636
267190
248003
137448
454340
66617
290187
347121
434804
57237
281608
471930
69101
375628
352209
1120
167796
64352
306167
61342
147834
382715
19942
58664
32296
355355
183976
179955
374525
167029
17246
306452
483095
8033
467928
237726
145211
27987
385919
346032
51036
347678
93076
336084
4747
275895
426895
173540
182616
231945
54321
484996
472587
369078
499216
333623
151300
351170
486414
192853
196091
423277
369664
458958
318113
440212
392355
498428
190894
209916
64569
16680
31070
352119
466369
262031
148169
266778
290669
225363
467013
499461
264586
4438
8952
85513
55882
218099
323338
13714
130963
107569
149224
297017
484421
223197
45503
420467
293821
499335
402230
61156
28111
334752
15364
58398
53936
316377
133071
285254
404472
381030
369563
316436
318642
361732
50568
360680
366305
283431
326971
289052
461147
307068
147399
341762
192948
479763
214769
364934
415484
437493
190539
350654
328262
90199
417587
371702
9672
481837
281875
372485
393020
457428
301698
222375
75754
426894
323462
168163
59560
26474
72948
381344
165830
155239
342616
343239
334397
434007
11801
278920
302292
350648
141492
348736
488147
85283
320789
68705
131281
99435
183725
445290
466255
388449
96265
58515
199143
2114
340475
277412
7789
14428
5588
164978
281883
245984
361812
173409
437083
253163
409863
91078
192794
249104
487213
233969
332464
228154
30677
164633
152823
289238
331829
490804
243116
177377
296616
452852
376172
169769
270660
10237
74987
398008
132073
412272
256236
258625
230186
174530
47209
48614
241902
487809
266358
58398
479282
107780
482203
3511
205206
141206
397104
87185
169950
303355
491836
418266
467837
124921
84897
45432
243746
264782
155110
422604
45864
423769
284746
309078
375605
289815
15171
253463
157660
86195
477738
349955
159974
112624
326958
225134
38201
337226
320670
81259
338147
260010
99215
343037
350248
261715
170896
371798
64767
368039
424569
197572
138595
428151
279857
361608
61226
448622
271380
414675
207954
385486
335950
67800
97025
490431
348198
414008
224133
107091
428888
152556
70213
8868
355158
289520
466714
113598
320276
24609
191669
407587
51394
258409
345170
141408
307130
54362
168444
72656
498786
158941
229737
885
456333
2831
183375
284449
262232
467766
13062
475644
357676
402633
483531
91185
328486
59689
29059
437722
443734
462179
670
257858
1068
452765
346083
190364
383897
82179
404493
205744
320047
297866
114769
273741
222229
394048
457682
87899
499421
230855
117516
378556
471043
337562
315364
105598
154177
242885
48885
203134
452139
278203
435402
341688
130032
467297
55529
456270
118067
129094
272563
403032
64884
339458
97545
283761
93565
24369
468772
74847
487713
249260
495060
104730
403177
313113
85927
233055
235747
9063
213996
449863
289883
231230
456886
487218
367843
224945
493385
308256
59541
369801
486545
197915
119005
136425
121338
445668
38263
214925
253842
496857
52045
184094
469921
133457
319323
427376
179912
264770
438113
342732
364279
157837
306215
181931
99583
97344
370493
317446
55020
38138
343351
1167
72657
355986
327134
19413
373175
347863
236885
114747
385002
232151
382191
192464
468417
46025
440536
90520
10698
438462
96453
221841
160270
185583
482112
376174
317700
343728
463012
9723
275259
418426
295943
246006
99842
91747
448087
198420
131396
201104
315130
292707
482684
404218
266575
213773
295514
392570
142360
75761
24625
364298
160905
114707
430796
375423
379522
118854
187169
349507
414348
291558
472059
303503
49460
186769
96323
90435
308304
365062
212378
392448
346208
219529
499568
92940
251158
74962
496829
280652
26567
364288
414736
171901
368874
293102
441288
99131
77710
186887
16236
35720
222902
270236
73409
144984
348382
202392
372917
25777
244008
138620
489931
134361
218905
197598
7293
11907
171058
107607
324946
438017
295239
82787
150678
109848
366626
433988
215819
440752
323144
171958
138277
247677
49459
81686
25188
132056
378747
378174
340236
93404
228501
382029
118723
46483
12719
366846
370841
128101
384613
354814
252229
275807
62956
350347
273821
227230
53245
239952
229322
343877
114007
419881
104876
172083
20068
319689
481432
164797
430029
83519
373202
321874
330566
162159
219741
117394
224325
81885
96556
188610
206666
105388
170698
489809
496011
344549
410358
79345
203735
80333
281357
347850
239825
91757
122560
209506
257265
16953
83123
347408
62542
286145
240476
57936
472023
468014
282033
35744
176925
161553
400669
405093
347602
322242
328315
234387
490637
10439
431793
195568
370364
241414
35115
127418
236484
216483
34199
351222
63082
77626
103286
37743
17036
457954
343399
63912
99918
155113
53816
141225
67921
279633
303534
235391
17356
9115
70683
331518
299811
374237
152902
281253
328435
188025
163878
157277
402699
348453
206880
50866
437599
252314
476883
499792
203762
290758
471940
476388
487499
249135
314898
256091
23897
277007
228707
380863
361178
4319
465612
237138
93856
264396
168606
245123
473802
287884
419763
171292
453184
5061
407151
340191
96278
257456
134014
40306
57541
53009
493735
57517
59092
343135
467095
392429
54008
488377
323561
145868
112615
109818
180861
361290
158119
39189
481903
300736
37424
198155
28358
55888
455302
426488
267176
271265
138362
81144
285440
238468
263366
459391
157940
365181
266259
355006
362506
103652
280894
116501
85731
468411
283529
312062
318931
328762
110586
289268
449339
336347
59639
403042
41565
499601
468212
289714
456191
78969
496069
100638
263382
241271
235994
312507
189994
462447
5050
20914
140061
461210
378681
351075
351693
481542
217784
44752
175500
393875
224739
245781
446196
169996
223720
270401
338951
47928
459481
63892
327808
359711
496453
72806
270823
474472
190736
422976
143290
331850
449321
57512
382750
400876
184450
142540
129637
469763
413790
337185
378792
141590
319131
459794
180060
62614
96227
446392
74843
263302
245275
460153
203583
35270
46069
203811
161193
13949
48404
477465
377874
394512
75966
428740
75417
257508
97171
60261
31755
230686
224561
456024
496976
32686
342592
206942
325010
330625
229943
110028
234405
431758
150140
203876
409300
151330
251167
246801
190078
2477
83640
393116
304136
433308
401638
326647
307860
268452
302865
120055
118928
178208
492394
404171
84665
258749
393450
239393
358319
411906
472023
263838
252375
84887
2500
396179
140017
493779
200280
396644
50400
360361
84558
98830
221746
172829
428158
356939
298374
60353
376351
156933
26527
154855
443898
417754
386699
170436
127610
57658
56338
148459
331413
9681
327612
178310
153935
153253
339597
106574
218822
152579
220242
285138
341568
53858
153996
268094
358208
371792
122333
430148
283619
430166
146049
184821
53184
17897
78352
401952
396689
196181
132597
58964
496530
167552
58310
84438
340493
5109
497727
176799
67822
248564
338134
122050
244638
178222
400146
74141
73280
138637
130408
363813
495013
12957
148338
16153
398528
451107
60074
423742
128239
154715
312798
319253
152214
139340
25505
477255
137028
403265
67203
491010
383223
470949
346575
24250
213778
179191
176070
349820
55891
88115
309487
321275
63770
210069
34595
458503
262165
133309
2050
479355
49202
69143
370513
485863
66881
58002
9268
168319
437739
93355
151323
358430
238565
20450
73389
186391
383448
296125
86056
326417
48762
430855
481311
449180
412459
124310
29319
933
118287
381038
279926
430068
76586
440412
38082
247015
293971
90895
207012
125726
476133
32893
32769
140974
367275
314700
400431
366795
475669
9492
186020
257280
151261
275213
237120
252027
49817
330452
385276
356027
383651
496405
14317
314308
283131
480090
103749
106074
449053
164853
322266
5720
24395
92247
92462
469783
308877
144345
48676
332297
183299
99757
334676
109534
378206
290992
473259
485832
243966
356292
48336
430194
115146
8089
201162
93051
475429
1400
228576
132122
49017
69077
33543
368094
400959
173733
185486
384503
195397
437899
399632
421945
477564
419097
29576
243146
459769
150701
466948
139550
54352
183433
77336
273878
407092
250602
250272
157656
493184
177455
246904
370090
78058
225113
163175
475141
174095
257314
438897
307307
429935
285810
221092
318653
158912
427686
2182
365094
296275
162886
411530
162439
400306
18175
341713
473175
267090
420146
387128
147195
440386
325512
126711
96691
374493
459196
392151
82327
94578
201786
75100
480560
446235
351312
268239
450887
134520
482694
65425
103012
93214
492092
174658
338427
411059
59815
275313
351506
184905
498122
37453
96953
314697
296699
64043
489950
395052
6725
74828
415770
410060
15959
468172
454455
228173
39991
135275
208921
345020
425882
415184
412729
269943
89339
157874
266457
351947
217349
481959
265114
491174
274518
164159
278845
420546
216782
198038
495349
58764
50700
226322
85993
87777
361809
472658
441630
380704
69486
95762
77719
366074
146361
165668
283044
241779
98052
56398
10505
86280
14699
309759
366393
395740
40892
98475
115725
402436
97504
491894
233580
337005
309917
312873
36920
403314
390085
265645
354396
426687
351478
80279
227965
329073
15167
459302
361682
219929
422498
132359
8453
455548
269662
493951
352766
476174
224277
430678
479807
338058
469858
399958
79579
214831
431105
477269
59445
379101
251043
209395
9299
461038
186352
356641
225570
439177
69858
1295
468247
125237
40791
238479
192832
372802
259797
318487
309616
41015
382322
334880
465132
266130
160351
180460
104880
111112
22289
120649
322010
212379
71826
486255
424226
97973
358486
106766
173840
313914
307271
360131
346709
485580
268394
178653
478274
245830
396569
222591
191505
207702
354572
246328
496832
127036
471720
16590
285346
467327
208593
22192
6133
64801
317774
426758
3703
484395
38726
118920
368846
160534
232002
459800
310148
104486
258839
324463
132175
122722
341115
167752
197335
378828
80858
211709
405135
336742
470041
372876
167012
196345
13424
94095
485973
314857
44612
347588
80135
471770
92106
54389
117444
492925
328058
342379
12959
129262
205352
163158
463681
470232
425684
131850
29975
496102
86181
132421
48419
393541
351924
142304
92086
2833
433242
178648
32804
290674
419142
211480
112140
380086
247953
320817
421093
243745
485737
54376
127346
99361
227782
255621
142051
457190
153543
309241
470768
132429
385525
93794
219738
70937
84902
120707
433663
396
80687
348729
234908
109993
183083
307088
76928
262735
438589
465777
457842
404750
125074
455029
232702
207492
268497
430041
208615
335898
322808
220940
250751
488158
451271
93381
55272
305975
98685
227221
284944
159684
394805
454533
401223
427333
330201
486627
32076
420639
363347
16611
379811
78981
119610
92207
197603
354329
259671
406838
147612
379395
46669
31488
74754
381
345633
299900
66175
187191
427692
205485
83059
207939
122006
399513
253919
273150
117714
5670
98918
468631
124777
165083
396085
451977
28451
356354
415119
94142
429576
55095
284076
493527
394852
122506
296595
438757
9181
4561
226608
245262
352903
126453
10968
98145
497357
208441
324175
182141
132823
102145
456238
261540
435344
25960
358402
406683
18607
67654
67962
495501
398137
266422
466194
191659
21426
203905
251424
116973
442036
409941
277788
278011
432024
165934
188407
24937
61586
343414
302334
52521
363519
57592
331637
205846
168237
212119
36565
115233
486544
130577
5364
344024
10808
280194
77671
451750
79065
89772
110305
232030
355862
152322
25226
365574
446078
499440
322408
198360
431523
247882
311457
335507
272304
195100
56918
449948
323767
180883
396472
394443
486191
79797
193359
303900
429215
471817
163989
346370
323032
181065
265424
9082
82712
324064
31132
441794
396567
228790
94493
65821
117651
101064
137414
316302
59682
489973
351231
475801
479136
125056
188859
27297
341144
379607
406868
200589
223025
260378
126890
293566
190755
294652
93235
301347
235899
40041
248335
105495
418727
314100
415984
431460
318787
330656
126270
240399
99596
275738
109568
57397
56344
258201
405356
282396
465086
496154
7022
32144
352998
290022
152911
371297
198020
13499
158245
341239
137287
114423
92114
126100
221615
200883
249960
485739
423147
486672
89451
387243
442786
176979
281965
427254
131043
87617
204627
392022
166132
61953
285583
80574
235380
209762
323580
388831
433556
233966
344917
169234
65300
324749
365534
174104
345147
479925
457328
286684
463590
244109
37412
390181
205058
42514
59925
101343
479577
43900
371300
449167
134722
479788
5980
53234
247821
216453
105196
359653
319995
20614
414579
186328
47996
147680
446823
329432
351925
64089
161666
329269
316459
380332
21385
421060
174923
304662
483972
255176
465347
105575
394282
38700
55798
136474
166955
432263
212035
297969
460900
489698
395980
75080
13697
5584
342931
458919
466219
282818
185881
352812
126113
122447
193283
219952
328220
401926
196452
277362
490247
348778
391000
271812
498352
366096
495118
405507
29277
16039
432873
86292
238457
160222
389687
233675
171636
470449
403
22459
146648
345198
460113
453868
110610
482718
152432
14387
24331
247302
120365
60677
122224
330091
311675
284980
171912
270389
270198
389415
490567
221671
209537
207022
110069
195556
297182
490509
292311
44941
149539
178053
47449
180831
377758
16077
120057
135688
154123
484433
261384
103587
36736
371981
186731
96323
479590
428246
487069
487673
229243
267052
412627
352524
13816
75911
420100
471471
433021
125065
357443
320665
121599
380458
35812
63314
195720
243668
108182
397479
449100
270405
492772
134643
213175
158700
206707
488702
132108
218476
407108
494608
14375
37914
174116
166241
469420
368018
431474
177105
399724
154223
68720
269378
283255
477928
381520
303288
214571
317267
358756
335544
111853
385508
187844
243426
432433
343888
262839
16257
103279
16649
229522
470951
255460
57943
191428
320473
262607
168976
369558
415183
267001
217592
249547
9704
286375
264052
258677
129537
225497
13755
224215
464765
82185
468807
295515
148259
474772
471899
227519
276223
283010
445207
90568
137207
5009
239842
30241
63453
150098
205859
143240
323010
137939
72713
103010
448400
442682
260205
374397
355515
295717
100534
138978
267158
445313
368736
451221
494633
121124
440468
334675
451519
204873
1546
160542
123313
230046
108921
107493
329796
461489
6277
95199
48287
438332
50252
121357
97590
336947
198037
196218
237611
306923
433984
24537
320570
406189
192931
399124
400776
15940
130885
175558
456234
138421
37819
132872
369412
113093
282152
473683
433544
397749
31000
5591
468710
372079
86995
475714
316254
9529
52376
309076
183841
371704
273526
376991
281576
471419
35550
28537
360541
253439
389020
324693
24029
191011
312489
1162
406832
236500
339004
307092
277052
481970
79021
446556
366126
233910
343088
158375
416874
26108
226254
286777
71234
186015
233501
364085
479806
35532
253367
317478
466390
22565
202185
213997
362367
311331
379299
358018
223780
242054
254586
318936
242294
176809
9064
471362
55979
313765
25162
336388
301871
238013
149243
89816
80013
55874
337376
183424
374285
213775
364586
486760
333776
471910
378970
335047
291312
20084
317911
367195
479010
348646
90958
484965
481956
388080
416970
215221
289659
186738
378912
424615
82240
105713
304780
58632
81291
191920
271034
280396
435412
69492
387725
461259
125033
377185
120937
389335
117179
228579
145111
59384
480248
269684
471739
163477
209169
332393
388832
31485
352576
207575
89319
268591
155818
345621
431630
59087
192654
215331
250597
62991
133785
253437
161158
52887
58109
16464
266403
320249
218375
403018
198333
122687
115516
305819
64447
411378
435050
382711
213850
308603
286102
88699
388664
398345
479085
18991
158635
181203
75427
157749
495924
479362
95885
358677
4984
274668
370719
127477
55671
184642
419566
255333
350737
299277
259274
154849
488141
241805
491930
22361
427575
229474
478918
81657
494629
75532
490012
499168
294149
465156
476171
405722
347843
388119
410213
85450
449195
444034
371584
126985
37433
333043
51654
253971
347981
113417
369224
206843
365780
158975
216530
78093
272697
309753
173044
451727
379091
271146
295505
463715
166844
110317
381592
93845
472020
13843
99952
422674
244575
196107
338925
156874
483699
294079
328349
299614
27636
243913
239702
35096
255348
482534
319171
402036
218038
26998
1481
55298
24051
291595
406704
144078
458926
348055
477215
205124
355847
40302
431197
106103
477052
132266
189575
483332
87591
151366
283418
422469
38885
154898
269038
21545
302581
493082
284606
422654
107616
254748
132897
216019
310350
33003
322465
409155
149837
81951
308333
29148
211595
128718
125698
132620
268160
173507
305493
103874
343886
124003
17979
192816
75481
97514
65241
31611
403834
174761
150153
314779
248407
288677
238993
338987
472719
18615
363878
255678
165936
340395
487188
408257
427116
390112
3631
429629
482443
22309
438689
249780
416993
252224
351188
45951
187226
16136
269280
311515
175107
377074
315758
167222
407188
235887
490323
259180
345704
238496
293917
132771
274074
226154
109349
460797
262358
375351
256165
345184
407013
406210
452760
276865
408565
310158
423501
213721
201596
48531
436090
106624
62249
269412
105294
53056
413626
163551
315849
468583
462588
438423
199451
406627
54012
490145
192676
226822
274455
204888
65017
445487
314188
112470
9657
471439
342074
5326
86521
166639
321261
335915
146665
392406
145602
229717
370319
326432
161412
94946
281335
233227
118866
282348
427272
148909
389020
438546
96838
870
337497
383112
490365
214979
40215
405508
278200
59969
453928
267342
55865
479294
314685
428643
358180
187265
419631
181861
6155
120036
366052
197405
455073
323358
292786
210652
228615
153028
141900
82685
488702
403546
286351
216823
22385
316560
342710
395271
475582
5827
340177
353926
270589
14182
203770
399175
240267
147154
470592
148590
446345
340336
97486
233874
498254
63177
498507
401050
133839
420078
18621
242983
134298
12250
215832
429087
287665
467841
261522
60599
148959
303814
307832
7063
323310
339770
272590
443673
397345
25658
435187
490170
54512
420813
39150
297767
93710
246178
150713
409749
425573
288904
148060
260237
177415
477324
151477
34955
457267
186926
497894
369152
308581
205432
88240
34401
183937
381421
123828
261823
19734
145261
431831
291069
248620
375315
83079
78482
489123
55980
410568
92268
450367
287881
5396
78788
312595
317223
424094
428569
470028
256976
286760
11168
55111
253257
34471
367712
166123
455859
40532
7886
453866
215219
459082
32823
411513
310954
402185
136581
124146
114022
398398
447183
181664
53380
485025
144370
84800
385912
420737
335936
325322
277695
136408
351740
336278
252804
469751
234978
493624
330418
48232
62733
298853
292254
180829
318798
373033
202148
22596
103628
347281
441366
127165
346144
119273
30175
226764
217101
232649
104632
406836
296544
53154
304299
289633
185350
185315
125778
499946
104093
284975
400184
449282
296356
389608
414161
234966
16445
118016
496793
216126
79357
69021
405003
14161
311666
455762
385923
442135
420141
13716
200400
386366
349788
326431
85221
490696
17764
322193
255796
135050
492259
283421
5407
39287
213749
414625
18691
440456
201012
379155
381884
321666
88216
483271
134089
386701
218242
357360
417829
327868
31097
255746
306785
168662
157218
430671
203523
70909
470806
482165
110127
174091
346157
438314
226138
167817
65240
289865
366905
270518
278805
312767
24999
38967
284179
53034
185662
291444
445292
357416
319816
318733
153450
128871
835
410536
46152
209241
345627
213966
493352
169982
294567
421685
106442
161550
23582
336065
163266
363992
443246
396256
99692
426314
65609
479612
430823
496683
154961
437981
57589
282796
261843
269432
41267
104549
63082
375858
456209
210512
102032
131036
422663
25212
323402
45113
7869
362239
165146
110636
3473
419214
41818
80896
199966
40705
445964
324718
34564
190867
478150
263635
76881
110012
417006
29077
465473
228501
94416
36315
183719
385102
359593
54654
459084
374193
133674
297136
255158
117760
133180
373265
188091
112596
172359
216565
406618
4103
177600
63385
485005
204810
185632
239113
84322
469572
315083
224844
478505
311895
135413
226678
117499
269809
405066
102884
456116
337616
72563
360264
254085
357184
401647
315393
188990
168912
164064
484426
418869
254418
384175
267179
262057
379446
335932
86130
494349
167298
475794
180229
244904
35355
210627
46844
79816
105396
232827
171693
379435
360206
312194
479895
456777
469973
92518
64420
350119
403536
420137
444882
161260
472817
65592
216849
316426
117700
87157
417078
24828
144906
149185
254417
392816
1711
398939
317290
343604
83134
498908
180611
362615
327915
456607
162553
154866
495549
299713
215592
417042
49776
278442
230256
461492
151472
440121
486268
57967
340442
195397
347487
302163
265528
386273
49312
447257
154044
473263
89539
411163
174306
330869
409859
141133
398404
79582
191843
399436
76624
136071
391503
80715
440405
395316
13236
133908
53507
45500
112729
494618
175045
47258
233637
280337
466877
9037
485678
175638
222408
347194
404339
212912
229026
447527
93539
138971
357707
289673
278504
161173
111286
348732
89526
144908
233498
218699
351454
429082
264275
298349
177873
291120
149634
492795
199731
303781
264714
171087
61491
359049
311974
20795
136496
146530
207713
452094
321636
192871
324150
471962
867
208504
455850
292438
389402
382368
274995
313350
269561
166029
413817
344814
393655
361093
475230
206537
238065
230435
241175
68809
273265
294622
114047
301986
494302
24408
30469
149388
458928
40642
369538
319658
127634
204615
19286
235390
170210
321435
38987
462599
360690
458376
472629
186959
234280
392264
40757
67682
403624
39862
477076
448725
422289
299180
427770
155205
70831
227299
454008
178329
451263
322146
348154
439057
372286
440143
472188
220567
94357
273538
183728
322895
479187
246526
290432
458514
325059
192227
284917
455808
256838
269990
33665
480732
399103
164968
182625
166283
125576
86524
115305
200010
278116
295666
45143
370430
112872
365260
209588
33380
445775
380822
78337
228460
361503
73914
16299
346180
457262
196889
465014
20253
380756
421872
187925
196038
319890
239532
81451
403079
316438
454949
102944
216511
23917
474794
395466
355460
268471
351370
457285
259240
185586
410756
355196
372922
110960
489894
375366
368404
178156
179472
328160
164618
57840
108169
205066
294394
289068
237736
460215
249240
35566
86061
175014
385549
438550
467059
294636
67396
467324
328961
100789
44922
133835
319733
264888
418627
198954
228069
248935
364604
392583
127427
247086
411426
262353
327903
280001
90977
474251
463844
392101
100468
428669
237574
268650
49702
182757
318405
130264
24063
19105
62547
234003
365909
351638
24966
453546
227104
38262
156734
442258
279521
144090
341278
459515
249539
382138
95489
331910
147884
197237
111436
460659
51565
321302
190572
243390
112074
146500
60913
390070
373197
200501
283151
315432
282577
208809
223857
287635
298704
53816
93694
390770
140820
269417
314178
122735
287610
71085
389281
2373
285588
341868
49531
178262
471865
78994
155692
446630
209113
466265
277759
100511
38572
422949
322385
392997
408384
192632
152148
255609
209828
237368
215657
399515
12979
303940
46883
456424
219537
99989
392345
206231
467280
318083
46632
337154
256056
228946
6565
452869
111538
91055
498161
110912
120384
272203
194371
447423
423756
447532
246727
60147
479707
219972
24312
468410
124223
347750
375270
217387
439647
497039
313422
202893
469652
179654
313267
282657
274940
317814
491697
299390
208770
293332
138073
353968
66485
367456
149838
232906
331360
274888
263346
309441
327047
280921
22433
206589
233321
142356
310282
248502
493005
44623
437946
462739
364629
350036
225098
29437
395202
468225
360803
321427
423762
303877
125578
103033
351425
486273
389392
242274
140536
269665
182407
254275
490663
5086
2998
293675
198952
35282
128873
323138
327556
144434
159892
69310
498076
417168
140997
304666
490860
68560
78580
173428
425517
289470
228659
294568
188400
428822
63854
328824
7522
187797
324806
463254
89074
267519
224797
30975
163968
350896
418155
497040
347648
32439
335365
230179
433795
393265
239859
335562
391506
263547
105940
432257
182771
235209
397903
483246
488470
442765
159494
421777
49603
310668
347644
380172
267596
344704
395504
466018
327894
336462
299280
331719
143802
336351
223274
397637
257063
338379
189429
332708
370830
398656
310706
490115
15948
111703
375220
176526
83439
121846
266933
409180
58590
21763
166788
441908
287317
332871
476974
261093
10526
215353
264859
187053
131504
401782
239505
222515
411116
56175
93180
178755
347105
402575
108850
419909
468608
265545
226987
14891
21041
246528
403374
204133
116359
457395
32751
250176
445457
298152
481658
71302
134584
309147
371968
299127
41221
327462
140134
3881
380242
324409
239503
92448
313815
470751
419202
352117
132830
290212
8677
141401
425695
34463
114846
84801
271452
245860
426277
328680
37148
304992
96022
150253
44269
91940
470727
422947
474979
306403
227993
407607
442712
250780
70139
70119
146770
242646
374610
338606
284253
299338
233743
56214
349853
400084
77842
132393
292464
254012
246541
498080
19731
274665
154384
48824
164903
72723
306941
317612
273335
115057
392872
69027
380346
92474
465009
494134
431108
143877
367144
81485
412282
190193
3510
491352
287766
55764
304603
401410
328141
299922
135573
123309
444381
145319
437949
240114
17713
28074
34752
32447
227307
105027
92325
254418
310554
102991
72838
257789
220804
311844
65268
426211
55994
313667
75832
490292
37033
339365
179202
238071
418791
160771
52083
94664
421341
355801
10186
483864
457821
435337
96222
52945
179416
291075
124806
295813
220649
241281
427545
279092
253368
408811
264492
443761
29641
199124
420569
157417
62120
37664
289101
27090
440398
183862
2495
167542
166942
128933
443970
379195
328234
285758
461074
118407
315595
492533
293613
172743
99593
284645
495273
290295
408917
356280
432352
84337
14677
116688
378277
38401
299091
181865
345517
329484
451525
367503
479252
394229
107149
495637
393051
498230
314628
445899
246582
468198
304820
214420
22763
103052
395184
369243
243715
454658
295785
111956
290125
28120
335131
368930
196526
470213
394635
87056
413124
274549
409784
359657
153923
288075
233091
396247
47401
272112
165000
269401
277543
24641
444924
24679
461350
496137
98956
259328
129712
203734
201813
296741
286380
290521
452526
164699
100089
446891
389004
196292
354061
423528
92143
137871
149890
317987
197754
4636
227359
190327
144751
112886
241714
376252
145002
161499
456887
103114
391012
11752
264029
387607
290813
101887
433832
39566
28318
480496
112696
275533
220317
367805
394960
197227
254069
55794
295110
199548
344500
177042
185726
267650
153083
151068
468493
330422
231014
351569
95486
482292
449553
224802
416166
265485
272131
449084
111511
437512
454344
76408
438492
373019
446146
267112
432894
77622
17589
287068
263385
437887
302589
242373
322932
490008
133684
114032
315627
374712
200652
413313
231124
231251
20271
306145
1114
23171
286246
490937
426393
499855
424874
154121
130288
443661
181561
36591
349290
307745
391451
201511
81171
272960
258535
263438
166424
68507
313594
343009
480176
46725
304941
251937
203734
90453
423252
335896
330428
316109
94558
14324
284731
303282
347745
356804
456676
106118
286870
357079
206291
15285
247821
213885
392718
496031
233985
62882
127107
486921
97051
266721
260865
62893
237858
55788
341440
21377
469296
319460
59172
400354
326712
329556
483886
419949
378545
457593
380014
204892
470499
279205
176467
204780
89076
50065
290836
147363
391286
382047
110451
294651
379348
337024
498064
41900
259887
91639
294919
104256
250543
377915
314149
375064
174802
482043
398813
90343
430925
350853
112242
425773
235194
402848
378906
356287
224862
288474
141248
345929
24636
14163
398342
173053
42282
426206
391543
188982
9548
238148
28270
345107
415827
447317
15607
429840
312651
278173
449112
331423
82634
68696
157610
202213
308645
482066
327058
102675
439188
121893
206112
36796
439083
127848
356741
113158
336330
835
485984
113969
302818
255050
185596
351355
376708
411850
129368
299933
310359
63465
345930
331587
491745
455395
169494
397602
210561
52006
318341
281424
6649
332174
104001
483922
209622
75377
196313
294101
80825
362718
39066
22495
313367
7684
3778
143171
335821
494414
26170
174875
78183
452960
403665
44924
221030
159056
284159
42557
77596
432585
374742
262434
94816
41642
289205
109635
196052
27223
48378
236733
267943
14552
418439
197429
224827
282060
107784
255796
229220
139936
424590
280265
147590
310912
190636
355052
4641
381347
446640
415898
22316
444426
283828
284084
55660
252181
299779
127690
42816
362217
346191
429864
453404
286830
249708
254101
195945
323688
86456
280333
469029
301661
225367
262020
248290
316224
217545
285434
132527
370769
158669
216036
3667
162815
395279
36115
341817
178191
267433
405918
173976
135321
232501
309614
446731
114343
144805
336670
483712
391043
341727
308157
467080
242219
280892
336479
231436
395175
394534
33018
395119
375546
109718
88221
137022
462508
149406
301347
297404
136500
490494
210301
187754
285902
82423
279064
329901
68088
5634
14361
234329
419224
157056
294457
336261
118987
384849
362574
280391
419862
452036
381009
206625
105733
147033
413268
241684
362378
403373
116636
202573
431571
327220
181387
140388
82534
368576
8377
60215
299028
262764
362548
112949
349702
168711
128448
248577
257193
470647
227292
58327
118041
480915
441292
217870
41942
498096
285542
110325
217684
339521
189418
181287
59591
360747
406662
19891
24382
239868
310136
390333
437593
74457
299292
282322
11504
117056
122529
110995
217452
45198
431356
180616
256053
123697
347621
235045
157214
188623
463119
359971
326946
399722
381086
240064
1676
409735
73240
272462
282765
270645
161011
7699
48384
363351
430415
213733
351124
186450
404010
416958
214856
321133
144712
183451
182980
42760
422027
404732
124034
274072
365266
343894
17755
139335
472254
150010
142679
42294
167970
303883
382742
249593
452248
396809
398816
260865
314947
294581
354273
185424
211073
186165
462115
180024
182832
116839
411675
30616
415874
33124
168015
283511
307749
29915
186594
178577
471440
129691
426890
146027
27633
361108
372722
241172
202521
134318
15480
166723
170461
354802
375083
132654
413314
368886
384710
178799
248490
308715
295295
71848
27640
432062
295931
240283
10823
186479
256040
269945
353835
429130
462077
28344
180785
336127
247163
24346
494768
26555
425535
497640
428950
497040
333484
229660
17393
114745
149693
69069
195472
61978
30296
320192
346122
134469
450022
370371
8752
271767
82288
362058
46536
17393
159207
457437
77973
489840
95829
164201
461745
181748
479590
421707
123351
437016
432129
149232
422141
450262
46094
16111
429179
147394
142520
277655
109641
441660
429962
417178
187012
450345
233579
61459
430048
70228
81299
50777
242700
178597
363056
454797
367827
302485
18561
488590
106929
60111
140408
304212
51457
454697
447484
124641
452150
205612
190820
17542
322675
152032
34237
148187
168762
403000
493313
195092
272116
262326
172564
148512
300098
358538
119317
108368
437966
51624
289235
397733
430687
445106
421585
184980
341687
341936
132145
137982
36577
214917
374279
102908
141966
228407
17113
9970
440943
42894
265029
20906
135622
418644
356521
91086
183573
63254
150264
221194
294498
267743
178852
178273
468420
284690
405103
171797
217418
182568
496815
126173
329572
361793
185031
80183
226189
261311
417469
388349
254779
282738
58375
193702
392234
217409
91709
37289
152848
253167
27922
265330
239115
375128
493109
285665
99857
54617
251731
68340
478493
32677
1777
81758
270988
263871
425827
396240
414180
436009
372861
201042
168921
47201
161039
424239
28222
454676
194144
300572
200751
337256
132436
281809
145482
105863
217834
47179
297665
450460
408141
105885
236811
113826
101644
116614
272738
460888
12053
166670
125494
213901
80264
297008
180240
292958
406226
35732
290928
51017
14755
53085
262938
274437
254096
304352
19287
451729
430267
322022
218292
446804
169850
9771
184752
172831
311736
120881
414869
109842
378919
272566
124627
259985
2786
423675
220368
146144
289075
392933
247831
147180
257512
125542
77725
19250
386749
130022
269938
286106
312167
213036
423108
266296
469447
494192
165469
234525
335893
206039
231764
459131
440714
231463
431014
66037
419340
295265
32902
163517
262468
2880
33657
190371
275934
302873
198789
126685
498064
275343
132574
386972
438846
355105
6594
31426
177373
480594
398595
147717
182145
436254
189393
258112
106596
470703
443445
283350
213047
431287
210152
447853
327876
351746
387566
438437
133803
492181
357255
279605
458288
31918
398551
145228
41621
187378
175827
488423
428553
389720
215862
426323
252682
24453
374604
47929
20346
276265
450631
258805
301015
119601
269386
212191
240107
36870
318946
288618
34094
243613
272465
147592
231168
260417
117254
153998
311049
115087
320722
405924
200490
19330
388165
284522
328130
83921
118742
162616
2538
212346
460317
150040
52374
323515
157877
323620
65851
10966
275362
171250
394392
428407
57365
1433
173611
202715
64576
317548
60995
123785
40160
66554
193115
453646
415094
193994
219690
132244
273058
287587
494535
360499
316791
7212
126783
125800
237097
378879
121746
333935
226989
394922
36554
287236
110220
9211
246819
10826
211229
157828
74149
319166
372056
254327
80249
421722
312003
27873
421711
193659
473533
101541
436218
108911
181196
158007
97842
292698
313529
292802
216551
167529
240657
498648
203826
386091
362007
386653
402342
300226
4413
284805
212780
454191
440079
132473
162160
165660
1827
404613
51090
477086
323877
128285
319610
118541
462346
291706
67806
251869
387456
459690
304974
36585
295570
141971
86872
206992
373372
167604
319823
30474
94146
493019
452998
442810
287284
454718
307148
320460
335050
324262
361792
493158
26921
342673
459540
269460
458259
332183
333922
288121
13998
387920
338331
220224
62096
458444
247478
155765
154554
361018
406323
163142
191894
384682
138537
475328
88954
181228
156895
26669
382003
485409
129077
90156
211169
268631
398644
685
254251
308435
392796
485420
1176
150526
161358
122107
498263
391499
476099
419267
330166
199629
231189
186854
50683
87389
129925
169888
210823
149705
139025
328892
460562
199062
145107
284416
238387
314785
343432
130810
318146
223923
390709
308858
235948
277711
255517
215479
18708
347314
322369
249765
89365
472420
330894
248356
186320
93710
490160
481054
156049
76127
191847
285418
407174
275953
230624
277421
46049
271532
118605
332991
23000
29556
66098
64218
274583
350011
199321
234161
175161
160658
414344
383136
112650
245770
418495
359227
8368
56038
224043
235398
305242
242333
121427
374954
44730
157010
208570
3562
193711
78031
111810
341099
447179
275656
219246
481570
169913
445915
454250
143303
106651
134625
73812
94439
130849
314560
72472
428159
251630
278033
210316
83004
231983
414953
391225
402423
155713
315521
434320
402629
215797
364909
447671
303314
213714
177052
188945
270568
89634
183278
331854
254719
357613
18588
363589
318435
272881
497130
351474
231138
46820
368082
303906
427674
106486
760
353776
363328
455035
22385
197245
373424
53506
338287
286310
282225
278922
99465
265221
222516
318898
48984
6174
136949
344195
295693
481719
424657
200541
98370
118089
157538
228801
55034
328783
493475
340938
150968
476191
488907
269022
406433
53365
218181
453822
278906
244961
482406
396219
60891
214395
23370
423405
250638
257815
34478
186507
259229
19839
125117
90533
40739
308222
16930
337378
308731
222665
187639
220057
69438
299082
14898
99139
481971
123636
273485
356735
93806
475054
103884
458568
179352
320295
1297
20898
473778
315294
133851
308636
344342
382192
387355
425940
337137
355952
393478
111143
377237
483478
368559
237457
370120
13431
409769
61118
429755
173298
44081
257202
20735
419042
424705
274169
253936
238388
370710
278295
253760
155592
161003
168658
73524
483676
105757
315883
100994
387423
311888
172291
433571
418003
415233
397889
109517
495631
88136
369603
408470
384021
346465
183082
288995
143031
252980
166122
35978
220008
336334
7470
69808
162534
191232
208732
87841
299077
84930
37916
89475
373783
102706
33890
22750
42235
498582
187905
147103
186784
87242
122747
10284
306825
370732
447227
71964
131793
112762
59357
48529
391962
96101
137303
358318
385569
497157
496324
360528
409017
104691
38297
227183
37036
433849
285576
357100
358574
173650
491895
257659
22134
148471
409643
389328
210137
276964
441657
212109
78931
24423
262892
100094
30204
16252
488012
467196
158113
276266
473575
461457
444448
445872
1640
461720
141478
495154
330027
318479
151378
353327
38740
225861
28644
265581
347010
235910
205938
18355
438161
233464
434496
385359
400120
71212
146351
110556
323467
4309
277466
260417
369659
398396
62784
460039
167400
200655
193212
497959
253539
313174
155598
365322
308128
264076
165738
208405
229864
418819
390341
106215
235136
254777
3996
7894
81666
238600
1507
58563
295205
297563
262484
122658
449884
138931
306326
312668
400489
10392
142587
84697
137055
250741
73484
78481
206799
324771
63825
348680
284859
109037
328904
125789
392269
398019
378973
157856
340973
189155
97518
309418
127718
362263
289237
84120
421351
141612
280333
74678
356405
8594
239589
332470
437358
9164
27279
72199
469676
208822
43462
256719
307032
322315
237945
152569
42374
383359
401120
198213
227014
279471
477858
213436
336927
226103
377349
253623
93837
411729
315977
195437
419357
7517
433024
314315
156866
351920
464380
151071
252130
426447
234519
67303
289822
486439
268363
302258
117227
297916
173540
121733
140201
276641
48120
287476
391539
335959
148731
241269
41736
436170
234393
23115
312530
205820
47066
273607
268699
489669
342847
371217
345602
63439
281344
66630
374218
455034
174149
294471
454028
328468
330235
142505
47351
111073
141833
173405
219046
211733
282602
143468
397566
361545
150502
23970
398207
74882
12572
114604
379421
475794
307996
299555
2281
3430
448511
158943
432577
229967
156239
63249
488929
371733
13529
156653
188278
443715
311401
475366
254277
78011
492008
286213
73615
208822
114068
112592
137642
396756
469402
179235
192603
415509
262242
200947
313400
292013
457217
143033
499227
142351
353789
453503
30171
204295
441701
316665
8753
214463
55978
457911
375168
361691
4951
144891
19120
388410
94022
36427
378006
452018
137159
247669
358857
441135
39604
450456
214903
23384
488527
147262
168119
121316
45015
130324
4238
258272
355268
429805
169714
423041
24245
207690
79921
260172
448971
254872
391945
398114
188276
290245
426952
424273
179998
218415
31431
17121
246257
120579
132182
18504
326714
66546
23533
140150
39654
92702
254589
334526
301347
73337
201039
37174
34165
483971
170638
199640
461369
69199
67379
218676
26578
148828
146525
114271
350369
127256
367115
298095
389378
403053
145905
297474
182743
291245
305889
422509
40522
149289
296009
52109
52303
344246
122081
111350
241420
187501
128258
409927
13160
273015
294488
59186
347102
454650
179624
57634
155855
491161
159376
358067
130627
295679
268542
399963
458052
318992
466126
488951
198263
240461
48843
247204
43111
129898
9086
314236
331062
164381
277321
316559
490269
326912
492786
86494
178458
2714
23360
267308
292196
109432
140332
397865
228533
15091
306059
88289
270259
363754
123579
282821
128043
287123
458393
82371
161507
116273
423201
312853
462176
41966
369875
113514
349020
270971
11419
389204
427045
334992
50827
433027
266689
284011
29418
234036
278023
254332
68822
106675
98746
482362
26486
466995
400771
268685
404452
440809
479304
132356
160402
77113
161566
224870
94787
132687
390862
280858
88372
51527
460767
37231
271572
264418
486805
2086
160674
481633
372177
391966
239795
19773
133104
35300
172603
313237
144275
340773
442182
468773
103561
183595
431250
191027
367798
290746
44698
152347
241974
4890
234557
388749
496438
160188
423268
15807
63643
264320
222243
445331
82088
438192
24270
345835
147274
46269
88042
203834
435053
355896
134972
378808
112987
309059
136159
445543
105739
16816
105810
411226
329476
301554
264203
408263
373734
432998
38093
17631
332248
17214
313910
427223
65235
31928
19453
481780
129629
256916
254125
449650
379398
33580
372835
180070
404102
385879
71692
46277
140867
186554
197434
224458
427
131883
304756
252220
397923
216813
299846
17843
438447
84950
8965
418900
336164
248805
62767
229760
8617
222503
256958
300674
399966
194657
231199
268168
380992
294236
111895
377555
192753
496458
202510
182774
107008
60484
311729
391848
484980
85047
8141
377893
155053
492252
342769
96150
149892
355737
24322
90295
169617
94263
221658
307465
32991
70738
26148
15019
2492
266612
371323
289226
352906
299586
1423
341484
487733
178613
101831
232236
107154
327595
214392
294916
136479
479813
387493
441995
249164
370943
134566
353483
281746
90612
284421
89083
308159
473349
58554
365047
93863
376548
464591
283087
397003
20716
398700
125082
165783
227228
401419
221736
425948
333578
206208
482485
424631
222065
324421
194803
359701
218759
11238
403308
370772
300814
472059
447152
191871
202578
138520
190588
292805
59818
220343
44729
405414
101069
315563
130743
477539
310918
285334
91445
172047
163881
410300
150499
327955
352076
6752
100052
18941
196148
339539
484307
223407
233692
285141
443824
489737
130796
331413
359077
483560
142527
177767
257243
456983
161791
409535
81771
420190
247206
24885
321713
121727
349167
427126
418820
314718
287389
82199
205841
366780
317334
350403
58444
66180
103040
223683
411517
323690
11174
363821
419312
390227
334355
21014
472461
482257
239675
321109
357083
417118
25335
31626
403693
325404
51157
67875
313629
99646
35674
113205
386529
276360
80872
69874
41285
321228
19709
208789
96421
141679
83146
50599
499115
64947
64372
305531
159627
119565
185123
373992
249790
178450
268189
130101
289305
378681
271033
438039
46475
360777
125727
246750
328330
74863
137926
90165
134060
372892
7732
459594
187290
75463
4013
227780
423781
172001
408903
158650
139382
84567
410480
301810
412837
394900
246193
199293
412421
188874
228816
337012
313122
181929
72337
118922
206054
338034
287641
295193
447974
235635
412186
411450
273956
305208
178257
101378
169421
434538
342437
169861
334832
274656
144407
159547
56397
404900
407950
255866
179927
415957
119462
274841
12005
96639
480964
156160
329911
340671
199065
47425
302265
352416
398591
448410
402376
346523
12866
159261
248337
188886
296807
151100
361029
286956
393387
36408
488713
79674
325607
47674
359284
46692
127738
198590
356922
114368
430460
381064
345147
439325
147141
496296
469900
493311
148639
281220
442450
147458
82235
396615
988
203544
203199
97991
362931
441584
52812
266820
418545
379154
483816
41780
110045
274175
56714
120940
171076
406447
443536
418873
444156
400471
55125
317936
368960
487646
81914
419610
376505
190556
23333
245319
291896
485722
66438
415628
426505
79157
115987
1576
286941
265074
180792
253060
110223
350266
458525
180092
157251
200268
347776
457597
270669
204298
409647
255867
142317
88021
372367
303344
303246
320550
416060
459403
58310
148035
139275
258163
389678
236526
472648
315940
438161
290883
62597
325975
89716
286797
344531
78489
250142
288961
187671
417876
441815
174885
130623
395601
384230
149514
397967
288825
60600
127362
448079
406904
256895
161446
29416
228804
360460
221978
476220
403845
36344
280106
196435
53749
117278
449714
130934
450263
328159
51708
288585
200703
197629
230864
65700
471480
47812
313741
291169
459885
287162
439854
111345
462571
167758
44376
286867
403963
94951
308363
39595
129220
325357
230474
185127
414302
359732
103783
389799
152304
292979
330742
3557
68124
451565
405266
26088
297896
432298
57429
143403
344545
8385
289405
319946
395735
125079
386626
330673
321174
383540
317363
216732
129902
380014
28217
303108
117233
485112
132951
126948
87245
171809
150090
24723
163224
89735
475369
330926
266973
464670
418199
130727
194838
104532
121345
124400
459466
383324
127966
47303
303075
148523
73984
300546
471708
191364
274901
358936
57917
89839
484959
322438
479318
420895
41529
446659
377284
419715
454141
71648
39931
353890
285035
171169
205325
342039
72780
163065
250255
296647
98169
481666
471163
332501
493805
394722
430572
383854
468609
455178
192764
36141
282536
379839
322028
253758
248741
226724
403268
291995
225811
101831
267455
489383
417636
258356
171155
435894
235217
447014
450054
117458
232330
192939
498513
383101
266787
65390
496104
119818
420317
115024
18361
450352
31600
451243
96060
34304
139314
493049
285072
352734
281377
380680
444080
454522
106014
84788
138289
472123
199836
412724
279003
370926
292933
244987
422559
39375
388761
44263
100690
171138
67503
38361
136713
153776
463883
176660
80310
133288
305302
374290
415389
191981
37399
111320
49327
332956
481746
323798
124018
131604
305345
78298
383650
498866
455008
477015
267118
446456
194847
408342
273256
129660
63897
424037
39210
73484
393921
259215
488919
213039
79947
103364
173645
110778
413328
372011
370793
29840
167139
407518
498063
286829
487276
111535
436760
216168
44421
363158
63980
349246
295082
244552
456008
68912
135341
6653
6263
249938
101126
37329
223851
29928
315166
171382
419611
443289
396082
139226
180319
120458
10386
169203
346656
289404
322715
11954
333550
2227
185251
244831
329710
67779
118325
321063
236899
145194
83336
338349
484435
8578
338651
358221
23151
37829
123074
392859
162694
322954
236851
345962
92883
489403
231717
119609
153194
465612
341244
30851
381965
166463
114341
189913
363039
288582
81974
192205
151372
303844
51857
472697
380282
240603
151848
384762
87270
424584
164985
343306
113682
368100
421543
20262
257737
4898
276243
122482
179536
144713
456968
107488
297085
125592
46077
318052
339646
146730
479457
192365
438591
94194
486401
252321
412939
388038
124995
177859
299538
255313
150417
292194
249886
84964
97860
415889
98100
486998
475579
488985
48457
65718
175017
129042
94724
48121
282775
454000
481386
135635
429887
215481
173027
436315
205525
19820
80564
184975
492165
357251
290459
133008
202472
379347
250729
316538
474465
485754
153194
375909
34562
156179
478676
83266
71806
89588
219581
80779
360204
266160
22686
220946
270665
140498
38345
332951
34604
387188
188130
452170
5815
287009
15978
131452
237015
161806
46690
160417
131215
450544
153580
81395
11998
168282
165416
377765
143542
459388
301967
309618
83543
438691
337650
164707
401247
285870
264754
134159
50665
342161
391079
413661
367301
359581
136931
315025
246361
158473
449273
405719
380071
133464
15346
107721
10560
269366
309172
158962
218168
236214
158116
226393
179945
183998
73986
212110
229610
474559
106531
437029
296150
345464
387226
459103
130815
429696
180477
192742
417900
471879
12608
359711
406555
32572
78594
403766
68927
275979
33960
141380
459081
215629
453969
201512
51172
253066
276030
333709
390657
399538
107026
348477
498384
411155
284681
495213
265240
470493
335172
3143
447229
471669
383271
133556
212965
251009
108765
331531
58765
462566
467505
40040
425916
188733
259243
99354
369755
458782
19622
38559
52833
183619
175760
434371
54740
228213
350778
348451
279290
239302
50185
371204
181326
250409
344924
123681
324775
216854
184583
101890
254888
185961
350411
105421
404291
65419
349408
252909
395236
71946
237897
82023
369923
480440
7633
67930
91252
228513
374439
469028
44647
247434
331369
291908
252451
195446
9529
159197
496489
142036
43643
366914
494997
344565
333622
75575
60047
233586
202338
457359
229101
1237
420593
245774
145003
440650
276799
463191
355055
88513
465587
259616
67712
266385
212182
136996
256185
246669
353775
198287
208097
77754
360657
381495
447780
340306
337644
112233
309892
391120
383284
295978
426351
427435
117396
266223
14001
15074
174963
213960
342930
281256
112256
410772
308728
424478
9635
364617
239103
363493
153667
213494
306330
62494
376325
242614
490174
139950
285458
240387
8232
361661
37027
376089
431673
210282
341467
258789
318586
172087
180728
400580
354567
204918
23143
499924
41839
156238
282390
199923
151042
211013
45360
37531
475082
490923
464673
202853
388177
293705
137561
208899
323763
246792
480730
20940
18016
83582
237058
307474
445200
7797
357183
448267
132838
126994
243301
153906
118022
177699
451434
432517
348142
182907
246042
149948
53879
337209
459382
116288
2781
67311
234373
112886
286545
222172
128587
384370
90229
236105
35160
383218
386007
429098
361953
76298
223255
436922
64539
335518
241434
249319
363170
246718
121633
223323
466968
147016
406233
121446
93958
164318
126712
437336
268893
404401
132675
414543
26667
125035
376782
367478
23846
196220
9834
358750
460337
141739
131026
497175
268594
312790
458342
108069
453608
194086
232953
372919
97033
129169
127983
379642
218534
169003
351010
263007
484711
361620
214382
363188
275316
30517
311469
197341
456694
145082
28314
253033
93379
369864
113276
131447
89399
364048
74043
333161
56688
289531
21841
250483
159467
329254
278066
124508
102525
58341
421028
41078
403824
230707
344039
100826
475844
435484
62349
99028
176777
134244
156839
372716
109721
181300
275230
362736
218892
416939
65904
243083
347110
190623
322953
319343
59869
152900
373777
307619
195950
172922
466791
141692
68819
117719
460502
106146
114214
65858
86500
421536
308568
201311
275820
147539
451990
459641
101501
445028
168094
244422
441678
311414
210422
282145
235525
309935
237359
70455
271146
317190
465331
348822
349390
289486
26503
176398
26658
97020
189553
441243
363429
488832
377682
72099
104288
282352
117286
399087
223688
404529
354687
81796
460206
145229
415974
121973
455151
163175
180033
274856
284710
374804
158612
236277
86983
73824
284665
392819
108092
79857
137910
114744
445579
373340
208243
277410
300442
70514
143304
88310
288383
429011
434739
183328
480164
28335
114753
73585
290555
289776
14848
375960
278685
257616
239283
401960
72571
442067
22602
284061
471210
129758
166528
221310
424084
259958
51219
485009
231087
161718
47543
412059
132586
237463
154694
190801
17287
114370
132558
363351
455777
100957
244797
80351
433926
474487
123579
375809
135325
264855
29376
301501
143391
265305
452051
308110
418315
431594
409357
405417
384796
256447
180590
35798
431592
467035
196161
134177
2434
455517
105089
431487
447680
68557
258984
385685
76397
33885
230046
51990
32859
89300
54594
281079
163866
400916
338190
16867
55430
136127
67893
33789
112693
66456
279058
445018
226673
225680
14092
274955
78632
198652
428352
55410
273934
169078
33667
190054
179862
472647
77469
445008
447006
128306
389151
225343
117778
224228
415824
398162
385510
390652
218214
288814
388275
384082
14130
332891
315648
53705
435568
168913
436877
472176
404202
118837
347481
145021
330506
16240
435969
188476
159987
41284
178980
157828
4790
173330
428737
400601
70716
136891
415735
28174
19167
153303
134217
469178
269111
39945
211707
15000
431416
427741
5990
176040
390934
368194
495205
293322
73180
463638
87035
326892
101812
186413
457441
303164
458709
267976
101630
69183
159117
499708
234050
236505
333218
28807
156737
62693
206139
462390
309964
228451
360274
456594
258675
446510
265007
137258
285944
460495
360798
191830
162500
36310
67963
233524
441397
46745
298580
210751
291236
30649
158771
244300
22060
338247
474487
363486
98152
271801
379605
374182
128005
106185
73709
183906
89881
23023
100345
30036
287166
265831
324112
13572
459272
9256
426210
96215
475604
307241
318565
225545
363252
294852
279030
455833
107357
354314
95058
498073
70707
16293
49072
260845
77595
362907
37212
442150
73054
43255
64132
51536
290947
408368
447805
142434
130991
383273
282769
99789
14586
373317
16019
363130
467908
402263
218468
384349
253118
470090
86579
134078
413313
499651
157614
433061
405446
237079
45239
489777
309327
447477
302929
18353
278395
260103
487572
126707
64851
266019
457686
429832
219912
228770
462417
205568
298138
142033
96618
272717
264244
454579
310412
484427
349955
477563
444975
267615
215367
367572
212670
51290
71782
210457
480704
482506
107559
243850
183524
182367
445782
282871
66348
367297
350420
378656
87388
10398
118400
263669
473047
234818
153034
20142
479272
260624
462526
319864
407776
122964
301366
309968
260482
403813
471901
449114
460547
26405
270700
217476
357168
336438
487666
373850
299863
169202
461143
471408
121410
248364
60698
497275
24274
399774
135945
364987
41807
30696
135702
335977
489386
262981
244318
265310
120905
248337
217687
287109
205036
94508
106219
86408
151324
448572
372045
450478
283413
370488
421931
300944
259957
233501
201163
460882
274280
114809
332649
156373
393292
256438
281607
473750
167337
412319
344193
232610
135845
77959
474595
377539
216460
369061
178739
236669
291458
404095
418887
148035
320728
429743
154898
99425
142380
341810
287645
123940
176116
22013
152422
117864
411248
73731
301026
217706
436943
295875
499551
145660
345945
244168
372092
104733
330574
392718
451010
31203
448569
396348
7521
56806
221838
331281
332997
243083
287246
477285
107654
465983
362906
445104
130264
272687
46336
322701
273770
421666
37459
126414
181545
70977
491694
339737
397941
364058
439567
485173
122095
281177
333448
64822
151946
415158
173418
437474
370219
238601
319584
440121
451144
178239
82049
221823
170868
221982
242930
79130
170815
427229
465102
493042
290192
418249
324170
423249
242794
276310
483052
330185
38742
288091
121202
39899
218417
316063
493580
331113
420161
27373
293397
293560
279041
407721
336484
392710
188546
322019
125617
333068
491526
408720
223463
461133
290215
272434
1063
432222
408241
225899
25881
278071
317713
4464
76792
78933
243930
20528
267123
284796
84191
375323
19669
41557
238672
143280
109947
44119
480285
194495
286570
207503
107532
82927
498553
141444
394827
438189
312409
478101
35299
342932
2092
249594
283222
192096
179298
86326
185063
32191
406390
364042
457205
332401
179394
388438
105619
45597
193165
209643
98558
94081
335752
47289
292475
314406
479023
420162
432198
105661
152273
190559
94767
67485
413195
372801
35000
197965
296893
14956
330022
284098
372266
383751
306846
363114
216329
331568
392010
743
76006
30032
277949
5392
218127
316753
132737
140921
354117
235074
390525
347219
160019
94953
428285
244606
339100
485831
308331
303238
484502
242746
407106
443488
434514
197573
35593
236564
447921
282661
439458
281991
489339
236994
304658
316858
258509
495112
241239
21458
455896
400873
110164
465530
20691
102920
441357
465103
276164
476683
142153
353379
429271
495691
218513
274138
402070
337265
383144
56187
37920
370520
286751
328533
225467
3505
446152
110
191928
161087
37238
333293
186690
352227
85176
173902
242050
38909
323473
304499
158095
151674
478954
67150
53014
474085
157946
63069
387045
161663
292129
475177
67482
256085
396096
492214
427297
16100
476766
285221
179319
20817
119341
52618
151345
187436
249192
441276
54004
351258
186651
294630
275757
123255
377412
316362
37778
29576
268266
201376
245864
20158
304349
252170
468842
375682
57704
215255
321572
36204
396074
57512
348582
340515
237464
422047
350305
127967
172484
224821
435673
317866
479318
193561
242669
11783
171082
412478
424175
8283
210732
142352
355021
367911
487451
483731
456642
441475
345103
451889
367170
248674
482206
216920
244481
89007
218259
424381
38121
346391
315721
93680
129924
186176
42469
208410
166522
26038
271199
82800
48147
45713
182436
370141
14022
389784
229027
27876
57353
24912
151217
51152
225515
339843
89722
164732
167488
155214
77039
471709
459390
60911
392939
419673
82176
481128
256607
480259
232489
287890
208225
55954
160375
360586
60323
149341
195669
82081
27805
207492
313840
394067
152055
202895
314480
421342
77560
192399
29428
127101
181896
144810
145666
398959
255761
387453
275308
390770
55724
354712
91702
463182
264545
238363
385826
145664
136149
111394
210047
204484
119101
264201
360166
17796
353758
97594
414811
136289
465476
421227
323904
358220
358199
391135
78806
160963
382041
174582
409276
22008
382634
427154
345370
403853
350403
244831
239277
1171
297945
45446
123041
433049
309662
206548
144121
368063
320959
26645
357903
219295
248027
499112
308519
95792
173603
410471
130873
216582
437736
53718
429565
192407
182437
89787
6530
248219
214119
321073
246426
177432
355370
59163
51674
353686
394582
359493
178825
418730
460241
448768
3452
120170
201879
319367
248690
125823
405013
132264
498497
398166
28142
456967
331683
263411
344321
297049
399939
46022
10592
27346
455532
277609
305376
131874
321030
159295
484214
412457
125917
26041
380586
264528
233925
88728
278051
35424
495328
11573
24848
386875
441587
68214
85649
168650
144778
177197
250635
132010
454049
36769
258519
62325
219350
302747
318024
327380
172895
298801
267949
478620
467630
254473
142683
171534
434188
160937
38875
61199
172475
382456
347767
267964
32227
306067
108445
254406
83741
430099
23522
332036
3308
191394
121370
377526
430664
44043
424408
145185
144511
252515
279388
394169
110390
346617
485873
119982
374152
244021
116583
278886
16668
288644
318080
50620
166675
216121
27821
109516
316941
72223
304948
97506
314937
225330
268105
41077
375787
106257
379800
239303
328862
485905
229987
200792
16349
492596
169387
118457
422716
184046
193725
302770
77346
195884
80014
333408
429829
402738
253566
191194
186354
270697
34342
108866
182142
87712
360797
385921
299876
22357
497283
25833
182608
325534
428695
376571
351456
272904
59548
130144
422527
218901
398103
404478
45494
35572
351777
141482
255895
253772
367870
162701
233398
122401
462067
7171
386398
123405
253021
26611
425641
27523
87943
218621
266572
443486
210483
144329
148096
122933
479861
111406
166911
396723
164773
348229
476269
263368
488832
98353
26261
368375
419297
398597
13083
499436
163389
316759
33136
467813
315519
488109
85708
130366
48161
199883
93382
393128
229686
99494
71323
175628
34699
169428
378039
260059
38536
380404
496640
427207
15286
250310
64875
472704
346852
58504
180960
242179
449113
310139
387935
155846
377701
213100
443220
431807
466536
444220
158985
429530
177742
102611
420573
28408
205712
160962
477886
173255
413847
241234
171870
50815
390474
354715
224658
270929
167829
228843
422306
460122
440273
476042
152238
452675
427212
379261
189030
100307
475659
111693
402216
130074
326436
277630
123902
178034
161533
65094
442222
109196
356459
73735
237044
293597
257943
381179
61118
378801
251058
251468
243284
419200
361870
167745
457392
80112
496835
284121
365166
456135
90562
290072
320464
86905
127330
396948
279075
110914
479595
367561
418447
365734
24619
135639
185033
366855
444876
6296
499055
375263
142245
36238
384679
152178
467007
40243
266811
204503
308705
472190
278995
31111
259962
252849
235960
465681
69653
294586
238246
422954
458455
73079
333759
258169
312579
44827
322089
454708
301137
406851
277521
200242
296645
364657
295388
3007
489448
385121
418073
369134
210861
211021
495098
469081
496857
241079
38129
464404
294237
3780
214805
52357
293963
81874
316385
252905
5324
16046
413956
365544
207935
449783
383359
136409
326491
155566
183868
189009
24140
430284
278646
182053
248376
315057
118507
438919
121816
119870
481874
314768
157299
292279
168813
370470
494143
428072
88583
227519
35385
352698
485319
360596
348222
72806
125837
488379
406038
6043
353847
179942
478069
162653
363885
210458
180737
31783
444955
388623
338968
15303
466106
275384
40972
263985
281680
233050
99285
60550
172930
17570
176023
239415
48819
450932
276561
381161
332295
284166
130205
49106
248320
440536
404762
368190
153517
372370
331931
269794
365920
471833
482382
16871
71844
260851
395210
287698
204946
377620
249887
170172
32108
69252
131332
26600
219772
216724
297659
238524
476349
3186
271520
27149
295142
283313
344053
52650
267212
398999
138764
455389
55732
93794
103566
212171
452043
9089
448710
476263
84055
153399
486025
260523
80563
71068
88688
307928
73849
89466
61379
431357
387032
256324
148385
103855
398566
91198
197981
464037
205357
463724
13693
279286
73037
111537
270447
147860
50615
64227
240028
465586
39349
156640
13132
73042
117366
360922
15394
49490
472913
350927
109147
286128
328874
248264
434590
254365
159525
412069
180804
67924
306151
260095
408766
387224
460768
131825
358064
461426
413505
51083
84777
89174
359154
334443
373845
312181
376194
62020
79699
284787
218695
462890
390053
320582
425049
217587
427397
431258
342922
5539
143139
55241
279352
131679
150674
224281
222468
419536
458060
268619
55774
269884
113012
326262
264078
142891
150487
2039
385761
17956
144111
85438
356381
215246
490104
441634
84014
82740
241874
387313
359322
304261
493084
358186
287154
479688
240314
163121
367471
266744
95891
417887
323079
497187
125744
312059
479756
437808
486280
240565
462120
117275
30021
142116
139092
311798
56008
367342
409154
252883
245396
421931
492671
483821
471432
141537
178459
176758
469039
426124
53213
319164
415050
324238
189573
57807
52868
376942
425120
32424
304096
433051
69354
257576
348913
148316
293157
55664
422417
432170
295603
453271
209363
394124
387824
59096
130989
471466
211719
483282
436458
82313
24208
86191
264850
430781
480716
213240
462981
28010
174225
241856
267670
233567
190062
480599
498829
91181
448448
64985
424274
81239
80215
341349
116264
173075
85886
174853
281297
175865
399458
403904
224160
331040
223599
338947
425955
115907
185548
72896
84570
362665
291419
365770
49832
392786
331558
407199
396993
321735
482404
391890
263058
297999
438255
31981
22824
208343
491965
163386
375564
466841
165550
149051
310667
389886
253361
494758
95690
319559
25415
183807
74558
84549
339644
291471
50010
309933
399389
133567
157838
162350
131360
362954
411057
215407
156577
109211
154429
99098
434012
472152
121146
350410
178651
197340
68889
330290
273551
96072
3070
972
322719
46108
361175
467202
423147
275253
431798
324113
392105
494804
405205
27082
305662
198320
274354
183710
487951
472660
68683
115535
459864
126479
191483
72264
334719
482146
293374
304616
25630
157398
336216
142654
322901
359931
123939
73032
130275
191494
232957
289083
51099
39444
480187
164721
102678
253015
156960
69146
194428
65349
464547
83085
11400
4903
472371
40714
293012
265632
294189
68878
96028
329541
114849
403909
358478
369224
488547
212965
302002
263065
54157
296112
249288
450219
361777
246725
409418
166952
345230
479434
145086
94872
121951
146536
418713
81681
162958
352857
235508
389003
24667
261162
485128
151294
190910
146503
405359
123510
194325
94898
377909
82191
442339
44453
67808
139637
392798
250184
290502
199255
3691
361675
118618
279077
173663
282055
396092
152067
322323
120751
74170
298291
300343
17966
258189
290361
81164
498765
135854
316401
302888
428990
73079
120181
291950
431422
139688
247651
122148
39815
399290
150558
157888
146274
366349
59406
356408
383247
56352
364711
299246
40674
231058
101568
20173
360205
30228
192542
441314
435546
369967
185955
117497
102525
275247
160805
157765
395253
455732
32868
342364
127258
76053
191899
412189
291913
58313
307307
105917
267181
4592
485489
451444
296031
375703
202457
98040
136772
450621
289732
486111
336872
93689
16762
73961
391945
336885
73849
460337
478917
397503
415503
293800
292102
109018
143219
65994
233854
149449
102463
274310
232493
393778
462228
386502
41019
77020
308475
275968
453233
488719
179866
287185
345711
416313
181501
432855
236667
321978
313344
119517
91075
76946
95009
17635
142518
219658
154698
391731
10970
459908
14820
457984
296240
406366
435982
418304
45344
429629
237396
98366
366195
490319
149522
55041
248167
432539
421592
232504
307947
415835
233118
182948
370824
299313
194123
258832
456342
32470
148951
130802
65285
314081
66112
93830
335273
226624
274719
200593
462396
94793
462352
268846
289196
15729
414525
287845
341071
106864
97217
382104
59604
409537
113362
242888
56739
185167
103317
277125
90165
322532
128741
116700
152289
252069
51497
269252
385528
292439
95698
466078
181312
373713
21839
303784
325011
8172
61634
175916
182028
44817
487301
499722
291314
99071
32302
140284
295195
388578
419489
454364
363626
468779
380251
459198
323056
391523
359053
316249
227149
305224
437314
18703
366419
241238
169990
215364
283636
18267
389594
49180
149743
426627
265633
86129
228039
363842
285105
255424
437540
318073
17979
237804
280194
256303
66209
101727
245935
236524
169860
174774
39647
284534
129569
108107
169783
412466
105814
433429
262512
378401
177968
444428
152642
109209
182661
397924
313786
235111
238866
177707
361652
27478
455941
239740
207436
27864
284256
79942
336429
442139
223880
10144
362776
111271
137324
225972
407594
166920
234042
53697
275494
404446
436802
277778
25443
2811
322548
188474
224034
352745
429513
429664
496128
7284
234594
450803
322212
74777
4406
173845
10054
412028
216439
256138
437689
384538
72250
470303
141841
33271
351732
105146
312313
300693
441155
114832
380836
317841
79301
88568
454226
177269
299928
321662
52624
153264
342992
245585
83505
499830
154509
385839
462180
174457
15308
484820
271681
422254
12522
345515
213655
147762
209231
90616
297276
225441
456566
101820
387603
440516
276786
93972
461667
328869
239225
245433
268337
305277
451321
92732
212259
79697
34313
42958
354890
499595
280760
434346
52392
339158
394118
355505
311061
236619
333999
310660
229052
315561
326903
322860
461086
78024
442845
459614
9694
144262
310779
72331
400883
185943
348948
386390
323969
106865
23879
170967
345957
443302
314599
213655
31810
384482
74302
231494
300955
251052
410474
18565
315615
92982
428011
256094
216185
237679
243712
235278
340085
97278
36790
400193
66440
193163
71543
294448
165373
171358
321550
152298
358093
28298
141132
469844
290788
133571
285591
60971
100824
121260
448230
361188
46778
121186
434609
255679
261253
405064
469012
155354
66325
47871
390482
460953
446745
452634
1477
53555
166325
43561
94474
119535
77405
184251
206676
137979
202821
309076
207875
56413
192967
356274
39913
218128
10384
122630
219793
294980
33687
426111
370310
127322
66138
349801
452978
291959
120894
206443
329226
38475
82770
482731
497531
34339
326048
63365
441835
116210
316954
1622
134030
387273
187589
459322
455168
491602
34979
496963
14197
362586
480691
201656
232698
452665
260172
452223
133723
129108
157923
224043
410991
191634
201323
180187
176448
329954
455814
24341
199844
3639
128718
369870
80720
4926
235635
191089
283996
88712
497776
33872
48703
497146
12282
389526
10022
135830
93787
242255
167309
20932
441946
8505
42959
255412
163508
236036
38224
150723
269410
128245
211720
141625
251348
349237
274984
109765
364003
19416
412994
56010
297719
13182
15305
53179
472188
17358
213529
50557
145127
94131
2448
373431
117054
309983
407130
467043
438704
28683
387328
381518
91316
61165
277139
120057
465630
1097
195916
401712
30416
449885
79425
255244
120668
49369
168445
440743
297478
268819
39164
75371
194288
357864
327148
17761
92020
75619
125392
211718
101188
60007
274430
474279
386506
396788
355018
154473
326333
354524
276800
182868
222740
442165
29239
383404
187147
400149
415962
389575
7261
92623
224815
235561
271160
368096
465096
235903
216613
36418
451706
326468
354945
379921
460216
467354
332471
190321
449112
392895
332382
415872
413310
476660
440551
442707
184965
345250
343998
456161
304502
445409
210383
79045
29049
284652
319746
147607
176906
141465
362245
455539
39576
464978
310953
497676
309721
262976
54524
296968
148000
308965
46357
36598
111268
94104
494450
220401
230547
413514
85854
104836
245050
457754
145961
172181
418116
168692
130709
165196
153843
313508
154949
375711
402743
137858
323972
130761
131696
185887
172729
461816
59059
96543
366609
86810
200754
248590
130244
19135
99128
7897
342501
491236
395995
320389
426068
371698
170668
138044
688
138426
75367
255379
95412
151047
72438
266274
247030
333668
329856
55970
209804
406115
208916
259894
329672
78293
206475
402850
137166
304477
132105
313038
110215
205404
373282
349830
482034
162243
155518
171697
192405
56802
448417
5780
104152
321022
275350
396220
254799
284626
194052
224609
294291
256036
472380
272056
105135
147732
69842
25478
306318
351258
31530
181947
256223
60113
200090
15142
218397
225712
112030
260501
463848
368848
467122
349747
295530
130335
291266
91074
111034
447946
322636
381934
59642
282903
413194
415129
147248
499474
180251
352885
25933
61256
336427
281390
106294
271360
182348
197055
420654
12844
105108
406770
70986
195794
416232
298200
772
356865
354281
480400
214035
355628
495061
219125
265179
316663
374784
169564
281026
93788
358636
88232
356568
101551
467917
24809
353996
183090
222620
321740
33457
50921
58196
153226
267554
53158
429319
47783
205285
140465
188343
101394
183494
176721
82160
239041
67694
491438
241380
133817
498264
86208
206095
105629
56190
358798
321372
474336
183071
297236
445079
478034
368274
417472
117891
214646
31037
83169
487036
757
327725
430832
257737
401743
401171
133713
65613
175782
465425
400537
316768
490461
441184
231110
26704
124524
255099
293078
135146
217870
357821
441415
384378
51611
163741
146295
16604
153690
452384
359856
372666
174636
134814
97515
92902
298159
436813
200880
37798
99488
239216
393837
463782
9480
499311
291431
81918
381360
149331
244336
480077
24716
436771
98025
96846
161880
397823
16124
494371
400100
221529
158579
129595
347590
388901
238744
277800
296406
282255
369449
227663
444341
250386
418545
57191
69125
294566
234673
379045
82003
367260
140172
149408
233452
127196
108992
418156
129984
199449
118508
316119
338674
411879
496249
157227
473162
269313
281341
459046
428864
263998
322668
232961
221792
31825
139126
460383
64788
150949
336530
394762
60624
11482
457663
370198
81888
230283
79934
254080
110450
398268
40741
315144
51774
342378
45044
1240
154976
474494
166823
255861
106985
124010
192681
41775
187718
370858
394174
53199
178017
344315
173654
94280
485908
476154
140746
405025
419422
213035
491848
379922
447974
149696
300584
145880
442712
132969
197754
53731
276571
44200
319255
207023
305569
228549
229362
165383
23420
60003
29919
322937
240462
476384
360330
226754
282075
320516
372282
23723
340892
148199
312702
11285
392141
110424
419840
123679
177129
474854
131154
17324
483592
325337
442809
4142
497676
389775
132536
176527
135725
107792
163225
375796
440908
351020
347869
180698
242165
300975
203548
249814
63791
400616
311732
490888
333672
23581
194870
268766
415916
36033
41275
313432
119146
413778
140778
88210
468767
86466
287522
195077
101937
119154
16761
170826
165719
110498
120606
218875
294248
174611
139247
441085
317462
262792
408288
945
21927
259040
426078
324622
251304
103444
206192
162080
334153
266014
356433
441728
166910
278858
42924
228468
186508
45714
462326
465379
84988
479200
432731
375373
286057
24710
274600
384732
321399
389889
469392
55734
315527
166263
417411
354605
179106
393814
433924
255961
420958
87282
39752
44228
389875
294801
11652
121232
421078
187018
208695
320088
69054
254563
17171
215740
462937
338472
128037
117536
165484
98861
149673
226936
315962
216631
36000
406619
183258
477397
11490
242093
258604
192662
70914
336862
377737
95974
21579
267617
142283
495261
269625
343711
181333
217898
224615
179080
228491
16099
339143
11313
137608
66223
276663
478073
27908
449119
365087
223356
384420
303005
432646
432997
13759
323749
223310
250322
95022
6067
171561
389477
409285
139376
120159
153309
494143
469730
24897
445649
194990
325298
65885
153392
165499
353723
326739
336063
221474
409201
120533
62209
479904
18496
321655
268879
317341
87368
283099
328038
182499
260249
478551
275414
143703
381152
104121
270579
344970
417572
323239
318564
363193
482368
110591
248046
401698
316813
71951
126659
161186
419656
410224
15923
218137
94153
425790
288209
34825
360380
369405
498466
323573
272349
296504
16862
143191
60804
332161
92376
488826
438986
11655
70053
241006
262512
47768
482067
466106
474342
347721
7415
332143
281210
94080
277990
320269
300161
285462
94126
89663
409531
293530
223253
310701
80881
436194
497020
396289
219568
289133
481039
152034
376968
211137
366351
64157
158433
336447
162654
360987
108810
156047
385137
97134
310438
345341
344310
165000
130980
464316
79694
215810
34865
164142
71084
80472
125064
215244
342874
358031
392093
436542
339515
194994
123971
166089
485297
58965
319062
499271
9598
59339
114567
58986
121652
361837
267729
105116
319325
138330
141972
179598
277871
282888
265812
240919
271038
327277
184431
458529
19779
345501
185526
402687
53021
181999
282993
277012
255643
299336
307964
203629
418543
158558
151516
407612
126935
400704
488544
475410
196196
329266
74661
34913
19694
109765
92386
32655
330289
206199
274701
54482
38430
185709
299299
354466
382444
226068
490780
24117
55261
82069
207269
253841
343548
654
247921
427066
329852
138894
19319
440005
425152
365974
63026
30166
494309
390390
173878
423619
414439
138974
237577
1542
63032
7606
28056
476442
458268
398502
79731
57243
249031
69184
351924
258150
382629
364097
208573
34161
56405
467151
396889
124935
3089
131002
341625
31023
103656
325586
218023
129751
109815
36703
423513
133456
409240
482920
409534
414796
459037
271952
337796
472546
167153
404288
100609
43323
247684
434054
5229
338798
164972
412164
140047
422630
214564
38160
324157
318817
279304
299449
352998
473750
104216
178363
303026
363654
33244
361684
54826
239007
135870
494609
426873
346910
449854
141672
437504
386071
376109
166295
433175
438586
379341
214826
19168
137293
322117
447718
146349
412093
494501
39384
306213
294251
430941
335094
173431
142626
65920
272268
156695
152876
445516
117239
448614
233602
279252
425526
396134
201272
83525
195024
69890
8007
74721
295215
163782
361697
488747
478018
477204
248202
295358
409666
188201
77743
88420
152497
134925
417166
94674
20648
301384
371229
101371
168628
483930
283968
176987
293369
130648
420100
323615
132666
242316
281374
41343
50534
107875
339371
435511
141622
324751
495866
81983
236413
142526
273627
117344
318563
248194
182813
385962
273018
174320
86497
131323
86233
323008
75880
231102
105361
348958
214980
474474
330171
140038
112819
496227
12887
2656
257025
313307
244490
253075
308613
358202
494884
201294
264046
243084
470951
83780
390643
378405
188029
109371
278113
43020
206757
43864
295844
23948
430174
428869
268159
451812
387313
153077
25387
186666
409014
185680
95179
201705
337048
13421
439902
430220
481674
181626
191535
132066
359592
73423
450278
419198
341914
238254
62657
98232
103172
439753
462819
105559
4962
296631
352750
233458
168014
135214
94281
69836
305937
496709
343425
456293
77389
336076
370369
118954
272073
247387
299837
327830
208413
423390
437531
447731
224904
10671
94557
317007
276821
101490
212954
125441
222736
252611
105768
87423
209408
203919
207964
144449
282952
360886
384081
61106
61786
217896
94975
205432
7100
224667
223289
110539
20879
6792
35475
361391
443579
10155
351537
199858
253034
315536
225297
158947
332218
84756
430889
13625
192707
315057
246764
63629
415986
130489
400338
54816
38479
409536
24677
149344
126104
17891
426704
492147
52750
255258
83035
450374
370237
148
103528
244606
256404
29992
109564
466160
335974
467046
280022
499502
429990
139823
120958
482235
274832
455045
379916
300905
145745
273979
280222
421570
274668
40957
447418
115787
39895
303631
120189
204644
392065
42814
492754
347874
5624
478127
474413
90740
29369
421799
92544
294552
494003
226516
407589
4571
495439
111248
7668
305689
267909
137606
268919
457416
307521
53823
27593
83209
417591
74294
418266
263355
4555
441518
278420
30395
233387
288901
37187
174074
214547
254297
95309
92448
455780
269873
492974
345656
477582
118400
44357
294863
311024
336125
35526
154148
74763
310575
400335
365005
372185
169896
317027
264580
431670
482114
94481
80146
273210
334949
148558
390875
248856
24703
458782
416097
483173
485149
495770
416807
213099
308556
37199
482184
112263
377849
159829
408080
429959
232589
106637
205050
68364
209136
286630
276243
300914
171302
138305
280927
309380
426923
192692
428766
117190
259050
124278
429554
318144
209576
484763
291585
334394
209958
223945
322278
311529
147727
51005
267305
467751
352794
230855
53016
381073
315075
47322
116962
150914
153056
348452
420297
30338
95064
246733
151009
15985
14319
74664
200528
378788
195135
93906
294494
8061
472992
353785
384993
304950
196488
211472
111826
266239
118723
88619
273059
77210
310981
122922
267632
320828
131887
445019
92100
451920
192632
159666
405042
328565
398088
477813
171612
235601
138527
121494
279849
43418
267358
326426
103718
157453
83886
419396
252811
156977
116483
223931
205216
179289
265390
250485
463871
34697
422622
276465
288848
373769
368643
322139
217507
475783
441216
153991
121287
139656
378055
281479
401191
253340
188546
224525
345278
20276
3480
144444
32571
469665
147167
47617
457548
126672
129160
486370
189520
276074
74192
284195
262351
326962
18574
227068
484519
341594
186745
242550
391466
41779
311239
102905
178427
193496
404536
157093
108188
395371
481041
248725
200698
435969
42576
407546
345432
218081
399449
476099
110791
306763
146665
427945
38323
295970
246441
247139
318807
473549
123126
36772
325090
456578
399716
347307
312902
494167
469816
442884
387053
387542
195184
94704
97415
53784
230794
14416
211981
18575
493423
44075
270308
164014
37454
279177
332983
407246
224967
366718
485321
161228
221477
419476
67149
97394
18438
225759
351451
388929
441956
163506
121200
103407
3934
86564
460129
261798
219305
307955
90562
247553
374070
433008
255448
459253
78126
117476
442996
39364
398858
471922
128533
431849
27129
169213
497835
145423
288170
415928
23179
1315
132084
173455
130219
145894
301450
114036
467923
295090
39123
296458
315291
60867
429654
2180
146955
147909
200637
48712
149054
105706
115263
432081
121118
360803
339040
177433
243188
185235
250199
269488
488761
203550
68873
114546
450904
349549
353824
107090
450067
298653
430749
11969
382684
318373
483609
278961
212348
111542
99267
55714
315638
123800
101002
491320
57397
470578
342614
161296
218248
402436
406637
84468
470485
67238
223219
187523
304458
221599
237902
221154
135293
407922
10486
481633
267096
229545
38822
43042
481835
29970
244389
146407
348512
282215
69569
406698
405631
5737
113588
95015
123801
73245
22727
99976
164370
202595
201329
250658
316098
480314
360867
37135
489236
63986
195066
202735
378726
402337
69580
343922
124901
426368
319564
32169
65540
86873
390448
61332
160680
228628
278653
32431
247983
48672
292421
18890
480775
406978
71561
293772
301224
276479
383645
120709
188811
452998
207337
318027
175081
226842
386426
397115
62212
316703
185148
457535
182513
12939
125043
178118
300810
494246
287286
18853
340472
71013
352980
218814
258569
269075
69039
109223
111799
143742
39094
62770
427697
341919
363931
410609
490438
22922
359245
303304
65909
228085
222399
124777
474831
101306
117773
99207
15241
323333
209468
301180
437265
211914
141666
64364
396376
493711
17389
413929
362450
51255
46501
7062
198254
108426
349098
329911
148392
94178
347080
315071
378190
99626
449933
228415
349805
168994
61597
405304
202040
192534
10504
279747
471085
496219
277463
476495
80387
358991
13801
333549
246456
309438
316540
403259
398895
360999
107219
93375
339561
453446
61052
437106
243
220593
304488
293266
421602
143594
178183
242878
131814
397805
89432
284536
86557
187123
158077
58976
127167
477630
459333
6925
1802
435150
483874
287767
378251
426363
214829
447238
157776
234625
8051
39519
341908
8440
54855
164842
31801
145878
450926
36451
298166
428892
68365
366862
222337
7157
465165
454045
145275
118567
137996
414583
452053
171602
155535
490284
479692
360714
195704
296635
49582
442180
336699
452138
229833
318551
486650
345316
34340
444826
475769
9159
79496
78913
280145
426342
499097
28336
220560
345100
374218
163890
169373
271754
31763
73426
195537
470107
107041
214547
302279
213622
373195
441086
391446
77514
392382
9293
123768
117336
152706
498129
15717
173104
448540
28151
49063
308002
258465
194027
372871
73309
132291
19912
324717
399669
257638
15268
389416
349992
487248
52105
424521
280209
174453
350120
181062
265760
408628
441767
386659
499860
117638
233692
466848
185226
439228
256429
128019
449643
199705
321843
482215
6356
453015
176597
21021
253092
335014
177436
31540
445959
164778
372847
443462
154450
307303
469892
495046
155592
209270
277030
132328
46795
116770
451574
163988
458173
52002
477674
438097
233232
334641
253161
240429
38605
238893
361493
307193
58527
338821
382188
264610
473957
370357
159269
356784
451261
67563
166200
465697
112136
220694
254058
211637
75756
326449
248157
468978
116494
20308
39426
111601
442502
162431
263791
308543
444952
291283
486281
370908
26813
263812
415134
149257
9244
342228
262138
425678
385136
79476
14977
329738
496140
328160
49258
48635
53326
484362
281217
181859
266035
458706
335406
15369
437196
273882
45939
19417
75404
42000
150994
279745
299131
473536
93961
388477
376213
269563
171195
412355
427907
188303
25809
137408
102147
192728
19670
295326
332939
190733
466958
356471
169452
397982
92776
141042
287907
91629
182745
207288
378806
375623
85647
197866
337218
47171
176586
314581
284486
176934
327018
445762
94795
207695
98813
410726
119492
189689
27889
49226
467347
205558
394969
285908
433381
53710
345340
93072
408735
474887
470419
228649
167253
473915
292507
321367
89096
497628
157951
441096
188959
179397
458637
278216
112131
209772
346816
188879
471028
273793
427117
189836
51408
418403
331934
7044
380343
488284
335231
9855
452155
173232
300385
98433
164066
321817
257746
165782
219997
266536
420434
383667
416561
347501
319710
374796
380263
429506
6990
52970
151262
4653
63040
477938
167574
491273
498197
12589
116448
341918
171977
186314
135301
124307
291645
43933
181201
400673
383453
350736
241981
149638
6013
116921
481625
153691
273811
178157
386395
214482
99019
376364
116878
440922
41876
103485
98185
127707
222757
237750
394398
467444
54937
330518
69929
272186
229934
309447
296554
227209
39005
216033
111115
320348
107129
75172
15288
405121
383682
411223
163322
57864
298327
156385
154832
256091
478901
424706
248765
364121
126325
73134
442885
72312
366183
64856
292826
140165
197423
331286
346308
225080
117813
36194
399288
128143
436723
361148
287196
224747
478142
416722
158848
433189
322393
270280
386857
143875
179305
58623
121684
487967
157004
314449
116793
357775
23580
101311
384729
346290
313396
221342
103734
429555
450697
415250
51749
103925
363438
425387
265795
183008
153947
199902
415056
447095
151811
156871
341776
497060
56618
477370
229161
257117
343783
120722
446264
171684
471237
483315
17243
373700
356860
340005
113278
412823
490902
170120
138816
485044
488955
39929
282614
203764
316420
109007
498126
372508
184612
203079
342689
24031
261775
70999
100880
204500
445245
98534
68380
258658
159608
150755
135451
439036
20294
164261
122112
278943
198633
369803
55276
489812
83687
74701
240687
203070
353688
108685
361803
350828
121377
248910
25726
128796
284870
436929
424250
409928
218988
188191
481447
125953
103273
251160
265747
374600
429500
284791
31659
450273
15810
312238
99
11810
286312
133695
232379
293755
369127
350440
316430
484628
246267
375996
292810
118607
369956
219261
415934
22663
23904
6255
114603
41538
330985
494128
170383
495611
63790
127558
373342
190698
323675
193689
180369
433846
495771
56639
19752
450690
173749
236785
147739
117564
55059
385942
248475
160549
474027
271122
46561
199551
241038
444124
303022
453048
389092
143368
417708
132349
24157
467186
316011
113661
315006
433664
310946
91321
425837
79047
338978
56677
88309
453260
498842
404901
401682
441340
41543
65191
243709
129460
354819
920
191654
184382
444322
441566
398878
413173
42058
50719
116151
379483
230875
202093
342070
310771
150103
393362
341192
70967
359651
239358
81015
245429
32299
195666
296390
397473
407818
441309
276348
31052
308828
161796
213391
235836
45970
333444
273544
76816
225073
235005
52513
451099
483273
392308
490508
417485
415442
324800
446124
133187
146034
432408
39687
364682
377848
162509
328769
293669
453785
41810
204579
418363
243030
197176
434562
288723
303178
407016
441062
220561
435715
70280
171488
162801
224646
227433
430069
208679
87712
453973
365211
100385
145762
478931
169092
329795
483783
222255
237298
17916
42830
450269
365920
337916
43575
244190
223326
479892
174482
298273
25992
494819
102813
179248
333463
365866
106098
233662
143377
135686
434553
47227
50557
348681
73279
366121
496084
298696
371767
295433
436429
98771
398485
404402
423179
299383
469590
296540
203874
338556
458565
192634
90278
138260
187706
18285
156326
254440
216994
482311
117723
76904
114289
415342
218486
144761
89880
109166
417464
119472
64294
142735
449957
27551
46708
431920
402812
213682
337298
366508
397265
181903
477835
393519
118713
114677
215357
353130
494032
141202
30167
258458
159141
112693
230198
418621
341373
376536
29782
404933
302837
43581
309416
284444
68835
177987
418751
148980
300610
97823
238615
120803
62684
320069
333133
430333
50835
54683
466029
177806
125056
243018
363067
260726
68626
194706
241107
220227
188748
59729
444353
46805
138480
131396
462503
4220
4692
402153
257736
202245
38521
24283
147810
236271
481803
191623
432447
56283
196078
438887
423164
233061
72784
329457
367438
236057
498479
121251
498666
25454
476187
294937
250923
431158
276097
255932
299514
312468
76609
180832
77773
56094
386067
378038
62511
190000
138036
314578
281330
340010
424524
6511
371857
167286
223544
81139
309143
465594
107170
487656
497480
152500
428031
53993
351540
401512
73013
295237
220602
104481
498290
43462
153981
231978
178298
149093
450922
169985
249182
496790
33163
261057
251238
314084
283011
37003
99671
313819
373629
194452
171614
169956
249385
193381
275982
327921
322783
367066
436162
345263
74073
29701
338527
227448
23116
495695
220416
277449
382129
296221
418644
115041
337197
204530
68705
20881
64597
372864
473761
226187
220025
131328
214810
9337
67174
82416
83607
251614
14670
117684
479815
347579
347074
147163
390231
73457
1261
337290
298705
487248
293179
269444
310443
247937
297357
469067
289907
383107
483446
15057
428731
325713
216665
343891
422931
289238
263412
417495
134446
312017
372922
368935
175789
478816
258741
499313
330179
471950
14547
214961
408267
129074
63558
199397
334059
310323
270474
264417
144765
308142
52781
266054
115330
276790
251380
299996
348908
460853
38926
295580
115695
457419
154904
231946
188531
70299
288006
236065
196776
158221
160044
340482
452859
300624
2407
129135
450175
204386
28770
224901
119468
331182
418346
229942
481584
26430
178031
322862
297676
296614
150342
212448
479179
449039
258849
140521
425838
242831
440819
109627
269692
17033
277063
7312
101489
397690
80862
234467
210688
206840
566
389890
343024
442225
114341
41736
101454
189819
22644
367048
487804
420694
63401
429289
146588
436419
295349
459051
198996
330804
249402
187900
319474
317424
121710
163275
304167
131425
396783
100555
118480
410884
268887
246853
182257
493177
410357
112236
153873
242099
432871
374730
268757
102345
292242
308489
380735
93216
405332
220981
113928
424016
426769
214579
301454
362972
275067
450121
89960
246439
305096
234896
419713
238793
48299
480907
486798
357526
180538
131685
87121
348703
256002
342879
146381
452252
111326
25038
341612
26638
390705
202109
304632
177316
215891
354345
487693
402438
88936
265131
164725
400596
158101
418783
344684
214400
18528
302198
114173
364134
330583
354913
68500
156031
358729
433502
54990
413211
36886
152029
55235
473911
301790
87179
99531
19
187065
214659
106936
277658
178472
336343
342728
490
44980
260341
417623
130432
318952
76090
343633
225593
331976
451183
122958
105731
400464
422905
269012
175166
198962
373046
424281
263919
260988
270577
461581
80833
107655
199824
206605
433510
426499
243871
336355
200266
204878
50663
209579
181170
299816
94180
304142
295469
396319
397178
279404
279011
366132
277212
186941
311316
354053
338018
39763
101907
212777
459570
411910
38982
74459
194322
316690
408346
185934
384989
165592
150257
245841
222664
493674
461236
421788
48674
466336
144034
379548
305971
322258
255839
288755
391270
358028
339818
153616
282491
379302
265645
336271
438481
412786
211663
312999
285927
349511
96059
370790
287887
258894
307809
120595
446374
152358
445052
26312
227449
122778
483111
241782
22942
247348
34814
14291
203527
249140
221127
165190
326657
163705
351888
385649
96328
192674
219908
389679
381010
113589
375796
13335
465375
237421
426078
316538
273146
167969
105707
6645
371626
312486
17643
438193
178464
367245
463994
282019
424013
247173
91375
206280
123251
440843
345085
102277
79576
311282
206892
167467
359698
361166
359832
12434
177995
286778
108705
492817
12163
326811
127507
128658
161652
362278
213817
292289
32214
238977
121265
125657
159042
388426
246958
420771
487271
232988
191949
385549
49233
120690
356072
157603
330057
145288
434701
155732
362391
242400
139556
340795
499144
2606
276507
383952
210355
382057
250809
80690
275624
422234
160589
192264
411490
228313
50635
92218
116120
214644
489473
459330
438589
118921
292389
66473
389361
157220
393823
420730
252048
103846
430965
328107
409186
379554
400553
137863
333550
295089
164625
310138
47590
467324
348257
146265
233027
182289
337731
44177
496084
395232
373019
336662
333949
336759
103733
181179
299229
457802
378753
98006
366038
242955
92114
341982
146891
273672
296327
377417
492685
427910
244536
258899
54315
496715
478868
194805
58838
186122
403698
341654
245966
356679
10827
170741
208630
133542
446967
230296
1994
369114
432697
59107
189792
50437
342089
19960
449294
468925
285204
76133
275030
169674
455668
232005
302031
188432
472764
295840
412577
37080
263155
456214
219731
364449
116566
162088
254285
106977
98698
203577
442048
308747
100378
195049
192991
363445
108707
410861
294602
64730
476443
425539
38573
360725
10972
230219
427668
27586
80176
170516
183086
208362
262899
116604
286623
338811
91638
365734
405256
29654
398796
140220
495961
174367
355830
335171
415082
397919
196179
476822
280856
367949
36670
130118
55700
72541
63308
465952
421753
95406
249040
460660
158344
142716
103724
415521
401618
436673
194106
133802
182398
497695
249140
351519
442350
235068
453620
253784
479627
427778
455836
411214
247982
421917
232122
366966
379924
95377
224604
224406
20074
91415
410619
44781
469450
120974
404830
486065
206248
113845
496758
152134
411461
47507
157115
20980
248300
488009
379366
107973
261200
47791
480977
349044
132265
90203
340334
267540
138073
236993
193712
276793
283758
352029
329656
361521
87265
98541
107524
194829
62988
175025
57740
244959
172494
109071
231624
364619
27802
16149
352992
107291
284803
93706
142399
469650
260552
311428
155768
398847
183947
220724
124397
347922
450919
98200
475111
109593
300439
438348
188051
115227
206816
476380
404455
144597
252495
250272
131272
455694
73725
166580
79604
352776
134384
100599
231891
47474
202312
112145
193180
108282
461151
369512
89980
308909
371434
159710
100078
114730
140425
185297
271942
279881
12201
64059
88771
258923
68851
18646
155297
22312
173064
416750
329514
36575
177369
27906
354805
304163
50779
419269
310437
387345
334148
395105
131574
437857
193527
143932
325071
17158
76723
333799
206944
396217
165955
289062
95292
30413
498432
284515
393482
314462
196663
188148
264949
335934
430744
308275
377459
194751
245306
325899
474051
375147
349108
25841
303241
457515
106633
183170
296844
405258
165600
344632
13071
256379
204971
465851
31009
42750
8941
194397
407927
77570
242524
85908
374186
76432
261014
114286
351414
457422
8628
485837
155223
171995
225971
259666
107855
350883
229114
238781
458360
200036
332427
17591
63529
90531
136474
62318
382840
86686
169128
461980
159832
65421
414455
287744
429318
390239
469863
435417
10439
384311
162811
52443
7709
217067
419108
302400
485035
348173
164013
219033
327950
303921
490508
63123
382931
131031
304665
495476
430307
253848
312547
378041
433016
390236
448257
288102
155461
82178
365394
493502
491072
248297
32910
422510
171215
382156
287107
492601
81421
31327
67670
84482
315603
50491
86887
394367
89343
444861
52883
475289
161206
47735
487925
417784
407471
214987
133390
76998
309892
373717
159617
52077
482640
255609
210589
358080
295079
21122
146335
345364
476253
112058
39511
24141
197277
1105
454567
307453
16256
41818
261285
27619
221960
431305
426115
318463
331816
265580
65208
247186
282102
54210
462596
481449
325960
250099
326519
44569
217431
429743
143894
380776
301756
496914
125919
426731
204311
435178
276430
219286
153453
299830
231413
375130
355421
207843
66610
406922
105835
349222
479580
217696
20967
163291
323400
240472
410854
343467
96766
471922
415973
85644
22537
161917
283405
271772
251101
469149
13808
382517
66435
495221
444449
320830
389305
225743
106092
377199
341933
298570
102135
181020
380136
44906
202297
289395
68895
435978
287954
273294
106546
238328
315694
331232
43415
488578
290699
153597
6149
102879
151413
98435
240234
189145
144377
240394
158470
34876
312700
496108
16421
301642
499929
182645
191267
111508
2267
273310
388698
293964
29967
451978
19946
19719
22473
25048
365534
10111
53260
121347
289322
760
246867
246205
315903
312631
375124
298717
181293
367127
50629
318037
421403
300707
280453
69900
124524
89819
206653
234858
201348
217673
464937
106689
218884
250054
432917
61991
377938
17206
49899
261574
75841
86885
493104
220892
178305
307029
151016
106704
28684
88420
23427
92680
109136
262174
120655
332554
322852
494257
201219
126022
367480
179289
212392
324862
183181
463624
270631
306235
62008
497261
175706
368460
395636
451044
463725
324445
189095
84430
311490
333486
76296
359368
310877
169762
323369
200018
435561
95908
91197
213680
1866
465851
61958
447256
84238
398740
457532
69609
41567
308696
95650
280561
157029
24154
180728
233424
266533
374901
396963
469837
476585
474336
101813
259623
457510
350715
174054
88283
336814
235115
347694
213101
407644
484266
55734
20578
432955
431358
269151
258783
351996
291951
209382
105773
421678
33664
163818
373428
70800
111612
389758
323970
57605
361761
213715
93292
252663
418401
246064
349304
60924
210543
491373
225304
132809
296198
462116
196713
446900
239290
139384
86921
267317
77854
71392
81151
72599
137298
378015
414367
470593
45161
92816
1580
397809
372091
55894
195416
23024
207346
348076
218594
359268
91761
192520
189338
91303
410203
122445
109671
116181
151717
106077
100281
186878
453380
226780
199046
41280
449495
221215
276986
166163
25047
341613
95015
380782
48563
16680
337923
372715
29180
129325
348917
199919
91623
12308
452015
201006
198429
213007
138265
143869
87189
28838
383757
396675
495730
427683
326588
138031
472690
402264
21519
454026
221561
180363
376196
135839
127656
199546
84904
463851
138600
128606
317301
145603
348922
90784
355244
67758
221352
454603
380619
425057
238520
47212
442666
222597
26373
134221
243949
361278
286088
495515
424023
484174
433483
270374
376058
93932
110174
321803
389850
442225
329764
403191
285528
173007
4889
131984
74466
184149
260758
469169
240222
248824
6230
258005
159337
497381
450889
34265
138260
428520
159544
143105
237463
327463
408448
52879
29063
162776
99781
169194
388791
387114
296284
344065
316108
144896
17299
235509
349148
10514
298194
2764
382277
323625
308883
45593
14858
108934
246998
191924
462560
397293
230883
372283
89044
52246
459755
374993
307037
427373
376516
333449
476521
53247
428664
104485
138028
57267
86724
444289
382590
263177
178556
158931
224195
481156
320359
352786
488990
17924
382388
274495
124675
177059
394867
104787
15650
180596
409747
160837
189823
14879
9083
481472
52654
287380
278353
77052
201110
497099
132646
483753
36648
14596
101550
398058
9688
437269
186649
498082
246594
220488
104892
169297
269174
141935
37154
415478
494339
265738
484143
58647
480051
206573
17912
281877
334412
213412
357729
243174
228597
24948
94207
309965
275033
110294
343748
417009
417666
310734
101575
37180
403576
230078
274922
395094
152943
26074
450605
403654
303299
369239
275877
416033
275378
87370
411728
390874
220170
165956
435912
131177
477684
240128
93605
20365
211264
464757
377968
474468
125469
461808
184763
371638
39466
296010
261833
124698
18154
197290
304663
156023
484223
495980
285791
286118
105845
309986
222065
140980
130331
457121
415131
355825
73796
383482
484239
237998
219006
380217
192462
61283
369398
151223
28819
96791
391346
76934
349123
287042
365691
54412
138081
457408
205383
491543
376244
336407
89267
340519
89861
115500
430565
393122
152381
458564
348807
205750
11457
442087
184372
402281
445347
451687
466386
433557
471706
167611
414760
387939
72353
4034
270398
318958
25689
330444
71548
248483
351187
134884
84012
319736
380276
468277
157484
135853
8655
455808
279259
480797
400219
497795
458834
264362
431665
172172
10340
161993
297871
278792
70655
234090
417640
439761
459878
421208
174279
451956
429500
432838
283402
191195
229772
54318
423961
311068
243930
190342
16968
408883
474287
118658
232773
320437
131794
342450
82890
56029
12445
434653
395275
383926
308735
68558
232069
182998
264075
250490
179011
287995
327565
3735
469524
360527
189203
204939
194024
453931
234912
13967
197084
475217
483194
178400
192818
468960
102404
280843
498541
56352
43945
139003
483619
152236
195743
150956
126063
285193
320643
233736
178981
362686
31699
208647
8977
90169
155744
48945
11833
414167
495187
28785
320395
207590
339346
443523
291710
323525
376435
199467
324372
498921
214727
426495
37444
316803
434955
212349
11600
409640
52325
26388
415431
319096
285382
488284
152383
140382
287925
208696
160173
349479
390765
285714
497859
124240
454895
268937
464116
485323
422784
126347
295347
470909
463805
395250
176470
187706
101909
60786
218596
465767
389341
459737
429917
82743
62965
393810
306503
209367
479915
137025
250095
58
335740
75827
17953
269339
142660
385932
352630
415634
55299
347107
364968
53658
84649
184921
229817
187653
203724
35686
470499
267714
25296
336759
352827
99690
46260
271516
321758
256242
92182
238836
239813
122539
415368
465655
349336
343892
102687
190739
449320
488392
54006
408585
119909
442916
63166
142385
231823
292295
445278
100128
92950
10466
180110
269786
100436
365233
493507
427385
19220
32280
91460
186769
278759
288600
488682
301595
428201
177548
34294
373572
11780
292252
167004
233186
359028
461361
310819
280433
368016
125379
492532
479088
449595
375336
35237
93267
22891
265528
417436
22674
163675
123567
341050
111065
186477
26899
58970
463255
102102
442137
135329
437642
85051
40597
121862
60115
31578
404353
117283
19247
138307
71561
48265
394081
304869
319258
75915
94010
301453
282912
249296
472158
179748
133596
431044
201351
491652
237551
376619
30888
294704
103852
408726
332619
459633
351171
207524
263407
154616
403998
280091
258026
74621
447067
63053
375643
325370
91540
230295
478018
395461
16376
367427
91088
491837
469446
192587
474675
432702
82738
57556
308728
289630
340647
480710
146387
414784
102137
986
362088
126391
127002
433488
452449
358956
448149
400591
327872
409556
8549
262307
220091
265596
24184
332523
412814
322570
14118
142512
162675
448800
153077
214177
57308
44038
107777
489678
226573
92127
235069
4215
89294
127068
42586
217483
413260
213310
242039
454960
6073
8242
42721
405890
7529
19549
490981
66345
3826
38390
163472
367748
482107
219657
345740
76236
94034
65089
79030
340270
139343
210148
365352
352701
155019
399585
471098
6423
424141
369538
298721
83893
284263
283805
109545
134664
476936
211169
121977
4147
218979
197958
171632
51500
58922
315377
137912
137960
306675
142210
327846
271442
300467
1594
408672
328483
210876
173338
134406
82375
7868
438396
177907
92743
8517
289735
301446
311121
271332
117377
132594
55874
24634
468736
45530
334513
404521
443401
122615
381445
113195
58016
32036
96746
73624
477688
3381
29392
380491
316551
135296
112601
231364
322784
407705
131748
64243
299967
179371
416543
230388
58386
234416
125879
340760
303759
263186
296645
133066
311599
448362
74313
489099
483126
72777
100520
80992
272723
131536
422172
161061
390365
100162
193977
134698
439562
318352
433002
112585
223650
127914
346677
390642
133857
272550
159208
404951
392691
313343
17603
185544
141007
50080
220497
247579
14635
83199
87296
438118
483138
67172
325788
146509
173720
234209
380375
215925
487109
294961
192005
241568
302108
267630
120898
351439
170208
214699
378134
60259
9353
149780
153438
86837
202695
212061
46374
486509
54525
71291
1775
72047
168226
38962
186402
326064
328438
224000
14099
55455
159694
241631
184507
172377
382387
418632
470957
235062
99484
393816
355988
266890
131591
366888
466110
436711
455471
324704
381215
314141
377690
43333
279312
258572
274060
358989
235910
337121
293169
124914
10984
492164
239949
3575
386481
284018
422087
438921
10116
119412
256487
167001
387170
123581
442381
276055
135398
216405
153074
27268
130864
347098
220306
79101
54329
218699
266455
391604
102412
486198
79293
357333
482108
104666
119016
171826
319103
407267
73879
285290
237220
66814
267862
166680
105255
422219
428200
117821
267876
149953
193093
416976
193960
93394
327964
73896
451595
430989
265112
210083
367789
255387
65505
136757
110290
319479
273394
466454
325892
18493
268659
281899
207795
69850
71289
113169
464448
344963
443092
214084
301898
355643
325707
366830
300958
10084
436129
494492
491343
170948
129392
71990
284095
371251
164886
155437
394039
238480
207880
393284
172336
145966
345752
208180
135581
122023
285888
435551
400022
235322
102512
200863
376234
212510
188100
31899
249185
76948
447334
163832
178577
151978
38436
11737
203918
114733
346251
134511
410123
194713
440291
171465
211551
87828
246969
474890
193435
436675
87657
108236
397641
226685
311748
266753
424824
430669
225653
112430
232487
466953
174323
91798
101494
101243
386517
165271
379990
214435
220888
234140
152515
21078
496880
291998
301018
473900
52674
190570
81621
246061
364139
474033
464010
238224
404119
196620
197300
224715
168384
12790
315921
73676
90969
72528
257217
312336
77327
414264
284777
495335
39807
19842
165468
271415
10954
333599
388937
402950
407070
349352
384281
151370
151434
365865
287578
398942
200553
366974
166319
272424
441736
415935
269151
329253
375475
379546
71333
96493
237720
33832
395557
386268
150944
98933
90859
248481
143025
275994
70257
56113
342932
98359
473963
92346
217385
251684
354723
68083
297419
437480
174741
421102
405349
228484
357065
395282
183203
433880
34155
436685
38243
417557
5363
186302
204901
497299
183636
361375
169521
187510
109846
198584
92865
236953
400483
68745
347823
117205
406824
78508
242252
398540
389055
415086
193071
426908
287989
476473
334535
151193
155387
408805
461130
166494
388307
359268
199153
314415
339222
46008
10663
143311
21939
424888
249724
491665
430975
49419
175103
391490
236834
116384
177493
421667
424770
456589
412885
434935
43052
158832
241205
300475
215489
114759
244224
58437
377431
314478
108805
419738
143491
278422
268681
15714
2479
363136
214438
110571
129812
130324
279695
489539
134591
75755
121802
28845
154674
146881
154347
411952
87738
254936
416439
369664
68674
419025
151627
327481
20828
113657
439204
349665
327139
73430
232226
91497
16587
357311
45730
129162
379515
405784
78687
289321
209261
371254
394468
25860
443047
153060
440028
284917
291800
250959
251689
350904
375347
121449
159690
399157
280670
13589
472459
211039
358043
66843
473745
407648
332238
401935
360842
488395
403587
383951
79387
75106
387800
483799
183933
124927
204137
82487
177140
61339
158371
248981
321854
185737
140851
26248
88357
294321
239783
443399
220366
427928
131643
280591
403277
420905
152915
84767
128023
248736
419856
382473
144238
486514
264998
478226
304219
228772
71136
206643
120499
394393
5648
345324
88874
422609
427821
169584
53291
446815
84869
106728
131459
230711
107608
38727
391826
113217
459867
489231
141217
344966
216232
404908
213112
409779
97375
155523
45054
366317
67403
463501
400573
306476
99917
303160
280456
447876
175326
131856
450352
34390
495080
127141
443877
48770
333779
305171
324053
252363
370680
308652
328758
259223
69097
247939
132309
81143
293303
364193
257924
368659
412598
2926
388946
27356
113193
373921
273238
284743
168258
175744
175691
60439
154004
180521
174765
405053
203877
368922
313202
97763
482580
486026
62626
108418
48477
112974
68144
365747
212297
221654
436483
218179
61268
314284
392107
319473
274438
374571
211687
361855
5405
420327
111631
425794
432936
212868
201617
481017
421413
451509
97259
227149
360453
51483
425582
321831
226993
169618
312505
154580
438781
90995
408961
168217
1863
178795
167338
373243
377218
333177
252218
405351
266979
486189
480829
52035
13927
203923
248723
267541
100576
23440
389471
60665
34977
411549
387791
242844
388631
355319
243580
406945
246885
14261
82490
139012
101152
340822
177366
120022
482186
141338
332388
202893
190298
72185
466071
406983
108564
383569
332403
351343
449693
169900
98050
111717
125815
371610
418681
436140
47278
317197
164931
323302
255593
279504
32312
71688
347326
400678
323298
448412
218848
274845
370387
188632
252371
116287
196460
225033
355223
192212
319127
337604
122482
496965
265980
142063
40251
13909
435552
234285
368029
132766
494242
154406
437185
344
409748
444641
454991
208836
275255
146825
84041
301240
387104
327668
494822
89025
71434
428179
453672
2984
46451
280753
22399
114824
396377
73803
379194
207050
288943
33533
14560
148225
200896
223227
38481
256816
267689
140839
239265
369831
144660
158994
280773
46375
297930
493582
152278
56205
107918
173342
448239
471523
314588
52977
29713
73793
7674
136418
383110
345170
490455
405318
405141
226886
57836
487561
340121
82552
190559
454834
374500
123868
413539
367673
395269
436714
242071
13626
330414
431360
481915
129021
258955
486544
195515
298039
221544
251430
136929
186309
149387
310530
284829
49061
104939
348692
414188
7034
61032
218125
475919
122752
291606
327575
414629
167280
380570
433989
391871
480079
87037
459719
185396
150327
372981
147523
178896
342546
217686
305224
155205
38119
411943
367113
171928
54668
38911
135175
441346
239727
264145
214580
163006
389572
309433
71957
373648
284640
1617
171206
296628
336144
198582
499687
370095
457260
10031
312611
309334
341990
147560
75457
491839
7093
72648
245924
212290
56858
321819
45073
307953
199784
471321
434704
201308
84096
155479
122514
413828
135279
103969
2817
277548
490775
184192
447620
200652
302364
462191
44419
499031
420850
136948
260101
184666
72793
497109
132935
395224
257982
13475
498746
228216
332715
118272
323440
433408
299744
341870
221437
314739
346621
290323
441290
221055
171755
166494
88620
481947
446558
321634
253712
326708
70500
3722
18663
55671
265212
345739
480957
363306
265914
436646
450419
121466
354129
337835
144269
461430
486931
227512
104007
481881
230130
221750
253226
405951
145287
408777
103003
440336
29870
275199
457119
88272
287765
492786
202829
165476
411084
451885
64501
200818
127237
30973
1391
310194
278712
428830
355110
67481
151930
417004
286618
122606
131792
470387
24047
118098
482000
6414
160170
67770
170467
124473
339637
71394
225044
130051
5440
59707
136137
264799
76713
182119
83359
387393
245401
290099
68608
191113
223706
354116
392352
239643
29485
340657
384872
466716
434268
206704
211461
233616
96145
431309
475060
244175
377078
167385
450895
162357
61118
362906
88549
298345
315281
258300
300630
483319
413140
116767
481956
387182
255994
489217
75370
38246
489133
307084
19017
215427
131175
149401
243547
242069
402149
215675
157283
11483
62416
191327
452030
246235
445100
204793
123223
301500
176315
176440
177251
292088
56899
421019
422729
331878
470380
397314
258830
499776
164876
282374
380292
12951
304419
183504
351255
459993
244124
277629
440631
350331
36192
190706
195584
21195
275350
163764
289334
76336
135832
189357
9591
333179
303270
188185
313246
17266
362715
439825
469067
406603
460915
338689
363229
469592
273291
68147
399834
63039
160967
229694
474720
483666
111582
229377
382616
381564
44997
4320
70824
445664
245338
24071
486015
68467
191653
218083
220675
325945
108475
493970
273429
457887
101413
85033
356209
189601
436063
79679
123221
109908
213893
216042
475832
344001
153186
35486
135628
28803
81768
451845
276219
487429
187262
488667
183779
18031
70969
453364
425446
415849
407332
209465
165209
460483
240284
227994
204606
243538
210265
331185
98846
209848
342402
438426
240447
164040
293693
414155
219134
37375
326125
476808
452341
450722
270569
312992
453980
41681
366765
413954
393308
263100
385701
168259
340475
189956
280661
279493
463960
387846
1670
119924
303161
482003
117457
195333
342150
230604
122395
264208
359465
42414
365264
191124
393144
186284
185425
137284
284225
20237
382987
440587
335319
243371
129369
371803
369288
238539
412787
445245
474418
337993
393052
250695
124257
151417
491105
61088
80319
274474
119315
419533
153996
389279
290310
211307
150671
420421
211150
186387
418066
130365
19087
353098
434981
449615
241500
100187
1341
103389
497249
386235
315402
459277
343794
85884
14303
386149
428117
350989
148710
224035
255797
297214
245108
69630
111125
5165
429284
241404
190339
483096
301600
295779
388375
157674
419895
40390
272976
182449
77704
360550
495724
327213
17505
131756
9220
297286
399782
350772
155012
220298
327773
288650
141353
189231
245860
228531
252812
494582
328100
498337
234300
123618
301429
9721
332583
238139
180318
153943
361740
118205
99620
335624
203483
371915
296226
411395
49229
115910
182844
319160
414102
327955
164439
26838
10880
378764
224291
59962
345554
80037
163524
195304
289826
14024
44898
110378
491567
418575
26167
465407
39473
464322
79491
56103
421680
497401
213274
83244
63438
385025
217591
87464
316163
115873
88731
88523
464654
47533
304834
49102
174026
326429
284681
278280
277046
246399
67001
313630
209362
307167
147512
459857
487630
437990
64025
101196
170980
438975
180121
144416
189102
222616
193167
292136
316001
455736
26352
4737
354526
375583
183906
6644
154326
221091
79653
170322
87398
438689
364405
354670
195211
178321
129917
395576
65848
50615
223837
310557
141456
147249
465160
9791
146459
81302
115167
115526
202901
263195
352730
325920
164414
141790
271951
362549
493823
181111
443105
168502
220875
292236
64565
43432
148294
410361
103965
210647
235976
249568
360588
400828
488401
156158
437926
306266
237065
444001
421141
295529
437071
305763
441214
435219
310204
309448
84669
231861
163873
271076
283294
110750
322945
230997
269335
415568
420461
308622
120505
164347
65906
162429
430353
457371
121422
198147
280102
10970
22335
391152
184603
318032
321589
170779
433533
23590
321762
164642
42946
27819
263310
29406
431472
288250
234622
494343
26476
64634
66341
217319
325436
100586
93185
265228
453171
473305
490167
263612
386839
5845
178229
388608
355623
451890
491318
281335
465480
96576
182009
222347
332225
10055
94208
376766
356543
106622
376648
201473
384805
469391
170309
50397
160327
154549
305677
388928
229831
214837
484154
49389
362993
193824
158098
397868
133094
11653
246659
477265
277164
308583
386679
253948
412748
17281
176799
369306
216529
170548
17734
94312
134096
492495
490349
57858
303958
433144
468265
138629
413548
87042
56513
41195
353339
150336
189648
97719
216531
442724
497519
243183
393999
64626
141175
234015
78297
110308
343920
9698
237881
401948
210564
236078
58889
113532
427029
257508
279741
311864
288032
332972
60530
268352
104442
409484
188300
72098
459759
479425
93700
324342
214270
497341
489560
270171
158690
398425
251644
211780
29504
198557
258208
397808
154450
466604
461046
420653
218957
71872
415225
161820
41863
307693
445927
255893
313984
289210
300600
266903
203195
27268
273230
488496
179044
683
352704
397499
114152
452820
27519
217191
157720
55378
121166
259978
77942
90146
159387
457377
289315
359678
404746
309416
441837
111649
388504
448940
192205
421530
348719
109599
355175
57495
54996
471496
373575
439552
116210
335573
485986
8019
280464
272788
402561
278337
377443
398605
357124
484001
357705
383584
444996
26279
462191
22126
29088
262102
361944
35790
374590
65977
953
384291
274589
342615
5970
474283
330560
245302
93102
415078
190346
199639
280368
140452
257380
144104
415402
229132
56340
141919
472149
484295
247627
453243
232227
179523
250192
197183
129529
345272
11813
353854
488951
79282
133204
116886
263492
60424
450086
374582
352284
282058
60577
438632
318272
134495
416637
365451
465353
494578
198022
435514
372156
267592
234892
460968
127073
3383
178325
491250
118844
265989
278802
460330
204917
270200
403587
143792
341195
240128
41197
398777
174290
4392
188142
475292
182109
89687
484934
226471
101183
477667
139308
141046
463402
330660
187768
243175
386259
138409
63649
367062
256884
362388
158978
251126
221106
195536
408217
52920
407286
493873
57447
252274
291668
451542
184976
239887
334513
292267
168874
296106
278609
453687
405988
3996
279460
448964
346539
200368
89683
316564
108080
335514
141954
343575
58336
393589
423338
210353
458351
390549
122296
247430
389699
239142
475961
391710
313005
61496
66193
166546
454509
129316
330007
271553
185960
295820
271204
182397
91246
12048
440938
241087
76615
313720
56504
395296
258163
432431
427047
347122
387426
311885
411298
102033
119195
24809
404925
108352
73951
314100
105506
479788
421118
393307
87536
75636
187276
251315
405151
462315
460748
33647
298647
386646
354497
212023
333386
487362
344907
189996
383189
73570
254182
263193
266074
18620
50296
174267
403024
173094
236953
413112
42907
113909
153354
340611
304682
354545
37963
322047
244877
251228
395822
295014
65271
7812
127022
38092
109636
352925
383618
260274
473201
482205
64078
335528
138545
105421
304404
177798
268401
489055
448958
217194
21170
322821
274388
429742
467427
90601
206532
15596
399377
89497
356196
243240
156827
152800
120213
383527
119187
31435
450405
221349
71598
368798
19066
209382
208443
204965
496540
82922
478830
376974
285793
310043
196976
20076
431716
278250
413858
33273
40226
278257
195646
144056
59847
306869
398408
491142
45439
240291
73204
323767
377
47646
71717
258051
443747
312317
87337
252405
22957
25978
142422
288926
220268
410103
158252
227769
195293
26831
484887
152275
83658
217738
18325
240662
455505
107075
180755
357310
270235
435681
51094
129025
262297
296847
387873
77223
414287
15416
357215
69733
480554
8433
89089
411760
412505
114632
404184
173565
333755
252216
43853
22317
322392
470541
350506
428341
25265
446078
404687
430050
325277
47010
403129
113174
75919
470561
327243
402593
165874
422776
345542
480946
472747
364197
193404
406667
295357
224699
402986
320924
249280
278045
37118
203531
442398
117014
388610
139459
89971
23658
367338
200430
16133
89695
334389
461563
5817
366659
281964
185026
266874
169884
268038
347617
135020
66357
403814
467754
113665
88323
120018
1836
350894
396416
255770
364660
161702
75094
347316
159222
151452
78963
49967
165369
329571
204861
432777
482906
113977
87979
36897
288618
86612
287690
53218
415614
484057
196607
153638
359309
351909
496614
393949
271947
491208
391083
385426
104392
284891
355966
267085
754
272279
425155
244285
391864
5229
456872
307242
301758
253048
152939
238197
285754
212546
292371
160490
469936
108245
167016
352366
467742
64790
49576
345232
392134
266414
319519
355280
334730
224963
196921
264970
404409
302277
189415
194531
215608
405200
358257
270392
275478
92127
174040
279918
426450
204098
15922
483259
255958
420784
13465
200498
484687
114523
255827
239767
180442
348347
415349
363398
141686
414488
433276
406933
350422
95411
432470
363808
360447
263694
456698
387375
112538
436978
316979
439053
271333
164661
367700
156320
432133
314743
337221
185633
256821
486905
160832
101216
363896
13229
205319
26499
47881
422291
258510
478523
340823
349520
133664
82479
228835
186539
296593
129204
412931
295541
490704
450648
281537
152619
321855
395906
299766
121744
308334
91128
245916
44216
266268
368596
209979
398869
476964
35243
48199
215707
405983
433766
277111
368357
448985
469802
456663
321172
450591
366489
26662
262974
168038
481225
432896
418284
368437
99720
182868
225611
332400
6922
324573
469631
212108
383354
68140
163087
135023
116009
167484
65971
358681
398203
175063
347703
397936
406323
263755
174745
163345
361885
175578
85389
465669
313760
128269
396692
491619
52923
242353
435352
161650
100433
220132
51885
451586
41404
263305
67353
180443
87313
356247
396697
356506
326338
468711
37634
187873
107425
492850
420132
258857
385792
323112
211226
255941
338393
239367
45886
67406
305265
456564
59175
438430
268119
11538
197982
498397
21440
188871
451661
39677
196704
246513
149949
151210
382904
167173
498273
140679
48564
416337
84402
50668
267076
229682
303168
440736
319425
351659
221465
48567
1794
430252
128527
486728
425936
134871
92287
297212
5524
38756
150638
107547
88917
378228
171897
472647
133854
42818
196342
442322
365594
236388
440552
208201
86817
110377
373074
207005
297357
97902
247551
264379
48181
352008
429708
30720
380995
125573
497305
178161
301492
423165
278895
117478
277876
11193
154507
404283
2827
191218
270814
41970
79066
330684
87204
304236
68070
366412
360205
264227
83427
192056
417130
317838
400643
226431
372288
155714
140317
239180
225588
494237
110357
457102
265439
286158
407513
52614
151151
277830
425393
372592
124853
350281
352513
223305
123683
196676
72981
490809
296173
31757
104788
290423
473587
81367
391699
318483
334520
320053
112368
441018
85196
270540
33792
258910
131137
286427
265434
53315
363701
396028
123721
353560
303230
31205
441918
490870
141195
189005
229451
213431
203915
260367
67409
400069
35908
422259
323619
6551
82429
257005
161124
250304
388030
375457
123905
239291
133805
331843
106199
229645
312279
318752
148733
45754
211713
311584
38397
410743
59274
193538
25679
215231
321962
109930
394911
133507
365199
391382
424963
146411
123862
115024
69142
136046
457493
93748
202245
196981
19632
152466
460615
77872
336117
410260
265780
103936
109711
341822
145349
33917
328014
248552
256004
59514
485304
180965
307504
96000
235680
369221
106327
418522
253988
355824
410280
108098
68824
210440
335996
177262
141398
475778
149771
341752
15575
40335
265868
209897
116779
49550
171345
427978
78160
70359
267729
406521
417587
390370
25414
1179
82161
451072
14563
377625
332154
424537
364339
12647
216651
135818
257159
44558
440876
291266
437841
145288
94000
269529
195454
248705
209427
288212
179866
150401
311599
145149
31742
277338
396976
431901
147541
385001
309026
255315
45004
308984
289024
363235
273654
361360
361064
490849
223014
129223
427225
250384
195476
459838
126515
73445
66745
384999
454024
381688
220511
324600
47469
486884
321773
498890
9565
128053
318429
225353
467280
336423
170179
233510
134076
94993
483089
251494
134262
363532
411030
485329
211216
132840
416684
162708
315789
441907
377607
159328
297311
72919
284287
36350
407494
351568
159057
491755
264652
300837
448113
160755
463917
337489
123247
13091
136862
281453
297119
82191
162796
373869
352250
307267
53392
180673
66421
60917
239783
326024
179119
17368
379400
157778
195918
60156
284965
152752
413565
438000
453033
364190
418065
285495
459239
49017
19243
486360
209076
181313
243988
79474
169122
304317
148672
116226
350487
31744
492982
162971
243086
315435
273965
183492
405359
473358
46448
353285
259953
185479
258142
370108
423712
261164
453011
109744
214609
382773
377110
412219
407625
498093
81584
300813
342261
189788
347311
148440
35396
304532
451187
104327
125045
134674
293745
217685
466499
458441
32435
364002
124595
254610
473504
42697
200547
81761
314392
21879
76023
402445
178281
112519
98169
321906
114813
316553
146632
405936
34838
215976
49889
67416
160018
259730
448982
21538
448857
286189
89690
286315
31636
453400
476814
306241
226242
24593
376619
35300
410961
28360
267220
320575
438880
450332
393902
497199
3805
490856
470146
40386
227637
104925
288164
318407
279635
167722
308618
98109
54000
352966
85968
75740
388206
237416
126448
362937
304966
359534
94696
299273
251272
210927
252516
469406
247949
377154
57031
189826
392516
194715
310314
30405
83190
427655
346314
328675
31045
266100
448920
361305
320233
29735
482447
469845
352706
164466
69286
60007
95
410017
19581
418580
390320
436517
390152
171130
244865
481135
37297
286490
383110
329236
120864
77860
12063
282135
409629
45399
43682
35754
164678
446068
22617
314295
328870
303556
77222
172280
250461
99795
245901
315384
310210
353437
281029
71437
6220
429808
179160
138184
470229
404261
403861
13341
260199
43967
461384
397222
167037
406067
47722
102013
334758
481393
473487
378295
220142
483915
396813
8031
45254
119560
328187
385725
79412
455358
79798
463591
266516
250461
362844
341255
285950
225815
90007
235874
67059
470268
148640
477150
125820
364132
399727
492011
254141
336987
30805
143480
233831
497988
168443
133501
481483
44417
392706
399846
464581
424539
192805
57293
296854
494595
58793
424093
197251
433524
469534
178052
473456
298420
127675
446174
80582
497127
53703
247502
44792
410336
231940
232748
291211
397303
230280
48392
253038
381283
259061
497493
329462
37834
384180
193543
88457
362447
141910
267735
248283
294400
241324
161248
458980
439769
324827
289188
441796
96978
365527
179867
178399
176093
236890
401354
36557
48903
433580
333793
415622
426102
181906
156967
220181
129516
492136
433491
398371
180093
407910
169387
134355
413688
233125
276904
487390
328939
57948
369815
224468
422206
432190
159770
352252
189206
97718
199314
118860
123906
17781
71948
204060
208149
70307
325323
435382
106708
148122
59619
300645
435836
126210
96793
398486
418939
342022
134758
107278
84777
114293
279601
338812
319275
456452
174569
141021
183311
325203
106424
290118
480525
455618
445470
167368
414872
202957
109809
172023
58976
14624
8377
476153
186891
341774
383417
237595
383042
29595
407560
53939
343358
371250
149782
116765
485193
287015
388832
7476
435577
143635
414075
422494
486004
174986
116861
194882
412505
240495
308006
162033
368249
382674
174256
442074
54399
473142
459007
193361
242240
105424
392690
303028
309267
452157
7354
130888
187469
181445
490615
32975
253622
190033
32012
446480
224838
429373
297619
1399
254109
340125
337305
173983
254285
360816
310660
369884
178763
241559
83416
393805
88262
10234
44193
23777
458008
124083
119466
39824
169883
434923
229822
460219
168203
310564
111845
374638
426253
120496
390922
369456
280354
400831
218545
489647
422009
175211
300667
104715
413644
44082
457318
325263
489965
220699
195495
240756
423787
148201
97920
212565
406946
369236
317425
366716
24298
152173
9776
384530
54048
327483
7673
374792
263734
111321
469333
159468
60545
308061
16266
159543
320667
477246
221263
477573
306324
379774
175666
386947
483532
190180
48238
412069
19287
135108
56030
22350
457622
244256
170164
64604
292277
127178
233315
144433
57532
122274
24822
256840
79643
459253
412770
331465
268299
445293
256601
432322
456243
341280
322171
176591
142820
93751
285347
483043
252420
175441
87293
221812
269931
12701
439090
449272
451788
300500
16107
27949
8058
177983
123446
380092
410644
106101
20111
294408
29734
428656
168913
211529
348643
211218
230039
14495
110624
378520
108874
375002
167420
327149
211829
321952
404212
51228
143083
187628
386225
230948
158032
321821
86705
70323
220207
197648
207581
118582
57665
265330
27362
179962
468349
93579
96948
184466
348075
285578
333766
173415
318599
459462
452160
4181
21743
229233
12185
445304
412371
27892
158098
356778
377588
297115
80733
129400
232205
45377
427880
296867
77491
21093
213823
255372
315832
316350
21652
311084
486965
323151
71713
38714
265904
391224
38191
407460
236586
339274
443569
334860
243566
388341
74109
263812
3749
411007
134363
133589
268253
329155
252013
358668
423348
291837
394998
220264
434422
410953
130994
337938
494114
2237
113683
401137
410340
457394
233972
332114
152602
146796
346651
72936
402856
23634
423475
125368
188470
111229
40669
188643
303946
298334
393594
215493
66298
195939
266584
410923
105688
55710
204602
271028
342776
43589
78026
337647
20360
693
331322
349481
312118
398622
267578
457344
56279
11485
345027
170434
400293
156466
317293
433662
154526
296520
65921
21133
2478
400983
131614
119984
237078
389387
238281
285905
55253
361554
183278
223364
385295
400130
62101
221158
223908
351557
236389
112584
159883
426802
439466
150425
304581
380971
476262
365780
289450
285607
379752
206834
53147
383411
355918
37310
459684
99006
439259
24249
290610
155300
299168
163369
274321
280630
88151
133338
29900
61733
246448
312317
205409
139456
195911
181157
146502
248895
276741
20486
338196
123594
315804
323611
467440
259491
50454
483918
90676
386397
214328
158844
1786
255602
266044
328225
474787
285681
354167
370271
161976
259771
254695
156026
29702
408311
339945
84018
175072
190878
149662
32017
105158
420855
157265
213530
20901
192225
62741
412935
451131
28693
31555
138221
389953
252913
57455
341057
447003
70561
120685
423403
37794
144806
366176
141346
176856
165260
297630
323438
367084
367610
21452
125557
444038
171432
150723
112317
108889
105288
469076
189993
15395
481820
469365
154266
271185
404317
116797
478155
108332
90285
445798
201181
149029
44987
220239
304237
358309
455680
309951
89447
391962
292851
403944
92816
22820
221604
39964
495300
380531
60943
27440
443229
382298
249931
381695
185887
6791
19107
463799
18930
179643
39303
228033
493292
48917
273780
311149
310053
403628
379423
140551
372166
391723
243571
346235
35502
223698
498112
42258
493082
161369
76578
146928
330708
369707
358656
312196
214779
268771
325114
312966
483729
489523
222954
167334
19319
199996
5716
310173
458267
324701
342084
114013
147773
323692
265277
196977
379886
4947
263499
12025
281783
58274
355508
75926
311255
129485
231161
9674
207224
125202
220464
323348
302695
252913
344060
460734
214510
204888
179727
122541
173966
43733
456591
76923
333276
138982
174066
10407
223639
222255
37608
364770
88458
424827
93017
432997
269596
495087
204581
147594
426621
146019
462181
189181
8110
261554
495110
124321
453777
375813
150060
300699
60961
126623
187416
10554
165646
88471
353773
17675
475264
415958
107937
2921
316460
338121
64324
294308
363405
31513
133623
60426
290694
409966
492460
102509
212206
64901
297547
14202
339057
428312
108414
393472
113060
88714
269158
47245
279480
128557
72995
386559
277206
459592
246357
92284
324954
364018
43453
36350
476919
361507
381819
4609
142117
256696
365500
240100
414572
402717
402622
268621
98737
42856
198888
49829
20274
453539
35897
348824
123906
324106
36000
389736
423696
457997
34236
430530
245105
272029
347632
307240
215456
366589
365981
214921
229932
183717
368826
347893
480343
20210
294231
395957
193167
214187
483577
21766
10815
499527
309019
204551
117672
140463
421097
34666
412258
246439
315200
192106
172172
498404
197246
98737
195420
334752
8986
297176
38926
412620
366942
371223
412590
494738
81596
74871
366813
262223
434033
9263
358677
56425
61431
104087
462550
407281
54501
266678
455085
337825
403044
209362
384467
53318
58010
221633
257152
430551
91576
364265
248453
132468
264621
128720
355646
285005
295662
344811
202114
131003
48324
403161
385926
196265
115959
122435
289574
140310
153424
261329
191736
152529
152029
366696
31115
490415
323491
54630
54800
320310
32746
199139
116135
451291
2795
10831
71697
495301
261472
157910
342324
491453
434708
435766
79973
106553
135104
218473
109430
470721
344845
141332
142518
102940
284613
389859
210919
149907
112013
474799
24041
123334
462969
270076
25929
324144
341323
475931
422535
227510
419684
86306
268972
163992
88900
194217
361468
49853
422354
359154
35807
177515
463540
353768
319615
243347
78213
202597
310430
43551
436549
498165
313872
59730
339230
414122
320729
334409
103488
300059
227440
449023
377923
132936
386877
194482
141285
24148
409897
89090
277712
253807
361679
409072
451470
406725
369645
433418
471641
282303
246304
90448
239507
36639
298241
426473
38912
393862
296841
406095
227361
102465
146994
304112
64784
287742
238725
395841
250018
242464
54050
161795
313914
488803
400335
32072
309784
327735
98610
253130
108040
429079
230827
232093
178762
323221
153557
138805
463446
170010
409420
164771
451734
110036
368752
299573
397895
237259
6988
61505
383639
246115
408572
289319
312071
483470
134397
463650
410768
459902
66026
234177
14007
292147
365366
262919
472639
316692
159349
334485
292829
58837
132906
372320
147012
456944
432378
481866
97381
410865
403329
119058
327901
309365
405886
89452
25806
441182
325843
68272
113167
67215
322222
93720
352448
481193
264980
245649
166934
145379
136388
351768
232504
15484
447395
201548
195995
195905
56920
355130
423084
413114
425274
303709
308706
244784
438615
327665
84517
213052
395237
115111
477175
253208
71132
213848
3388
375379
352602
146797
298034
298246
48689
498527
183376
399648
33750
335242
498367
42158
370098
372276
202294
177411
302773
239160
52431
188935
149421
25626
493167
323993
418486
244161
24096
132156
89131
488303
56679
22105
330676
392194
45945
194251
93527
240052
91184
280984
70655
236291
477227
315366
279022
17688
82266
14336
94917
73749
162162
340520
61173
173657
408947
422469
181010
473034
297687
457659
279414
280675
308814
169856
318699
108946
109667
130478
372569
314208
155216
445341
260330
346942
142735
241098
238943
228760
309163
8614
271834
495677
132456
412090
18985
124369
103729
186298
26646
432953
319606
359964
417840
491616
428221
20611
78625
308027
19925
345798
313727
368543
432246
114170
403685
102286
73043
496601
1148
377506
233631
477702
286598
23312
477511
58219
499243
295818
384349
59214
146778
244025
32863
86097
200889
321143
220743
484624
288006
34889
260889
319041
178788
108393
143481
133040
60323
189384
41500
218670
161407
363868
371092
189080
232672
270207
371114
194547
78195
417748
336630
8862
139918
247725
285563
405886
67491
396268
63233
242033
480404
456335
189421
76159
415886
310222
363175
115032
95649
77614
219853
87025
375106
145186
293728
452424
358007
432810
308644
5883
357065
36485
327083
356745
341455
242693
402606
133690
437546
121281
52263
216553
461083
129203
218901
39656
459974
291546
66379
67681
268620
51010
442586
62068
467325
305556
299370
114812
161846
340224
183550
298220
116060
292248
409974
457566
377193
178029
86280
406000
50725
39390
329875
331859
237719
429459
366987
499298
461298
193820
261743
133964
407497
158544
480272
318772
35304
68007
347896
96097
24082
475469
422084
278761
406028
413999
157813
348226
320057
454313
299992
118079
193882
280800
205231
333587
332724
155621
375041
319421
25481
174248
199335
400206
52309
476290
82594
4092
397995
218890
270515
409391
189697
323891
32975
38224
351073
178463
248067
18600
245395
12714
99036
145683
90676
412717
419683
389613
174775
25588
292466
468091
320495
443399
242347
166375
497907
488745
80352
153987
34411
137820
448000
381853
303487
119989
17700
28904
105253
219493
399325
386411
216172
319336
63387
220043
382417
228227
369329
355502
147357
169894
217769
195118
79577
193012
219869
206404
81646
72462
97904
396141
128082
440169
150454
254512
246974
71390
196768
215385
491493
194331
257292
234549
99463
309653
377364
337243
298987
324228
346098
344474
203467
459094
426119
274619
53410
298217
106013
85873
312820
452453
333356
8309
449612
427535
288140
7476
46241
269520
391183
302035
351968
454189
86835
31307
412406
330790
436583
314329
299375
343668
91320
375100
439347
394080
453133
312395
246749
445851
68391
292587
449617
271545
28665
167189
377721
243334
114687
47686
189702
220166
234511
476099
150622
300511
127945
1702
314753
104265
301601
103675
392500
110991
386161
250743
76523
72303
64861
374579
375315
304010
352719
483583
282245
449916
415474
573
119953
316558
179442
262823
71804
91385
114198
434025
289015
33191
430688
184277
93338
194573
221532
298944
241048
160963
462404
39986
157496
362174
320442
119118
397925
383020
420768
456545
197426
457025
426022
221861
245477
78204
143669
405483
333262
14960
164307
66272
137084
117267
366371
343219
295007
162213
405140
239237
144782
241430
351206
445107
308104
204026
475365
170072
3386
102791
181096
320296
67781
478555
47815
185461
389098
311419
67094
12754
180005
116988
85330
274579
443479
73369
240360
236588
300354
426823
377369
144812
364395
461322
185048
311484
402485
179307
59241
425922
170744
404685
47397
31794
412669
476932
335462
120973
439520
147710
469599
371379
482357
346420
357348
482677
38182
71597
265417
226723
300682
11645
247862
371083
281463
194388
39252
437437
134433
70349
398984
337320
491262
31670
279693
371927
274953
338103
113407
18264
1842
414919
66561
95020
46153
166205
171649
466387
228950
71740
7251
280806
35499
298254
216112
183280
132794
381611
392113
114552
427913
240765
4559
404321
454129
161194
170032
104591
298009
57786
71632
155715
4894
383122
116160
253288
16934
179867
356782
226075
340451
180390
155774
66004
28036
112959
160323
18216
272422
230867
97305
476102
385067
366431
55234
445356
390486
315043
224871
489971
81266
105305
404757
89936
304060
272166
398808
346978
201991
402302
94220
294952
326962
54074
8172
457157
193665
184608
348336
167866
460666
94216
481510
41006
486495
167581
187576
365343
133912
330226
361882
347902
217704
136904
403535
91260
301006
464674
266368
190314
262226
493402
381971
464971
412306
453308
343224
471783
147106
47143
165541
105383
450425
206478
335808
448088
372219
63877
355429
226459
131081
480923
355282
289514
120862
311828
250421
98315
203457
141036
121040
495629
301978
344998
390493
459139
347009
449315
204286
76136
329347
113949
442700
433019
405702
347094
413359
305114
415384
225200
297728
248360
313737
221648
385666
334827
453714
185842
420151
25617
61564
374098
400135
162602
369865
140948
50765
193790
158362
94095
191161
461260
346484
154331
142229
36648
22207
210633
480265
77975
132085
229030
52291
142627
245227
443363
128306
144368
138384
380199
370794
192546
372110
125368
24515
384632
423456
50076
249038
165073
276522
137171
469943
157205
448133
363850
432442
227263
56055
385750
383714
180618
194631
494530
32972
433543
169127
115134
494033
439212
144993
391681
231497
357760
116309
365747
284417
484576
52954
395035
259960
120207
272029
111681
98276
498363
33537
312728
270374
189923
475766
334580
270644
261772
391959
184198
260043
426977
430752
128297
396404
265452
433989
495778
185991
287114
138921
467308
190167
47827
459783
323822
320534
141700
165413
181255
460873
174325
215180
103489
313459
103586
238051
456282
490562
75183
476950
65648
422644
101616
189573
450725
221093
289149
313885
327982
159660
133337
19155
376396
69515
64505
184230
225908
141774
64489
92669
246802
381811
6774
27430
141054
344756
466024
42194
88901
63843
23932
264893
60208
452466
414085
167009
117934
217600
398979
389918
86879
272443
271646
321704
348381
244312
353623
267901
124796
448426
197320
13967
292305
32627
155473
456551
171569
391647
219457
455964
400809
144952
387402
370443
50555
351677
334950
68145
60483
423598
191970
241136
43454
444419
176048
5972
165736
312897
70976
30671
41255
335010
312930
409788
471932
394297
178019
362325
20024
202950
367733
310366
252763
179842
132218
72579
319053
429954
339138
477821
42119
464775
124810
147231
418082
195338
432102
310744
383782
350808
266731
133072
462136
417673
372369
253739
393195
264637
231717
33867
321883
412929
149210
65451
94746
308502
120349
10529
68116
455079
138260
228338
214142
211538
33899
329924
402195
349755
336111
266664
87754
67663
304367
167045
357809
92607
209404
256932
444358
227402
427165
108188
130202
457598
457661
222980
409762
186644
478416
315923
337866
363972
97493
298726
419494
147067
272835
331787
382737
106937
89459
315579
497330
177896
389998
173906
301312
366168
483542
5140
32838
302943
179177
426649
171722
302277
134712
181872
83595
110850
118480
305395
166475
67178
316047
258425
404291
131197
29727
49885
237227
106523
235594
355113
247770
470613
311961
68886
15299
142408
387532
65438
353896
339987
22869
123336
215636
87603
201181
45672
217947
332041
82110
57090
309522
144228
39617
154420
141321
398603
173575
203939
358101
91204
235825
442512
186946
471157
383037
357098
185189
166980
433436
298155
453218
266092
155837
318622
184425
30478
54330
163960
420154
400532
47313
298918
284539
212522
89837
458152
100535
449768
35823
236167
458285
375457
134513
145932
496745
111230
422715
110993
313000
107484
210462
449523
227605
293127
15453
108459
309703
17278
497331
158587
64153
413851
355497
196921
474033
339004
373846
391631
201064
377937
209225
389464
457520
9283
418518
281954
485546
234511
371078
200711
294850
25839
286774
157137
156744
291759
204577
491497
464536
58029
99879
11694
183321
314227
364119
81192
69640
138868
90940
356590
395895
441671
332641
88862
187652
199522
426521
29769
21225
63612
222951
481775
295265
226777
372114
65738
25121
322751
445489
166465
312506
378570
196352
292348
97471
54623
104088
394066
216477
458350
485224
253996
50907
362693
361138
219671
270974
244163
388441
420168
21006
474257
244988
224392
388200
366807
225596
424658
160643
89803
267923
420154
142305
313152
17522
130924
238771
304555
352657
465370
436793
290904
150082
139690
425009
121010
198136
497633
285948
429901
50073
91919
417076
161966
2835
260489
149217
484698
428987
224287
429487
47566
67910
41882
57445
384553
342562
270656
450268
271496
137284
250817
293499
334592
152707
126695
144
168114
36701
372987
181538
114972
292921
379087
156321
248845
371279
98567
182725
55588
126823
29166
328995
31183
173442
131995
122541
94841
122960
168075
333289
37896
186525
384909
130185
172591
354146
215018
32095
437194
4099
336941
331488
249421
323788
149552
118448
147515
380454
365481
222197
235141
165153
229166
233228
146059
48311
190958
33628
490127
385582
78119
287460
297078
145396
333034
119479
305721
428569
249230
313668
28485
461221
332119
89873
261720
257775
451233
58971
328733
403342
484601
200112
398223
334068
84582
426507
150326
55176
108012
14614
356869
252114
343758
313797
381790
72906
36963
9511
226482
246128
48770
92944
369024
87061
197595
91923
181550
169626
300955
276315
491468
304643
370309
485298
34285
431465
208514
49721
128938
421848
118917
275174
237394
32083
284961
51157
150306
441208
421310
333659
489114
123089
168353
340377
260057
185961
268348
261605
419910
226003
245581
481184
145197
334095
66935
136258
327370
382510
51648
265254
68063
47896
228565
294843
482626
358752
368508
240582
51226
430267
267830
33968
458932
495262
183616
389069
292450
436365
2092
182013
240757
282065
391620
456328
389136
363797
381444
206954
464267
151340
487044
63410
386295
19113
229995
259528
346452
285974
258508
173884
341584
95180
197452
232965
452645
440552
59773
47691
104136
492997
357651
170970
385750
346711
413260
60080
136617
186964
60898
33626
369985
135572
345088
158275
92910
242583
312710
177312
468002
70088
331428
397753
135868
453841
326875
263165
168599
451035
434769
199273
386853
327351
202546
325465
301291
51230
33678
380015
64032
237576
417363
144248
67245
459976
173423
477770
108904
448813
203196
282755
8182
400451
267797
279044
42120
154617
149181
80630
116563
31120
444881
106111
95134
506
153035
276134
52206
152459
418037
397343
124632
311805
163302
53651
478732
90418
74695
459293
28652
40968
170530
483167
394281
87847
101869
480434
185600
159284
425461
372005
248487
330276
188632
81407
293315
149369
102304
371539
86299
418242
177645
73674
366387
54539
476963
494399
85395
99685
213337
20156
230803
271795
406275
252053
433322
197630
467936
368664
85504
463421
454596
414503
211146
99600
472206
469977
446135
357028
316048
488929
452076
227247
305404
464190
158652
223944
215694
437611
481608
402926
415146
64033
431712
64325
254258
161749
56692
131523
344586
358792
358963
349271
93949
64295
406898
613
300936
5992
128560
181418
20168
94403
217116
224456
91649
260854
456896
499679
47136
270883
384701
255238
442345
483183
304468
300536
123655
74453
156750
58422
166892
224479
141036
152663
146557
307675
84752
41713
100642
353713
499184
98027
314012
197350
141409
462788
457493
437200
215172
349476
273778
259897
80157
235054
435538
159835
101707
437678
8653
415824
162674
243103
314709
471874
426230
285756
15939
407242
123150
142981
53850
418978
153213
228917
435992
448319
431511
28217
143952
41857
326539
35957
25015
343120
33991
46945
424355
469323
78440
490164
388887
403266
491319
119716
34190
39812
44706
481000
358264
149042
130054
203409
207039
453473
157235
174995
402794
486675
234362
31068
488637
250694
203138
202346
139392
130947
320202
389011
146679
291563
40485
453480
182000
275676
342950
164991
6100
367696
338215
325384
458332
163169
324191
415981
157193
366963
381878
80049
221985
182658
131761
155458
477163
410549
105952
125524
284758
308910
184540
476157
430579
434949
309766
460968
255446
437486
266177
89221
95458
51794
63932
101478
199987
413388
142063
208152
24639
255914
126389
79449
112229
399051
175502
1523
211536
248549
165439
280625
26593
296723
131800
498410
363580
209856
397422
163735
216823
494580
390652
462871
234585
213291
240091
135324
183415
445986
239072
105735
160389
497262
32535
329201
282913
228417
130046
294870
329793
329693
85443
211960
474945
17658
352672
403369
333370
258285
245363
408661
371069
196893
289778
268399
270588
283870
311528
239165
37600
363116
288770
451005
154521
195544
243235
427184
446075
313643
23426
184014
87796
133541
219240
265711
72581
315978
159928
204572
319667
320663
84058
191927
88449
396725
56580
222886
408302
352739
393620
437098
353392
439511
497841
381176
213617
407842
179688
358101
464676
328671
180787
207139
269697
349640
50189
346301
495516
62547
330032
408653
336552
319664
420545
448278
351435
190584
358301
70809
226115
352281
371372
249398
89774
110020
119406
419559
174351
268675
168110
305107
451490
426761
373228
419964
408654
47423
363872
38640
315876
278565
114829
116187
63390
203401
145012
174464
226499
65377
396633
196033
54419
240872
45920
455528
365041
382857
332942
46143
197781
42055
455628
163953
284411
83218
313498
34611
149150
472663
94548
312682
341251
262920
98375
383878
332415
470939
153722
446571
341831
218445
30159
185684
102691
63145
221475
42693
476604
422263
487810
187544
404487
452357
36743
335438
364511
243220
245289
94435
433704
64511
83560
278760
157190
23274
187490
480704
169474
307131
366007
78299
171294
235707
152886
175447
409866
176506
198896
413137
186731
129534
13927
81441
483093
423878
293808
289080
488374
55757
156840
7476
168479
247524
228933
211005
429855
167617
115234
280353
127405
21797
209775
328767
184912
403832
56968
364000
136054
210979
14902
194840
275515
23283
403378
212285
379612
178738
184174
400892
464620
272764
99413
189657
18973
182377
400280
130734
192195
225870
127143
420425
255104
376971
401614
18686
387086
138963
315047
215860
101960
364836
477919
89337
236447
60359
181230
113400
289826
219589
225971
137251
306065
71613
404528
338874
455152
491772
307978
70409
334566
368996
334736
71767
140799
324747
66119
486678
281134
464823
443863
254721
64898
474579
16675
324440
288374
191849
255052
397528
87823
386400
17983
452375
365304
240038
176572
42935
56935
99854
112528
97195
346277
377260
440092
106103
173718
294729
254253
293531
48023
99936
280038
275012
161290
271876
101541
377679
466045
36840
221512
180408
422915
40091
156910
458979
136066
71139
60511
323531
309817
23713
153632
266300
193367
384886
221163
384460
402210
139094
105111
469656
455097
346622
386280
430316
487813
64073
316253
396999
57958
372488
328073
178218
100136
183397
62950
465172
381053
67951
491091
442810
381263
413665
158796
211884
240896
57351
451530
12630
58758
137328
68205
38319
274321
460045
430852
72293
227055
270847
151764
413318
326910
126020
152416
471257
466369
413074
60662
343073
143237
408119
219095
314611
248729
37795
447169
197706
443538
234026
119163
161500
378181
129335
140579
124345
467648
88497
313527
94356
452555
183077
80725
379950
180586
271647
175578
65988
321678
487509
349732
172494
187545
138152
490981
289739
8057
449714
195513
369548
76433
136788
284743
214026
233394
248238
336151
127297
372549
151441
315781
292319
2789
245163
133763
153890
60577
146662
383529
276655
285394
449973
498957
85426
475986
431271
233066
488583
161067
172883
225916
219292
306522
176906
96951
494188
388933
161140
91646
498882
245456
346926
322557
389917
158133
238751
220547
335612
259993
88910
39206
369685
368769
191506
141276
72834
404903
429142
87859
223227
183795
279276
440241
359210
126233
384821
424474
402984
241347
459316
332176
209372
458803
305474
280134
44844
452687
101447
144325
412908
176607
108635
431825
354576
471821
102001
165473
35806
352511
325221
51447
37941
313502
360143
235162
172376
72608
458192
401837
403379
48337
246819
431933
371642
376994
101564
186829
391241
149217
93218
424899
49963
480170
395362
140244
277864
149198
68603
368231
303891
173622
462286
307783
380707
299576
459319
401875
427383
100077
311725
254288
303620
478849
281267
497274
460336
125960
462357
243146
156353
284110
442415
181840
362434
481888
227009
387246
270737
420712
205953
405318
346137
401007
400498
491192
325531
424980
91142
178582
311760
444206
286056
20991
165621
280737
354171
394716
136155
15568
68861
428251
314130
401120
113188
447273
479252
292778
478090
42991
271730
330641
354051
280501
188768
485324
58438
173157
257679
461277
13294
476559
112192
280851
257446
75818
42935
29954
347132
484749
583
492820
377760
27924
241880
405089
253914
439896
330996
269262
393046
53909
493403
353512
422533
356368
375762
265458
236603
52885
488204
262003
364439
388177
310573
194538
254787
431052
168298
405433
167810
398002
369440
489978
12354
180733
243289
336233
24195
495997
172101
221111
276757
448462
397144
477231
265878
413401
28263
378640
196882
467906
462370
102400
119457
438245
396095
56904
408066
344912
13802
214795
122482
426272
32266
238398
289179
130590
339957
363315
50289
227931
365943
55433
173011
418929
455777
397942
182742
496223
91330
162701
449229
494315
162406
111848
208426
80296
325319
357340
96927
385345
228064
411047
284084
333729
50202
304665
458693
142499
56563
33674
494892
58631
154961
460187
315029
184858
84443
353436
485304
295871
42024
324615
86084
112244
229165
167437
498259
230995
55538
390998
24932
24654
372201
428154
195382
70617
376360
453607
382969
438282
161577
417617
278627
253549
245778
56546
120044
328627
383506
491983
214627
50081
95154
232304
77416
95437
466361
441270
14199
201280
59847
81990
304946
195227
436529
256046
247621
457391
411131
70673
45285
355498
482443
80806
142093
259202
59381
94728
322206
319223
245700
19456
413593
346410
125430
129307
97230
133951
360611
192629
162994
483925
229446
420278
381847
8935
483632
213501
153145
427366
424234
357208
243685
395502
267289
390552
190129
469550
134425
111043
469945
211801
464808
338981
468778
109109
102332
318027
386948
42232
32036
475514
244000
84237
231609
296187
50903
462196
65018
247117
59861
208917
110499
353117
8273
433846
314887
21654
474474
122377
228167
83899
199225
460769
34141
169219
42074
34704
140374
363357
457037
73122
341634
103582
314905
438669
124759
389094
216927
304552
364293
286311
117872
6968
456316
160832
209542
358377
309168
425821
425957
481
211313
314630
445083
139080
171893
119837
142139
46649
445594
393747
322936
326660
48291
319157
293283
488363
243215
448786
496470
276783
486216
152831
117950
395522
74549
315936
456993
347143
370936
294508
17905
146243
406195
269814
233608
413592
74329
397357
361782
398198
99526
75193
483264
20539
219503
293398
175106
223422
357446
121115
3316
233456
210316
394026
483505
336720
12040
339866
499267
276765
437639
316183
289233
151811
239772
257720
204188
338306
319868
466825
191802
180531
180598
177029
108331
258094
251605
357468
437650
380258
114151
12776
154110
491486
294715
401957
445193
485952
389037
74147
410252
380505
279238
293445
165821
423438
474965
54183
380175
434025
5184
54540
152443
475751
370135
9425
292450
39390
263048
56324
496287
114673
182846
485106
276167
305956
14004
62660
405117
39522
336148
418734
216533
435283
442905
269284
282378
492402
320569
228308
306556
355091
46027
289409
228704
282930
261327
395574
39645
202048
20984
431629
480763
418659
159605
176020
343568
461617
163247
132537
237383
300912
74303
385528
301555
68427
492303
337838
225402
110180
127677
456374
81835
195417
459545
135273
347243
50053
339276
351879
274925
434702
326756
15009
404650
498399
84677
226554
392442
457141
405730
314537
142893
316575
87235
356782
283382
79762
155591
230828
73220
487703
230027
463529
89204
232151
457008
86067
453164
41002
280231
399484
396401
384088
404071
293815
227788
216478
193190
379216
410732
420244
256808
59234
169976
167565
221782
447384
187717
22240
393900
381517
398309
217922
159560
481910
459656
426483
307153
222064
425690
55850
278925
254978
468058
280302
353376
238394
203786
418215
481659
87901
337210
470586
230207
166258
278024
33826
281695
347376
431317
460823
32021
347987
364456
390136
233712
480473
399202
82880
423535
441208
102229
49138
414715
75336
2126
211307
480095
475029
185074
154339
88276
75109
320844
94255
83337
187866
246555
486894
209078
155378
477753
28965
170656
313206
199389
317340
269828
467182
279443
9933
361201
453426
490718
99234
391039
171576
339738
430699
138337
45566
199816
410173
350055
354770
285581
327307
162460
248094
1010
471124
441313
470882
378627
217168
425968
209285
432051
171446
5574
447879
471906
195237
58011
487070
399317
234288
130427
98535
90165
238725
82489
70435
312971
363511
386114
85483
486483
288534
224845
275972
328192
278223
448509
422613
267401
15341
47115
248129
250923
343924
378638
293680
77157
364931
419466
67657
202968
317910
76855
428645
359068
257171
279754
490328
15132
115472
393037
147580
443644
145637
450110
460363
439475
51315
15935
34586
316538
122651
66913
114950
285262
314860
227498
431639
42579
423821
266144
108536
112875
18569
211116
485433
375141
252507
243056
259701
201693
80914
40035
219963
304401
8548
467211
165265
369906
327408
60809
75187
256309
495577
459604
208184
487544
8877
168052
182018
442751
16153
311746
325456
426293
96976
387029
363729
312801
234421
274220
326467
463243
222114
284040
162553
33253
82101
382046
244884
465572
232885
358574
169419
327836
326343
173901
450035
208294
140318
450549
97376
382453
277545
478946
476358
209411
201910
333357
292989
140970
489397
113342
352115
348825
71110
157587
401161
414885
276715
432324
80770
175999
6938
41812
175355
497052
265892
5719
440809
184431
179992
101577
107552
371565
431440
439152
8238
87783
486059
394773
387998
458042
24884
149448
31059
495639
307621
41732
163893
481608
255867
160839
25518
271390
347855
49368
413965
171213
346826
170895
18826
223318
131023
302064
136731
262303
52872
458395
386794
72773
271428
51072
370117
163921
109284
62531
170324
118831
331564
433028
31705
32037
120199
29211
388924
4264
136581
18564
345915
282349
410606
393629
432508
292095
97154
246899
117548
404679
297778
77543
40638
27392
260633
491914
304514
114582
110899
68711
299814
350531
76803
195640
196254
130730
480999
222659
283449
164295
260115
44745
352543
303189
34613
419103
134046
366249
260169
411325
407087
107596
222431
57823
470198
241523
57829
240343
414364
348774
445556
57049
345125
393499
52442
497430
387321
304176
53140
314934
422253
322100
190996
156407
274061
179528
179276
393885
213129
497437
139802
16988
331014
394250
165893
24313
202618
303993
56206
413559
177348
439062
290440
253148
75376
294773
70333
7341
470037
345452
96471
77310
172713
73796
383677
94945
108151
371502
257760
205514
427216
265330
344020
197485
486686
463521
447675
287508
180179
481806
94646
159068
383283
214673
49298
294591
315226
294854
387215
133407
43546
334208
481455
464589
95347
141663
119343
368202
101441
417355
417872
408105
445410
174594
103947
154508
90739
271510
427379
451675
449348
42818
302608
111673
11017
179297
291017
155246
117267
404446
469368
355053
315724
26441
65503
316765
202918
471316
193121
65994
90138
408709
385946
154983
487326
214707
18092
262338
278631
157819
287970
79778
380063
170448
197254
190397
73734
81869
373013
347810
101015
121994
255128
17950
91992
431509
483563
401677
408103
197345
393949
128584
304423
50087
120921
97329
40585
133370
316297
495106
60565
475062
292964
76368
133649
212967
226935
110152
144493
323349
193967
26401
103494
456018
40717
1632
59258
389035
412026
474315
74355
294727
499452
77374
276918
484819
93690
285337
139816
266075
33785
19856
211715
431049
322162
472839
3994
360945
247067
93065
261482
338874
41885
300629
236281
207767
24600
54119
91732
480371
101849
134524
54773
372081
332207
2531
489850
422173
195658
114537
247937
36155
419584
305693
107047
262745
224467
73876
89110
138015
69229
186415
29444
178389
289098
285925
282052
120538
373978
322169
170368
288553
270440
445674
138868
485840
102782
39530
490818
218213
101314
1517
442599
358756
330881
429803
211717
478223
118076
212996
147826
369155
397567
479796
390176
314950
479440
389233
226637
301200
401096
488456
209607
312863
326740
387334
42068
259669
120924
43579
112092
435124
29149
68602
452904
199908
2791
71911
311862
224682
449210
88132
366180
166484
61812
5961
392860
189928
166199
143711
262591
312852
318464
106392
141160
119088
176015
263179
206976
263623
375608
196160
1178
70179
458620
108638
232233
97151
241421
101098
498249
308233
321514
226172
376530
368755
271546
473055
378914
179620
446739
89552
439974
108779
205234
109578
380449
305101
316855
213314
275047
482130
266079
426834
29347
243110
476775
273442
245460
78470
116660
364675
277806
346964
272157
264741
47297
490490
193177
119564
257707
110544
494940
138274
437940
446631
179431
225819
498967
213568
208286
459145
324059
48917
236935
435687
339935
390038
90146
218477
426183
106948
58261
169574
376007
343571
476248
120457
147523
433114
167229
241913
165388
447216
131639
201722
125622
265508
101159
421084
338799
260648
386855
383658
136356
300041
446984
350182
233582
67950
210256
43168
478803
166353
186130
350254
280026
33209
122352
256975
199884
41721
228348
243867
47054
410649
462881
210595
155902
346809
442632
291191
436743
195745
216383
13931
43437
218330
117784
181683
262137
406714
472433
228339
434424
110331
205992
471751
68196
486882
410170
486406
139587
440563
240141
360185
365061
301667
49079
195358
251187
151693
481181
64177
594
232962
430753
262857
198415
137962
18092
264137
245480
2593
90932
334783
370659
458176
196922
392875
492771
378551
381002
440598
93597
239619
147949
398396
333247
373446
236852
176265
130161
283792
392205
276927
195794
234356
62020
474162
46031
445920
441882
27930
194528
330334
26946
494070
235142
490347
294810
485458
200357
186476
470084
227354
54970
362373
395771
277571
172603
57774
145036
152371
82298
382911
78331
249208
213884
396241
468191
329082
454372
243594
3439
219280
294930
285711
159661
278226
126254
165233
187843
335150
306527
61428
123575
100511
98704
392711
372780
79511
76551
436245
485869
102201
427518
39240
319051
410544
302329
348375
356733
100268
257071
413137
147196
199332
72135
286757
489457
456959
45671
105912
313762
1273
142164
239019
50223
219191
433133
481355
423534
63987
408401
34142
98691
469843
316854
403374
352984
301955
377844
315158
439783
466172
127594
331698
436735
224601
273577
303485
217381
349534
57560
94118
297570
201720
159676
36071
209201
180831
45668
467018
142012
321077
467123
122547
392196
201268
126049
369757
6768
404497
497276
256228
215336
51178
235909
373554
200907
377680
149071
266359
499961
152072
415923
468454
102956
51164
488638
386056
67767
185982
256772
499395
295369
347532
427727
120079
133948
274915
83899
4936
27441
139101
266413
323937
36150
418313
210381
17175
452956
12102
181830
206349
376123
432586
289922
72082
51870
384938
455999
63830
369405
251575
122645
248686
427731
318488
259467
208066
190813
400616
379186
455749
377625
412649
414690
488442
140367
268641
116627
317025
160003
455798
297379
226370
380752
192167
393369
431945
398837
411354
265949
415755
436125
123729
415743
254562
56845
169111
316541
186374
473258
428976
364211
291760
114145
2272
386417
248927
477475
24581
257853
32897
394234
43601
213811
57500
248054
125439
229729
448575
98961
132388
260879
124450
17355
317795
319978
152058
352196
258851
205813
67304
18994
453703
178467
222640
399468
463915
247705
247953
170695
239776
475737
303710
121453
75516
42611
233885
292952
267796
128919
411369
46385
341587
56564
421581
141900
92500
76837
498661
199733
281726
225598
176810
389602
374728
496005
479717
334659
343398
440122
263738
177355
181212
178145
82160
378660
136260
66509
463812
346259
36782
6001
417228
214542
416609
44056
197604
73918
386846
290272
103305
330131
70813
270941
352678
45190
137679
80523
75661
149597
396506
280894
35204
90150
411482
238129
204374
269505
320119
73817
291729
436385
379600
3939
378462
431094
170767
254202
206935
383956
107309
394606
440917
89409
445126
491921
467152
231907
407221
185150
133128
465789
257714
57942
486916
43759
154281
195173
229057
152977
244153
188302
264742
172899
449738
372088
339807
84526
233508
82344
124090
479784
117043
122438
220366
347267
26588
362860
109546
447411
38395
135333
487256
156756
463177
23311
133226
322407
154968
499095
39516
489662
486571
67486
66176
103023
180333
235159
284412
282245
21224
409154
402321
236507
262658
471449
487054
313427
408552
145828
324432
141107
51587
355496
302835
324259
181452
22826
85491
375980
198649
181758
321471
72077
24238
24123
294485
452692
187063
221603
264470
271260
471255
104656
279345
345830
468690
4360
31682
358736
467328
153214
393906
124175
278362
455788
214563
452040
228933
123225
174935
11808
276347
54866
59037
428761
194982
14234
144319
152911
231874
263287
52762
175361
102505
54160
96793
259146
438174
371411
214553
70618
19037
383804
375850
251681
23779
168349
485122
55146
181527
381648
137209
148742
441177
455852
488292
468007
459757
30953
398842
132722
75651
152167
97668
198910
277442
1524
39768
355216
363859
289668
294409
354974
251090
282421
32407
89921
295565
24778
466568
61189
308995
247340
309813
325947
90596
85030
63877
17812
31948
414628
198048
207378
432782
240504
163376
261582
134011
465505
414184
266602
66210
424595
294507
75297
132188
463863
284488
134909
20343
140388
232902
3682
215397
323952
299731
116307
158444
263473
59981
294521
400048
247662
269777
189495
211579
467955
99084
397992
89748
85942
427944
166441
331785
309771
316876
338230
215126
81117
285915
338828
402798
162643
335475
232041
67915
116111
134143
52038
144828
292546
77427
203601
1258
492799
219673
326106
38849
219301
452530
341635
189948
478959
222440
210060
117081
362686
114667
131236
343703
389128
441313
368233
101612
61853
2882
390203
304111
443849
313262
113542
38864
178941
49224
55513
381401
461198
178911
315395
233411
444041
70608
478319
314237
214509
264397
233782
307376
302965
161744
19550
276350
333780
50949
366978
238802
407210
279148
240171
161785
292371
319857
389189
1603
497121
167566
356102
359838
372641
186627
72119
197446
418197
270824
280972
96205
461495
245877
112946
402603
462726
202132
108232
280867
379994
247528
152567
135642
309325
297046
188525
260442
422842
16488
182332
334905
296939
166261
353866
473668
92537
230555
4624
61393
36603
381441
392584
314342
161658
137857
297722
172325
238539
62408
43240
387192
90125
108938
258902
20560
186648
170565
214286
299997
363584
293498
51699
346266
36976
214290
52046
46981
344047
108601
380454
122165
61531
194765
413076
19840
124384
364835
442671
471371
319823
203631
430856
240105
376046
434561
478728
429599
254061
302644
462074
150035
360184
352046
250701
368120
496259
255705
177644
396732
130568
285630
421331
7569
28310
54986
420032
95126
146025
219356
267348
205391
93526
276203
385940
21860
467088
51334
281119
138090
161885
464455
118866
361988
382250
326484
273744
190608
175156
37364
289886
351179
373178
148734
87691
424556
47540
462146
272138
411616
172883
224221
76423
345302
97107
60938
210087
289493
193693
229284
354172
143470
186872
181365
373314
382034
406917
35388
461904
127332
91120
303965
24127
32954
487456
170672
150595
219701
444411
239194
397909
158598
21589
395509
302367
469406
448419
136435
360362
375223
168581
94107
19046
225310
346744
105321
210451
46826
64520
5179
344401
369531
477103
490993
146235
76104
98111
317641
408123
285084
69639
338969
33275
217384
28925
174857
61859
33460
80473
446345
151250
389393
103165
480075
61924
437475
486653
297536
365803
419982
155337
292890
440553
332102
417378
466972
393273
478981
285975
25634
43159
152787
359422
140687
214945
410970
326479
232284
119888
497222
490541
303665
135457
64068
318397
327853
167919
472870
241108
308233
107541
113023
393408
430257
170591
262149
460808
81593
458623
270411
104145
98870
127859
145527
274117
414740
230697
493997
454782
401945
334364
258189
155875
78068
314905
240987
24842
339840
152359
17609
44423
20697
244202
299356
358354
56708
173685
414712
76999
13164
255294
312049
387352
86636
200906
295175
127825
92051
454551
219796
108076
216113
451499
449208
10413
328399
406387
431733
449824
32002
80221
69559
117883
186116
99291
235649
172805
72091
228155
11071
326609
206234
30839
312392
157311
304013
189318
185946
455788
366364
360435
42604
53049
27999
169729
52605
327674
364251
285528
370488
181719
366215
137540
103487
398000
483530
280753
121470
144856
494960
217491
66539
2509
185036
336309
131104
17395
374285
218384
330717
199647
488902
180956
111306
392393
376869
13551
75588
306949
485047
191908
397644
174133
363925
57816
342250
382769
63425
66078
123613
222866
240697
70346
111198
200269
416726
469444
348615
386151
433578
461720
317075
473023
5264
280380
444755
11901
19969
125806
90568
72407
20394
92031
157406
89772
110911
244677
100893
17367
382217
328780
4260
221001
458169
431328
447512
153905
79943
388946
232940
212469
5268
367959
90458
482780
134218
205433
3242
118968
11551
310784
444680
247464
179973
198918
22407
163601
294213
275438
237018
56648
369774
195099
218522
150085
18655
391517
315438
444928
182772
429433
422864
283621
76439
443171
351303
18147
379389
51613
113329
470741
472130
43946
103567
430237
373483
314462
460771
224191
289478
324115
473189
234889
499398
62555
142800
486985
202945
420868
376292
385422
322864
101496
88616
446641
250285
211165
95437
41245
169222
157280
449935
469161
369562
178992
319001
56937
459288
191596
308627
292361
246538
85711
392200
472291
135749
416981
15765
451207
241160
156231
85794
269126
340064
180056
457517
268702
259013
425322
41484
259594
155262
277255
376150
315918
475436
335436
454601
452208
475652
475628
423364
52680
257952
294567
228827
318670
268240
31551
379011
240005
492871
355362
48224
456283
475836
177491
434123
391722
91044
165
153167
157539
194176
486574
53182
1252
390047
427269
364058
340647
299814
46843
454252
323356
365842
340806
207666
338562
309982
301288
30456
134521
8874
134365
5449
365972
24836
71652
61257
69131
429736
433893
189983
250603
448569
350031
392571
156967
106107
365581
417718
184303
360789
175496
334867
89946
359672
197173
119017
89010
333942
489165
442807
239124
492137
469998
332836
175597
268086
241557
232026
195681
268857
438924
142834
498808
222950
106468
65716
153497
462739
384045
264326
47450
325281
376533
17146
448943
172060
44286
15080
271312
148683
288072
185480
358295
443430
2277
239531
403922
32194
490842
393610
188324
80557
367848
407751
351708
443219
462415
206109
286796
181606
50922
295633
223376
430299
138636
56277
155901
60626
339516
76912
291588
327224
448214
124840
93568
241011
10632
167537
446704
160003
387802
289798
182777
1878
108325
382354
259889
402017
441290
105952
339459
310971
430262
294607
199144
388319
392508
385679
147294
415460
54155
433056
456702
87921
390550
422293
161109
497723
434557
171383
331707
341357
338610
111227
426620
433562
67309
318132
71349
383060
382659
97432
175540
342244
294705
293175
71834
5477
298060
76377
346266
11368
220865
487659
156052
469850
116141
190757
102363
273494
425787
345611
316322
97335
68854
14664
85123
81566
262465
340361
32932
253482
426122
318570
346936
328858
183351
81175
392620
327423
209053
470482
142614
476577
115509
11245
153978
366446
383340
251406
460248
304881
36900
412638
417355
297406
26061
334352
481682
51847
28622
175386
47353
411639
364824
498995
438088
67265
155796
273779
23608
368270
240186
210121
246829
304245
439641
180689
492821
487991
416175
156753
338995
225457
125161
441702
53870
453201
123669
79181
176614
287807
204913
438475
94531
213962
272404
135305
395921
343520
453282
413684
44591
397995
293059
242741
182456
146925
198995
150756
74230
483980
293583
87321
382812
480397
69263
93280
433479
259763
492625
425385
396961
283396
340429
236856
335099
147896
333126
283502
238115
278597
492063
221053
346112
495272
472662
240813
301337
380817
205759
84694
189430
84842
240891
399147
62916
455384
51177
467272
129707
340236
73669
356858
309862
366388
452737
458611
145631
294626
405489
129904
17531
56595
242197
33784
423945
355908
413314
62660
250614
242814
266490
71537
272901
274412
310454
480131
416924
166423
328332
43701
410975
410343
431259
12008
389181
279971
481579
485286
237013
60245
363418
82845
495693
144451
351049
173445
137131
126118
311530
454593
295462
237775
283026
330485
287120
206993
446018
265355
316769
336366
110086
88928
270880
388063
372717
381737
172799
305856
333081
113066
301852
328900
67665
223239
155118
406551
452996
154298
164061
342769
215745
162609
121707
480557
143931
115799
82336
485079
131848
78193
150019
234559
125046
149806
355497
402386
331714
470406
358109
466503
415996
159396
498626
326948
242241
26499
60937
437802
22939
243266
391019
161076
402383
116228
155168
45577
479515
209884
116300
406472
209388
4067
68736
318877
276804
438173
143246
300808
277672
450579
187017
454011
496862
440023
320434
349449
68553
307982
301840
418746
91913
434361
73189
110899
275007
370299
465307
52629
10719
231540
464581
342580
217971
265089
7232
120241
450164
381716
292766
499971
84179
436770
22218
252000
59611
487186
324432
498021
312694
401465
311862
260356
255056
416353
420601
209733
146030
322111
22713
241381
296977
227576
176293
267952
421546
103439
25927
170467
251831
394386
386217
300683
216591
397155
430610
44555
309849
192631
453210
367022
468252
313626
316658
329142
461600
214033
236929
74885
355679
402346
101413
338786
183086
56353
3178
339122
55007
432909
493054
488180
2910
229591
325088
223521
368075
118564
180951
226722
118280
220657
23742
18105
11958
448195
7967
485326
134171
320783
496641
309335
221746
357718
499814
110735
95194
65516
61600
423022
375469
408506
256770
176468
18476
467514
365994
406476
222115
146246
50897
356990
298931
458403
150773
307645
317789
294828
289595
110466
142947
84298
376775
251639
366390
260885
444147
122788
241016
401755
97648
42156
262817
252168
78056
194903
389525
236289
304672
245234
471542
421695
351659
412812
281986
245849
476177
229533
251371
239896
40889
357858
158667
454333
497528
18195
189694
211098
279722
228464
385310
465465
81943
313428
97167
474080
194418
323156
94744
284983
390425
142392
424211
191703
174279
53729
190375
495706
304320
445119
302081
62813
208130
20098
117962
106611
171488
256345
406671
141457
481316
273473
184834
470525
184610
480103
463711
400739
364012
219407
152460
70551
422314
330635
10837
154935
220623
122650
147394
490309
479403
57559
452314
122310
424065
376673
372046
409526
160067
67017
377502
342288
301193
239946
486090
286169
241880
348735
486334
284744
245625
483979
454304
7241
469522
222370
165037
471685
53465
317791
175401
16644
54401
473670
40715
209940
103168
485586
91708
128804
80004
495606
16175
299020
426886
247015
255135
131003
106674
498214
448409
177421
207134
13933
451330
212187
147591
57004
45839
282891
180980
115960
342614
178137
383975
316374
399596
393027
300840
369157
166128
224558
462306
25286
54454
383094
474388
233313
458622
150500
219617
370794
380170
136434
410069
101164
13925
394312
81949
372347
12332
403459
287500
168382
406362
150352
138087
460772
451431
285755
56936
231591
57540
293313
233996
454290
88053
70162
230997
148114
30527
406464
299489
274345
19667
256567
55786
307233
301065
383091
186414
88473
86751
186540
2770
12353
176120
296582
12547
475564
162150
300176
335485
118466
107482
372582
177989
165722
74712
175379
8896
255765
58092
423991
69493
269798
406888
111571
367885
316231
316555
322531
263451
277563
410452
170731
196128
372249
473615
494703
280236
261288
166339
55780
200276
98714
237445
438379
200379
368883
375361
451188
114159
219953
126756
344616
306419
40533
75150
195184
237735
133121
430365
291504
105267
448684
484677
186055
72810
18433
325893
467482
215469
244918
373934
326687
363261
309484
317173
64222
159750
400894
28927
414610
382238
180671
349217
176800
209360
485138
152547
238580
483920
204970
295503
247252
12776
7245
265310
470157
203431
277061
419269
69777
102624
339915
415675
175376
247832
298791
37076
176984
155478
408619
114512
117353
374776
265134
257372
279108
309368
402620
185078
367182
7526
255897
55579
104665
69436
33532
382122
232342
459751
180049
267981
439174
418496
294457
166185
38251
106073
165356
157618
173847
155128
413015
204268
94803
292405
134766
135950
135070
141836
168593
321545
225624
109436
152054
360060
124273
222933
278543
351517
209651
362901
431796
18748
320681
16492
273846
474878
244071
96270
87253
162516
326151
319428
73770
330361
259067
137474
172023
334802
497324
422865
383731
47607
272535
471025
189862
180200
65891
186867
66842
468030
19424
99130
149770
448586
46916
439147
215178
177004
370323
31127
10488
228272
254774
202226
76870
251464
421865
298683
461937
446896
247752
174566
216007
87507
205463
105906
474620
479721
379976
218527
111861
395501
407464
411222
384975
365581
104998
150996
386857
423789
320559
90812
463922
63953
439853
128752
129468
361819
340930
499429
112281
434828
56513
129698
489938
370749
497813
371466
317553
263048
87057
390488
52931
174921
469472
206760
391922
170957
275985
70726
120873
458756
96512
383984
451317
477057
44923
320138
171913
197652
461390
254797
433474
175703
300340
25039
418434
32791
425372
223353
74598
58965
123835
325626
189078
424863
328704
494636
112329
107777
426756
486625
363730
228428
190594
188755
254476
345450
490862
249245
199631
424695
381658
168851
484400
455096
55958
423640
423130
323804
243168
292373
299182
417778
349429
266115
414804
85392
237265
135477
40142
183105
182029
384659
387984
257280
57275
421683
288803
330664
34839
301828
491188
115907
20661
145855
26980
48060
484594
384073
182608
301133
22154
320290
433889
187047
119249
198543
292480
317899
431620
38782
205883
406645
332864
384763
442429
186872
12306
157717
461544
390250
466742
235949
112216
436597
1511
160702
13975
490723
424015
184762
336322
477444
429584
86898
111658
388585
306466
66590
468502
83410
112222
21422
75921
69972
189510
359656
130385
77480
99622
328452
419364
114324
496100
457058
444223
272368
333593
98715
326359
325780
53475
378529
269008
254963
271661
114979
349021
405141
120145
309362
367050
238496
451895
189403
426215
282634
322651
480544
438609
342531
259311
54756
278594
45540
367678
232274
392401
414913
304267
66328
73163
42213
441562
479440
366268
368253
297241
119270
77861
325469
428307
147504
118849
144140
351947
8161
332488
246039
483071
294170
394854
215240
24547
346828
410172
107347
429493
467689
276949
54945
232977
351615
471933
423823
9219
46311
339978
252133
102889
137631
226538
26489
326344
320803
230920
13588
126147
192960
114540
174272
182135
394876
158769
189533
220271
375995
370344
178779
357877
182629
455671
139741
329068
356669
116435
368415
104104
119460
299823
167567
79083
74329
324175
416723
423804
130675
274171
499749
417556
73041
147251
326734
147405
76014
488036
291891
289410
121905
359323
56032
450770
172623
78486
170435
267989
54296
340050
56438
55742
170718
259490
169745
262263
409103
373090
46407
499663
302222
124325
393417
1627
307882
305410
345389
72601
282576
249534
178411
398025
466988
416404
276927
361515
301633
134102
483047
22463
395065
289520
189300
328412
488182
178957
343256
350473
75275
441426
35251
467648
121450
439820
160916
476859
222366
295925
375063
183842
354000
2326
429628
449194
41009
250979
421633
162136
74770
15206
77348
123835
296315
312196
234703
276225
384553
79668
14610
463315
468546
178688
156401
37774
223949
367432
389496
404604
227878
487217
352732
134295
24472
82664
364954
457841
175519
198537
133297
178740
264402
192428
354314
84230
367700
325773
272039
291145
265607
83544
150218
101826
187199
122436
489980
164453
24588
220804
492624
339752
292133
286645
174175
189051
43884
361199
113062
219137
238333
332126
112818
499778
3265
222770
252842
274126
85048
50393
35531
186912
388709
104009
323891
304229
450563
485796
488677
233591
380057
240003
187792
177189
123787
324652
370267
366959
442811
118338
118088
102371
7723
49931
388974
147893
299892
435682
179259
47696
163216
295826
317689
5215
22518
35689
70908
71158
289585
340344
319096
163198
413712
82770
234041
14167
418818
51058
287559
288578
66035
149183
469111
105221
254349
9667
48185
350786
64000
75324
272820
187908
456325
341097
334927
100207
413016
391222
452306
420861
30458
116377
71642
451586
360934
464616
473873
36398
391088
308332
74287
436759
62782
366972
23732
473166
189476
113611
253642
285974
332250
211661
379644
492956
377425
197431
84511
189382
71964
295701
75846
15067
142886
435273
213117
391750
243763
440832
369843
169316
102208
484901
64981
131232
99255
286057
416543
494813
259960
170424
478148
253578
71434
359784
113172
491589
94158
480418
11037
351268
285626
230904
422481
91357
276413
192906
166121
391039
68566
247595
368412
36718
62650
218698
326438
388960
325397
334032
331228
168745
479224
75611
424040
99943
328362
41665
172914
121585
327282
353434
108184
391877
246295
81162
397205
425232
346544
148093
413332
232370
90751
358927
96163
345304
203383
128140
53722
487445
376826
255842
163894
315885
195317
332285
102211
2666
321876
483665
445745
399139
400514
451431
202232
64496
423518
339446
479606
55668
450242
216314
308954
40157
433768
494608
69924
404610
56564
357170
121427
24635
59328
445321
481628
388518
425511
308647
492233
416333
381209
279483
220671
407651
65590
441022
245414
257490
269936
132106
400827
59826
113411
285591
40413
324975
381338
387539
216207
131170
274182
411090
356303
277658
60065
499456
89565
9
6474
57690
460762
362974
157175
291495
238807
325319
319596
333998
345229
304109
229775
404672
436255
475064
109176
321942
256815
385213
72572
21819
116923
216821
23290
133934
164813
103310
246538
3418
15617
188782
279696
191211
93396
6886
400459
465733
378245
193854
275540
275921
84802
210719
353356
23782
477703
83737
315501
302121
164272
317115
340133
341607
265724
122656
490659
210285
70379
218616
154888
468071
23704
36559
311020
92350
22614
253122
392315
173097
82012
139166
295318
269145
149299
117424
338635
445420
405881
46249
281710
458913
208238
429596
139742
212700
278601
292628
83464
59058
440792
96612
348317
864
133884
81884
131831
20200
387625
144801
14508
90440
48137
193000
335782
442528
65118
288559
441789
152395
138614
454265
452475
269292
303991
233040
256747
244522
127529
291452
348158
51888
24597
135606
419600
15805
146308
400692
458701
137947
114666
2325
150500
425110
218541
392126
7186
257648
90504
69549
109771
205858
460243
95478
329223
51393
121226
97556
128502
98300
107459
415962
457591
482499
56502
423161
32639
405320
100406
86394
220213
73684
376646
478952
237035
231809
159246
457460
418566
421942
252664
440160
274123
232271
287797
230408
458708
382162
404077
26076
4876
497462
235728
451646
431512
254743
387529
222657
236327
24314
277811
498810
327806
130638
395740
436041
384511
11865
10074
446877
279305
434406
198590
234010
173596
490469
91930
129240
230106
475522
346021
233682
284715
491990
188889
275478
198226
334341
248100
344351
64792
123260
42015
196769
421640
231468
433553
223039
20190
373226
70419
252632
247881
155457
304239
208635
335856
473146
183465
272898
162166
132998
278139
183875
491777
167471
173795
210829
342623
314731
39322
88004
403985
43051
131974
91154
284561
411401
194442
389475
390931
166901
240866
221738
298306
219875
198363
96562
196845
216107
133437
433838
116003
33046
26817
468527
170380
478650
480762
124375
455534
269250
439412
207206
175755
158916
427742
184928
423508
415250
178522
171792
353675
294858
125097
234180
11880
332300
414344
232850
376144
170359
384056
318782
104047
167721
338956
271409
300904
375210
120116
298847
321742
220892
458356
375463
175649
284440
483488
489518
394336
485766
37766
287314
256344
68812
435714
267889
46589
240186
7867
94150
90803
154496
401751
91262
449271
390678
209442
256669
439076
24095
295262
71615
172539
244298
113157
383849
346522
117799
277008
84504
142763
42180
178310
201093
155928
336094
499553
145422
443900
58111
325238
163777
75383
66954
349265
234316
381770
232831
156191
435661
6033
49895
316850
165377
196268
164008
317790
451789
446441
342847
78932
137591
330837
138703
368295
345436
462313
289810
105148
361665
140941
431860
60428
425698
64
55387
443560
230870
231459
393231
474253
207145
229002
483217
233326
161881
346510
199207
130743
86699
355748
435323
435386
217634
217795
75652
277050
479216
230317
288860
10866
439451
78626
226967
385680
40006
95334
497524
154514
259215
121586
377002
261598
349070
97705
92127
383658
496617
295469
272146
152946
335872
338104
198359
95752
164651
213356
161164
447092
370942
302733
23143
327928
481781
145971
103515
451194
76594
371583
219463
383532
297511
16807
257623
417434
34896
306001
70389
413754
21670
424200
211109
32079
292823
471271
377630
265217
349498
42007
127655
287119
290711
308425
429759
342835
347394
20472
229073
35275
163616
491764
300791
280055
291475
255773
403859
259304
12158
343697
54630
380713
368570
36362
246781
163812
328237
145114
183242
44462
479643
435085
118025
452647
226751
52294
305242
65980
473906
134325
330598
380436
357236
1166
308526
343312
259915
4664
359847
187304
182799
178867
43316
75884
251140
366976
373290
484318
25928
118504
151186
49681
439665
474983
249343
46111
197788
420530
20990
276881
349487
276839
72215
447078
179717
347752
387307
472656
51832
171880
213044
303844
396597
405069
346299
193254
221511
66949
274482
408394
90145
5886
224337
334946
376953
384519
243078
456665
189206
268044
69072
266592
11274
476881
439000
58841
153864
191005
488680
477795
348075
315524
387098
282208
194158
218960
136005
38818
330314
416654
271693
190784
234378
194882
279740
183863
296640
138835
340000
317875
105933
423442
224481
329986
173663
229960
248977
13601
365185
121309
338469
264361
36180
108258
64961
185429
123350
237359
199650
455107
406562
293441
362548
46164
383659
408795
374376
444299
77728
470057
449623
200681
9657
73794
196398
369656
279279
482382
464095
204274
154792
332362
197905
353392
300388
12401
331973
250102
213431
381072
281183
47620
347632
252302
141283
448624
343621
326977
429391
428434
86259
371628
364336
12362
215531
422299
370711
254212
471488
204714
46467
379596
93247
80306
201247
54269
461839
165231
197465
221471
82041
364596
263116
389700
152736
113048
95659
329639
235000
484828
34596
411452
347421
107596
472723
83350
114459
216223
278946
413500
242375
400366
99574
265989
330633
355495
415557
419460
311092
146514
47450
430535
367812
262889
317959
142343
180122
313796
171873
266459
460659
206977
14419
387498
315438
393501
305793
382650
309034
310886
246379
300564
240137
45929
180790
86650
355083
66699
15096
439998
157328
261702
213417
20117
484073
101474
318301
413227
206910
480847
415429
327531
123190
119814
74928
424913
277826
298612
444256
213657
408401
86153
250126
277703
367623
127790
361023
38329
407208
129642
152413
403341
142763
252151
427483
107785
424408
180925
366480
378532
255484
11503
376098
199520
5695
178125
458453
164932
275323
486361
166237
344377
346163
80912
53332
25866
85473
166218
234250
182469
221072
387771
441186
365752
117394
378778
31413
64768
294157
62829
274337
271117
165291
440028
470912
394512
65126
491796
363539
321404
76605
243640
136989
247049
123526
346582
92447
119762
320499
410797
42532
172908
275946
43127
112198
367590
413033
377847
246735
336627
300855
107912
418749
96866
189532
297761
400575
259463
21173
498877
173094
453988
144485
474167
162562
176877
290326
104774
81310
35881
233405
479528
46605
59427
193462
362622
377694
447476
277685
255731
325882
442513
483994
180818
73396
145442
265837
244393
15316
39300
177914
445392
216321
206120
241164
415137
370886
34022
443100
260594
11049
472008
152182
473836
369920
34290
474583
445997
332719
496423
448121
289956
305735
400547
162643
273351
329032
332736
404630
67606
11458
144314
269570
156923
308880
167012
117429
422120
86449
124808
397841
160854
220322
136465
61216
6859
329077
190987
63099
382538
204499
38058
115680
197982
79888
36133
465542
485389
427630
261400
373187
271856
419548
21715
50250
291526
40214
140256
436606
70535
419940
187651
389318
123920
2309
34830
157819
336045
79048
351631
294416
116869
135898
372726
273534
284877
168929
70772
327971
138263
303406
412274
273511
116714
378590
278340
382383
244187
202129
418707
484858
461359
319886
270438
170844
241681
272784
257666
320135
494049
17699
417540
256259
76668
431582
103547
196894
179902
399725
101202
330682
190236
366032
470792
202835
169904
357928
43081
53337
167287
174336
225557
475525
265704
123819
297212
444442
260993
342607
170353
426088
152040
468153
439850
145311
127112
104302
425752
273884
369774
60345
235838
344857
252906
275397
488031
186350
195177
235481
329879
56987
181270
197612
34558
169829
301566
232181
133044
79822
239669
494650
475757
373999
465616
449478
275399
78636
191826
111351
67486
191323
456612
211900
368271
188179
437402
229305
424213
18845
59157
9571
139760
432945
371622
306978
178225
281205
496567
23292
235108
67123
60171
432679
470909
298100
106965
241126
495861
414553
157205
226172
335727
56791
217022
450363
298192
17259
208095
395739
67994
178508
190606
171414
39555
21830
367959
303989
61262
477906
240958
10998
28466
9064
108776
5023
438832
298685
384699
65782
161276
278147
133046
446371
451267
353567
496180
261050
465313
414449
88826
455960
177345
386359
45392
352510
342050
399596
107692
167362
22904
166991
46154
396028
134027
256803
429433
85204
139970
393163
418818
381024
51219
444504
137889
78991
85225
310024
37674
30656
379269
395481
479918
479663
97876
64251
344508
423426
148160
35130
391984
275231
316425
450389
387131
387725
52928
470171
325198
437225
45147
447363
53146
247790
352502
482490
410144
135143
196363
176119
46713
331644
190967
344677
209737
285376
435227
312893
246279
427928
235307
441224
195654
163698
102890
323575
272336
284494
237504
183971
1571
236341
254754
237918
189417
359840
199504
35168
455690
340624
43948
389208
257404
366089
206
451348
225303
272933
396392
80984
303942
242890
31252
6979
349820
128627
261012
146572
400541
16474
126107
256816
47925
214810
344121
465536
21628
324854
350186
113779
122511
484898
154174
468322
354283
291740
101369
69291
484436
427855
213416
276708
452831
19958
153839
254269
7769
56059
165281
257936
136375
486259
391804
477823
153371
380225
211284
153808
49033
401288
210927
157292
36746
349305
175668
300680
260426
78176
183032
51339
128289
117528
170465
54951
352627
442838
409039
354835
293720
137506
375715
190499
138603
168276
117701
456395
253574
318226
327862
298204
441348
424668
425760
282859
101622
135625
312832
44586
22182
469677
12458
141074
110864
408044
463521
250662
473009
66381
450339
341334
121855
134688
30742
423338
223978
207438
35120
293936
362448
145747
446996
264733
90036
311918
148942
166438
214095
63700
315193
48681
392079
418545
202969
63005
437701
388572
411736
461257
294564
398657
55703
156466
450908
367586
415641
192624
284030
452819
103947
496676
278713
196049
428597
105414
497982
165063
116461
128386
96876
320503
413264
302129
451459
30394
384478
352496
261475
165470
372627
185384
73526
414711
492725
390694
348421
496763
29260
404804
412238
337551
78603
195044
478048
226985
175600
167152
382235
94483
1931
205922
475453
338391
370578
285647
412050
223444
89567
272527
236181
197170
104336
221471
364976
322019
235808
148428
339122
232154
444087
484475
385270
349017
141969
445708
260359
164591
459805
88944
469748
389054
137817
93786
142187
484421
296571
153349
3272
26422
480338
442228
168237
84820
276434
371248
8712
25429
479665
336173
136265
374613
12187
112424
389785
499247
335630
264992
465309
485157
65450
402036
321354
477603
385819
316775
237848
263192
126103
333070
224227
444780
49840
399651
494995
86652
144957
181773
86147
279529
389748
315870
12683
326940
310673
343092
126807
44575
173364
462150
498116
234036
145887
94161
360811
380481
360914
211761
481118
462723
316420
240590
200173
381259
94033
61549
250125
317363
303983
364691
243873
474113
186450
175365
222532
177199
4704
273091
105398
4601
184365
100752
10616
134071
87318
54932
127741
406570
150272
388140
498337
354872
253286
206025
84221
170582
388266
285710
171752
207471
237848
377676
142823
46975
379637
210505
454707
29386
25385
43260
12547
10793
96366
458910
245791
349388
423190
490414
469615
343981
103199
348286
89427
135257
163770
354989
65351
497562
160462
227970
113371
467592
83795
221309
136614
200111
176103
140327
107557
476623
459734
357809
216882
272637
96058
284680
333605
11774
165765
356236
482252
361656
247974
225125
209514
252104
104487
310760
47553
304092
467226
23539
459015
370836
4440
324550
246945
416263
22568
49207
184354
78793
269385
351830
225345
203281
338000
128104
442030
346582
440134
448725
284232
414585
486142
256594
121367
162284
495005
362349
235477
115196
211296
102833
364041
458049
118147
305379
58068
260158
244029
443352
281017
177416
212206
198589
432223
315472
379923
256708
96582
87532
235105
51628
184545
198987
137183
18557
417176
146087
250164
228138
240024
65453
41482
249955
170821
339790
72400
451268
76324
83340
437408
68914
102035
387002
277123
396999
301586
234230
186727
256599
96854
325131
230979
154251
369506
285444
58816
475120
335847
8696
309538
74039
419270
274039
288219
207417
330127
233397
202414
8408
326184
74876
314998
456184
449286
496771
430376
184298
133403
243960
372401
355008
177755
314387
393442
160971
191621
160820
264434
84123
317768
498794
338161
165490
424423
352816
163806
84094
189452
253609
248991
38991
171029
264035
309882
367610
190560
265218
21595
344844
494516
253667
421167
429121
19712
277181
286135
224762
58114
262934
140796
469663
498149
265307
206401
267381
293002
209196
28710
421055
304284
45807
422799
12579
203442
116994
384809
164480
1272
86566
13231
243567
223242
304857
216810
250272
395124
56353
240445
440170
76031
97154
144655
370426
351108
4954
113163
337403
403173
582
403406
341411
87408
250654
75064
244044
157536
210420
283365
393175
256108
308135
465033
352411
444430
414740
296204
18758
223885
71361
397744
475513
490433
289812
474789
349250
235192
468060
300270
118564
181843
388681
138092
183762
80929
246635
145354
373852
265639
65089
177332
217531
149687
78630
264992
247281
380494
272544
4977
496924
396909
323260
105435
273940
481334
20073
419379
424140
252808
245889
283355
118358
32386
342075
161681
35636
418550
288720
213452
65894
211016
34264
40476
342104
375307
315248
398035
458602
85878
69848
163620
251273
326833
423065
296295
156868
146535
311967
499418
244097
397608
211635
454423
134937
432391
246255
251204
442722
288939
259272
374452
165832
320499
69688
84698
124261
120140
176271
24009
98675
214670
37453
322728
80155
369151
353163
444754
475007
65673
318770
352463
362453
339626
114104
209945
102096
385771
432668
743
96380
425344
288037
69944
236314
144311
194713
20919
227575
475108
289539
206464
21180
1889
186640
86018
430389
324343
196527
134704
398526
420168
324945
483107
117643
320542
170686
459499
62717
303962
349260
312652
7532
435462
165768
150286
20519
9281
288274
58998
96990
235012
497234
496347
421470
405405
478109
473553
26417
205082
182150
119243
2012
88312
276896
228434
425419
341691
81990
76695
279957
443055
68247
292259
374488
14437
94823
427628
152732
401983
314154
434983
296628
199683
386470
11990
385068
18792
15491
417033
495456
469813
141877
203417
156381
410359
12214
485165
451620
468285
198628
46975
302078
34747
72524
82285
485717
462107
387742
385890
325795
354734
14409
219025
480711
112668
244284
314677
168552
422843
27372
247777
461407
106574
78376
341021
246727
132221
47535
202301
334452
140645
166595
359763
440023
208608
54133
143818
493546
59400
16812
277269
440676
334330
400398
389790
52497
7259
437788
179323
647
456579
389655
110163
466356
359191
350987
140767
387828
85438
47535
119219
257143
131606
354564
485480
263581
28141
103289
187340
412684
174391
138503
259546
263619
222287
37067
499695
327117
183971
316026
414257
290395
183004
331954
332748
236781
367345
491623
259934
481499
285339
447417
58725
264335
65676
144309
388849
13973
73772
37951
18336
226576
170567
357493
470841
499725
450954
293517
39735
321783
309573
100121
293332
227955
417211
482076
81538
254410
17696
241544
8661
148020
219204
298163
87322
142748
192133
43502
326699
495937
448578
276984
145864
420203
322502
333531
6651
61839
67945
312956
206885
425275
183089
490609
233733
290400
289459
336667
35729
119965
253009
478090
352854
336794
495342
315198
90280
116512
333166
488525
326542
444073
146544
206425
278461
249830
7071
186390
378343
9922
433989
424151
9032
299199
425078
200868
120184
149256
133279
125734
23902
192120
120134
261936
61388
113404
414465
366054
371780
295076
272664
406731
283880
465080
198717
490719
59811
229871
402179
36678
465236
60101
190804
302201
405323
33555
341652
442512
185944
154269
183863
15953
100845
24326
481454
328280
445727
90099
221553
413890
327096
175964
168015
346803
33176
83792
63162
147052
470451
5198
124629
349155
416883
333184
15138
193043
301783
352796
69177
407363
98646
181954
117670
250450
316077
209881
322328
185154
471095
191817
178156
204982
51777
148312
179852
256605
320628
209422
259306
120435
450668
255040
150381
483032
448121
408316
144473
190097
232045
225085
431560
176430
21666
475153
140675
295730
492831
322846
401928
439635
385343
155836
354543
60787
68602
410898
341348
266032
394368
126531
121884
195108
213981
60026
484438
276218
92798
185963
263756
466364
239493
330431
27130
105505
354122
444940
76059
238948
228015
396271
315198
137842
255502
434122
288435
55043
66409
198517
416850
308468
328748
442727
210470
391819
414792
403207
65087
30580
157438
467697
370278
443131
281350
47077
359188
12317
444077
92282
336307
30679
277314
309622
146145
408174
371530
253020
168747
255819
161652
230013
108072
43472
381824
390776
309824
268426
348491
67313
380533
73668
305500
414721
408008
261631
195163
427947
166019
420528
49045
286569
343237
272274
413875
266431
210498
137716
101754
231249
340995
185636
147260
232064
345478
285390
120033
191717
187724
366728
460367
73055
480852
397743
328444
281699
240416
334263
331976
184856
91785
399310
325462
467300
198716
328699
158298
343298
98857
161554
54958
386882
387895
487371
400087
106032
143999
335280
286885
121099
175370
83097
62886
441640
416112
193335
299023
110180
138626
59023
456378
324250
192782
81846
235602
166223
256412
304126
220308
464729
382392
211751
385109
278963
84692
23310
451518
416273
439527
382755
189596
39331
319415
248066
34264
49602
247155
59706
382607
369536
274210
34733
493871
118028
179858
280863
199435
107898
277775
41236
150127
317098
73560
493373
266045
69070
399910
222901
225402
275052
82777
195689
249420
318707
100642
320303
270569
5973
211014
11198
443111
360938
4940
107020
436287
312057
272617
13182
102527
196392
488877
498208
271362
489853
414487
394975
96310
160723
440401
357721
256095
176338
134222
226300
430921
398168
253047
79118
460050
298732
450374
403755
126667
283926
498935
164345
260643
182157
348753
300218
47992
294057
34707
289101
235349
82367
270300
331400
111745
291092
48662
90955
100821
38019
69693
158659
428334
174251
118480
351179
171028
217444
462117
399344
477406
138441
242979
248545
149231
343065
215196
457480
185683
88595
431700
105796
227653
92801
421848
443973
433994
487642
317354
254007
220371
313286
489575
103258
227004
62200
159180
64275
386322
149325
139414
208636
478604
67319
54188
201259
200419
489116
76155
307473
87149
333776
484800
282947
239058
142388
198653
87663
43208
114031
223746
128375
158190
147838
81916
463469
307157
351770
53096
95492
39452
77199
429540
231715
186894
319325
102784
287076
294610
411935
435207
160901
201763
178497
216803
90897
418148
497841
353338
200889
131590
377996
40744
103320
360786
475680
224809
68996
431196
380280
56186
436828
215297
385237
186464
175428
178129
23815
155947
167238
259282
358315
287149
321434
212073
396050
290950
63583
387208
334736
95216
240626
98342
298070
22896
280490
4405
423906
207630
369114
249657
245634
196466
342659
159897
54688
375753
179811
72458
37852
260365
473435
145075
461947
159809
202968
7591
286375
363641
397936
359098
497302
474611
3205
111458
29949
191686
28195
232677
473277
264556
205061
338329
286306
449328
133602
255122
264870
293931
398562
202877
393399
485585
286562
169674
202964
479198
362070
405629
435799
227515
178555
119748
204625
202062
17364
112505
246918
495026
483176
124483
54763
173425
320268
426665
7007
165527
382843
456012
172809
28928
51265
14073
315931
273699
70622
418472
495478
388247
493228
121366
312025
61379
337762
282868
12785
118760
134981
356710
394501
419868
120617
166245
23677
325193
276232
383062
359533
319282
465319
378646
181065
31886
371582
35730
350396
188756
461791
222409
60608
273136
230650
167677
467891
318557
158174
126967
370005
450056
413977
13679
439204
236407
391463
360251
176254
398928
159210
102605
405788
195308
5074
477053
400294
123821
421246
378741
161422
28095
249449
432980
56217
237754
90138
359682
163190
12688
199761
214755
135033
202383
317528
493893
389903
364381
256297
357837
210514
108275
284195
94483
212221
411350
251015
110346
486369
136128
298862
459539
294356
458811
58420
290500
174371
131434
312516
258716
5734
271365
393002
383661
141485
346723
301528
38108
258603
37792
391586
105702
373775
242367
215505
354461
422442
434856
292277
320596
494161
454600
104414
369306
341595
334101
370762
187942
245216
177730
499869
99908
228112
287091
388901
320735
286673
95102
472748
283581
321244
130537
439562
408049
63826
143857
142696
460719
225304
438352
76777
102338
482917
419704
183177
203917
188151
308036
174600
95975
433372
234653
64675
149767
14738
381712
333741
76665
448742
189027
375605
286933
207758
226187
31749
207359
418979
455109
131071
473186
69495
150259
153000
352215
232105
481116
62846
478149
425776
149583
476379
218343
220893
190850
398540
231869
396177
171074
426172
353270
371292
128739
426283
416725
481086
130907
323700
93234
54942
122772
1767
54141
455607
462741
438396
32881
372066
310495
299402
495695
462248
395545
96540
411412
102488
26730
111659
64361
354977
289511
297401
64495
325728
184886
457708
123694
480121
482919
5205
482678
135658
466533
492796
44312
145921
139664
447530
214623
440457
187957
259178
308797
67254
487107
141955
385493
95894
57563
165025
10577
475313
332907
64273
48304
268588
38130
304648
27760
158375
395453
121600
217857
63071
253282
290760
241830
459176
412331
207990
63601
457499
373684
133900
164629
369600
396532
426388
475577
10430
103837
268325
87338
348804
91710
447852
91633
379346
175784
296553
41658
268207
472724
221060
248292
421222
263402
431362
179697
306725
415166
265281
240892
140876
32915
77494
482266
348367
224377
499284
225588
224095
220417
377270
274299
18481
46097
63367
78878
355366
54260
64350
441101
182646
313621
23307
315810
494840
415675
262166
90156
280581
157502
455501
207609
129436
26372
493006
420513
63887
171686
418874
420605
147652
426860
459999
146299
242333
55993
360316
23228
30571
177881
77908
163786
205158
497989
355087
34349
4004
19165
46137
287507
227314
120126
296457
203137
340485
299525
134792
393659
87038
223046
231426
439666
350272
80070
4640
111148
58100
206741
189362
47933
126957
375194
240486
448918
94439
39641
41597
427890
369324
17482
232400
13400
407498
59594
267923
406821
176056
241774
425793
165911
209166
133121
244814
115686
478696
229667
86417
210272
344779
287545
428280
433133
252919
97923
289691
105324
93438
29982
127576
434314
97704
409142
96753
493592
88828
324805
494806
141781
299364
305132
34464
338312
169456
284314
29510
380140
149229
482137
349681
131094
409241
354085
254556
481920
258574
390575
440393
358274
324780
140300
117325
176984
402644
338123
276507
35513
81342
202199
3365
55959
108679
6553
297573
78512
373372
458437
193789
140387
94239
65039
117963
288634
73454
468864
381951
277559
179103
285510
236363
57698
443425
37862
115652
121133
347739
333289
258426
348473
389500
21803
166389
212599
388898
418624
415743
224682
490356
125447
113956
20619
164464
391734
1669
251074
40591
289108
463122
16922
41980
431748
490222
417844
426241
237883
218307
233401
454019
21802
443525
287077
300244
288748
19201
103951
225268
14346
316590
130923
446608
391132
354216
54743
434952
117297
175133
414733
270135
464329
47290
453546
269569
58502
318029
489728
209568
395792
147215
451069
336582
496297
27146
199502
400954
29797
147643
82438
161972
497895
44044
167742
164973
237100
359921
268008
14957
264348
172548
213548
102563
52798
1970
206833
343663
457333
179883
227520
186213
401133
124645
225301
110566
478263
184936
94827
496503
317090
160206
186985
232797
324284
187309
402024
341388
21097
398703
346537
499642
142367
148685
38249
190390
432843
327225
359559
379183
199280
190761
407933
94926
433506
176973
40309
225617
206158
309495
140488
312293
98511
225575
18556
295617
100726
127761
195635
179674
313283
107024
105485
357512
33721
49137
98928
292280
75303
413872
238120
226557
293931
318111
412580
426351
290319
95567
434502
488011
448313
494180
185118
145785
491951
389185
90655
6987
339189
351754
288306
461526
481992
382129
236607
161235
506
321199
262851
343004
246863
359971
90802
474754
317910
79690
104994
167993
375669
146488
178615
390200
234592
369211
28062
255105
346033
470086
359629
307250
302842
294569
295296
347714
433084
39782
45495
423344
331510
476422
280298
4332
258200
15055
36972
30580
72384
105252
229967
342830
193984
306891
70918
93978
285639
288644
295532
88193
354689
363766
477743
125883
432011
480095
484796
456278
274304
462262
351034
271919
476405
107505
268619
4529
389633
119540
210490
90664
464309
184974
464333
162155
478243
315051
148542
294589
14077
63423
367975
308516
122232
203375
480434
165394
357488
279342
443498
259037
296257
296174
102738
28637
198945
355071
93469
322183
474992
137182
258255
459800
284380
32895
129448
202583
274189
272469
395096
457148
405293
499027
13514
457645
145485
91178
255235
75293
175653
300045
99611
239204
119672
241082
100206
21192
352872
228011
289463
361643
261042
448738
206870
26463
417203
4674
388935
126729
182166
220046
359156
365727
282309
131035
184070
473575
125315
497535
92901
434430
51998
95574
36508
194776
322761
150477
182828
376915
131422
438722
424331
272010
126886
66812
348699
72901
380396
94141
124484
235299
220724
438191
35395
481937
40071
273344
139210
45499
423812
434826
129645
314811
310194
61256
160428
471507
113329
217434
44021
243243
489691
283241
496506
159707
14460
40837
477467
297334
120885
94416
153951
20490
498879
188668
53286
75932
191792
338114
494096
341204
73720
114327
366580
149321
222704
293568
142639
77039
268189
460498
121
21346
23385
30723
478357
338619
454272
266659
311786
285759
436152
229062
409412
427900
32123
151230
15239
62626
213634
238120
347119
221550
237730
169512
477222
159511
100917
215252
92620
19737
99335
423170
358518
309415
193488
389700
453608
203753
341906
82435
323625
258910
451694
305437
5832
282527
271105
110232
84729
297200
127219
3918
227751
68724
424000
111553
341641
366234
336851
56985
294940
352150
226169
91516
206427
439289
313450
97880
417567
229879
34935
439650
431590
264288
57046
470092
266701
497687
161726
404900
293650
322957
174974
252859
145126
231596
418910
218915
318946
17682
195870
369832
195988
451216
265189
41511
190513
173515
462357
359663
138325
396510
311805
25309
213006
78762
206551
13559
317484
4029
37717
368914
389117
148455
215707
219032
10478
276208
167180
374291
33547
309204
9593
66812
149951
422578
344019
100209
41978
206977
207390
276529
88739
222763
397766
146130
473240
62011
356783
304611
198302
178511
358678
389718
238238
267134
405997
391835
139594
193393
483602
338813
353441
244799
86509
336477
227299
80136
452563
380141
114008
282710
418776
388990
429560
250474
238303
280814
235862
195904
105325
12125
146032
108727
416676
45800
191469
143437
339580
137912
189198
350135
397305
363792
267510
393349
89650
219520
343764
429566
156092
338881
15995
408905
137338
450422
264928
324627
321498
101179
123665
356213
428368
189643
331932
316497
114712
130540
288779
312668
61811
143372
68660
496809
8235
308800
46476
280721
362572
364771
352235
329320
181884
79751
386393
79688
198877
204610
272830
313020
228591
86803
464514
252718
45668
373326
436830
190401
324258
196604
241245
185604
31177
368442
231663
16730
308102
243295
361779
438396
387003
150009
301958
65637
104068
315083
149891
120000
149057
9073
375637
116634
202565
178378
474366
92175
116771
417
299789
474648
491531
237395
422679
175888
475141
299395
2337
346841
423580
442481
35787
462652
204564
57860
44208
165160
250380
434781
489280
101619
231750
475069
251349
239113
20590
350262
215184
254710
289612
333910
222758
332741
289961
395912
88062
111337
263435
404568
316291
268405
173912
167176
78393
107837
499620
112098
131434
43995
22993
385680
388660
36504
494784
142780
381000
57240
191327
130233
460639
78003
274689
48843
12147
186925
321574
461310
411712
8713
268094
414782
114959
328504
263926
343282
434167
478034
167661
9187
312510
457282
449474
5721
388221
227647
429818
26753
230487
119763
149740
194450
402483
337311
96525
436687
430709
247508
399069
158216
398113
84860
173079
70674
310331
159867
222047
401025
280414
340494
25099
290027
444535
23012
131718
129612
313788
179983
314681
489451
33945
370416
317692
276837
11217
424868
446635
384443
424470
24969
322254
470588
439157
460132
472302
341492
104514
82587
277777
62814
439022
145952
176834
191843
120822
400703
34347
216498
164676
12597
329455
149235
415078
22715
108449
111948
493000
269976
385586
99518
378981
226855
15719
496701
475815
176125
337426
77247
155622
139476
361730
345879
215912
5200
245461
58446
115505
340141
114190
93630
345958
141275
71233
424846
320999
72417
13245
376482
142326
131623
451127
307630
242731
96662
281664
384909
481636
134911
101185
484305
195046
118863
32926
142379
5992
429861
210464
448799
32325
320895
74851
270927
496961
425622
287146
330155
222742
305124
275152
185616
268906
324208
439300
92695
470409
146058
149357
263666
187666
373646
486415
254194
64548
68695
485916
321547
454299
236728
235766
197463
259444
171248
200357
355477
168863
126681
382486
345180
443104
374174
373391
335709
345610
391837
386327
307788
219179
295700
154817
260238
439576
201645
378517
442956
60852
420175
221924
236066
364842
222796
4506
495403
391532
39648
497236
446169
179110
330627
360402
361704
399843
228659
197690
248588
175091
377432
147160
192584
473881
498305
143419
49513
153261
195983
480079
465206
169439
165097
337435
323504
329358
19695
262888
180847
139987
318498
336790
297172
255606
18108
288401
457178
51899
227378
41034
342299
161882
161536
357165
145701
27809
491837
7948
273199
215575
380282
71855
280488
15787
281296
34479
459925
466430
362910
401031
102199
122169
270694
79007
315757
193096
252816
389993
99347
406967
467746
386623
468946
309422
117313
366616
148890
185106
498140
391552
237549
195079
162332
445257
116380
62257
394856
22644
479037
319183
498939
248106
346217
472066
81527
486049
66800
302075
427406
34383
369904
452424
176621
214202
381917
228420
487152
47724
471598
30784
175305
392350
51439
191811
269227
159677
12274
285788
83127
478588
248496
435800
267673
350920
377534
456959
129329
150700
380376
297693
391479
9873
104260
445730
376618
478716
400075
237798
75903
85485
56497
73223
480633
408527
109756
126542
173810
392743
247029
211817
180412
285176
466542
60513
247540
438340
410159
282152
260082
216361
172291
59666
496675
98814
397934
117622
363363
77078
424044
204306
175119
239599
434043
194929
255996
23737
68114
125553
135843
252772
60493
17339
148907
246914
297366
442981
407538
297759
324092
23225
449399
17313
85932
389721
66618
180710
288986
196574
424680
487038
1684
425124
380149
126279
314129
320856
232512
26545
192240
262023
224291
13846
128282
121361
355174
265975
406254
89127
422339
460827
40999
35172
418248
453310
370504
330885
39414
261974
492434
469187
25505
159432
483
366840
410053
101619
303909
123087
152524
134327
481863
128427
893
434102
31170
169970
55793
408402
296768
148855
33500
139047
45257
336210
303447
337142
358372
185261
85276
258053
51532
246102
222850
129204
457100
300577
446827
360772
240892
396900
472907
238315
346087
393561
117473
447980
404807
231637
21600
170018
353313
370423
310863
332830
118143
314123
333252
7706
353615
36337
183991
94212
454987
109908
245133
61159
305514
374125
353198
468755
218163
125824
156796
197088
416202
454221
131297
195580
29423
142450
426218
443006
45228
51243
88473
96819
156618
140174
65421
475966
21320
344799
97846
414518
209227
159623
93530
400972
443518
357221
383901
448044
391851
429844
169809
229172
67818
312117
70169
443143
444565
291373
463081
406468
206311
438134
469872
234355
46593
499190
133069
270769
214443
24670
336713
496157
135603
356785
427775
281213
192608
197111
411310
38805
180363
453575
465063
310605
176999
22849
124360
424388
293897
5457
226431
275551
351789
347816
326802
192236
230416
246426
87759
444004
438764
490955
5435
216634
285952
378483
451087
165651
234721
372102
3576
435423
426713
474444
260753
205380
316562
115573
342030
171936
279217
192810
329279
109418
131181
49756
388982
377203
433011
422302
48631
186002
196844
480793
379408
45072
139204
100401
478791
412610
150889
416135
423526
49874
4311
293409
296011
398111
474521
259106
93370
364964
447367
305504
325435
487349
152756
330246
278381
202148
343437
251776
349059
115914
175227
343765
359401
158719
417583
338682
306305
190640
183978
85504
69606
28647
83713
381801
205645
216551
314587
159144
198220
237778
442959
138407
312145
473643
406811
228659
338111
109204
298538
499984
180442
129259
479233
311590
470596
15162
18904
113201
75686
28960
68103
43647
266765
380281
478106
334597
180968
393177
467007
366407
241050
334151
146450
203112
431797
434362
354363
119119
34417
59566
372576
145935
334580
280128
77082
343606
1482
49567
468694
15216
416334
410575
477861
89538
257349
61707
345559
362944
276456
302292
103054
459318
265936
448377
48072
278309
457654
73617
480031
348828
113142
287675
376783
400694
90802
372063
281311
235405
452692
86752
166394
254521
148906
325572
35991
215630
408467
266960
160346
118858
125864
345739
204249
411745
346395
342930
48142
368546
121296
458383
377128
276746
365758
354597
307173
495735
69595
255919
436136
474361
461025
382300
177734
108417
267788
79478
354139
71195
348274
138167
14498
309076
19932
463227
276412
243230
409599
74520
90236
131077
150482
298461
487519
16789
259109
427075
23436
457709
15579
342230
458092
141640
169821
362282
24063
305480
312713
165818
25927
265366
131398
67917
358245
285961
300100
47869
65729
397460
115822
197016
213815
456556
450747
194805
32528
267138
315045
422406
332672
152549
449190
160406
140364
92737
1654
297359
481037
135917
312823
393679
434786
122539
292929
128291
364948
56073
68858
452994
58020
6181
153290
499530
390334
148001
278894
160559
3078
44546
372542
427126
286052
227576
40870
55715
385856
404099
296454
172538
387589
314246
327415
330025
49539
411523
186009
464581
40295
252409
355059
372966
122555
79410
207664
359814
16981
372765
171631
419047
440434
422463
78970
197399
147533
432071
466822
96298
453664
230982
121209
352098
226179
2124
228297
473051
21515
396467
469519
250904
361518
246089
236946
244888
148079
12839
104987
458156
48880
146170
71842
194341
452430
286153
359137
22289
397233
250085
417357
229837
168200
293972
421561
150652
461612
40520
390697
400868
446774
405208
122387
307804
486847
58496
285076
38936
368951
491342
18456
369927
469663
37771
315363
403431
57692
156731
286962
266642
88283
85354
388741
94664
145617
11992
166344
333624
63915
480177
411563
127199
278878
419841
28199
262235
114528
417010
213140
466465
488193
360176
109531
398069
68464
179080
230397
453042
344865
62556
115026
27199
408368
248974
95583
474948
395252
311408
17039
379106
416501
208473
455001
16807
244434
470177
263977
147473
430268
267596
31861
384824
343194
4198
488578
125527
339452
471443
188219
422651
38928
492809
131880
358669
371414
258931
220877
180165
50855
228678
121154
125649
214366
242557
445605
142222
460333
490288
460033
434593
173413
237839
19575
259902
357474
451123
452598
487838
419108
96914
459301
395801
482195
131768
445749
196852
400542
123308
482259
126691
18431
323176
235203
406524
87592
333719
56426
348656
260679
13543
350570
321711
336839
410304
171710
291125
366187
143314
423826
190609
475723
14364
367501
258920
210861
198200
105611
154338
466757
266164
163057
57801
54363
451088
128764
105206
432212
354714
264594
315379
103072
52951
124307
166255
350022
304545
94985
444501
190053
273291
449452
494224
482357
306465
94304
212847
106287
272912
297740
139510
285663
90225
409772
370501
126738
261446
368510
118097
468519
466610
90887
283438
485627
198660
332651
131681
176666
342294
494918
130204
353653
250906
138024
58600
379349
498931
465392
189450
143467
176921
367578
462478
425444
338781
51422
86782
280069
358158
31698
358804
139616
400461
323583
224691
328166
30337
316713
406705
462553
63607
377523
420287
285639
54710
409310
471192
465891
108243
95807
281168
366453
74493
406945
107689
192515
286048
15526
240867
198584
106517
420835
273696
476961
131389
358660
287671
479232
359596
235233
98924
324605
98320
186074
466708
480916
62766
250825
182352
170890
364838
262212
497557
477660
320445
307472
397098
346303
2953
37991
157709
32232
304334
18797
451825
392841
220580
206118
201433
441022
227598
473380
303664
433118
403935
486947
393992
312993
72412
449628
408342
458973
79955
393840
449013
381824
204275
185075
61754
401105
482969
436236
189184
266760
132033
393252
141027
58200
169963
160816
386174
320653
233304
353740
169505
267029
372637
39253
30158
342912
51926
249789
356397
239611
422020
380663
489949
160160
76219
24849
283907
39554
316418
111191
116864
33156
413488
467410
53547
99301
56548
225038
382179
495412
201998
127922
327769
314974
361253
30007
435725
139998
316201
163548
242210
32211
220735
451739
123973
80263
144273
356303
15038
146534
409467
330303
205993
336555
302934
102700
316056
120641
460177
73281
249328
405377
224686
62599
102419
64225
127608
475957
246077
46908
191787
110064
178858
70300
381164
215254
309653
412035
272400
379761
17579
31841
88207
241774
67615
206435
377122
330816
64467
462964
208881
366417
352098
176451
188863
65489
152406
32260
1507
109434
371824
283445
389542
188906
17596
157286
45295
137586
450542
18951
481088
398491
188867
291284
377951
58077
208614
130436
94362
40488
63666
252613
342984
364421
478990
412361
383619
441571
39341
142459
317045
111662
207503
490055
1606
58924
265560
497182
397436
399482
105783
411819
169524
155804
278090
29557
275474
489953
469122
361525
207994
466814
124762
269070
301704
435365
489009
355559
91060
5319
267018
70055
171497
49303
87675
194500
311378
254578
411878
219967
451239
185336
89176
19162
457697
27533
279451
95978
346313
493150
244954
195322
32879
448933
455844
433348
65058
217537
96917
252194
157727
32931
450776
66239
261552
78763
95515
264554
155465
324582
499299
307377
221997
123232
313927
202689
98824
257634
45422
127128
149273
61361
423546
170742
91044
244370
94730
193580
297465
235992
336063
169677
202852
289187
310657
21044
218283
417813
56551
191392
285409
113436
80904
139983
356816
435994
312604
187318
94106
64828
238616
47554
178107
430078
313181
199744
375062
86195
107364
60515
294206
285079
389681
267177
195952
384062
50822
451833
439116
109457
121316
68783
129141
285626
37153
208164
377445
425302
494546
369041
463372
370053
171088
277825
416055
2405
355396
114859
121823
52936
224775
167603
174831
292072
468158
366794
320904
227392
191953
68089
412255
288821
262515
211951
248691
134714
369688
278915
397123
283557
160379
377541
382840
142018
402591
29580
48028
139009
428566
404764
248414
114981
462830
106844
17175
456418
96144
181367
167857
458616
79031
291700
342597
427859
384298
230497
55077
374393
147563
461178
193936
144380
196626
471328
276533
445000
486023
144934
282285
68849
405056
441636
33001
274826
415886
89424
36261
383836
199848
341032
249425
284983
474224
211559
414120
101291
71567
403003
194228
222492
72726
238687
282579
368843
132529
477291
187603
496251
448591
136788
231730
355725
492049
76011
138095
446982
153834
463941
377238
199119
9373
129626
267954
472941
448883
227415
492743
270157
50491
436571
290518
21803
288872
103583
249383
450016
113294
321154
141096
248668
115497
488137
6033
450276
343265
87736
222756
297840
340404
401135
234666
129500
224614
400360
207302
450117
186465
76521
214195
445650
97872
118158
468950
373397
184202
174118
153552
217092
389447
55468
285421
256667
354704
441272
215453
11465
317440
364056
394287
150134
254935
335358
161448
191679
284891
184365
129377
321691
472598
475682
218281
45946
409481
117875
299143
107120
412653
256586
20746
200585
398869
202204
152440
328272
478243
153462
86671
744
464355
138175
177506
472500
378340
272824
74345
12044
213674
66214
89981
12841
300080
410595
415225
476589
411923
152848
139043
456276
60881
420005
132673
232569
305389
402432
13352
165931
380681
63409
11789
367734
386361
360411
497742
343893
232095
149245
274799
315829
288423
261257
304907
408128
381331
370863
256058
130477
35930
298779
33713
278460
475218
225251
179478
310007
23343
481645
423710
370156
189106
283896
284056
196269
152269
295979
227741
39812
109807
108620
63659
51319
481219
170292
451594
174626
74599
230994
171386
452038
393331
353571
231039
476083
219143
368672
139034
206910
299624
244112
42185
24223
385238
343213
282287
188414
250343
144870
104632
495318
429188
461685
301113
130358
499039
399616
219208
413282
423819
265805
319833
93832
286181
129983
75877
16396
274587
98285
96129
239263
93900
492989
489703
145751
265945
256434
4517
169305
155556
166991
440214
420050
207157
305154
352890
3418
135922
126725
133913
230507
359729
9817
333878
232214
339531
72651
16604
74467
430369
381787
261501
86129
442840
472836
36738
315187
153042
420821
293160
19549
251807
403062
202389
91027
389922
474421
494823
276982
51887
126203
56352
465928
71329
170204
318144
467168
417060
374629
419431
169319
227092
189806
186281
92594
155442
322154
425633
341730
219326
499377
381797
135768
33415
116073
497836
234898
178155
126269
43447
292173
297663
401570
470400
131824
413991
29470
293131
363423
222425
11790
456082
321254
183340
4709
420564
63264
152886
130786
41831
6231
120485
43218
18277
209286
119160
419472
80323
384639
397058
100390
347954
248250
207184
289308
87542
484184
312030
493178
393697
143495
89120
156359
481574
72175
244541
136169
152086
279677
334532
481655
384655
380061
361375
222066
21341
358966
273025
294811
180446
203598
375342
79486
486146
233436
204654
444753
23470
303782
299569
424741
287174
144214
459627
454829
137772
279967
272579
452041
53844
153096
71536
158541
321267
111195
436684
176065
392694
320701
446540
399481
409039
362411
69096
349345
413360
186665
908
375599
476658
1332
222980
446446
142950
25991
395896
438426
420261
353858
17705
74898
165068
160602
17214
338566
451991
213350
393958
112386
144692
474525
259166
424109
112993
286628
270393
192909
185511
345725
114792
359719
361869
245782
13425
96339
249916
347119
134174
31678
303143
369921
209467
37527
217247
234197
376616
273417
334774
489605
34113
179887
464008
180105
41166
125426
453352
411111
59098
423116
253253
196938
488490
422105
64475
382379
781
156622
419065
431806
110105
369633
436031
57184
143164
166726
194113
407834
110847
141680
385167
353139
78481
172700
372308
84559
247445
107930
46511
27501
59989
52245
28144
137339
49700
466471
454047
287072
92065
123342
281620
300827
427601
379372
190272
449402
364795
307394
25674
262283
159406
400747
190619
327586
425249
138155
63104
89239
102801
322154
90552
151423
179848
384777
242156
423073
392046
496572
249251
188979
202327
365272
155998
85629
149778
152825
472648
447017
359158
373984
263057
344654
469353
97035
193874
407058
330521
478464
380134
24314
70297
156055
219535
119534
380700
399873
181610
130500
29747
105886
338985
87630
417586
169122
27398
88224
296543
49280
320413
159844
285542
67661
63999
389439
382802
211186
46430
1287
54494
187372
34935
205437
324912
136191
238717
259620
78904
474626
269510
301536
303391
162103
373757
82823
410868
139067
356661
385594
111885
217490
317758
434497
119247
401010
146436
3954
111962
225989
337833
237354
411658
239193
280093
488137
134976
136673
265972
443731
339339
34159
42558
324946
466893
133583
30361
255573
242137
278215
22865
414773
175385
369903
6120
232409
74394
425202
438168
257688
49024
277263
35509
353886
204620
339899
474506
152798
6726
427209
273415
380933
109718
213655
256165
92123
496647
395574
411027
145676
499246
99648
201940
215366
275766
338637
186921
397720
274185
87903
97697
429419
201822
37973
227885
461866
147154
86513
10557
289470
389106
293735
228968
179910
161357
356845
245557
91834
311213
374438
116648
128755
61359
347453
129712
327692
9559
290452
344561
3764
228749
182194
470761
332029
471394
61069
448619
169516
317294
142493
428797
445946
130439
343135
84161
210275
362337
401421
214251
131349
134399
453737
388425
103277
175399
299258
304363
97896
454865
294648
1694
49315
360194
232106
407124
61512
445412
200302
167952
234784
11919
58535
256191
401609
319123
443693
482349
362103
77282
66994
268687
61597
22141
462208
17055
132917
402139
330394
202222
329307
379049
71675
472917
102481
240134
236335
10546
201652
320596
281541
119095
105464
398472
15390
423405
323288
187666
490397
408715
64112
13564
126580
320398
13014
28257
299981
128199
124849
9455
238482
309600
178807
251081
24684
157590
175098
370868
457539
176448
380897
54838
428318
305563
116927
452865
44996
337928
190705
92498
270575
340842
229922
257580
244652
46170
196638
373951
86050
21409
240842
118584
435777
149621
290318
452559
192701
84148
298606
406278
125354
161013
399298
128458
251757
395648
359009
79941
113395
360912
211112
171430
219993
374390
72518
460886
61173
282015
2448
5810
274308
88538
168372
383636
250028
247084
159909
14880
350035
58238
130165
114007
329320
180872
453869
223986
296098
397441
5173
415545
125831
92562
85522
241107
262420
94889
182137
275460
232988
310698
178354
54996
124115
230952
202826
158145
384573
333610
236430
364930
433737
304494
15203
196265
409532
499209
167064
235164
427878
276874
406657
383550
9922
436670
6624
276564
266741
458928
21759
155880
167074
320620
302840
323721
39863
158649
213178
425687
413480
87208
25840
333830
482663
158595
177903
261206
201247
411748
56567
206079
158787
476182
379174
444639
282389
133644
312270
170383
337760
91043
379654
228216
296138
452418
283789
143319
78943
18249
382162
305930
317130
90861
405982
468179
142107
271998
276134
179319
338664
238053
154045
99885
436564
78060
486432
441257
262319
197471
401455
195338
40388
499148
416902
431709
249966
391228
309592
248553
497462
290392
391656
150141
199541
99619
366110
367545
51823
231384
26775
411735
202369
394934
226813
132976
145485
250133
15448
318536
492752
126916
173740
111776
434445
432991
339474
190401
365464
478531
448743
214397
343790
236801
246674
191397
443260
329363
271047
141215
206824
363728
448468
411532
482431
419902
457438
372438
458639
330235
7502
67845
26444
464342
317424
397960
491375
492484
338296
295763
116441
60655
21965
212999
63600
213017
428506
462599
475378
486159
346746
14055
182664
393692
253282
345233
130542
410595
257243
646
195108
486089
337524
5315
189441
430843
440964
395766
352917
359188
466825
200028
305149
232142
386470
398761
387839
354576
172069
303330
238429
334711
442701
411514
379176
246408
80795
170508
77528
340949
392273
319919
142058
255620
489284
221732
441622
184206
223730
189950
91690
363719
234713
312653
221081
142275
287948
285991
76926
148787
23227
13022
4399
451750
328696
127411
448580
206647
423043
2481
239815
269262
323882
190778
85403
139652
181842
69351
97154
313686
8068
260299
328021
395623
207925
58549
286302
49192
112297
288956
294076
377509
84467
440151
102773
279870
387738
172940
179658
336592
218855
274913
408446
35014
200077
45689
7373
95147
238087
349025
19219
230823
442740
15750
222899
456497
372136
19698
10187
339700
464566
325740
176689
169946
398595
414740
108851
148041
364739
296716
480892
325059
13910
212615
413243
181230
268489
493120
496632
234927
210017
208372
385021
470406
211369
98883
407633
47011
242756
118737
62379
197949
360880
166109
187398
382357
143203
50022
225216
381245
472125
332959
438013
428367
63342
231581
407082
156225
219152
376733
246424
87115
59803
284765
24537
246918
256802
396342
24902
71649
357284
92007
365399
210077
386866
490037
479291
247171
447141
282479
50735
407333
186642
9712
102358
410256
102708
496643
313069
399143
34922
250662
5989
468590
261144
49741
177878
18179
396091
469382
260578
24779
167889
228107
476869
276167
461478
222716
280228
425785
27739
391223
250586
355868
422418
461547
243439
234855
337476
6547
248399
403132
478621
249782
87582
242390
372448
149605
430236
344895
229549
2188
291487
418955
412905
463281
164796
456370
171978
89747
266877
413542
33888
492935
334842
335596
93549
197751
206469
43643
298352
226603
313965
79108
1717
478981
34375
304674
83613
386731
292882
322606
210965
234142
107683
142615
454988
480656
220110
345373
443364
27774
339800
229417
366770
290281
182382
326968
242406
160408
172721
151132
3539
386806
280492
139960
499281
448245
231612
68584
295196
109778
394729
313372
154869
4695
427021
106331
13752
45920
409400
188592
390661
326935
440815
416833
123954
213708
303350
420151
401670
8473
300687
300049
116080
119255
93183
236356
377380
404249
389883
286854
374036
272383
183855
290812
356090
344372
480432
235028
246782
306482
293833
137814
18916
26250
426538
482481
189740
148266
362106
378951
472924
49117
317607
66982
206969
280286
182114
244542
259424
293442
243431
326008
427459
423764
462008
167518
318781
260748
81104
350713
393736
243316
261168
103666
435553
35043
216682
44945
408059
149722
336316
77761
341029
335774
421919
196501
332021
312310
479768
309685
140011
194804
402275
78437
162926
320863
401528
461933
393980
378187
470566
54822
430061
393344
102829
183047
227506
283693
53309
148960
386594
444691
424878
263610
198488
40917
260279
322564
463152
79041
269958
94765
279464
466861
116700
255128
478617
178775
393955
392252
69602
499514
21836
316422
24977
234471
441188
351364
37760
341217
120421
193391
56908
246416
157206
174033
160682
376715
377163
370943
314132
84581
39808
284818
319862
90503
57205
103200
337086
129177
261975
337494
77788
39020
360692
123364
201902
25727
462495
341553
360455
41140
414474
428107
423461
491565
481594
388427
75261
349894
215270
475502
158185
274358
229850
374508
379079
473728
172965
218207
426953
102360
343570
453640
360910
14616
12237
162916
320799
37450
179593
249046
244368
149593
203373
22042
462103
227675
339143
276583
146985
320650
440945
227498
148055
195817
439728
227351
149396
30122
132428
353493
177765
308284
316203
60332
481445
323223
78167
170795
217033
37947
226466
477717
327663
300021
436088
415480
400989
375466
141777
44066
314074
110043
37523
287767
265644
293143
128486
212244
5719
228408
296681
443689
414023
303852
104149
140334
156394
395324
20906
23861
402634
222068
143328
251167
414108
188127
70073
104355
457634
836
395350
305287
351666
384258
281490
64184
363014
406755
292100
410775
238158
267916
443439
212206
279099
152434
465904
319547
444224
172095
106003
449308
383058
453379
269090
433810
18708
272040
91861
4463
139232
142886
449903
391894
210390
94810
93868
226329
79106
201557
203571
74594
302565
349329
431864
485006
318158
175967
216889
232836
258522
321253
313195
161764
209150
79952
356620
228311
489580
455288
28177
116538
157969
229452
439407
216071
265965
119677
493558
413607
236113
120649
428541
450147
195698
404968
186822
390292
157219
460863
457786
188954
493028
192304
24517
445726
68767
285307
472544
203063
325830
412583
36434
73229
118930
253324
439404
106372
99389
454864
468299
348006
420090
240494
225190
120220
361102
443455
388144
93157
497514
39568
447352
448465
413611
460705
408193
26314
99659
219105
345410
419294
400990
135813
211932
319042
123810
260519
478343
194267
193902
113999
388010
59173
2467
455325
325912
418288
421470
3951
103072
362696
256691
33520
355755
381482
129788
195142
247088
169869
471897
348296
398246
421330
102610
117692
68076
422573
408829
24112
69865
456868
477429
123677
472746
402577
11478
101228
398987
440722
89478
248106
54569
354324
2387
7644
473368
117009
173958
388238
461983
364386
159035
196566
367613
259711
449975
162258
38158
371513
124741
145258
233417
294130
146180
199417
227334
127526
123080
126742
341837
74917
132520
158744
395538
260995
88547
423875
480558
461389
485216
435943
248582
423695
191055
360737
419651
336030
432404
27713
67493
375516
286479
413024
454503
330873
50128
261277
489677
83387
435918
2295
267021
352836
204285
195389
392478
286716
124886
385002
269899
216126
378390
31014
486865
452810
405363
264064
152610
243727
194425
373245
448272
402605
425846
342632
229113
337803
271147
74893
169564
152419
130035
231227
197680
224114
338489
250498
114652
26762
189831
40877
146137
322379
38882
296873
85854
373665
432780
411363
405177
39366
472342
151414
493801
19194
36584
217963
299817
77540
499619
490081
373717
123068
452577
92006
283430
210039
312795
433745
204876
75445
287398
174023
375935
151648
50749
324616
459804
420595
102209
262367
414907
309886
14393
324669
187102
462233
426195
174119
447194
308678
45584
53640
211079
383136
115252
64735
162488
469194
246207
416454
360566
223531
78309
204608
28507
29230
348873
211479
337400
313995
153653
332887
107144
499071
461342
493931
439540
166367
100575
417903
486061
183379
302419
281962
304017
406440
191578
486763
185160
335743
475261
82155
288967
58073
179051
424335
304104
329588
290751
53053
368429
48162
480267
2162
469984
27264
404598
306723
412133
39243
186900
459594
371061
58986
464705
411225
230370
332421
403125
244126
181111
119930
55725
281960
9195
210741
267376
448338
286628
486986
301567
301933
390322
358294
55810
44
310012
373035
67501
348301
179302
425567
307453
418714
30810
369179
448914
135949
124053
231572
345201
325063
349620
296418
280484
454569
37723
481160
401154
240104
375366
446238
129028
386023
404663
121172
226457
36982
331366
219583
140294
370183
69098
207894
124430
256298
197185
79501
1548
381537
270506
235308
132054
343772
338346
381244
133481
143943
242943
476071
369416
56726
104912
476899
89891
81795
182108
239649
261283
398946
171326
107692
377012
53123
24656
150189
357151
93963
22712
469185
55393
304365
425100
265771
251060
141703
356565
414353
391434
74573
392563
156908
324064
246432
197220
201379
414006
397857
263614
299318
340641
471154
78249
137256
430556
154456
41917
363762
489052
38499
382055
111197
95724
337604
366524
378683
256479
25253
408942
237903
302507
56347
382295
467021
283649
416925
151458
283320
68703
285748
370994
175832
280025
421194
359991
492529
293165
250092
390038
440583
321862
172781
248804
37608
153929
340207
98961
151611
402053
410555
238007
327368
143243
473335
129536
29271
466439
61848
189722
15502
318859
427848
253743
385302
141704
263198
404959
383433
286157
479090
128597
107612
299918
105867
257977
357357
449582
242572
496405
239980
330599
462349
278155
331174
51310
227259
452164
226115
435064
43604
228313
306428
294083
365800
231418
391591
481908
111338
164520
300634
477480
55580
442652
80426
22667
142339
187894
67241
148735
99847
345403
74585
112338
348732
202457
327367
405297
136474
467011
107179
53601
122958
32077
29254
183566
437811
56178
290164
62760
52354
204911
161164
342029
288924
430070
91457
350644
355597
54925
421102
288593
75373
3734
316444
112714
388829
317348
3283
50062
223375
457865
239367
276522
337209
248181
173838
196274
192559
200627
286175
448455
399313
37721
159519
216923
93028
233721
155517
368909
206616
230350
102072
144839
286426
160629
147475
192600
210795
270401
264370
77479
463055
48980
7342
331478
396566
303955
173550
36558
242251
88138
403178
471009
96904
123468
321498
308823
395290
179867
404577
267241
403377
462316
47985
444522
188252
361560
329630
241387
83268
273171
342961
315844
241013
105578
196232
180779
384005
158059
254979
351249
72235
301417
476994
400550
325276
246268
77133
17308
471911
8841
476837
349258
178183
4752
337386
449308
457071
50458
418052
425663
452969
187309
285273
201032
367782
159070
320601
295926
11835
219555
249740
175932
4920
156321
74153
165940
262881
119828
377783
144042
46070
234213
60069
475994
325301
418737
167288
97524
341695
239427
417470
413717
459751
443336
494217
436865
495090
322980
445875
365969
14235
210971
249242
137347
22105
156222
218795
432399
206610
356165
349279
70258
163720
139920
70641
455144
367815
389646
396752
253830
55345
277162
288921
301760
436798
16036
42953
412094
61091
336405
430806
16533
136965
57776
314066
370007
207079
274878
235180
459037
171194
342104
354391
37135
235194
65194
193507
410998
267229
27115
130166
473403
453160
328087
191099
398310
257268
402748
209079
476043
483338
340109
105229
318747
9187
338914
475961
423298
75464
217977
59591
230356
375000
420949
11556
152347
448674
138290
347503
375735
73363
292821
67003
28496
464637
439960
71900
243901
15113
330293
123879
5105
298369
414610
278408
67585
216489
367233
368376
51420
293573
269193
215811
256553
483987
270684
435084
135534
373386
328080
188668
487841
494756
140724
172063
397849
234910
97493
408798
7112
201102
311143
207283
72589
363114
260216
450195
309882
360750
261881
117083
129731
77409
106126
159192
257174
477511
261815
375196
46427
458561
308184
117137
280766
177608
303387
474127
220138
141597
482267
299212
228131
434189
214975
475985
325030
178732
241300
467254
385639
41014
8695
264844
247199
244500
283253
337728
95967
463956
280609
53816
366409
416898
195742
86994
141350
29505
262716
397632
270130
467954
435157
33036
342278
478873
65477
172457
492490
377936
288411
483264
279692
471894
211095
134231
215846
188182
450614
21563
11056
48753
104330
490483
375790
452709
337192
146753
211234
230534
85399
427115
18077
326075
53307
394847
184192
396391
256987
10575
138919
455497
72563
106011
188222
280610
478893
207988
8489
479867
312481
252098
1934
480875
320409
454670
288896
147407
339356
19445
94101
348352
333481
457350
154076
322134
157197
425733
320905
296554
220714
159050
268567
355353
496028
242929
245247
86300
419715
75190
418109
376814
197297
408764
42488
321547
377333
168014
898
411405
285828
301315
217288
105079
439039
280882
155980
168837
315119
210001
414266
58915
147005
287111
286688
224802
261585
456854
54621
245120
62497
495271
157220
10979
334648
196115
393191
223109
289352
425792
456476
298115
22890
63641
330277
129643
247151
344873
333253
229631
98947
360166
75207
303869
312301
387717
230469
440921
417606
231375
222147
49926
451907
54313
109688
240394
186396
3563
207043
329123
244633
305549
303288
439361
407777
417750
227083
375463
295238
390577
84457
239414
304130
439380
50815
98393
492287
56217
402287
303999
308230
491764
56158
149035
392819
97655
314943
209742
87272
141386
181410
81050
78791
461089
286311
65906
375226
22865
278814
473207
195264
443233
32021
439850
185744
393705
53447
169503
208740
32409
181434
68008
463626
7158
458905
260251
141162
192368
434775
482377
47253
157421
258419
377147
156304
177848
239340
431170
407700
206231
196598
275520
266921
128415
72763
365019
168079
262556
311341
122777
85867
400143
59996
185466
14248
486143
205943
305603
26321
327430
89251
374364
389338
367370
307006
392333
244155
324421
83158
397695
277352
404921
28251
9512
252672
241565
4948
431717
360109
205018
322063
421081
150385
255549
457652
331125
170965
212130
88036
422045
143831
288439
98556
241429
110190
290245
307331
114479
91531
238534
203114
434800
273155
68119
471052
470035
407483
215841
360252
52052
131495
88357
185677
153038
69498
19599
342839
385270
280255
145473
220031
453061
239897
312231
266777
491347
2086
419680
127489
148908
68543
232617
495712
310674
176293
464842
432578
205108
404508
231623
182857
82304
209547
60554
382215
302099
362980
311542
424146
307664
419098
482426
331666
26228
461630
460307
313976
427609
411922
347897
403323
184968
280788
314430
454638
136966
214579
278896
257362
117035
248217
381454
441383
412726
34988
316956
425885
394855
113766
474197
372013
38940
340743
355859
192794
470418
434962
200794
438688
165867
401721
365231
342843
282936
494828
324341
184536
206043
34298
189939
153988
63534
171112
341504
264388
249840
204212
473395
420950
277863
108528
95954
65834
72778
201900
354993
173279
159380
287605
391731
281817
472772
177356
333100
14225
84245
358961
390995
338416
398574
483167
176609
203862
410931
497163
375632
487028
319561
328918
230912
476171
259745
390878
146405
293104
392272
369675
14297
114733
18987
346187
151073
146748
145578
420846
487590
375228
183266
422181
33613
218431
359807
106101
442355
324521
336398
2926
402572
463526
49079
163190
184633
432037
223231
385493
127338
231216
432987
331237
498872
14357
356991
427236
7181
174019
484485
27403
244466
130264
81511
29993
208120
176143
235454
62138
62307
370937
295068
109738
112083
111688
139528
392743
163661
210474
386374
296652
188566
304040
73126
47859
181074
391957
405371
483790
75912
99513
322392
330105
241813
39300
417459
263668
356704
162269
138257
299703
57542
421032
215707
103148
413542
454263
499048
248553
52325
213962
468670
395928
310915
450280
295115
175780
232042
389600
374191
379849
116239
404531
227843
457843
209401
168567
170806
218472
335934
221298
253420
477755
280624
308167
15200
334264
147075
65605
59644
10498
363403
252707
149419
229542
86041
165787
458447
77727
291313
432557
197649
115182
294713
119660
285907
197068
320662
28606
232725
285828
234442
70352
160046
312816
323089
10545
9141
42943
148829
275563
123600
181281
403352
442258
267133
121527
138968
164825
182853
103054
297454
43436
452770
290017
28153
36314
400952
31759
64223
381325
472855
61656
36058
287989
290327
205998
345381
28937
152318
400273
212011
101038
299007
413733
7924
231666
215496
101163
232036
327517
152476
175516
462479
39843
379905
133392
22276
204434
462635
215147
125398
439051
287165
13257
256709
71225
472651
258872
483470
182697
227066
275767
285992
8961
196195
386566
142198
278919
51300
301469
113392
273135
95286
107306
315506
230697
276869
411510
204420
181106
377566
31932
45000
402772
494189
218144
86433
349260
217084
25839
400924
241535
282982
195951
132285
250871
324655
267568
200085
349713
429159
63087
73237
489524
449137
444362
272517
439259
361965
450101
135786
498514
3095
282519
123763
458517
278645
47789
13834
496819
324443
66583
268521
280858
91154
330458
124293
56257
146333
172880
191554
252098
437726
451379
381031
99267
154561
496590
443634
76645
372220
121522
404673
207888
118416
56265
285793
900
347598
217084
203543
7694
278742
422005
242595
438220
443326
298710
7278
14705
104566
286318
411054
102986
465925
219770
413113
203809
99936
362725
87229
228624
185451
393388
305292
20150
442151
48635
30729
479851
47577
365552
14785
449128
321580
233296
326883
270155
285220
477319
125597
238048
315286
144027
70462
19645
380105
339358
151950
406733
293384
388476
366370
413313
332237
351591
196617
39057
414635
178953
119710
198444
427714
467092
172912
203211
56747
226718
273591
176254
162492
154252
486945
255470
349267
295310
166656
482520
23398
89556
107401
209561
131738
201526
143931
364611
36523
251730
400555
374607
239904
232630
145795
300274
321171
470543
275102
12462
218633
146601
105350
151925
5570
74552
26831
171392
102773
309800
468308
473914
92545
288190
224294
73052
407774
269838
59478
403237
324574
117331
483983
204355
284639
289604
234562
40360
388047
436428
442285
422775
205340
332519
408193
93552
90855
101566
220744
404699
338142
252965
199991
329
184013
468248
226436
85267
259266
461697
38773
271420
492351
228320
165299
453663
258757
255138
320301
30753
110932
278975
143028
175909
327942
121748
424611
148818
425657
408288
464282
368196
193942
198934
207431
199187
425646
202118
192305
49771
55393
182133
291914
114034
199725
255069
301307
345574
443384
18092
214349
89012
330295
464618
291584
98759
55869
141082
129823
255292
313658
353650
104931
141460
209684
485827
31651
352795
454753
19445
255220
294409
63229
170375
392120
395073
263427
361317
16919
44288
20785
242154
475817
219023
457703
251593
104361
53760
73193
450190
132106
391041
72
440659
421966
393843
449540
416889
373421
69163
478419
208057
174535
390781
432890
32293
213109
311425
76162
70661
328747
324812
226581
9034
186068
67226
7239
241896
127913
194311
422715
300373
426938
127898
453498
391268
50440
169432
40166
387970
284748
485059
65260
492371
431608
441343
490635
436570
446007
148415
225705
360471
46029
60727
350048
465010
45179
278391
188950
100786
114189
51275
389966
70759
448689
97651
218877
182516
481164
342201
390695
372452
328305
371884
334359
365511
382756
156934
27879
234947
426510
30260
92595
485889
347863
230501
328703
50027
312789
105511
197922
288217
63925
490944
273152
85964
80988
64387
68076
147879
235933
380198
17538
56055
300644
223668
498882
310842
210778
195891
51186
786
38742
5642
330615
405311
46634
237876
190062
451507
272579
146241
81270
56979
323823
193906
457572
68332
253347
56946
122155
376731
53121
381018
39656
358443
24830
388208
296492
218118
246866
235929
360194
121929
422090
184736
124711
249247
325515
140869
136372
474178
407886
367385
474560
42681
147783
427680
243766
191280
111740
62063
474604
114344
8133
230360
116726
56331
430464
374255
191808
179621
499504
8027
58247
361464
141099
419194
227341
75468
231720
390947
482210
498728
111810
222942
378679
159820
214749
57613
363377
326300
261094
198408
134048
455371
264072
5833
152293
204447
364033
328902
461053
7514
73420
60052
109930
361507
383871
151316
482475
287268
121798
109970
476968
191116
301462
37206
244646
375068
163515
69736
316039
8114
267683
404724
315938
202398
175123
478049
332534
301996
398424
1805
220019
77113
30867
429792
294182
283507
65933
499835
52210
149974
177297
247716
28805
6132
161863
2507
377492
407582
481978
22786
11207
455513
26643
11591
150069
454616
186289
347971
56372
295109
403473
437100
435264
354283
248750
248517
379730
348617
148999
12296
296709
14799
328104
407380
202085
83848
378581
472787
19915
213688
198060
166757
114681
369326
143556
318581
288368
155029
7723
497605
435444
213239
256690
313516
21439
215437
65559
132412
47461
314966
319425
209093
488347
275012
210863
320138
62939
3373
59246
467067
409816
311360
414388
186903
395518
390058
286079
345888
109861
210122
85566
91307
52207
359039
439555
182022
99701
475993
471945
429571
16308
1163
115946
262784
302508
495583
305788
189759
200085
95475
40225
235436
475505
288390
26550
385641
194768
409615
326290
122140
370097
240315
195501
72548
169108
16301
235334
287131
305874
179729
154075
307397
290494
376122
457502
56508
325408
432957
288876
287200
396698
102767
346089
468676
96007
202973
443448
209027
486170
473577
308018
337300
228038
116667
451825
217376
401694
11625
2958
196196
368088
144127
402797
105456
316417
471846
341158
423105
429693
227051
269515
292740
305637
144150
390604
95616
243233
375428
210095
458360
76505
354144
161154
377794
67047
32529
365986
162467
210153
193406
19888
317825
163797
238264
239593
421566
489312
334662
312912
412639
353295
249946
483281
494115
353345
84496
43004
69095
401280
183530
173713
186870
237972
73730
246244
264329
120049
142745
195125
460364
84983
324106
376298
186102
408181
399595
339923
439555
47422
137397
336316
124741
371938
140844
328744
118465
176016
233863
266235
262033
373819
12691
250586
17343
214788
359802
65808
456249
415413
467736
225986
82575
12478
408561
118975
294589
353524
315910
1758
291165
55263
92958
125047
380050
176844
66494
219747
340873
177349
144032
449341
189904
435651
262785
55415
40269
384017
359096
316801
409317
73287
231691
244742
456322
491115
104779
137673
110953
414805
403767
385998
246033
195301
43455
101107
367172
259541
361375
219538
112863
66376
188285
44545
16411
260566
5270
137920
320203
93677
34971
155858
214868
328389
119310
469480
288061
193604
441162
369025
220392
389833
282175
232783
228000
330549
301916
332353
393358
210640
162527
143006
157748
397630
334005
273179
132235
317875
5373
223369
458790
14479
193033
160816
348895
344202
68200
29215
16268
111333
31472
366031
440071
83915
23230
119534
33598
401198
372362
391717
277698
125371
332225
145065
207190
266494
496023
432466
424588
221885
280497
266071
193246
374470
177779
411430
162310
430180
191329
147268
103631
199410
467543
118622
289973
86120
51657
370018
22685
396069
7100
339991
106313
221111
403527
16341
235398
489390
428031
262164
122175
485960
646
198085
14600
92456
350599
172155
384166
484658
308516
423747
288185
363535
171095
397202
127356
263279
235698
266925
58609
412007
254594
489778
318079
74718
439573
387462
397144
97857
357481
46554
210002
261837
68915
170044
367937
230156
159620
342953
117041
297104
295520
406984
291404
368138
107984
461068
464218
270809
102175
316761
477309
25248
117166
464801
158146
281103
193475
64282
174381
333267
74517
106465
41383
26053
215300
91048
108761
206886
306145
363949
324660
312106
354161
65578
274554
344885
230508
233184
85166
471822
350578
344241
429963
450145
385209
294804
256607
5
255805
437099
225513
375939
80061
463439
343948
127795
191755
309923
203291
454329
335728
313903
48507
21426
212027
400327
17934
124970
354593
369865
238387
115367
234698
469352
224849
99361
141046
130793
308277
74101
346267
227064
36209
353701
231157
93422
10974
91237
286118
55836
363691
17030
364439
43050
223684
189099
414471
472845
368428
124043
335539
30994
432436
1719
26874
91760
486773
64781
178827
369808
259886
293924
395149
34214
38279
130839
407581
283281
101608
139525
418210
22463
410202
105083
350618
179526
47337
182446
371814
15183
447463
156330
458349
39378
96160
375924
418471
375747
486337
484217
27920
372440
11753
308468
495513
239653
354583
432650
344327
215645
45034
181985
301665
254211
460058
11868
437720
114229
450553
147761
426111
224056
144189
70068
497622
125058
197614
245725
229463
84660
483961
182094
365262
284910
355944
172016
49943
492920
72160
477305
462044
351295
114061
230056
253899
101420
371685
196992
460425
359225
313010
363406
114189
340241
184798
210705
223531
161269
5219
125987
62648
188941
125636
281342
232756
134433
391238
336721
71747
119129
390596
463983
78481
186598
227570
36246
282410
24281
77324
175007
458170
14821
416956
24243
335180
197624
253146
209854
468716
95823
291595
321747
254854
330739
347076
108067
432818
362432
301939
437473
488606
124555
404894
278875
248220
138561
133732
103146
192712
205641
259669
489690
292896
356755
23070
345883
220472
325719
351537
415863
476880
38641
196743
67613
448535
211156
71913
374411
36615
479709
175255
145070
191315
175234
152136
16408
48765
353767
296342
426745
394529
359985
92012
195154
272885
432186
317660
239826
106094
290665
6566
154863
50444
350388
203793
219650
384330
354740
390213
292092
444807
466813
52196
18725
361519
37113
438490
186875
211635
252679
111055
266962
261776
275401
321614
272029
373135
123884
66786
101636
311827
143942
316812
475528
494389
17901
342914
142630
324479
339800
187896
282857
32935
156430
278970
108517
229821
216634
287154
116015
427796
308926
116557
348659
332202
98828
348088
290779
333179
243501
279943
255811
13782
9764
125243
414929
59494
469750
264533
216260
105830
381197
137509
161675
482564
364839
302220
316181
112354
193541
44240
133585
205076
45651
481152
20986
92394
372231
142327
323895
90328
432545
488063
103522
273249
315973
122918
94319
139038
457214
135812
467185
470519
379532
3948
246153
266821
361671
486684
189909
114931
158108
398131
496329
135454
211214
275942
289319
379763
49532
432324
18184
327063
166030
264873
35215
425990
417395
43389
465716
98886
248433
106438
404515
7520
286059
309220
184665
279389
143875
340604
309401
27495
118292
31996
366400
91950
214674
69480
226233
47203
171247
178102
209387
358238
311996
209413
75223
191570
43013
366580
465126
377760
289464
9946
279399
192366
470288
56737
472399
255484
399112
398312
381612
362544
298258
309411
188963
377182
468464
270189
135559
32203
366586
459713
156281
433208
193095
245571
173899
423265
442634
235181
237250
278569
160724
267949
105781
163085
363239
374792
145392
36934
427383
485780
455475
321480
275699
249815
101679
3687
200742
183376
25952
48971
456578
97055
249991
473186
16602
376464
220132
277005
336235
192851
366683
480053
181102
31431
467888
460869
215265
324755
158052
403955
462438
289370
440283
125539
413873
38328
148240
385963
142119
433711
45160
492227
418263
212396
489120
153813
346822
311389
325201
277592
7140
373523
26803
266720
5582
41370
417642
106432
88244
110893
208735
105077
73883
400066
141726
359681
218895
48933
175405
348087
347857
470958
472915
198140
87363
420753
487948
36782
337629
467498
28775
466867
95692
160346
161074
101143
446940
123077
430581
233025
128549
467691
347106
301857
483352
3971
219308
72177
272666
55879
483878
319258
61670
139070
332003
213968
104787
293729
373182
349936
299187
63268
108774
195803
51544
211442
424796
337615
328732
97242
436937
10735
248848
336350
383101
412168
311614
56975
419100
214936
90545
147007
79652
201990
64384
6543
102312
84932
498680
95759
397009
299593
79496
249287
302484
259249
227644
17483
136887
270167
232814
373396
182813
421599
385016
415031
442505
109326
144285
270988
84457
135793
101380
55246
137091
43701
108900
155556
271097
109130
315779
92463
292958
333332
319252
350892
137476
410880
78377
286303
404460
417066
457037
234662
185082
250572
237626
68177
355894
356678
417563
7204
494293
321894
283317
289470
41066
240255
345853
242824
233348
359312
433241
43227
82865
362504
89715
498990
360962
145013
475720
398674
475889
5332
120227
110398
345919
14363
373339
119619
356386
62509
259544
175715
168777
275403
345389
111486
448232
430367
370094
449642
204667
492200
488210
296415
42213
461063
119060
364593
360010
325901
207024
231633
244534
447188
332308
303342
119095
203088
399802
411309
72083
33043
268514
154337
487449
5978
166606
98831
321255
280849
97182
278707
196647
491364
19257
9945
353512
166532
378385
459370
292736
3813
258279
179204
49740
271119
217779
482829
402176
67751
195422
238669
223685
163288
217529
194334
231971
467305
478643
379241
9948
497673
96777
15108
44041
322462
110367
438129
201256
410323
231891
61124
244096
178369
176982
158141
11422
176182
34354
90847
459629
94024
41026
340258
49598
256190
1763
16339
64950
299398
343298
148007
313804
181768
465218
168463
163561
390859
314976
357863
350882
196295
255126
44532
296875
257361
412141
379807
92057
464577
261641
487225
97626
172398
254148
370298
417251
13020
413682
408877
324418
399648
164399
320592
468119
78636
489485
203949
436454
279554
454612
98105
263207
34935
326167
469415
155963
437686
143828
81702
471575
142136
447803
165849
10974
26143
153576
192970
441780
411861
258803
269578
205049
382967
159631
430817
91166
382220
48232
83323
279387
351812
189616
285598
253914
53267
61261
181644
270008
295619
97848
276933
65889
461362
135295
85960
98606
311387
147305
321615
136527
64214
385655
283675
459851
380756
265157
241013
471711
102939
197611
296010
71741
173178
120977
204441
236091
242455
213792
291309
329100
157943
484115
377824
55825
105437
169942
253278
335863
256935
367942
179725
157501
387566
178119
189928
6479
213808
259567
305686
120520
76321
459310
467185
278484
240042
365847
71976
253047
364493
437876
1808
190178
259084
4133
246528
7113
335765
321932
130016
319421
114866
433452
365597
392972
84665
109065
301898
82100
151981
84436
369822
279469
195926
82972
289874
108775
162316
130625
435817
444334
130302
172698
250520
195229
62741
400315
423325
102741
404770
150771
10017
193068
467144
227849
9570
232941
429581
192529
377283
464910
394986
296546
200720
435977
380863
216202
323292
82720
393488
366344
380582
413036
232924
174588
279364
114424
227799
191803
235080
312329
360237
481325
179644
10104
10059
46115
94800
289237
425957
362036
158714
340311
154624
159087
479668
181765
49026
395852
318822
54149
387682
351795
69724
9499
105742
307315
408159
282076
314589
258921
14654
464313
455625
220338
88260
105466
374341
317731
285609
439307
322207
471624
59416
235237
197188
227887
1568
38467
333805
451600
40962
196174
180280
343565
216204
483994
219984
320035
152958
412865
408257
345053
278657
247637
91180
123595
228697
1520
495189
303776
443016
414358
115170
197938
425457
83467
340644
295625
401356
77415
269453
183475
194685
67605
287759
102845
197727
51881
187827
254496
290118
3059
211020
433771
296199
415530
186525
136823
27965
217757
378854
273439
86435
314933
352968
381629
156320
112521
180150
366265
208254
114257
421910
29569
54791
213869
16590
337395
95441
363221
324331
86484
91371
386987
62468
68690
446030
359446
2899
474335
303981
457516
149524
367275
459751
296672
394472
195445
306811
207426
36743
309065
212868
226196
75110
395960
451248
119836
225851
306364
118107
474516
207881
488142
40060
67518
82913
96315
132985
18622
416680
321978
124224
202471
205045
21103
122649
88522
91638
252834
411253
112781
459821
359069
288222
461266
398765
305800
2501
416119
282045
403878
312859
446639
212399
495784
365698
378430
153072
265102
58370
20406
459386
295411
477468
238756
432985
23301
404626
265787
272005
122738
54886
497808
489070
445856
278195
276431
278228
51500
440421
67645
44035
254535
394000
46484
6504
348752
322887
240789
100810
60971
145623
369031
285024
444416
472411
228850
5271
160072
109747
469819
153056
184182
382120
331677
125458
408474
99306
478321
429369
327059
346496
298556
188268
335720
164401
486025
10950
481838
314746
336377
373628
1661
85448
87493
437552
144230
119838
369804
161435
92920
277585
70661
209938
431964
461176
278970
227948
284656
428114
32842
246997
436893
224502
496036
125151
66423
257099
417281
189135
393701
240978
470733
414033
91215
403459
417214
79155
397565
206344
11672
11739
289157
280270
402327
204622
208849
454026
407318
146902
457715
240072
442103
14135
233774
79252
465529
235081
374649
442320
224283
340114
470699
451298
172557
56722
264421
306981
146686
272851
326504
340836
239342
271611
411296
11764
131265
294391
184963
203471
239081
99676
201094
294155
186621
23398
434855
327929
158295
349708
379686
331447
230248
169592
452955
313986
304095
270017
235225
453399
1560
153198
497294
274691
486562
44025
438430
232648
156947
168423
134927
381144
421412
13474
358992
43479
442717
443438
415902
61139
407755
348321
415922
174716
371866
250467
480538
407724
439770
266592
424880
28866
145465
315386
101263
456957
344767
314121
330352
399093
38261
305516
305442
111903
414652
350550
201208
433179
492549
428044
114173
151057
403739
130500
301250
81735
154015
313121
456621
72439
52003
382472
496754
192247
216448
205961
282035
290122
40708
182318
81633
153219
291356
414423
59602
83283
32472
149385
362413
94375
283639
190491
201795
478804
103989
76085
292800
299932
134541
300745
114876
116193
239109
137387
484144
34407
381434
193252
371693
107555
292380
429677
322886
351812
21321
68889
292911
455436
360032
488922
44922
340884
57178
483149
63555
428758
139022
358090
10419
82183
73257
177519
473436
313739
277123
97172
65302
185653
147198
232402
394878
4522
159578
23565
487735
441971
92034
75140
124331
433610
95136
193847
326922
234989
139896
176974
189956
245533
496230
305426
31496
51131
285590
129733
397078
361897
174322
471216
411711
317460
277489
155147
134979
157417
415293
493496
438720
177962
379860
389788
376034
266509
318008
113266
77734
423666
159948
132594
418844
452317
205197
491217
30384
141860
361824
438864
17328
476947
403413
160533
390561
202640
19686
116579
474612
166002
240908
374437
239399
468480
221442
298432
398593
445570
58881
330293
383693
376044
81627
419179
444482
350250
91758
411207
164386
61214
14560
220943
309662
372992
436723
377865
27119
259817
209259
167071
145763
144055
135008
36953
114966
442422
280225
29851
303736
405791
363138
238433
351632
306040
21366
103962
432022
29736
244002
276259
254478
112543
330822
386813
319716
341806
31760
150164
381658
251211
477136
318704
321027
98574
144080
85836
51666
248193
484669
214799
83798
117713
329316
406456
494683
336880
94037
5610
345662
234685
248846
40693
298123
65951
264194
449857
272166
460497
56310
198946
429780
51299
413505
313686
196904
356924
86358
190620
55843
486960
25274
102083
227939
484919
46107
219533
56626
25708
271489
236551
70299
10681
249524
356364
30080
199351
274238
262858
12576
468159
83871
279397
490888
95422
20140
473542
446969
427474
193852
219446
423461
439915
420860
208698
84716
133643
90686
246230
5413
383338
40263
61595
18732
482051
363680
381900
364459
340078
393779
437041
466430
402564
333845
338712
410454
60620
336602
192710
208060
180307
403266
55711
274774
53459
66964
167348
96479
192496
106183
402516
233803
206187
433016
362601
220040
72155
84453
217833
107235
146554
479071
292927
14654
281602
335126
479482
265619
431072
267972
271403
151407
80297
44905
259306
391854
18225
250988
480147
286102
7415
145484
488035
145045
451681
474195
121788
313159
327153
207079
334541
93727
484906
39263
227407
247685
364041
209231
367148
477731
50580
367865
306677
353929
39306
22359
27840
332206
430262
484851
4217
451846
369936
46809
418155
18082
210134
33949
182969
491038
237788
368029
298242
404065
398868
133171
303078
181158
120704
467046
33892
203877
221445
95926
449667
457034
471185
26490
408327
92042
472084
261824
16632
452243
173318
309933
62488
274468
271965
456924
54049
308589
195782
441110
319465
27911
38355
314727
146154
324805
203972
222684
215247
497378
368626
261829
439752
329741
194446
231292
700
60357
432005
433012
157382
118163
167544
47383
14191
394328
169012
57900
41559
251621
367442
142278
250327
335009
28038
230356
55025
300184
157741
141351
475785
244327
426789
397218
248086
376065
929
238318
341712
218681
201013
342066
270662
86541
401799
150900
283216
469078
53797
486996
147200
349338
135821
159132
395283
486877
271832
307207
207425
372642
220047
149023
161400
316985
138385
354432
455085
345006
336809
56806
224169
101056
80466
138702
29653
329772
91408
313469
226922
27854
149264
481936
4212
392891
165332
283925
102727
30603
40966
146711
4562
315988
346347
122025
108527
318672
439227
114976
427681
146654
267969
428801
303105
202088
476436
312027
481886
219210
274478
496232
170633
365667
76883
270334
184766
347913
345724
108695
162704
347342
117726
270100
37589
373662
126804
249324
295101
135266
346415
327119
88113
178310
10204
438213
229464
310106
377287
214497
220152
339505
263770
345044
472352
257436
416165
143129
134152
436144
108624
338700
187227
369836
244389
82846
277337
16897
269699
370741
483639
240867
215261
229965
177935
238252
182763
444164
380925
242720
482337
387010
465157
85676
24295
318662
110313
244609
430382
138747
294555
468932
370017
147499
322223
67844
41638
407157
429300
136886
272339
86947
336868
326649
411434
13110
32921
141837
114000
41900
302950
478104
388041
487158
480697
243499
341331
87381
360163
481010
153468
194600
271783
407968
402865
335817
248535
328688
480419
427469
318870
46813
410515
224165
266518
28413
457495
147140
151407
431573
316236
311830
259169
327751
57922
394281
62195
58522
102428
245474
267921
8010
234829
314231
483423
29157
34211
226074
358858
381906
200995
343040
367485
473676
174030
124221
403303
273186
472288
84220
283847
127119
230802
12844
405864
314296
285197
52847
167400
215556
91397
26844
268749
235367
478531
492314
198491
48687
436398
146371
29109
80995
109325
321306
408649
424471
266375
73704
160317
79446
375297
134857
442686
8454
313443
299351
450831
253310
411799
358246
206061
306737
136895
233202
257441
426840
217201
242620
349442
75894
462515
83686
497652
378673
36702
177584
228430
397744
214070
74844
107314
456679
234151
345830
328785
336856
324390
112781
225855
89822
336861
90302
411190
99189
88014
16487
74771
371277
373043
376616
83571
271030
169966
194369
142411
307963
322969
185077
395292
211334
215675
218169
359425
191532
425293
349180
311090
236261
149903
487442
41382
457138
204117
122411
274280
407068
217484
317979
130715
306944
334065
165884
165067
283710
151123
409641
242556
216836
499745
302336
117205
49040
276339
166582
161498
230376
351372
319612
131766
281700
360022
398111
94246
89064
471708
210099
35504
353818
388632
285360
131465
34680
447700
385276
165776
416851
97951
117275
469169
484247
494274
149175
478492
480739
347428
269559
309927
51715
71619
389840
188854
323572
358139
318455
353874
277338
346794
264149
186772
173
340094
377293
178903
110931
458147
214269
173476
302093
200528
205745
135892
139123
243302
188406
430383
45697
355479
371359
481097
489947
101042
391426
403775
373515
216850
351021
221666
309391
463378
443704
371001
135528
476081
270137
184416
94672
43434
455477
482637
384437
268960
382687
107195
5220
496236
433399
71036
225945
121629
364328
475230
256952
112323
242376
189466
330450
92170
196856
487620
493226
228125
406780
239958
276953
182446
424095
42002
442582
495026
236325
236877
493676
66172
147873
491786
42912
308530
293682
316027
330415
149472
450037
33945
289395
331092
122193
346748
154525
28043
110668
304124
113967
196069
206173
393443
314864
58032
33475
153006
54241
193395
328540
474155
414218
246939
390588
91241
85457
54814
268281
14140
471249
308126
38970
176252
409678
131199
260970
301592
93542
409200
124225
2946
156926
388933
240761
87734
387313
170988
169035
133760
71906
91283
224692
374092
111544
136228
250934
147741
194299
485569
356038
417099
328489
219001
344292
348355
345852
197832
12311
155756
325711
291380
127127
318309
331950
414548
284997
275272
76611
203310
207167
27858
54214
454952
267
397033
105893
436738
247730
148999
468222
256640
293689
217857
45646
326472
289095
384974
226855
419611
47164
155289
444584
480692
278750
397198
14325
376330
122995
481998
136692
105646
46027
197911
32436
276799
252909
356603
470643
420088
44167
371644
280166
341143
13216
76273
284781
192800
5125
412132
391685
83326
29251
76845
414360
41203
195945
307071
385985
172587
261644
203128
433395
237649
246304
327424
427930
329172
16711
422875
447587
221018
333589
67819
138366
494987
121603
360425
344049
389033
353997
270250
242179
176875
419931
401729
309943
148319
378086
1043
206254
3202
257926
261307
341896
120863
12039
96702
338563
314594
132309
97079
354036
226686
76485
295718
174553
310273
79443
198238
62099
470613
330916
176966
449881
180040
63000
282926
126273
467255
239007
125286
106662
383958
389678
286486
205939
185680
149533
455465
387881
29347
385430
36829
445791
322826
95435
212103
469912
304725
324637
316648
143644
259116
27126
64023
20015
181254
268017
454146
449359
180670
421670
491524
444064
396991
392114
190068
183365
382372
461089
435936
128080
187774
78550
260477
271631
376853
176686
466742
430675
290523
291472
471698
450097
167433
489402
245788
438429
410234
204869
72786
369315
86581
229110
223724
462656
456593
182045
226547
195897
372444
444280
327469
222529
73055
230659
16476
478785
35246
425588
117550
85974
311321
210995
490476
117295
169763
250900
334322
102777
420054
56779
104629
101267
184156
448888
153551
45128
220702
21014
496301
147801
118737
42530
33783
306368
224953
249403
473109
114051
447698
74627
331680
187540
375879
12274
181206
74187
68649
150464
207707
486139
204556
499223
225619
217363
4843
492777
496217
279816
351268
50854
6796
304628
139320
359224
152704
269766
384802
6311
231273
448741
413874
275160
423331
188766
355990
321311
107484
283675
358378
14865
256913
140020
148392
58445
107786
43810
297692
372101
19589
272328
57730
357779
487680
99386
170996
286062
467605
435691
463428
399020
113487
305608
223557
497800
348611
95953
128782
212658
72841
373557
362021
10576
258785
150313
404869
139868
429984
318779
229410
299840
8185
50900
238721
378690
135544
379565
97773
220707
347118
327385
317000
236620
300803
451887
220759
144992
245911
470349
477556
334655
375853
280430
485232
113635
85217
439940
4763
160353
262683
25629
181086
77628
402026
389484
113499
401392
45687
152637
76189
78710
223632
185193
490594
348758
243059
151013
131331
413125
466659
133784
396670
44697
64231
206903
451599
231341
371321
217511
89412
248351
253852
64062
13895
216589
4548
266490
288908
327646
205450
453192
34407
353820
313146
486287
322174
332290
241838
178396
171211
487928
24975
248462
259083
226499
61970
466542
372083
69471
152719
303785
436210
230543
284836
432550
124668
394225
83675
154380
7411
450485
92340
435501
269430
217783
329689
284442
416986
196481
110207
392453
431001
274802
134661
297800
17765
304928
340457
276308
410488
139042
182162
27806
117952
336113
133829
444386
211916
339296
342591
129339
177050
485414
210731
200982
50007
263236
259632
436555
453980
248467
332461
286628
264555
435106
357459
337578
296487
313498
112857
107835
108396
288209
1539
483283
4095
307122
479287
328040
223748
15545
434143
243482
443452
461709
349748
237288
274431
355308
171634
176574
405362
240620
428470
488337
123359
26781
435593
259117
65696
36240
81815
259044
413441
476825
170741
168881
100350
92344
229591
279771
343486
465106
279659
453862
379926
272564
343817
92061
431944
133858
148829
286011
132270
346702
241502
456907
435807
302402
248523
62919
402060
120675
231924
11054
461487
33488
129491
476503
481270
350797
154187
302324
96501
17000
43254
279702
22813
167566
295809
235670
162550
289351
98596
299935
238358
226794
102517
381902
329024
249147
483711
139583
488890
96007
62383
229983
428180
235452
348511
235806
237030
249727
237938
478272
47433
307126
75620
228069
305923
436187
198826
234186
250385
123918
268648
372554
197006
29942
443824
454865
18708
114912
344049
369377
326143
257490
422538
382869
164944
156365
236913
92526
481966
71433
186546
78820
176621
404364
157577
364964
246073
487026
210764
337994
239759
363363
324717
313157
445941
149857
104251
133162
261074
37351
481908
118092
341904
327221
20911
128796
403814
349685
427924
52413
170676
45098
123974
220493
157794
416049
373216
37888
3826
174506
88417
340645
133468
108421
211458
401649
392645
100448
398420
477717
44509
30905
225385
406782
288291
266200
422118
69825
481855
22906
458041
423266
259807
89860
231648
28106
204077
120122
199414
402259
466063
239149
352927
421322
176032
173833
311228
323552
126148
264124
355417
257019
21016
451333
178618
370772
221224
64174
161883
189017
173773
367705
119891
212708
245141
356736
16576
215719
259726
416205
16265
387818
307827
207280
41380
51681
252952
66924
367690
259825
336437
317162
134100
390716
468236
327693
32629
412415
201335
241464
240018
130721
65324
366515
284034
77967
194160
89599
249327
307455
123738
303637
277227
235601
45633
480908
146831
217132
142912
204179
174930
489609
460817
145627
148825
261563
288772
499240
368096
216244
204416
172787
197443
430997
316722
473470
284158
250044
71882
28214
473874
188989
307855
242254
444120
482978
82742
464139
231039
23046
58495
61025
304026
364617
110656
454581
170271
363459
266010
293508
354912
119711
402457
62145
479126
42032
354058
311425
193320
375538
370865
388791
394851
304787
9667
494151
11268
198106
336925
179526
18699
133763
387584
1631
304566
477900
186002
65470
333815
61796
217334
257222
294979
47055
237291
186172
113470
47912
477848
218928
434656
418296
152799
469558
138865
435784
189153
259665
465992
461657
466165
110833
17501
343244
3440
223367
349709
224892
133845
492
457609
317354
152515
24476
127163
410883
236505
77744
196719
160798
158416
280073
303943
475102
408996
490230
113321
269661
122943
300629
69049
305956
97777
385286
358938
365652
117868
338981
116095
415993
303500
325669
453213
38384
497767
489156
320154
189272
236720
281804
432793
138168
465645
194375
474546
361054
460036
185759
472283
70139
169734
374969
46652
266583
127210
468966
123300
341247
120614
398396
225585
146300
34377
32779
215593
334284
40730
154155
93311
217707
2816
489104
35624
371027
305746
258463
151894
185294
389418
308614
106406
21942
450806
191483
397137
414596
113546
484533
335766
486472
194880
481223
192604
67916
260364
316940
61511
133059
424017
415398
16167
198289
182869
381342
272345
498693
498022
308707
97939
305660
470252
113545
269549
322972
219913
494269
329464
477780
401548
90180
263464
431426
33095
141645
148565
129283
359712
371629
131324
448524
221856
492871
356954
73705
62609
240903
389132
197782
285133
250264
96716
332731
350050
265620
409872
87905
209490
46768
2002
424437
399572
167782
396274
368675
282547
390924
464851
266097
462615
447519
358055
306189
491586
136367
412503
365809
221727
345233
457621
75053
497244
196137
146791
186868
67652
482295
337894
130067
182128
178317
50483
479638
90137
189060
183863
457961
302651
245068
112130
261542
90460
70144
272756
278239
129600
259763
387463
345015
424882
43724
18229
62705
440622
220042
143692
58921
182675
320699
377169
29946
200497
457812
66631
36494
391208
492369
173387
124879
294389
177793
483037
14117
286849
306048
128246
423425
185067
226151
92630
364425
469452
19618
79945
372294
406655
139192
350996
303595
99908
69288
386378
234635
293608
412429
19214
332468
156742
334504
43739
412359
192241
283594
478426
155101
345656
217706
96284
337971
27579
169491
378768
34210
267890
265113
97201
98509
14495
94419
101998
126589
453153
157695
74554
105617
454913
178862
379965
145356
270394
273134
398085
282916
55770
435572
35630
372449
317577
192090
338985
70654
76373
266418
130199
365085
36828
166184
407320
195006
344051
491977
358453
235138
62611
438079
59505
478597
291596
181231
480184
108354
484839
144047
180232
425798
293432
408598
188971
199960
365322
276292
253438
23385
107322
416573
165755
400453
268849
13749
199516
227690
39115
124372
76424
270504
154329
428373
409828
11677
362070
296208
367262
367156
217438
291295
96481
203256
56290
395771
40355
462055
341199
495666
380641
126022
93260
11772
402251
192750
287163
144870
387258
203689
377330
495387
183662
130026
370167
343630
246336
157966
89672
181546
393387
447848
840
120759
367474
218490
490289
473405
49969
345685
244135
368588
20847
309372
268248
327812
473401
347769
92796
451554
244610
2554
127943
175027
253371
17888
138973
228837
197887
65307
247533
408281
426482
204545
225578
251493
394823
471777
91482
63492
164208
3630
473232
207447
415902
258540
246145
341325
133726
116793
315891
122416
34017
350996
375718
137429
317345
375930
386601
171154
315972
300012
62030
78756
118815
390280
423616
182900
105490
291055
293741
201416
38266
339964
373492
11991
141182
429613
164625
174953
146740
33951
445400
179666
131800
379808
380083
353941
445063
248768
191499
280709
351518
151255
33551
335357
470671
482515
5710
281008
262690
90357
9688
275346
52997
465591
132960
471167
89932
455423
304516
314447
327567
339627
33082
163585
101791
190156
450635
218852
195119
48798
34407
161618
209534
191311
85905
104700
310340
15703
412031
300405
409450
361850
148128
260172
96463
215913
184128
172250
406097
169028
368934
401119
104099
291826
186232
254621
379181
286597
315630
42201
23820
319035
400887
160188
180450
404201
409143
86568
447107
254680
468574
101808
441025
163287
372837
296398
314769
278514
245163
1719
488477
449212
226713
163224
13410
106099
214192
229405
301749
26239
360544
266563
180459
458372
488423
159144
105333
166774
367053
330304
78971
53304
350259
37461
251668
110344
16687
450442
16677
401345
87280
99822
437680
80079
219465
252638
107338
405517
470497
413967
329527
197878
55446
141529
167820
477971
296133
128693
122695
299335
5584
238736
213003
46346
122666
315761
369360
296641
53
437009
99037
64160
438715
386425
205804
323738
476462
259302
452658
372824
21128
430188
346440
90521
128181
472536
368722
148927
176169
290046
81915
258469
115778
205102
317058
158985
373238
225722
350664
354275
377755
401064
385518
417075
410319
157080
157456
495073
319105
77376
351500
79270
459793
65281
36579
312816
285487
492390
312664
67838
380362
234862
30973
386668
460641
218385
290981
29453
269436
397609
153421
286790
397396
100397
208381
164897
365866
348274
234932
454661
10315
288153
349124
206902
194476
259900
268594
256301
483058
143671
153249
139315
45853
315612
67599
342358
281991
59733
52666
100829
101637
63438
2870
457203
96736
275929
237321
468110
468973
129252
451246
62964
168464
271807
410310
194023
141283
470780
76849
325926
273464
275618
63630
408278
420855
449104
220884
280716
69647
211084
282528
445044
452362
356854
78407
379573
256025
283157
331954
450185
216384
475388
145105
82240
121728
14908
498882
369710
149362
387400
374423
483110
52537
115705
393900
146060
272763
192880
85572
466869
316444
24965
9127
97088
98058
415391
298200
263226
243493
1346
132840
299755
380258
499513
381576
484333
259829
124544
411033
227637
374533
394070
498974
415407
124464
358055
255415
10181
430249
160678
321059
270559
438358
123963
209570
437592
321523
404609
321910
484111
471730
205989
412317
322990
401188
416232
425199
387664
285504
91371
452897
436595
453837
279607
388016
349023
259136
297574
460505
374597
265592
401940
80888
344557
13672
121197
319201
197151
124678
201937
306956
136816
14908
495698
492209
486421
228620
232531
303844
247862
420954
23500
287257
122741
396219
445583
36176
80895
4343
376585
316670
232356
248954
324336
98226
51849
52524
439239
96378
362069
462726
487588
310113
354866
388307
109966
97503
397905
462917
436566
451436
419871
377771
185257
253722
187486
382140
296080
211571
83784
483036
252195
462052
131253
377788
96809
44465
52407
65644
389419
270911
229663
330228
357351
300308
10624
425108
96684
324553
9339
182578
418591
134002
475562
167194
234995
33521
65628
158277
59720
360069
214686
467491
442049
137735
199981
452416
5979
428226
306279
454312
430235
338997
252768
311414
139881
181095
170490
133627
349314
247476
197343
17090
383274
292227
454996
59495
200093
238128
88596
67553
152789
399093
205431
393900
24121
475051
191899
415771
9870
293369
22736
340771
484862
359802
41801
80116
136770
30992
250090
316129
171982
73708
490766
396023
296744
53616
51070
167285
492793
188411
454737
86527
382099
335306
82708
74703
179306
320422
144561
300185
101382
266809
97776
332081
385013
9625
143125
121602
73573
306815
220201
32093
138642
192601
154601
213915
244466
431765
378759
216694
416871
319608
469519
368147
80229
261623
172385
358562
100200
295781
223513
179004
106595
452979
232079
69024
7293
247933
382703
308049
308251
200346
373164
67957
340731
265936
164651
447380
318049
150761
309919
464009
180749
210366
190544
324956
359527
183733
453406
50913
394773
232303
158333
209845
455917
456558
491299
397356
93488
484695
36447
220231
361465
242156
304171
491250
267183
86764
259823
464116
489720
51925
344883
175278
163640
141867
17143
115007
467186
401535
318930
28
478987
103082
321900
212471
195944
366149
266259
64783
124801
118449
271309
418908
157563
58770
354631
75709
290818
36790
263051
123181
164866
431827
87308
264624
387606
326759
181053
369144
208312
244265
28673
342972
273042
218100
19335
60279
171164
21383
41430
13580
17862
492901
380447
49867
393070
377317
397409
86429
109266
14916
80200
79012
31373
440776
42700
92233
164745
422217
434212
268276
116107
267255
222506
250785
210973
60067
353877
394505
473413
445915
87721
461105
6514
358519
371810
293924
209375
309090
109713
289983
371746
212381
34926
138622
440322
326532
430830
91066
386962
387972
96508
116204
293703
478127
480355
371838
388737
136179
153167
209044
487101
144391
203259
334748
68922
267018
229585
41900
322140
477566
225439
235278
69175
402682
449593
405533
276255
456340
384762
375958
496057
107277
74477
63150
101393
45840
43352
72984
334059
462471
402131
185122
318279
57177
130822
12241
279185
474648
22356
254550
86734
320699
463611
351998
380189
222520
286962
6099
44075
269147
425888
315426
246283
187233
222135
273217
186266
478375
298871
211314
72294
403025
346321
238642
33559
97322
339965
494794
68750
203518
348146
473210
344154
156277
70963
200841
426543
300788
321999
224905
337055
118457
259196
295417
498057
14460
165690
210346
99265
82907
170407
457803
283983
87857
381375
1926
412190
200071
73512
428998
213230
379305
1610
264237
90986
415596
27457
106819
372303
50347
135699
150848
434596
317383
163419
232270
121925
443047
124882
11843
462358
129324
308846
97491
370720
28181
341408
219395
64002
83644
317676
404465
418157
463941
229861
272868
4267
95796
392180
149070
297710
232345
447706
69230
121794
302324
220998
416449
202512
118873
414521
282596
296676
296711
198630
393340
415998
306378
174459
282793
405913
449772
333994
159676
330255
274436
302438