5
5
9
19
22
28
44
47
48
53
58
60
64
69
72
74
74
76
86
87
89
91
95
95
97
97
99
99
106
107
107
110
120
121
126
144
148
158
159
165
172
173
184
185
205
206
207
210
216
217
221
224
234
237
243
244
262
267
269
271
285
288
293
306
308
310
319
329
343
344
349
359
360
368
377
377
380
381
382
395
396
397
403
405
409
417
427
429
429
455
456
465
481
483
490
492
496
502
503
506
506
507
509
512
549
558
566
573
576
582
583
584
586
592
594
595
597
601
602
610
613
644
646
646
647
654
655
658
662
666
667
670
672
675
679
683
683
685
687
688
693
700
700
703
715
719
719
722
743
743
744
749
754
757
760
760
763
769
772
780
781
786
791
802
824
829
835
835
836
840
848
855
861
864
867
869
870
870
880
881
885
892
893
893
896
898
900
905
908
909
920
929
929
933
945
953
960
972
976
977
978
983
986
988
1000
1010
1014
1020
1032
1043
1043
1051
1063
1068
1069
1078
1084
1097
1102
1105
1114
1120
1125
1148
1158
1159
1162
1163
1166
1167
1171
1176
1177
1178
1178
1179
1184
1185
1186
1193
1194
1216
1217
1224
1227
1237
1240
1240
1252
1258
1260
1261
1264
1272
1273
1274
1282
1282
1287
1288
1288
1290
1295
1297
1306
1307
1315
1325
1330
1332
1338
1341
1341
1344
1345
1346
1368
1385
1387
1391
1396
1399
1400
1423
1433
1441
1441
1452
1458
1465
1474
1477
1481
1482
1491
1495
1507
1507
1511
1517
1520
1523
1524
1526
1527
1529
1529
1532
1533
1539
1542
1542
1544
1545
1546
1546
1548
1552
1557
1559
1560
1561
1566
1568
1571
1571
1576
1580
1581
1587
1594
1603
1605
1606
1610
1613
1617
1622
1627
1627
1629
1630
1631
1632
1637
1640
1654
1661
1669
1670
1676
1679
1684
1684
1687
1688
1694
1700
1702
1704
1711
1717
1719
1719
1721
1738
1739
1741
1745
1758
1762
1763
1765
1767
1775
1777
1786
1794
1799
1802
1805
1808
1821
1827
1836
1842
1849
1851
1860
1863
1866
1867
1869
1878
1889
1893
1898
1900
1901
1905
1917
1918
1923
1926
1926
1931
1934
1935
1938
1943
1949
1949
1955
1956
1958
1970
1978
1992
1994
1996
1996
1996
2002
2012
2016
2021
2032
2039
2040
2042
2042
2050
2063
2072
2086
2086
2092
2092
2095
2114
2114
2116
2124
2126
2129
2140
2141
2146
2147
2162
2167
2175
2180
2181
2182
2188
2197
2227
2237
2252
2252
2258
2267
2272
2274
2277
2281
2289
2295
2296
2309
2315
2325
2326
2337
2345
2346
2347
2366
2367
2369
2371
2373
2375
2377
2378
2380
2384
2387
2390
2405
2407
2409
2416
2426
2433
2434
2448
2448
2449
2459
2467
2477
2478
2479
2479
2480
2481
2487
2489
2492
2495
2500
2501
2505
2507
2509
2511
2514
2515
2517
2520
2531
2537
2538
2538
2543
2554
2559
2564
2571
2572
2593
2606
2639
2651
2656
2657
2666
2669
2679
2697
2713
2714
2718
2720
2734
2742
2753
2764
2764
2770
2780
2781
2786
2789
2791
2795
2795
2800
2808
2809
2811
2816
2817
2824
2827
2830
2831
2833
2835
2839
2845
2848
2864
2870
2880
2882
2899
2910
2910
2911
2921
2923
2926
2926
2934
2946
2953
2954
2954
2958
2965
2967
2982
2984
2985
2997
2998
3006
3007
3027
3038
3045
3048
3056
3059
3061
3070
3072
3078
3078
3084
3089
3095
3097
3101
3105
3113
3125
3126
3128
3137
3143
3154
3155
3159
3175
3178
3186
3198
3200
3202
3205
3210
3223
3225
3233
3237
3242
3244
3244
3248
3258
3263
3265
3267
3272
3283
3287
3293
3299
3303
3305
3308
3311
3316
3335
3355
3365
3368
3369
3373
3381
3383
3385
3386
3387
3388
3388
3407
3418
3418
3430
3434
3435
3436
3437
3438
3439
3440
3452
3466
3473
3476
3477
3480
3481
3489
3490
3491
3503
3505
3510
3511
3522
3527
3528
3539
3540
3542
3550
3551
3554
3557
3562
3563
3566
3572
3573
3574
3575
3576
3595
3596
3600
3620
3628
3630
3631
3631
3635
3637
3639
3652
3659
3667
3677
3682
3686
3687
3689
3691
3703
3704
3706
3706
3708
3722
3729
3732
3734
3735
3749
3764
3768
3771
3772
3778
3780
3799
3800
3805
3806
3811
3813
3826
3826
3835
3847
3849
3851
3866
3872
3881
3888
3892
3896
3897
3913
3915
3918
3918
3921
3930
3934
3934
3939
3948
3951
3954
3955
3957
3965
3971
3973
3973
3983
3984
3991
3994
3996
3996
4004
4010
4011
4013
4022
4029
4034
4034
4037
4037
4052
4053
4053
4055
4061
4062
4067
4079
4092
4095
4099
4103
4106
4107
4114
4128
4133
4135
4142
4147
4149
4151
4181
4198
4199
4200
4203
4203
4204
4212
4215
4215
4217
4220
4234
4238
4243
4244
4250
4251
4254
4260
4264
4267
4268
4274
4284
4291
4291
4302
4305
4308
4309
4311
4316
4319
4320
4320
4326
4332
4343
4348
4356
4360
4360
4360
4361
4383
4384
4386
4392
4396
4399
4403
4405
4406
4412
4413
4438
4440
4448
4463
4464
4466
4470
4478
4483
4484
4496
4505
4506
4511
4517
4519
4521
4521
4522
4527
4529
4540
4548
4555
4558
4559
4560
4561
4562
4571
4571
4584
4592
4598
4600
4601
4609
4612
4624
4626
4629
4635
4636
4640
4641
4642
4652
4653
4653
4654
4657
4659
4664
4674
4676
4680
4682
4691
4692
4692
4695
4702
4704
4709
4709
4729
4737
4747
4749
4752
4754
4756
4756
4763
4775
4777
4781
4781
4784
4786
4790
4800
4804
4806
4815
4836
4837
4839
4843
4843
4843
4848
4852
4863
4870
4873
4876
4882
4889
4890
4894
4898
4903
4920
4926
4927
4929
4930
4935
4936
4940
4947
4948
4951
4954
4958
4960
4962
4967
4972
4973
4976
4977
4984
5004
5009
5023
5031
5048
5050
5057
5059
5061
5074
5075
5078
5082
5086
5088
5090
5100
5105
5105
5107
5109
5112
5125
5129
5135
5140
5141
5144
5144
5152
5152
5153
5156
5165
5169
5170
5172
5173
5179
5184
5187
5189
5194
5198
5198
5200
5205
5205
5215
5219
5220
5229
5229
5242
5248
5256
5259
5264
5268
5270
5271
5271
5271
5289
5300
5309
5309
5315
5319
5322
5324
5325
5326
5332
5333
5359
5362
5363
5363
5364
5369
5373
5376
5386
5390
5392
5396
5405
5407
5413
5417
5435
5440
5444
5449
5457
5464
5464
5477
5488
5495
5506
5518
5524
5525
5532
5539
5540
5567
5570
5570
5571
5574
5574
5574
5582
5584
5584
5588
5588
5590
5591
5591
5592
5596
5604
5610
5624
5627
5631
5631
5634
5637
5642
5648
5652
5654
5670
5686
5686
5691
5695
5703
5705
5706
5710
5716
5716
5719
5719
5719
5720
5721
5724
5726
5733
5734
5735
5737
5737
5739
5756
5772
5780
5785
5798
5810
5810
5815
5817
5819
5819
5827
5832
5833
5836
5845
5848
5883
5886
5902
5912
5916
5917
5920
5933
5961
5968
5970
5972
5973
5974
5977
5978
5978
5979
5979
5980
5982
5984
5989
5990
5992
5992
5998
6001
6003
6011
6012
6013
6020
6027
6030
6032
6033
6033
6043
6043
6044
6056
6056
6063
6065
6066
6067
6073
6080
6081
6084
6099
6100
6102
6110
6111
6113
6120
6131
6132
6133
6136
6137
6137
6138
6143
6149
6150
6155
6174
6178
6181
6181
6183
6202
6204
6208
6213
6220
6223
6226
6230
6230
6231
6236
6242
6254
6255
6263
6269
6271
6273
6277
6281
6283
6287
6291
6296
6296
6297
6303
6311
6317
6334
6351
6354
6356
6358
6359
6361
6381
6394
6401
6405
6406
6408
6414
6418
6423
6427
6428
6474
6475
6476
6479
6488
6504
6511
6514
6519
6523
6530
6542
6543
6543
6547
6548
6551
6553
6553
6553
6565
6566
6566
6572
6575
6579
6582
6592
6593
6594
6596
6608
6612
6615
6624
6644
6645
6649
6651
6653
6653
6653
6666
6684
6698
6705
6708
6710
6712
6713
6721
6722
6725
6725
6726
6731
6733
6743
6751
6752
6755
6759
6759
6767
6768
6769
6772
6774
6791
6792
6794
6795
6796
6801
6814
6824
6836
6836
6841
6842
6843
6850
6859
6859
6873
6875
6881
6884
6886
6889
6895
6903
6920
6922
6925
6928
6929
6938
6943
6964
6968
6975
6979
6986
6987
6988
6989
6990
7007
7012
7016
7018
7021
7022
7024
7024
7034
7034
7036
7044
7047
7062
7063
7071
7078
7079
7081
7083
7083
7089
7089
7093
7100
7100
7102
7112
7113
7132
7137
7137
7140
7157
7158
7160
7167
7168
7171
7176
7181
7183
7186
7187
7188
7189
7194
7204
7209
7212
7213
7224
7232
7237
7239
7241
7245
7251
7253
7259
7261
7261
7278
7284
7293
7293
7304
7312
7323
7330
7334
7335
7338
7341
7341
7342
7351
7354
7354
7362
7365
7373
7383
7390
7397
7405
7411
7411
7412
7415
7415
7440
7444
7453
7457
7461
7465
7470
7471
7476
7476
7476
7477
7502
7511
7514
7517
7520
7521
7522
7526
7529
7529
7532
7536
7540
7544
7560
7561
7563
7569
7572
7576
7582
7588
7591
7597
7597
7602
7604
7605
7606
7618
7619
7624
7633
7636
7637
7640
7644
7646
7658
7663
7668
7668
7669
7673
7673
7674
7684
7684
7694
7699
7701
7702
7706
7709
7709
7717
7723
7723
7726
7732
7733
7769
7789
7792
7797
7805
7806
7812
7819
7823
7828
7828
7831
7835
7851
7851
7859
7867
7868
7869
7886
7894
7897
7903
7915
7916
7921
7922
7924
7940
7944
7948
7953
7956
7967
7984
7990
7999
8002
8007
8009
8010
8019
8027
8031
8033
8042
8042
8043
8051
8055
8057
8058
8061
8068
8069
8073
8075
8076
8079
8085
8089
8098
8108
8110
8114
8129
8132
8133
8133
8139
8141
8151
8161
8172
8172
8173
8178
8181
8182
8185
8185
8190
8203
8203
8204
8214
8222
8232
8235
8238
8242
8254
8256
8259
8263
8264
8268
8273
8281
8283
8286
8288
8295
8296
8299
8308
8309
8310
8318
8321
8325
8352
8368
8369
8377
8377
8377
8385
8408
8413
8416
8424
8428
8430
8433
8440
8441
8443
8453
8454
8470
8473
8480
8489
8489
8498
8505
8512
8517
8519
8520
8528
8534
8534
8548
8549
8550
8559
8573
8578
8583
8586
8591
8594
8602
8608
8610
8614
8617
8626
8627
8628
8629
8630
8631
8638
8642
8643
8645
8648
8649
8651
8653
8653
8655
8657
8659
8661
8672
8675
8675
8677
8677
8680
8691
8691
8695
8695
8696
8701
8702
8712
8712
8713
8730
8732
8734
8740
8740
8752
8753
8764
8768
8771
8771
8777
8778
8784
8785
8791
8806
8827
8829
8835
8841
8846
8856
8857
8862
8862
8868
8874
8877
8886
8889
8892
8896
8901
8928
8931
8935
8937
8938
8938
8941
8952
8958
8960
8961
8965
8970
8970
8970
8971
8971
8977
8977
8986
8988
9002
9004
9012
9024
9024
9031
9032
9034
9035
9037
9047
9059
9061
9061
9063
9064
9064
9070
9071
9073
9082
9083
9083
9086
9089
9089
9092
9101
9109
9112
9115
9117
9127
9131
9137
9141
9153
9156
9159
9164
9166
9176
9181
9186
9187
9187
9195
9204
9209
9210
9211
9219
9220
9222
9226
9244
9256
9258
9259
9261
9263
9268
9281
9283
9293
9294
9294
9299
9311
9320
9321
9335
9337
9339
9342
9353
9361
9373
9376
9383
9385
9400
9401
9402
9404
9407
9411
9425
9426
9438
9448
9455
9458
9462
9467
9473
9480
9480
9488
9492
9496
9499
9501
9511
9512
9512
9514
9517
9523
9529
9529
9535
9542
9548
9549
9558
9559
9565
9570
9570
9571
9573
9575
9582
9590
9591
9593
9595
9598
9601
9625
9627
9635
9657
9657
9657
9667
9667
9669
9672
9674
9681
9688
9688
9690
9694
9694
9698
9704
9704
9706
9709
9712
9714
9721
9723
9735
9761
9761
9762
9764
9769
9771
9774
9776
9785
9791
9797
9807
9817
9817
9818
9829
9831
9834
9837
9838
9841
9846
9846
9848
9855
9860
9867
9870
9873
9884
9890
9891
9898
9921
9922
9922
9927
9933
9937
9945
9946
9948
9970
9971
9999
10009
10011
10017
10018
10020
10022
10024
10031
10041
10046
10047
10054
10055
10059
10059
10073
10074
10080
10080
10084
10088
10094
10104
10109
10111
10116
10120
10126
10130
10133
10137
10138
10144
10146
10155
10157
10158
10167
10181
10186
10187
10187
10189
10204
10209
10213
10217
10217
10220
10222
10233
10234
10235
10237
10264
10266
10277
10284
10294
10298
10314
10315
10315
10320
10325
10336
10337
10340
10346
10350
10351
10356
10361
10361
10363
10375
10384
10386
10389
10392
10396
10398
10407
10407
10413
10413
10415
10419
10425
10430
10439
10439
10449
10466
10478
10486
10488
10493
10498
10504
10505
10514
10526
10529
10545
10546
10546
10554
10555
10557
10560
10568
10575
10576
10577
10592
10594
10599
10601
10603
10616
10622
10624
10630
10632
10637
10639
10641
10642
10649
10660
10663
10664
10671
10673
10675
10681
10691
10693
10697
10697
10697
10698
10702
10710
10717
10719
10721
10726
10733
10734
10735
10735
10750
10750
10754
10770
10771
10783
10783
10793
10806
10807
10808
10808
10815
10823
10823
10826
10827
10831
10837
10839
10860
10864
10866
10866
10878
10880
10882
10885
10892
10893
10903
10904
10912
10915
10931
10941
10942
10950
10954
10966
10967
10968
10969
10970
10970
10972
10973
10974
10974
10979
10984
10990
10995
10998
11017
11022
11023
11024
11025
11032
11032
11034
11037
11044
11049
11051
11054
11056
11058
11065
11071
11076
11105
11106
11109
11113
11113
11120
11150
11150
11164
11168
11169
11170
11174
11183
11193
11198
11207
11210
11213
11214
11214
11217
11234
11234
11238
11245
11260
11265
11268
11274
11285
11292
11303
11306
11309
11313
11324
11332
11336
11352
11356
11359
11363
11363
11367
11368
11373
11382
11400
11419
11422
11432
11433
11445
11445
11457
11458
11462
11463
11465
11475
11478
11482
11483
11485
11490
11503
11504
11508
11524
11531
11538
11551
11556
11560
11573
11591
11591
11600
11624
11624
11625
11637
11637
11638
11642
11645
11649
11652
11653
11654
11655
11672
11677
11688
11688
11694
11697
11698
11700
11702
11715
11717
11725
11737
11739
11740
11752
11753
11756
11757
11764
11771
11772
11772
11774
11778
11780
11783
11789
11790
11800
11801
11808
11810
11813
11822
11823
11823
11825
11829
11831
11833
11835
11837
11841
11843
11846
11849
11862
11865
11865
11867
11868
11870
11874
11875
11880
11890
11901
11907
11907
11919
11919
11933
11954
11958
11963
11969
11975
11990
11991
11992
11998
12003
12005
12008
12011
12012
12016
12018
12025
12038
12039
12039
12040
12044
12044
12048
12053
12063
12063
12066
12067
12086
12087
12097
12102
12112
12116
12123
12125
12130
12134
12147
12158
12163
12172
12174
12181
12185
12187
12192
12193
12201
12214
12223
12225
12229
12231
12232
12236
12237
12241
12244
12244
12247
12250
12259
12274
12274
12278
12281
12282
12285
12288
12296
12303
12306
12308
12311
12317
12317
12318
12332
12336
12353
12354
12362
12362
12365
12367
12383
12383
12385
12394
12398
12401
12412
12434
12440
12442
12445
12446
12449
12451
12451
12452
12453
12458
12462
12462
12469
12475
12477
12478
12483
12491
12495
12497
12500
12522
12524
12525
12530
12547
12547
12567
12567
12572
12576
12579
12589
12596
12597
12599
12608
12613
12622
12630
12630
12641
12647
12648
12671
12672
12682
12683
12683
12685
12688
12688
12691
12701
12701
12702
12714
12719
12723
12727
12742
12754
12765
12776
12776
12783
12784
12785
12788
12789
12790
12795
12799
12801
12802
12805
12806
12808
12821
12824
12826
12839
12841
12844
12844
12853
12866
12887
12887
12906
12922
12928
12929
12934
12937
12939
12946
12949
12951
12957
12959
12959
12967
12971
12977
12979
12984
12995
13002
13013
13013
13014
13015
13020
13022
13033
13036
13041
13050
13051
13058
13062
13071
13074
13075
13083
13091
13091
13103
13110
13110
13121
13123
13132
13134
13140
13160
13162
13164
13166
13182
13182
13186
13192
13195
13196
13196
13206
13207
13216
13217
13218
13228
13229
13231
13235
13236
13237
13245
13257
13261
13263
13264
13288
13291
13293
13294
13295
13322
13324
13335
13341
13346
13347
13352
13357
13359
13360
13376
13382
13385
13394
13397
13400
13405
13409
13410
13414
13415
13416
13421
13424
13424
13425
13431
13439
13450
13455
13461
13465
13474
13475
13480
13485
13494
13499
13508
13514
13525
13529
13529
13531
13538
13543
13551
13559
13563
13564
13566
13572
13580
13588
13589
13594
13601
13606
13625
13626
13628
13642
13645
13649
13670
13671
13672
13679
13679
13683
13693
13697
13699
13709
13714
13714
13716
13744
13745
13749
13749
13752
13755
13759
13764
13767
13769
13779
13779
13782
13786
13795
13798
13801
13802
13804
13808
13815
13816
13824
13826
13834
13835
13840
13841
13843
13846
13851
13881
13892
13895
13896
13896
13909
13910
13920
13925
13927
13927
13931
13933
13937
13937
13949
13949
13951
13960
13967
13967
13973
13975
13995
13997
13998
14001
14002
14004
14007
14013
14017
14022
14024
14033
14035
14042
14044
14046
14054
14055
14057
14058
14073
14077
14082
14091
14092
14099
14100
14101
14117
14118
14130
14130
14135
14140
14142
14147
14147
14161
14161
14163
14163
14167
14182
14182
14191
14197
14199
14202
14204
14207
14217
14225
14226
14234
14235
14243
14246
14248
14261
14261
14267
14274
14282
14283
14291
14297
14303
14317
14319
14324
14325
14336
14339
14346
14351
14354
14357
14361
14363
14364
14368
14370
14373
14375
14376
14383
14387
14393
14394
14409
14411
14416
14419
14424
14424
14428
14429
14437
14439
14447
14450
14452
14455
14460
14460
14470
14479
14484
14485
14487
14495
14495
14495
14498
14503
14508
14509
14512
14517
14521
14530
14542
14544
14547
14550
14551
14552
14560
14560
14563
14568
14568
14575
14578
14586
14589
14593
14596
14600
14600
14610
14614
14616
14624
14625
14626
14635
14645
14648
14654
14654
14664
14664
14670
14674
14677
14686
14699
14699
14700
14705
14719
14732
14738
14744
14755
14769
14779
14785
14788
14789
14789
14798
14798
14799
14820
14820
14821
14833
14843
14846
14847
14848
14857
14858
14865
14879
14880
14891
14898
14902
14908
14908
14916
14916
14943
14956
14957
14960
14961
14965
14970
14972
14977
14982
14992
14994
15000
15000
15009
15018
15019
15027
15028
15029
15030
15038
15038
15043
15051
15055
15057
15067
15068
15069
15073
15074
15078
15080
15084
15087
15091
15093
15096
15100
15102
15108
15113
15114
15125
15128
15132
15138
15141
15142
15148
15159
15162
15167
15169
15171
15173
15180
15183
15200
15200
15203
15206
15213
15216
15217
15218
15220
15227
15228
15239
15241
15246
15249
15250
15262
15268
15272
15275
15284
15284
15285
15286
15288
15288
15299
15303
15305
15308
15308
15316
15327
15338
15341
15343
15346
15349
15350
15361
15364
15367
15368
15369
15387
15389
15390
15394
15395
15405
15405
15416
15427
15429
15435
15448
15450
15453
15475
15480
15480
15484
15491
15491
15494
15496
15497
15500
15502
15509
15510
15517
15520
15522
15526
15529
15535
15545
15545
15546
15556
15558
15565
15568
15570
15575
15578
15579
15587
15596
15601
15607
15614
15614
15616
15617
15624
15628
15630
15639
15650
15660
15669
15670
15675
15680
15683
15685
15686
15695
15700
15703
15704
15714
15717
15717
15719
15721
15729
15738
15746
15746
15750
15753
15754
15765
15771
15784
15785
15786
15787
15799
15804
15805
15807
15807
15809
15810
15820
15823
15825
15833
15836
15848
15851
15854
15867
15873
15879
15886
15900
15918
15922
15923
15929
15935
15939
15940
15948
15953
15959
15967
15978
15982
15984
15984
15985
15986
15994
15995
16000
16004
16008
16019
16022
16032
16035
16036
16038
16039
16040
16042
16046
16048
16048
16049
16057
16065
16077
16077
16083
16094
16099
16100
16107
16111
16111
16112
16124
16132
16133
16136
16143
16149
16151
16153
16153
16161
16167
16175
16197
16231
16231
16232
16236
16240
16241
16252
16253
16253
16256
16257
16261
16265
16266
16268
16284
16284
16288
16293
16294
16298
16299
16301
16302
16308
16312
16316
16325
16330
16332
16339
16339
16340
16341
16342
16344
16349
16356
16357
16370
16375
16376
16380
16383
16388
16396
16400
16401
16405
16406
16408
16411
16419
16419
16421
16423
16424
16427
16431
16435
16437
16443
16445
16448
16449
16463
16464
16469
16471
16474
16476
16487
16487
16488
16491
16492
16493
16502
16503
16521
16531
16533
16554
16565
16572
16575
16576
16583
16587
16590
16590
16591
16598
16602
16604
16604
16607
16610
16611
16616
16617
16621
16630
16631
16632
16644
16645
16649
16663
16668
16675
16677
16677
16680
16680
16687
16697
16699
16711
16724
16730
16735
16754
16755
16761
16762
16764
16765
16767
16772
16779
16789
16796
16797
16807
16807
16807
16809
16812
16816
16816
16817
16837
16839
16840
16847
16850
16859
16862
16867
16871
16892
16897
16907
16915
16916
16919
16921
16922
16924
16928
16930
16934
16934
16936
16941
16946
16953
16955
16959
16964
16968
16968
16981
16988
16990
17000
17004
17027
17029
17030
17033
17036
17039
17039
17048
17055
17090
17100
17113
17114
17121
17129
17130
17134
17143
17146
17147
17148
17150
17151
17152
17157
17158
17164
17166
17171
17172
17174
17175
17175
17178
17184
17190
17206
17214
17214
17224
17232
17234
17240
17243
17246
17259
17261
17264
17265
17266
17278
17279
17279
17281
17281
17284
17287
17293
17299
17308
17309
17313
17324
17328
17339
17343
17345
17354
17354
17355
17356
17358
17364
17364
17367
17368
17385
17389
17393
17393
17393
17395
17398
17405
17411
17452
17454
17458
17458
17464
17465
17470
17482
17483
17484
17489
17489
17501
17501
17505
17514
17522
17522
17528
17530
17530
17531
17531
17538
17539
17542
17542
17548
17556
17570
17579
17588
17589
17590
17591
17596
17600
17601
17603
17608
17608
17609
17614
17628
17628
17631
17635
17639
17642
17643
17650
17658
17666
17672
17675
17675
17682
17688
17696
17696
17699
17700
17705
17705
17711
17713
17734
17737
17751
17755
17755
17761
17764
17765
17772
17773
17781
17787
17796
17801
17809
17812
17814
17824
17827
17828
17841
17843
17846
17854
17857
17857
17862
17884
17888
17891
17894
17895
17897
17899
17901
17905
17912
17916
17922
17924
17926
17927
17934
17936
17945
17950
17953
17955
17956
17966
17979
17979
17983
18001
18001
18004
18008
18016
18017
18019
18020
18028
18031
18052
18057
18063
18071
18077
18077
18079
18082
18092
18092
18092
18097
18100
18105
18108
18109
18117
18117
18122
18140
18147
18150
18154
18171
18172
18175
18179
18184
18185
18195
18200
18207
18216
18225
18225
18229
18229
18237
18249
18256
18260
18263
18264
18265
18267
18267
18267
18277
18277
18284
18285
18287
18289
18290
18311
18315
18317
18325
18327
18336
18339
18340
18342
18353
18355
18359
18361
18365
18375
18381
18386
18387
18392
18396
18402
18419
18423
18427
18431
18433
18438
18456
18476
18479
18481
18493
18496
18500
18504
18511
18527
18527
18528
18533
18549
18556
18557
18561
18563
18564
18565
18569
18574
18575
18588
18589
18590
18591
18593
18598
18600
18607
18614
18615
18620
18621
18622
18625
18629
18632
18633
18633
18638
18645
18645
18645
18646
18648
18652
18654
18655
18656
18656
18663
18673
18674
18681
18682
18684
18686
18689
18691
18695
18699
18703
18703
18708
18708
18708
18716
18716
18718
18723
18725
18732
18733
18739
18746
18748
18748
18750
18752
18758
18765
18775
18785
18790
18792
18792
18797
18804
18807
18818
18821
18824
18826
18828
18831
18845
18845
18853
18854
18859
18878
18880
18890
18895
18904
18916
18916
18925
18926
18927
18930
18930
18933
18941
18942
18944
18951
18956
18963
18967
18970
18972
18973
18973
18977
18977
18978
18981
18984
18985
18987
18991
18991
18994
19017
19037
19046
19053
19066
19067
19070
19072
19087
19090
19094
19105
19107
19113
19118
19119
19120
19131
19132
19135
19135
19151
19155
19162
19165
19165
19167
19168
19171
19172
19174
19174
19177
19181
19186
19190
19194
19197
19200
19201
19203
19210
19210
19214
19219
19220
19224
19225
19230
19243
19244
19244
19247
19250
19256
19257
19261
19264
19266
19268
19275
19282
19286
19287
19287
19303
19307
19309
19319
19319
19322
19327
19329
19330
19334
19335
19338
19344
19367
19369
19374
19392
19393
19401
19413
19413
19416
19417
19423
19424
19436
19445
19445
19453
19456
19464
19478
19478
19479
19495
19505
19512
19532
19549
19549
19550
19559
19568
19570
19575
19577
19581
19589
19599
19612
19614
19618
19619
19619
19622
19623
19624
19632
19645
19649
19656
19658
19667
19669
19670
19673
19675
19683
19686
19694
19695
19695
19696
19698
19704
19709
19709
19712
19719
19727
19730
19731
19733
19734
19737
19752
19766
19773
19775
19779
19779
19791
19802
19804
19820
19823
19828
19836
19839
19840
19842
19848
19856
19856
19860
19861
19868
19878
19884
19888
19891
19896
19903
19907
19909
19912
19915
19925
19925
19926
19930
19931
19932
19942
19946
19948
19954
19958
19960
19964
19969
19980
19982
19987
19992
20007
20008
20015
20024
20025
20056
20061
20062
20068
20073
20073
20074
20076
20076
20084
20089
20089
20095
20096
20098
20099
20107
20108
20111
20117
20125
20128
20131
20135
20140
20140
20142
20144
20150
20156
20158
20159
20165
20168
20173
20188
20190
20200
20204
20210
20219
20229
20234
20235
20237
20243
20245
20253
20262
20267
20269
20271
20274
20276
20288
20294
20294
20303
20308
20312
20314
20314
20316
20328
20329
20331
20335
20336
20343
20346
20360
20360
20365
20367
20370
20380
20391
20394
20397
20406
20425
20427
20433
20437
20450
20454
20458
20466
20466
20472
20477
20486
20490
20499
20501
20512
20519
20519
20528
20528
20539
20560
20578
20587
20590
20607
20611
20611
20614
20618
20619
20624
20629
20633
20643
20643
20645
20648
20650
20657
20658
20661
20671
20681
20686
20691
20696
20697
20699
20703
20706
20716
20735
20743
20746
20747
20748
20756
20759
20762
20768
20778
20785
20785
20786
20790
20793
20795
20802
20804
20805
20810
20817
20818
20828
20836
20838
20841
20847
20847
20861
20868
20870
20876
20879
20881
20890
20895
20898
20901
20906
20906
20911
20914
20919
20923
20924
20932
20940
20940
20948
20962
20962
20966
20967
20970
20980
20984
20986
20989
20990
20991
20992
20993
21006
21011
21014
21014
21015
21016
21021
21039
21041
21044
21068
21078
21078
21093
21094
21097
21103
21121
21122
21128
21132
21133
21133
21137
21157
21168
21170
21172
21173
21178
21180
21192
21192
21195
21197
21214
21218
21220
21224
21225
21226
21255
21274
21274
21275
21276
21276
21282
21290
21293
21295
21298
21299
21300
21307
21313
21314
21315
21320
21321
21322
21328
21332
21334
21341
21346
21348
21350
21366
21371
21377
21379
21380
21383
21385
21387
21409
21409
21417
21422
21426
21426
21439
21440
21440
21444
21452
21458
21463
21464
21469
21474
21485
21495
21510
21515
21516
21519
21528
21529
21533
21538
21545
21549
21555
21557
21563
21565
21565
21579
21583
21583
21586
21589
21595
21599
21600
21611
21621
21628
21632
21652
21654
21666
21670
21672
21687
21688
21688
21691
21715
21728
21730
21737
21743
21748
21756
21759
21763
21766
21774
21779
21793
21795
21795
21797
21799
21802
21803
21803
21804
21809
21814
21819
21819
21828
21830
21836
21837
21839
21841
21857
21860
21865
21867
21869
21871
21877
21879
21887
21889
21897
21900
21901
21907
21910
21919
21926
21927
21930
21933
21939
21942
21954
21964
21965
21976
21996
22007
22008
22011
22013
22019
22020
22026
22031
22038
22042
22054
22055
22060
22081
22089
22095
22095
22100
22105
22105
22126
22134
22135
22139
22141
22142
22152
22154
22156
22160
22173
22182
22185
22192
22196
22197
22207
22218
22224
22226
22227
22232
22240
22258
22259
22262
22276
22289
22289
22289
22309
22312
22313
22314
22315
22316
22317
22329
22335
22344
22346
22347
22350
22352
22352
22356
22357
22359
22360
22361
22362
22371
22371
22380
22382
22385
22385
22388
22399
22407
22408
22411
22417
22418
22419
22420
22425
22433
22438
22442
22445
22452
22453
22459
22463
22463
22473
22473
22478
22480
22487
22495
22497
22504
22518
22537
22537
22538
22541
22546
22556
22561
22565
22568
22571
22579
22594
22596
22601
22602
22609
22612
22614
22617
22617
22626
22644
22644
22649
22663
22664
22665
22665
22667
22674
22682
22683
22685
22686
22691
22692
22696
22698
22701
22703
22707
22711
22712
22713
22715
22727
22733
22733
22733
22736
22737
22749
22750
22753
22755
22763
22770
22776
22780
22780
22786
22789
22795
22805
22809
22813
22813
22820
22824
22826
22842
22849
22851
22865
22865
22869
22869
22880
22886
22890
22890
22891
22896
22902
22904
22906
22910
22910
22914
22922
22935
22939
22942
22946
22957
22971
22989
22993
23000
23000
23001
23007
23007
23008
23008
23012
23023
23023
23024
23025
23026
23033
23041
23044
23046
23054
23062
23070
23103
23112
23115
23116
23143
23143
23151
23171
23176
23179
23180
23186
23195
23195
23225
23227
23228
23229
23230
23243
23248
23249
23262
23263
23265
23269
23274
23274
23283
23288
23289
23290
23290
23292
23301
23301
23307
23309
23310
23311
23312
23313
23315
23318
23322
23333
23343
23344
23360
23370
23373
23377
23377
23384
23385
23385
23389
23392
23398
23398
23419
23420
23426
23427
23433
23435
23436
23438
23439
23440
23448
23448
23451
23454
23470
23490
23500
23503
23505
23509
23511
23515
23522
23533
23535
23539
23548
23558
23561
23565
23565
23566
23573
23573
23579
23580
23581
23582
23587
23590
23592
23596
23606
23608
23610
23614
23628
23634
23634
23646
23658
23664
23669
23671
23674
23677
23680
23688
23698
23704
23704
23713
23717
23723
23727
23732
23737
23742
23749
23750
23751
23772
23777
23779
23781
23782
23791
23800
23805
23808
23808
23815
23816
23820
23828
23828
23830
23832
23842
23846
23850
23852
23861
23863
23876
23878
23879
23897
23902
23902
23902
23904
23904
23917
23926
23931
23932
23948
23950
23954
23957
23966
23967
23970
23970
23981
23995
24009
24011
24016
24029
24031
24041
24042
24044
24047
24047
24051
24063
24063
24069
24071
24082
24083
24088
24095
24096
24110
24112
24112
24117
24121
24123
24127
24140
24141
24145
24148
24154
24157
24168
24171
24175
24179
24184
24187
24195
24208
24212
24216
24219
24223
24224
24225
24228
24229
24231
24238
24239
24243
24245
24245
24249
24250
24252
24258
24270
24272
24273
24274
24281
24283
24290
24295
24298
24305
24310
24312
24313
24314
24314
24315
24318
24320
24321
24322
24326
24326
24327
24328
24330
24331
24341
24346
24351
24355
24369
24376
24382
24395
24396
24396
24405
24408
24410
24413
24415
24423
24423
24425
24429
24441
24445
24449
24453
24472
24476
24479
24494
24495
24499
24515
24517
24519
24526
24537
24537
24537
24547
24555
24560
24565
24571
24573
24581
24588
24593
24597
24600
24609
24609
24619
24625
24625
24633
24634
24635
24635
24636
24636
24639
24641
24647
24648
24654
24656
24667
24669
24670
24670
24677
24679
24684
24691
24693
24702
24703
24710
24716
24716
24723
24727
24734
24742
24750
24755
24761
24762
24777
24778
24779
24779
24791
24796
24801
24809
24809
24814
24822
24828
24830
24836
24842
24848
24849
24858
24870
24875
24884
24885
24886
24890
24893
24897
24900
24901
24902
24911
24912
24923
24932
24937
24948
24955
24959
24961
24965
24966
24969
24975
24977
24979
24981
24981
24999
24999
25015
25026
25030
25038
25038
25039
25041
25047
25048
25048
25056
25072
25077
25081
25081
25082
25099
25099
25121
25133
25136
25140
25146
25147
25148
25153
25160
25162
25168
25179
25188
25192
25194
25203
25204
25212
25212
25225
25226
25227
25230
25247
25248
25248
25249
25252
25253
25264
25265
25274
25274
25279
25280
25281
25285
25286
25288
25296
25309
25318
25321
25326
25328
25335
25373
25385
25386
25387
25388
25408
25414
25415
25428
25429
25441
25443
25450
25451
25454
25454
25468
25478
25478
25481
25489
25503
25505
25505
25506
25518
25520
25525
25546
25548
25551
25551
25555
25559
25566
25588
25592
25596
25606
25606
25614
25617
25626
25628
25629
25630
25634
25634
25634
25641
25644
25644
25647
25654
25657
25658
25661
25664
25667
25674
25678
25679
25689
25703
25706
25708
25708
25713
25726
25727
25730
25750
25756
25761
25762
25764
25770
25774
25777
25789
25800
25805
25806
25809
25832
25833
25833
25834
25839
25839
25840
25841
25849
25854
25857
25860
25864
25866
25879
25881
25886
25898
25899
25907
25911
25913
25917
25927
25927
25928
25929
25933
25937
25940
25952
25953
25960
25961
25964
25966
25978
25991
25992
25993
25998
26008
26013
26015
26038
26041
26045
26053
26058
26061
26067
26068
26069
26072
26074
26076
26087
26088
26092
26108
26127
26140
26143
26148
26153
26158
26162
26167
26170
26177
26183
26200
26208
26214
26214
26228
26236
26239
26248
26250
26253
26261
26269
26269
26279
26283
26291
26303
26312
26314
26321
26323
26329
26352
26372
26372
26373
26384
26386
26388
26393
26401
26405
26408
26408
26417
26418
26422
26425
26430
26439
26441
26444
26451
26453
26459
26463
26474
26476
26486
26489
26490
26493
26498
26499
26499
26503
26527
26545
26550
26552
26555
26563
26565
26565
26566
26567
26578
26580
26588
26589
26593
26597
26600
26600
26602
26611
26613
26614
26625
26633
26638
26643
26643
26645
26646
26649
26652
26658
26662
26665
26667
26668
26669
26671
26683
26684
26704
26714
26715
26722
26723
26724
26728
26730
26730
26753
26762
26762
26775
26781
26781
26786
26788
26789
26794
26796
26799
26799
26803
26811
26813
26817
26821
26831
26831
26832
26838
26842
26844
26862
26863
26863
26863
26866
26871
26874
26879
26879
26893
26899
26905
26905
26905
26906
26910
26919
26921
26922
26943
26945
26946
26959
26973
26977
26980
26984
26987
26989
26991
26998
27003
27006
27040
27052
27053
27055
27069
27080
27082
27090
27094
27097
27110
27115
27119
27126
27129
27130
27137
27140
27145
27145
27146
27149
27157
27168
27170
27174
27177
27181
27183
27189
27189
27190
27193
27195
27199
27216
27216
27223
27224
27235
27246
27254
27259
27262
27262
27264
27268
27268
27276
27279
27283
27284
27285
27297
27299
27305
27306
27312
27318
27327
27330
27333
27339
27343
27345
27346
27349
27351
27356
27356
27362
27372
27373
27382
27383
27384
27392
27398
27399
27403
27410
27422
27423
27430
27430
27440
27440
27441
27441
27449
27451
27452
27457
27459
27460
27471
27477
27478
27483
27493
27495
27500
27501
27502
27508
27515
27516
27519
27523
27531
27533
27534
27550
27551
27553
27579
27586
27592
27593
27601
27604
27619
27628
27633
27636
27637
27640
27642
27643
27647
27647
27651
27655
27662
27673
27680
27693
27700
27713
27713
27717
27722
27728
27739
27745
27748
27760
27765
27768
27771
27772
27774
27780
27785
27802
27802
27803
27805
27805
27806
27809
27816
27819
27821
27840
27850
27854
27858
27858
27864
27866
27868
27873
27876
27879
27889
27892
27897
27906
27908
27910
27911
27911
27918
27920
27922
27922
27924
27927
27930
27931
27940
27943
27949
27951
27955
27965
27967
27971
27980
27984
27987
27999
28007
28010
28012
28023
28026
28035
28036
28038
28042
28043
28050
28050
28056
28059
28062
28063
28074
28083
28086
28095
28098
28102
28106
28108
28111
28111
28120
28124
28137
28139
28141
28142
28144
28148
28151
28153
28159
28167
28174
28177
28181
28185
28190
28195
28198
28199
28201
28205
28214
28217
28217
28219
28221
28221
28222
28227
28228
28232
28233
28241
28242
28247
28251
28257
28263
28269
28270
28270
28282
28287
28294
28298
28304
28310
28314
28318
28335
28336
28340
28344
28358
28360
28374
28377
28380
28381
28397
28408
28411
28413
28425
28440
28442
28451
28453
28454
28460
28466
28470
28471
28471
28479
28485
28496
28507
28507
28507
28518
28526
28527
28528
28530
28537
28560
28565
28585
28594
28600
28606
28608
28614
28614
28619
28622
28623
28637
28638
28644
28647
28647
28648
28649
28652
28656
28660
28664
28665
28673
28679
28682
28683
28684
28693
28696
28701
28710
28715
28726
28727
28734
28747
28749
28750
28753
28762
28770
28775
28785
28786
28788
28791
28799
28803
28804
28805
28806
28807
28816
28819
28838
28845
28848
28855
28861
28866
28883
28888
28896
28904
28904
28907
28910
28911
28913
28918
28921
28925
28927
28928
28931
28936
28937
28954
28960
28965
28984
28985
28985
29004
29022
29032
29035
29049
29053
29059
29063
29069
29077
29078
29079
29080
29084
29088
29102
29109
29111
29113
29117
29121
29131
29132
29148
29149
29157
29157
29166
29167
29173
29175
29176
29176
29176
29178
29180
29190
29199
29208
29211
29213
29215
29219
29222
29225
29230
29239
29251
29254
29254
29258
29260
29260
29267
29271
29277
29288
29289
29297
29303
29311
29311
29314
29319
29323
29332
29336
29338
29345
29347
29347
29351
29360
29369
29376
29379
29386
29386
29389
29392
29392
29399
29399
29406
29415
29416
29418
29423
29425
29427
29428
29428
29437
29444
29453
29461
29462
29462
29462
29469
29470
29470
29485
29488
29494
29496
29504
29505
29506
29507
29510
29510
29527
29529
29534
29539
29540
29548
29556
29557
29560
29569
29576
29576
29580
29582
29590
29592
29593
29595
29609
29616
29621
29640
29641
29646
29647
29648
29653
29654
29654
29657
29663
29666
29671
29672
29672
29673
29682
29697
29701
29702
29706
29713
29723
29725
29727
29734
29735
29736
29737
29747
29748
29750
29769
29781
29782
29790
29794
29797
29811
29814
29823
29840
29840
29840
29844
29847
29851
29855
29866
29870
29889
29891
29900
29905
29906
29915
29919
29920
29928
29936
29942
29946
29946
29948
29949
29951
29951
29953
29954
29962
29967
29970
29975
29977
29978
29978
29982
29983
29986
29992
29992
29992
29993
30002
30007
30021
30022
30032
30034
30036
30039
30062
30068
30080
30081
30088
30092
30097
30101
30120
30121
30122
30125
30132
30146
30158
30159
30166
30167
30170
30171
30175
30186
30186
30204
30208
30209
30228
30234
30241
30242
30249
30249
30254
30254
30260
30266
30269
30270
30282
30285
30288
30296
30310
30312
30317
30320
30327
30330
30337
30338
30346
30351
30352
30357
30361
30365
30375
30383
30384
30388
30394
30395
30404
30405
30405
30413
30416
30427
30430
30445
30449
30455
30456
30458
30468
30469
30469
30474
30478
30514
30515
30517
30517
30527
30540
30563
30565
30568
30571
30576
30578
30580
30580
30580
30582
30596
30599
30603
30605
30616
30624
30636
30649
30656
30661
30664
30668
30671
30675
30677
30678
30679
30689
30695
30696
30699
30702
30703
30704
30714
30718
30720
30723
30729
30737
30742
30744
30747
30753
30761
30764
30770
30784
30797
30805
30810
30821
30825
30831
30839
30846
30851
30855
30860
30867
30888
30892
30900
30901
30904
30905
30915
30916
30949
30953
30967
30973
30973
30975
30986
30992
30994
30999
31000
31009
31014
31023
31033
31037
31045
31047
31052
31054
31054
31055
31059
31068
31070
31090
31093
31097
31111
31112
31113
31115
31120
31126
31127
31132
31135
31143
31148
31155
31156
31166
31170
31177
31180
31183
31183
31186
31188
31193
31203
31205
31223
31233
31252
31264
31285
31304
31307
31308
31323
31325
31327
31335
31337
31341
31350
31355
31357
31361
31366
31373
31375
31381
31383
31384
31390
31409
31413
31423
31423
31426
31431
31431
31435
31448
31455
31457
31467
31467
31472
31477
31485
31488
31492
31496
31506
31507
31513
31513
31516
31519
31520
31530
31535
31540
31547
31551
31555
31578
31582
31590
31591
31594
31596
31600
31611
31614
31616
31626
31627
31628
31636
31642
31651
31653
31654
31659
31670
31672
31678
31682
31685
31698
31699
31699
31702
31705
31715
31718
31722
31732
31742
31744
31749
31755
31757
31759
31760
31763
31763
31767
31769
31770
31774
31780
31783
31787
31789
31794
31801
31809
31810
31810
31819
31822
31825
31825
31825
31826
31841
31851
31860
31861
31883
31886
31886
31890
31893
31894
31899
31899
31901
31902
31912
31918
31925
31926
31928
31932
31948
31960
31966
31969
31969
31981
31996
32002
32008
32012
32014
32015
32015
32017
32018
32021
32021
32026
32036
32036
32037
32055
32060
32066
32068
32072
32076
32077
32077
32079
32081
32083
32084
32093
32095
32106
32108
32123
32123
32128
32140
32144
32147
32160
32166
32167
32169
32181
32191
32193
32194
32203
32211
32213
32214
32227
32232
32245
32249
32256
32260
32266
32273
32279
32280
32285
32290
32293
32296
32299
32302
32312
32312
32323
32324
32325
32331
32341
32369
32377
32386
32393
32395
32403
32407
32409
32411
32411
32414
32414
32424
32431
32435
32435
32436
32439
32439
32443
32446
32447
32457
32466
32470
32472
32476
32498
32517
32528
32529
32535
32548
32555
32557
32558
32562
32567
32570
32571
32572
32580
32595
32603
32620
32622
32627
32629
32635
32636
32639
32641
32653
32655
32657
32658
32663
32670
32670
32677
32686
32691
32695
32703
32711
32718
32726
32737
32742
32745
32746
32751
32753
32753
32769
32770
32770
32779
32790
32791
32796
32802
32804
32806
32806
32820
32821
32823
32825
32834
32838
32842
32856
32859
32863
32868
32868
32879
32881
32887
32887
32893
32894
32895
32897
32897
32902
32905
32910
32915
32921
32926
32931
32932
32935
32937
32939
32939
32942
32945
32949
32954
32959
32972
32975
32975
32977
32987
32991
32993
32998
32999
33001
33003
33003
33018
33025
33034
33036
33043
33044
33046
33046
33053
33066
33066
33077
33082
33088
33089
33090
33091
33095
33095
33097
33100
33103
33112
33118
33124
33130
33130
33136
33137
33140
33156
33162
33163
33176
33191
33204
33208
33208
33209
33222
33229
33232
33241
33241
33244
33253
33264
33271
33272
33273
33275
33275
33285
33286
33297
33304
33304
33306
33314
33319
33332
33337
33345
33346
33351
33365
33367
33374
33379
33380
33388
33400
33406
33415
33416
33418
33418
33424
33432
33447
33451
33455
33455
33457
33460
33462
33475
33485
33488
33493
33495
33500
33505
33506
33518
33520
33521
33526
33527
33532
33533
33536
33537
33543
33547
33547
33548
33549
33551
33555
33559
33571
33578
33580
33583
33595
33598
33601
33602
33610
33613
33618
33626
33628
33637
33647
33653
33657
33657
33664
33664
33665
33666
33667
33667
33669
33674
33678
33687
33698
33699
33711
33713
33719
33721
33730
33732
33750
33750
33759
33763
33764
33773
33774
33775
33778
33783
33784
33785
33785
33789
33792
33792
33801
33806
33812
33820
33826
33829
33832
33835
33837
33847
33850
33867
33872
33877
33879
33880
33885
33888
33890
33892
33894
33899
33907
33910
33910
33917
33923
33945
33945
33946
33949
33951
33953
33956
33958
33960
33968
33969
33970
33977
33990
33991
33998
33998
34013
34017
34022
34023
34040
34045
34046
34048
34055
34056
34057
34058
34092
34094
34113
34115
34115
34122
34123
34126
34133
34141
34142
34155
34159
34161
34165
34188
34190
34199
34210
34211
34211
34212
34214
34217
34218
34222
34236
34237
34244
34248
34260
34264
34264
34264
34265
34267
34275
34277
34285
34290
34294
34298
34303
34304
34304
34307
34313
34323
34332
34338
34339
34340
34342
34347
34347
34349
34354
34358
34362
34371
34372
34373
34375
34377
34379
34382
34383
34390
34390
34392
34401
34403
34407
34407
34407
34411
34411
34417
34428
34429
34430
34432
34442
34442
34462
34463
34464
34470
34471
34478
34479
34484
34494
34497
34506
34506
34514
34516
34518
34549
34553
34556
34558
34562
34564
34567
34575
34576
34578
34586
34586
34595
34596
34604
34611
34612
34613
34624
34631
34641
34643
34666
34678
34680
34687
34687
34697
34699
34703
34704
34706
34707
34714
34723
34732
34733
34733
34747
34747
34751
34752
34752
34767
34772
34778
34796
34797
34800
34802
34806
34807
34814
34820
34821
34825
34830
34838
34839
34865
34876
34878
34882
34883
34889
34893
34894
34896
34913
34922
34922
34926
34935
34935
34935
34939
34942
34944
34955
34955
34957
34968
34971
34977
34977
34979
34984
34988
34999
35000
35014
35015
35016
35018
35037
35039
35039
35043
35049
35054
35070
35072
35086
35086
35096
35115
35118
35120
35125
35125
35130
35139
35145
35154
35155
35160
35167
35168
35172
35178
35197
35204
35215
35228
35231
35235
35237
35243
35246
35248
35248
35251
35252
35258
35264
35270
35275
35282
35284
35285
35285
35297
35297
35297
35299
35300
35300
35304
35308
35323
35332
35341
35342
35345
35355
35367
35372
35385
35388
35395
35396
35407
35411
35416
35424
35424
35431
35438
35450
35454
35454
35461
35465
35469
35475
35479
35482
35483
35486
35489
35489
35491
35492
35499
35502
35504
35508
35509
35513
35526
35531
35532
35532
35541
35549
35550
35552
35554
35556
35566
35572
35589
35590
35593
35597
35598
35611
35613
35624
35630
35636
35637
35659
35660
35664
35674
35674
35679
35680
35686
35689
35691
35701
35702
35704
35715
35720
35729
35729
35730
35732
35739
35744
35744
35754
35759
35761
35771
35772
35772
35786
35787
35790
35795
35795
35796
35798
35806
35807
35812
35815
35822
35823
35835
35854
35867
35881
35881
35885
35885
35886
35897
35906
35908
35920
35930
35933
35934
35954
35957
35972
35974
35975
35978
35991
36000
36000
36007
36033
36041
36047
36050
36053
36058
36060
36071
36075
36079
36104
36104
36115
36126
36133
36140
36141
36142
36143
36148
36150
36155
36156
36157
36168
36168
36176
36178
36180
36186
36187
36191
36192
36194
36201
36204
36207
36209
36216
36217
36235
36238
36239
36240
36246
36251
36251
36255
36259
36261
36267
36270
36270
36276
36285
36295
36309
36310
36314
36315
36334
36335
36337
36339
36342
36343
36344
36350
36350
36351
36362
36367
36373
36393
36395
36397
36398
36405
36408
36417
36418
36427
36431
36434
36442
36445
36446
36447
36450
36451
36452
36452
36455
36461
36462
36466
36482
36484
36485
36494
36495
36502
36504
36508
36514
36523
36524
36526
36534
36536
36539
36554
36556
36557
36558
36559
36565
36574
36575
36575
36577
36579
36584
36585
36591
36595
36598
36601
36602
36603
36605
36615
36622
36623
36631
36631
36632
36634
36639
36642
36643
36644
36648
36648
36648
36649
36650
36654
36660
36670
36670
36678
36681
36693
36701
36702
36703
36707
36715
36716
36718
36726
36735
36736
36738
36743
36743
36743
36746
36767
36769
36772
36773
36777
36782
36782
36784
36790
36790
36791
36791
36791
36794
36796
36798
36801
36828
36829
36839
36840
36847
36849
36862
36870
36879
36886
36895
36897
36900
36909
36910
36916
36919
36920
36922
36923
36931
36932
36934
36938
36942
36953
36953
36954
36954
36963
36964
36972
36974
36976
36982
37003
37027
37028
37028
37033
37035
37036
37039
37062
37067
37072
37076
37079
37080
37080
37089
37091
37096
37100
37112
37113
37115
37118
37125
37135
37135
37148
37153
37154
37167
37174
37180
37187
37191
37199
37206
37212
37217
37231
37233
37235
37236
37238
37249
37268
37288
37289
37290
37297
37300
37310
37311
37314
37328
37329
37331
37343
37351
37364
37364
37366
37375
37381
37383
37385
37396
37399
37403
37412
37420
37420
37423
37424
37433
37433
37433
37433
37439
37441
37444
37450
37451
37452
37452
37453
37453
37454
37459
37461
37464
37467
37469
37488
37489
37512
37520
37523
37526
37527
37528
37530
37531
37542
37547
37553
37553
37560
37562
37564
37566
37573
37574
37574
37580
37585
37585
37589
37599
37600
37605
37608
37608
37612
37616
37617
37621
37634
37643
37651
37664
37674
37675
37685
37712
37717
37721
37723
37724
37729
37731
37735
37743
37744
37744
37745
37747
37747
37749
37751
37760
37766
37771
37774
37778
37787
37792
37793
37794
37795
37798
37818
37819
37827
37829
37830
37834
37848
37852
37853
37862
37872
37876
37888
37895
37896
37914
37916
37920
37935
37938
37941
37947
37951
37954
37957
37963
37963
37971
37973
37973
37980
37990
37991
38014
38019
38022
38025
38030
38031
38036
38047
38058
38072
38082
38092
38092
38093
38093
38108
38108
38109
38114
38119
38121
38129
38130
38130
38131
38137
38138
38141
38155
38156
38158
38160
38161
38168
38170
38171
38179
38182
38191
38194
38200
38201
38208
38209
38209
38210
38219
38224
38224
38224
38232
38235
38243
38245
38246
38249
38251
38254
38261
38261
38262
38263
38264
38266
38267
38273
38279
38279
38297
38300
38301
38312
38315
38319
38322
38323
38328
38329
38329
38331
38334
38335
38344
38345
38348
38355
38361
38368
38368
38371
38384
38388
38389
38390
38395
38397
38401
38403
38403
38405
38408
38414
38415
38424
38426
38426
38430
38436
38438
38452
38454
38457
38465
38466
38467
38470
38475
38479
38481
38486
38499
38511
38514
38521
38524
38535
38536
38536
38559
38564
38567
38572
38573
38592
38598
38605
38616
38618
38618
38635
38635
38636
38640
38641
38648
38660
38671
38679
38680
38682
38693
38700
38705
38706
38706
38714
38718
38726
38727
38732
38739
38740
38740
38742
38742
38742
38749
38755
38756
38759
38762
38773
38782
38787
38795
38804
38805
38818
38821
38822
38835
38849
38851
38864
38872
38874
38875
38876
38882
38882
38882
38883
38885
38893
38900
38904
38905
38909
38911
38912
38918
38922
38926
38926
38928
38936
38938
38940
38947
38955
38956
38960
38962
38967
38970
38971
38971
38982
38987
38988
38991
38992
38997
39003
39005
39006
39007
39012
39020
39023
39055
39055
39057
39066
39076
39078
39080
39089
39094
39115
39123
39123
39125
39125
39126
39127
39142
39149
39150
39155
39160
39164
39168
39178
39182
39189
39192
39199
39202
39206
39210
39210
39214
39216
39239
39240
39243
39244
39250
39252
39253
39255
39263
39264
39268
39272
39273
39287
39292
39293
39300
39300
39303
39306
39315
39316
39322
39331
39341
39345
39349
39353
39356
39360
39364
39365
39366
39369
39370
39374
39375
39378
39380
39384
39384
39390
39390
39390
39399
39414
39415
39418
39426
39427
39428
39444
39450
39452
39455
39461
39466
39473
39474
39483
39488
39499
39511
39514
39515
39516
39519
39522
39529
39530
39530
39536
39544
39549
39554
39555
39562
39564
39566
39566
39568
39576
39576
39585
39590
39595
39595
39604
39610
39617
39617
39628
39635
39640
39641
39645
39647
39648
39654
39656
39656
39664
39677
39687
39688
39697
39702
39704
39710
39735
39737
39737
39743
39748
39748
39752
39752
39755
39756
39758
39763
39768
39782
39786
39792
39807
39808
39808
39809
39809
39812
39812
39815
39817
39820
39824
39830
39841
39843
39847
39862
39863
39866
39872
39875
39875
39878
39889
39895
39898
39899
39899
39900
39900
39908
39913
39919
39924
39929
39930
39931
39931
39932
39940
39944
39945
39961
39964
39977
39986
39989
39991
39995
39998
40006
40014
40023
40026
40035
40040
40040
40041
40050
40053
40053
40058
40060
40071
40091
40092
40094
40096
40099
40099
40100
40101
40102
40114
40118
40141
40142
40143
40153
40154
40157
40160
40166
40166
40172
40173
40191
40203
40213
40214
40215
40220
40220
40225
40226
40229
40230
40231
40233
40243
40250
40251
40255
40263
40269
40283
40284
40295
40296
40302
40306
40309
40319
40323
40335
40340
40342
40345
40355
40360
40363
40364
40372
40386
40386
40388
40390
40395
40403
40405
40405
40406
40411
40413
40427
40429
40437
40437
40444
40456
40457
40457
40457
40475
40476
40482
40485
40487
40488
40499
40520
40522
40523
40532
40533
40533
40534
40546
40585
40591
40591
40591
40594
40595
40597
40599
40601
40617
40623
40628
40629
40638
40638
40642
40644
40648
40650
40650
40669
40674
40678
40687
40693
40696
40705
40708
40714
40715
40717
40726
40730
40733
40736
40739
40741
40741
40742
40744
40750
40757
40757
40758
40766
40777
40780
40783
40783
40785
40789
40789
40789
40790
40791
40808
40816
40820
40824
40827
40829
40832
40832
40835
40836
40837
40842
40849
40857
40857
40858
40862
40870
40871
40877
40885
40886
40889
40890
40892
40899
40899
40901
40907
40917
40919
40923
40930
40934
40934
40936
40956
40957
40962
40966
40968
40970
40972
40977
40981
40999
41002
41006
41009
41009
41012
41014
41015
41015
41017
41019
41026
41034
41039
41039
41041
41043
41050
41061
41066
41072
41074
41077
41078
41083
41084
41094
41114
41116
41128
41129
41134
41140
41140
41142
41153
41166
41168
41175
41179
41185
41186
41195
41197
41203
41220
41221
41228
41231
41236
41236
41238
41241
41245
41249
41255
41259
41267
41269
41275
41275
41280
41280
41284
41285
41287
41307
41343
41347
41348
41354
41356
41370
41370
41374
41380
41381
41382
41383
41392
41392
41404
41415
41430
41431
41432
41434
41446
41451
41454
41464
41466
41467
41477
41482
41484
41500
41504
41505
41511
41519
41529
41531
41538
41543
41546
41557
41559
41565
41566
41567
41571
41577
41597
41600
41602
41604
41604
41604
41605
41609
41609
41619
41620
41621
41621
41625
41628
41629
41630
41637
41638
41641
41642
41658
41662
41665
41668
41681
41701
41708
41713
41721
41727
41728
41730
41732
41733
41734
41736
41736
41739
41756
41766
41771
41775
41779
41780
41790
41801
41807
41810
41812
41817
41818
41818
41826
41827
41831
41838
41838
41839
41848
41857
41857
41857
41863
41876
41877
41882
41884
41885
41886
41892
41896
41900
41900
41900
41904
41905
41910
41916
41917
41917
41918
41927
41928
41933
41938
41942
41947
41956
41966
41966
41968
41970
41978
41980
42000
42002
42007
42015
42017
42024
42032
42036
42055
42055
42058
42067
42068
42074
42076
42077
42079
42090
42095
42095
42104
42111
42119
42120
42125
42127
42132
42149
42152
42152
42155
42156
42158
42167
42180
42185
42192
42194
42198
42198
42200
42201
42213
42213
42214
42215
42216
42217
42228
42229
42232
42235
42248
42253
42255
42258
42258
42258
42265
42268
42274
42274
42277
42282
42294
42296
42307
42307
42316
42317
42337
42357
42362
42364
42367
42374
42386
42395
42401
42405
42414
42423
42427
42428
42451
42453
42467
42469
42477
42477
42479
42483
42488
42491
42499
42501
42504
42504
42505
42506
42508
42514
42514
42524
42530
42532
42532
42534
42557
42558
42562
42567
42568
42570
42575
42576
42577
42579
42586
42588
42591
42598
42604
42605
42611
42615
42626
42635
42636
42640
42655
42661
42662
42681
42687
42693
42695
42697
42700
42703
42704
42712
42716
42716
42721
42730
42730
42733
42738
42748
42749
42750
42755
42756
42760
42762
42770
42772
42777
42779
42780
42793
42814
42816
42818
42818
42825
42830
42848
42852
42854
42856
42871
42882
42888
42894
42894
42899
42902
42903
42907
42912
42912
42919
42924
42927
42935
42935
42935
42943
42943
42946
42953
42954
42958
42959
42959
42963
42966
42977
42986
42991
42991
43004
43009
43009
43013
43013
43013
43020
43035
43037
43042
43046
43050
43051
43051
43052
43081
43082
43098
43102
43102
43111
43123
43127
43152
43158
43159
43161
43167
43168
43178
43186
43188
43197
43208
43213
43218
43218
43227
43236
43240
43243
43243
43249
43254
43255
43256
43260
43261
43263
43269
43271
43271
43277
43280
43289
43292
43295
43300
43300
43302
43303
43305
43306
43307
43307
43308
43313
43316
43323
43333
43333
43335
43335
43337
43340
43352
43352
43357
43364
43372
43374
43384
43388
43389
43398
43404
43405
43410
43415
43416
43418
43424
43425
43428
43429
43432
43434
43436
43437
43445
43447
43448
43453
43453
43454
43455
43459
43462
43462
43470
43472
43479
43480
43488
43491
43502
43517
43531
43546
43550
43551
43556
43561
43575
43579
43581
43581
43589
43599
43601
43601
43602
43604
43607
43639
43643
43643
43647
43649
43658
43660
43672
43675
43675
43682
43693
43697
43700
43700
43700
43701
43701
43705
43706
43710
43711
43724
43733
43733
43736
43739
43759
43770
43773
43782
43788
43788
43809
43810
43811
43820
43826
43846
43853
43858
43860
43860
43864
43884
43900
43900
43901
43904
43905
43916
43918
43919
43920
43933
43937
43945
43946
43948
43948
43954
43955
43962
43963
43967
43979
43986
43994
43995
43995
44001
44004
44010
44015
44015
44020
44021
44025
44030
44035
44038
44040
44041
44041
44041
44043
44044
44056
44066
44068
44071
44075
44075
44076
44081
44081
44082
44085
44086
44088
44096
44119
44122
44130
44149
44165
44167
44168
44175
44177
44188
44193
44193
44193
44200
44208
44215
44216
44218
44228
44230
44240
44240
44252
44263
44269
44281
44286
44288
44292
44304
44305
44306
44306
44312
44312
44330
44336
44341
44344
44347
44352
44357
44374
44376
44386
44387
44387
44394
44396
44413
44416
44417
44419
44420
44421
44423
44437
44448
44450
44453
44457
44462
44465
44469
44475
44489
44507
44509
44518
44528
44532
44545
44546
44547
44551
44554
44555
44558
44563
44563
44569
44569
44575
44579
44581
44582
44586
44586
44591
44609
44612
44616
44623
44634
44636
44642
44644
44647
44649
44657
44675
44685
44689
44696
44697
44698
44706
44711
44715
44718
44723
44727
44729
44730
44732
44745
44748
44752
44769
44773
44775
44781
44782
44784
44785
44792
44797
44806
44817
44826
44827
44827
44836
44839
44844
44844
44848
44860
44862
44871
44895
44898
44903
44905
44905
44906
44918
44922
44922
44922
44923
44924
44924
44941
44942
44945
44953
44964
44972
44980
44980
44987
44996
44997
45000
45004
45004
45011
45012
45015
45031
45034
45037
45044
45045
45054
45062
45072
45072
45073
45077
45080
45087
45097
45097
45098
45113
45122
45124
45128
45143
45147
45156
45160
45161
45169
45172
45179
45190
45191
45198
45202
45228
45239
45239
45254
45257
45259
45259
45265
45281
45283
45284
45285
45285
45287
45295
45299
45305
45308
45315
45319
45319
45331
45333
45334
45344
45347
45360
45362
45375
45377
45377
45392
45399
45408
45416
45422
45423
45423
45427
45428
45431
45432
45432
45435
45439
45441
45443
45444
45446
45474
45481
45492
45494
45495
45499
45500
45503
45509
45516
45520
45528
45530
45532
45539
45540
45541
45554
45555
45566
45569
45576
45577
45579
45584
45592
45593
45597
45597
45612
45617
45617
45622
45623
45633
45646
45648
45651
45658
45668
45668
45671
45671
45672
45673
45676
45678
45679
45687
45689
45697
45701
45703
45712
45713
45714
45714
45721
45730
45730
45741
45741
45751
45754
45755
45758
45769
45783
45784
45793
45797
45800
45807
45817
45837
45839
45840
45842
45853
45856
45864
45865
45877
45883
45886
45887
45896
45898
45910
45911
45917
45918
45919
45920
45920
45929
45939
45943
45945
45946
45949
45951
45953
45960
45970
45971
45972
46008
46021
46022
46025
46027
46027
46028
46029
46031
46038
46041
46045
46049
46054
46069
46070
46077
46088
46094
46095
46097
46099
46099
46107
46107
46108
46111
46112
46113
46115
46125
46126
46136
46137
46143
46143
46146
46146
46152
46153
46154
46159
46164
46170
46174
46176
46177
46209
46211
46218
46220
46237
46241
46248
46249
46250
46256
46260
46269
46272
46277
46283
46299
46306
46307
46307
46311
46315
46320
46324
46324
46327
46328
46336
46340
46344
46346
46349
46350
46354
46357
46361
46374
46375
46381
46384
46385
46385
46388
46392
46407
46417
46423
46427
46430
46433
46448
46451
46453
46458
46464
46467
46473
46473
46475
46476
46477
46479
46483
46484
46501
46502
46511
46516
46525
46536
46547
46548
46548
46550
46551
46554
46558
46559
46561
46575
46577
46583
46589
46593
46593
46596
46605
46612
46613
46617
46620
46628
46632
46634
46649
46651
46652
46662
46668
46669
46683
46684
46690
46692
46693
46708
46709
46711
46711
46713
46725
46732
46732
46734
46745
46758
46761
46765
46768
46770
46771
46778
46787
46792
46795
46801
46805
46809
46812
46813
46813
46815
46820
46826
46832
46832
46840
46843
46844
46847
46854
46867
46872
46873
46880
46882
46883
46908
46916
46933
46937
46939
46945
46959
46959
46959
46965
46968
46973
46975
46975
46975
46981
46998
47001
47005
47010
47011
47030
47033
47042
47054
47055
47056
47059
47066
47070
47077
47079
47086
47089
47115
47115
47128
47134
47136
47142
47143
47143
47146
47153
47164
47170
47171
47177
47179
47196
47201
47203
47203
47209
47212
47225
47227
47230
47234
47245
47253
47255
47256
47257
47258
47261
47273
47275
47278
47279
47285
47287
47289
47290
47297
47303
47303
47307
47313
47316
47321
47322
47326
47337
47348
47348
47351
47353
47372
47380
47381
47383
47385
47397
47401
47404
47409
47422
47423
47424
47425
47425
47433
47449
47450
47450
47454
47456
47461
47469
47469
47469
47474
47475
47476
47482
47483
47500
47502
47507
47508
47511
47516
47517
47519
47523
47525
47533
47534
47534
47535
47535
47540
47543
47546
47551
47553
47553
47554
47555
47558
47565
47566
47573
47577
47579
47579
47580
47584
47588
47590
47590
47594
47596
47604
47607
47617
47617
47620
47634
47641
47646
47661
47661
47664
47669
47672
47674
47679
47686
47686
47691
47691
47696
47698
47700
47709
47709
47722
47723
47724
47735
47738
47739
47747
47757
47768
47769
47769
47770
47774
47783
47789
47791
47794
47797
47798
47812
47814
47815
47816
47823
47827
47834
47840
47841
47859
47863
47869
47871
47871
47880
47881
47887
47887
47891
47893
47896
47900
47907
47910
47912
47913
47915
47920
47925
47928
47928
47929
47929
47933
47944
47948
47985
47992
47994
47996
48006
48010
48010
48018
48023
48028
48038
48042
48046
48047
48059
48060
48072
48076
48089
48101
48106
48109
48120
48121
48137
48140
48140
48142
48146
48147
48159
48161
48162
48181
48185
48189
48191
48199
48206
48207
48224
48232
48232
48235
48238
48245
48265
48276
48281
48287
48291
48299
48303
48304
48305
48311
48315
48321
48324
48329
48336
48337
48346
48348
48356
48359
48360
48371
48378
48382
48383
48384
48388
48390
48392
48404
48405
48411
48419
48419
48422
48422
48427
48430
48431
48435
48441
48457
48460
48466
48474
48477
48479
48480
48483
48486
48493
48503
48505
48506
48507
48511
48515
48518
48528
48529
48531
48554
48563
48564
48567
48570
48602
48614
48625
48631
48632
48635
48635
48650
48656
48662
48672
48672
48674
48676
48678
48680
48681
48687
48689
48700
48703
48705
48708
48712
48721
48725
48730
48737
48739
48744
48748
48753
48761
48762
48763
48765
48770
48770
48772
48782
48798
48802
48811
48818
48819
48824
48833
48840
48843
48843
48845
48846
48871
48880
48885
48886
48899
48903
48903
48903
48913
48917
48917
48933
48945
48964
48971
48980
48984
48989
49000
49004
49006
49011
49015
49016
49017
49017
49024
49026
49026
49033
49033
49038
49040
49043
49045
49057
49061
49063
49072
49077
49079
49079
49084
49085
49087
49088
49091
49095
49102
49102
49105
49106
49106
49115
49116
49117
49119
49124
49128
49137
49137
49138
49138
49175
49180
49183
49192
49202
49207
49207
49212
49224
49226
49229
49233
49252
49254
49258
49259
49263
49280
49280
49288
49298
49303
49312
49315
49322
49327
49328
49333
49336
49346
49359
49368
49369
49369
49384
49389
49395
49398
49404
49419
49422
49435
49440
49459
49460
49471
49484
49489
49490
49499
49508
49513
49518
49525
49531
49532
49539
49550
49551
49561
49561
49567
49575
49576
49582
49598
49601
49602
49603
49621
49624
49627
49629
49630
49631
49641
49641
49642
49642
49660
49664
49671
49681
49690
49700
49702
49714
49718
49721
49721
49732
49733
49740
49741
49741
49756
49762
49769
49771
49776
49777
49778
49793
49810
49813
49817
49820
49822
49824
49829
49832
49840
49853
49865
49867
49874
49879
49881
49885
49886
49889
49895
49898
49899
49899
49907
49921
49923
49926
49926
49930
49931
49933
49935
49937
49943
49950
49952
49961
49962
49963
49965
49967
49969
49970
49972
49986
49991
49998
50007
50010
50011
50019
50022
50027
50032
50049
50053
50062
50065
50071
50073
50076
50080
50081
50087
50087
50087
50097
50113
50122
50128
50136
50140
50152
50154
50155
50169
50170
50171
50175
50179
50180
50185
50188
50189
50199
50202
50202
50203
50204
50212
50212
50223
50246
50250
50252
50253
50258
50263
50266
50271
50275
50282
50283
50289
50289
50296
50302
50322
50330
50333
50343
50347
50350
50360
50366
50377
50388
50392
50392
50393
50396
50396
50397
50400
50410
50416
50427
50435
50437
50439
50440
50441
50444
50448
50454
50456
50457
50458
50459
50467
50469
50473
50483
50490
50491
50491
50496
50516
50520
50534
50536
50555
50557
50557
50558
50561
50568
50575
50580
50583
50584
50593
50599
50610
50615
50615
50619
50620
50629
50630
50635
50635
50663
50665
50666
50668
50674
50677
50683
50688
50691
50700
50715
50717
50718
50719
50725
50726
50729
50735
50735
50749
50753
50763
50765
50770
50777
50778
50779
50782
50783
50790
50791
50800
50801
50804
50813
50815
50815
50819
50822
50824
50827
50835
50837
50843
50843
50854
50855
50866
50892
50897
50900
50902
50903
50907
50913
50917
50917
50921
50922
50937
50949
50951
50956
50956
50963
50972
50988
51003
51005
51010
51013
51014
51017
51028
51030
51031
51036
51040
51041
51058
51064
51070
51072
51072
51083
51083
51085
51090
51094
51095
51099
51104
51107
51110
51120
51131
51142
51150
51152
51157
51157
51157
51164
51166
51172
51172
51177
51178
51180
51184
51185
51186
51215
51219
51219
51226
51226
51228
51228
51229
51230
51243
51255
51257
51265
51275
51275
51290
51291
51297
51299
51300
51310
51315
51319
51322
51325
51334
51339
51340
51341
51348
51384
51387
51388
51393
51394
51395
51395
51398
51408
51420
51422
51433
51439
51447
51454
51457
51477
51482
51483
51487
51488
51491
51497
51500
51500
51523
51526
51527
51527
51529
51532
51536
51544
51544
51563
51565
51587
51611
51613
51615
51618
51618
51622
51624
51627
51628
51629
51635
51644
51645
51648
51654
51657
51666
51674
51681
51693
51697
51699
51703
51708
51711
51714
51715
51717
51729
51737
51743
51749
51754
51763
51766
51772
51774
51777
51780
51794
51801
51809
51812
51823
51825
51827
51827
51832
51842
51847
51849
51857
51870
51875
51879
51881
51885
51887
51887
51888
51899
51899
51904
51904
51910
51918
51925
51926
51932
51944
51961
51979
51990
51994
51998
52002
52003
52006
52007
52008
52012
52016
52016
52019
52035
52035
52037
52038
52040
52041
52045
52046
52052
52060
52064
52068
52077
52083
52096
52105
52109
52109
52109
52110
52132
52167
52174
52182
52189
52192
52196
52196
52197
52204
52206
52207
52210
52219
52234
52245
52246
52254
52263
52264
52274
52291
52294
52296
52296
52299
52303
52306
52309
52313
52318
52323
52325
52325
52328
52347
52354
52357
52362
52365
52374
52376
52380
52386
52392
52392
52402
52402
52406
52407
52411
52413
52427
52428
52431
52432
52435
52437
52437
52442
52443
52453
52465
52467
52475
52475
52482
52492
52497
52513
52513
52516
52517
52521
52521
52524
52524
52533
52533
52537
52538
52541
52549
52557
52562
52565
52573
52576
52591
52601
52604
52604
52604
52605
52614
52618
52624
52627
52629
52637
52638
52640
52650
52652
52654
52661
52666
52674
52674
52675
52680
52680
52692
52693
52698
52712
52714
52725
52729
52730
52739
52741
52745
52750
52762
52762
52775
52781
52784
52786
52798
52812
52820
52821
52824
52833
52835
52847
52857
52861
52868
52872
52878
52879
52883
52885
52887
52897
52902
52902
52906
52916
52916
52916
52917
52920
52923
52928
52931
52936
52942
52945
52945
52945
52951
52954
52956
52965
52966
52967
52969
52970
52974
52977
52993
52997
52999
53004
53009
53014
53016
53019
53021
53029
53034
53038
53049
53052
53053
53056
53057
53063
53078
53078
53078
53085
53087
53090
53096
53096
53113
53121
53122
53123
53130
53131
53139
53140
53146
53147
53148
53148
53150
53152
53154
53158
53159
53162
53179
53181
53182
53182
53184
53184
53191
53191
53199
53202
53213
53218
53226
53229
53230
53231
53234
53239
53239
53245
53247
53260
53267
53278
53286
53291
53293
53304
53307
53309
53314
53315
53318
53326
53329
53331
53332
53337
53339
53351
53365
53377
53380
53380
53385
53392
53409
53409
53410
53427
53428
53434
53447
53450
53454
53459
53460
53465
53473
53475
53475
53477
53479
53490
53500
53504
53506
53507
53508
53508
53509
53513
53535
53539
53540
53546
53547
53555
53582
53582
53598
53599
53601
53609
53610
53616
53640
53651
53652
53653
53658
53664
53674
53687
53697
53697
53700
53703
53705
53710
53710
53718
53722
53724
53726
53729
53731
53734
53741
53748
53749
53754
53760
53771
53775
53779
53780
53784
53789
53791
53797
53813
53814
53816
53816
53816
53819
53823
53823
53826
53827
53841
53844
53850
53858
53866
53867
53870
53870
53879
53886
53891
53897
53900
53909
53911
53921
53929
53933
53936
53936
53939
53955
53964
53980
53986
53991
53991
53993
54000
54000
54003
54004
54004
54006
54008
54011
54012
54024
54030
54033
54033
54035
54048
54049
54050
54069
54074
54074
54080
54081
54083
54093
54095
54096
54100
54119
54121
54123
54123
54127
54133
54141
54143
54148
54149
54150
54155
54157
54160
54164
54171
54172
54182
54183
54188
54193
54210
54214
54214
54216
54230
54241
54247
54249
54252
54254
54260
54269
54288
54290
54296
54305
54309
54313
54314
54315
54318
54321
54323
54329
54330
54342
54352
54356
54359
54362
54363
54365
54372
54376
54381
54382
54389
54399
54401
54412
54413
54413
54419
54420
54425
54443
54446
54454
54454
54458
54461
54468
54469
54469
54474
54477
54482
54483
54485
54494
54494
54496
54501
54512
54518
54518
54524
54525
54533
54539
54540
54540
54542
54542
54553
54569
54592
54593
54594
54603
54604
54606
54608
54617
54617
54621
54623
54626
54630
54630
54642
54654
54661
54665
54667
54668
54670
54679
54679
54682
54683
54688
54691
54691
54700
54703
54710
54721
54728
54733
54740
54743
54743
54756
54763
54765
54773
54786
54786
54787
54789
54791
54794
54795
54795
54800
54805
54809
54810
54814
54816
54816
54822
54825
54826
54830
54834
54838
54847
54853
54854
54855
54856
54866
54881
54886
54888
54901
54925
54927
54932
54937
54938
54942
54945
54951
54957
54958
54964
54964
54970
54972
54986
54988
54988
54990
54996
54996
54997
55004
55007
55014
55017
55020
55025
55026
55032
55034
55041
55043
55043
55045
55057
55059
55063
55077
55085
55095
55105
55109
55111
55112
55117
55119
55125
55146
55149
55151
55167
55169
55173
55176
55198
55203
55205
55221
55221
55223
55234
55235
55239
55241
55244
55246
55252
55253
55261
55261
55263
55272
55272
55273
55273
55274
55276
55292
55296
55297
55298
55299
55302
55313
55314
55322
55322
55323
55340
55345
55350
55376
55378
55382
55383
55387
55393
55393
55398
55408
55410
55415
55422
55425
55430
55433
55446
55455
55468
55473
55481
55481
55490
55500
55500
55501
55507
55508
55511
55513
55518
55520
55521
55524
55526
55529
55529
55531
55538
55538
55545
55549
55563
55570
55579
55580
55584
55588
55589
55592
55598
55618
55637
55638
55642
55642
55656
55656
55658
55660
55664
55665
55667
55668
55670
55671
55671
55684
55697
55700
55701
55702
55703
55707
55710
55711
55714
55715
55724
55725
55732
55734
55734
55735
55742
55742
55748
55750
55752
55757
55760
55764
55770
55774
55774
55774
55780
55786
55788
55788
55793
55794
55794
55796
55798
55808
55808
55810
55810
55825
55827
55836
55843
55844
55850
55854
55855
55865
55869
55874
55874
55879
55881
55882
55886
55888
55891
55894
55897
55897
55914
55920
55935
55946
55954
55958
55959
55970
55972
55976
55978
55979
55980
55983
55983
55993
55994
55994
56004
56008
56010
56015
56026
56029
56030
56032
56038
56039
56041
56045
56050
56055
56055
56059
56073
56077
56094
56103
56107
56112
56113
56116
56130
56150
56158
56175
56176
56178
56184
56185
56186
56187
56189
56190
56191
56194
56200
56200
56205
56206
56206
56214
56217
56217
56252
56257
56265
56265
56268
56270
56271
56277
56279
56283
56290
56310
56315
56324
56331
56337
56338
56338
56339
56339
56340
56344
56345
56347
56350
56350
56352
56352
56352
56353
56353
56354
56359
56372
56382
56390
56397
56398
56404
56405
56406
56406
56413
56415
56420
56425
56426
56430
56434
56438
56446
56460
56466
56472
56497
56500
56502
56502
56504
56508
56512
56513
56513
56533
56543
56546
56548
56551
56563
56564
56564
56567
56573
56580
56584
56590
56595
56595
56597
56598
56618
56623
56626
56632
56633
56635
56639
56639
56643
56648
56654
56676
56677
56679
56683
56685
56688
56688
56692
56697
56698
56708
56714
56722
56726
56732
56737
56738
56739
56747
56751
56755
56758
56758
56759
56761
56764
56764
56771
56779
56791
56801
56802
56806
56806
56822
56823
56845
56849
56853
56858
56858
56893
56899
56904
56908
56911
56918
56920
56922
56935
56936
56937
56939
56946
56949
56968
56969
56975
56975
56979
56984
56984
56985
56987
56998
57000
57003
57004
57006
57006
57025
57026
57031
57042
57045
57046
57049
57059
57080
57083
57090
57111
57119
57135
57136
57138
57139
57168
57173
57177
57178
57184
57191
57193
57197
57205
57234
57237
57240
57243
57245
57257
57262
57267
57275
57275
57293
57308
57324
57328
57332
57334
57335
57336
57343
57344
57349
57351
57353
57362
57363
57365
57371
57376
57381
57381
57385
57394
57397
57397
57407
57409
57414
57416
57422
57426
57429
57431
57432
57432
57435
57445
57447
57455
57473
57478
57495
57499
57500
57512
57512
57517
57524
57526
57532
57532
57539
57540
57540
57541
57542
57556
57559
57560
57562
57563
57565
57572
57577
57587
57589
57592
57593
57596
57596
57605
57613
57617
57623
57634
57638
57653
57658
57665
57682
57688
57690
57690
57692
57695
57698
57704
57704
57711
57717
57726
57730
57731
57737
57738
57740
57740
57744
57751
57753
57758
57759
57767
57772
57774
57776
57776
57783
57786
57790
57799
57800
57801
57806
57806
57807
57816
57823
57823
57829
57836
57836
57839
57840
57841
57849
57858
57858
57859
57860
57864
57871
57876
57887
57888
57900
57906
57913
57917
57919
57921
57922
57936
57936
57938
57942
57943
57948
57948
57951
57958
57967
57968
57972
57972
57974
58002
58006
58010
58011
58013
58016
58020
58029
58032
58041
58045
58068
58073
58074
58077
58086
58088
58092
58098
58100
58102
58109
58111
58112
58114
58123
58124
58133
58134
58135
58141
58146
58153
58156
58157
58169
58173
58174
58175
58179
58195
58196
58196
58200
58207
58216
58218
58219
58222
58230
58238
58247
58261
58267
58274
58281
58282
58284
58289
58300
58300
58305
58306
58307
58310
58310
58313
58327
58333
58336
58341
58344
58361
58369
58369
58370
58375
58386
58390
58391
58396
58398
58398
58407
58415
58420
58422
58424
58432
58437
58438
58442
58442
58444
58445
58445
58446
58452
58461
58480
58485
58485
58495
58496
58497
58500
58502
58504
58514
58515
58516
58522
58527
58528
58534
58535
58538
58544
58549
58549
58554
58556
58563
58577
58590
58594
58600
58609
58612
58623
58624
58629
58630
58631
58632
58647
58662
58663
58664
58668
58679
58680
58682
58693
58717
58719
58725
58734
58747
58748
58753
58754
58756
58758
58764
58765
58765
58770
58780
58788
58790
58793
58795
58796
58813
58816
58824
58837
58837
58838
58841
58864
58874
58877
58878
58881
58884
58889
58890
58896
58904
58907
58909
58915
58921
58921
58922
58924
58924
58941
58950
58954
58964
58965
58965
58969
58970
58971
58976
58976
58986
58986
58996
58998
59000
59013
59015
59020
59023
59023
59033
59037
59038
59058
59059
59060
59064
59068
59069
59075
59084
59087
59092
59096
59098
59107
59113
59121
59121
59134
59136
59145
59157
59163
59165
59170
59172
59173
59175
59176
59177
59177
59186
59192
59197
59199
59199
59203
59214
59215
59224
59232
59232
59234
59239
59241
59246
59251
59258
59260
59262
59268
59274
59281
59285
59286
59297
59299
59320
59323
59328
59331
59339
59339
59341
59344
59353
59354
59354
59356
59357
59375
59380
59381
59384
59395
59400
59401
59406
59408
59410
59415
59416
59427
59431
59432
59433
59445
59459
59462
59476
59477
59478
59482
59494
59495
59498
59505
59514
59514
59520
59520
59541
59545
59545
59548
59551
59555
59556
59560
59565
59566
59571
59571
59579
59584
59590
59591
59591
59594
59596
59602
59604
59611
59619
59624
59639
59639
59641
59642
59644
59650
59666
59672
59682
59683
59688
59689
59695
59705
59706
59706
59706
59707
59708
59717
59720
59724
59729
59730
59732
59733
59739
59746
59748
59755
59757
59758
59760
59769
59773
59773
59780
59787
59790
59803
59810
59811
59815
59818
59824
59826
59830
59833
59837
59837
59846
59847
59847
59856
59858
59860
59861
59861
59869
59869
59910
59912
59914
59925
59931
59938
59944
59950
59962
59965
59969
59973
59979
59981
59989
59996
60000
60003
60005
60007
60007
60011
60014
60014
60026
60031
60034
60036
60047
60048
60048
60052
60058
60061
60065
60067
60069
60072
60074
60080
60088
60101
60101
60108
60111
60111
60112
60112
60113
60115
60117
60121
60124
60130
60133
60144
60147
60147
60156
60171
60208
60214
60215
60222
60225
60233
60238
60245
60247
60257
60259
60261
60265
60279
60282
60285
60301
60315
60323
60323
60326
60327
60332
60340
60345
60353
60353
60357
60358
60359
60371
60374
60383
60385
60408
60414
60424
60426
60428
60439
60446
60449
60451
60461
60483
60484
60491
60493
60509
60511
60513
60513
60515
60518
60530
60533
60545
60550
60552
60554
60565
60577
60577
60586
60588
60591
60595
60599
60599
60600
60604
60608
60612
60614
60614
60620
60621
60623
60624
60626
60628
60629
60655
60662
60665
60669
60669
60675
60676
60677
60679
60681
60687
60688
60690
60696
60697
60698
60701
60705
60710
60717
60725
60727
60742
60743
60744
60745
60754
60761
60783
60786
60787
60804
60809
60827
60828
60844
60852
60857
60862
60866
60867
60867
60881
60891
60896
60898
60908
60908
60911
60913
60917
60924
60937
60938
60938
60940
60943
60961
60962
60966
60971
60971
60972
60995
61002
61005
61017
61017
61017
61025
61025
61032
61034
61046
61049
61049
61051
61052
61067
61069
61075
61079
61081
61082
61088
61089
61091
61091
61100
61106
61118
61118
61118
61124
61137
61139
61153
61156
61159
61159
61165
61170
61173
61173
61174
61185
61189
61190
61191
61199
61214
61214
61216
61225
61226
61247
61248
61256
61256
61257
61259
61261
61262
61268
61270
61281
61283
61284
61306
61313
61322
61326
61332
61339
61342
61356
61359
61359
61361
61365
61379
61379
61385
61388
61392
61393
61397
61415
61417
61428
61431
61442
61447
61451
61459
61471
61477
61479
61480
61483
61486
61491
61496
61505
61511
61512
61515
61525
61531
61533
61537
61543
61544
61549
61551
61559
61564
61575
61577
61577
61578
61584
61586
61594
61595
61597
61597
61598
61600
61601
61608
61615
61619
61634
61636
61640
61656
61656
61664
61670
61678
61686
61699
61707
61708
61709
61729
61730
61730
61731
61733
61739
61741
61754
61759
61786
61796
61798
61800
61801
61807
61811
61812
61812
61820
61838
61839
61841
61846
61848
61852
61853
61854
61858
61859
61876
61885
61894
61902
61908
61920
61924
61926
61953
61954
61958
61962
61965
61965
61970
61977
61977
61978
61983
61987
61990
61991
62008
62011
62020
62020
62023
62030
62038
62048
62050
62055
62057
62063
62068
62069
62074
62076
62078
62085
62096
62099
62101
62103
62106
62107
62118
62120
62120
62126
62138
62145
62161
62172
62173
62178
62186
62187
62192
62195
62200
62200
62201
62205
62209
62211
62212
62247
62249
62253
62257
62260
62271
62292
62295
62307
62309
62315
62318
62318
62318
62325
62329
62343
62349
62349
62352
62357
62359
62361
62362
62371
62373
62379
62382
62383
62392
62394
62408
62410
62416
62428
62429
62433
62437
62443
62449
62465
62466
62468
62488
62488
62490
62494
62495
62497
62499
62501
62503
62506
62509
62511
62531
62538
62542
62544
62545
62547
62547
62549
62554
62555
62556
62576
62597
62597
62599
62602
62604
62609
62611
62614
62626
62626
62638
62640
62648
62650
62656
62657
62657
62658
62660
62660
62667
62667
62684
62685
62687
62689
62693
62705
62715
62717
62728
62730
62733
62741
62741
62751
62760
62760
62766
62766
62767
62770
62780
62780
62782
62784
62809
62811
62812
62813
62814
62829
62838
62840
62844
62844
62846
62855
62861
62865
62873
62873
62876
62881
62881
62882
62886
62893
62896
62907
62911
62916
62919
62932
62939
62941
62950
62956
62964
62965
62974
62974
62988
62988
62990
62991
63000
63005
63012
63026
63029
63032
63039
63040
63050
63053
63055
63056
63062
63069
63071
63080
63082
63082
63085
63087
63090
63096
63098
63099
63104
63112
63115
63123
63126
63145
63145
63145
63147
63150
63152
63153
63162
63165
63166
63168
63169
63170
63175
63175
63177
63199
63202
63229
63233
63244
63249
63253
63254
63255
63258
63264
63268
63269
63270
63283
63288
63291
63295
63300
63302
63308
63314
63317
63327
63339
63339
63342
63352
63353
63355
63358
63365
63367
63367
63374
63378
63385
63387
63390
63400
63401
63401
63406
63409
63410
63410
63411
63414
63419
63423
63424
63425
63429
63432
63438
63438
63439
63446
63446
63452
63452
63453
63455
63455
63457
63458
63465
63466
63473
63487
63490
63492
63529
63534
63549
63555
63556
63557
63558
63558
63561
63563
63564
63569
63574
63577
63583
63588
63594
63597
63600
63601
63602
63607
63612
63618
63629
63630
63641
63643
63649
63653
63659
63666
63668
63670
63679
63686
63689
63700
63710
63712
63724
63725
63735
63746
63751
63752
63770
63775
63785
63790
63791
63818
63825
63825
63826
63830
63831
63832
63843
63843
63848
63851
63854
63861
63869
63877
63877
63887
63892
63897
63898
63905
63912
63914
63915
63925
63932
63937
63948
63949
63953
63954
63966
63968
63980
63983
63986
63987
63987
63988
63993
63999
64000
64001
64002
64013
64023
64025
64032
64033
64043
64046
64059
64059
64061
64062
64063
64067
64068
64070
64073
64078
64082
64086
64089
64095
64100
64102
64106
64109
64109
64110
64112
64114
64124
64132
64136
64139
64140
64145
64153
64157
64160
64165
64166
64174
64177
64184
64186
64192
64208
64214
64218
64222
64223
64224
64225
64227
64231
64233
64243
64249
64251
64253
64257
64258
64262
64263
64268
64273
64275
64282
64286
64288
64293
64294
64295
64297
64301
64303
64316
64324
64325
64335
64337
64341
64350
64350
64351
64352
64354
64357
64360
64361
64362
64364
64368
64370
64372
64372
64384
64387
64388
64389
64394
64420
64434
64447
64452
64461
64467
64475
64482
64489
64495
64496
64501
64505
64507
64508
64511
64518
64520
64533
64534
64539
64548
64555
64565
64569
64571
64575
64576
64580
64581
64597
64604
64619
64626
64629
64629
64634
64646
64660
64666
64675
64680
64680
64682
64689
64696
64710
64710
64722
64723
64726
64730
64733
64735
64749
64751
64757
64758
64761
64767
64768
64781
64783
64784
64788
64790
64790
64792
64801
64801
64802
64808
64811
64813
64822
64824
64828
64835
64848
64851
64852
64856
64861
64864
64875
64878
64884
64884
64888
64892
64898
64898
64901
64902
64915
64922
64928
64940
64940
64947
64950
64952
64961
64964
64967
64968
64973
64974
64975
64981
64982
64984
64984
64985
64989
64991
65014
65017
65018
65026
65039
65043
65050
65058
65059
65065
65069
65071
65075
65084
65087
65089
65089
65090
65094
65112
65118
65121
65122
65124
65126
65127
65127
65130
65130
65133
65136
65139
65140
65147
65147
65158
65161
65162
65166
65183
65186
65191
65194
65196
65208
65209
65216
65217
65224
65235
65236
65238
65240
65241
65256
65257
65258
65260
65260
65268
65271
65281
65285
65290
65293
65299
65300
65302
65306
65307
65311
65324
65333
65339
65343
65344
65349
65349
65351
65355
65358
65371
65377
65390
65408
65419
65421
65421
65422
65425
65438
65438
65439
65439
65443
65444
65450
65450
65451
65453
65462
65470
65474
65477
65489
65500
65503
65504
65505
65508
65512
65513
65516
65521
65529
65536
65536
65538
65540
65549
65550
65559
65561
65564
65567
65570
65571
65574
65576
65578
65579
65579
65582
65583
65590
65592
65605
65608
65609
65613
65628
65631
65632
65637
65644
65648
65648
65652
65671
65673
65676
65679
65684
65693
65693
65693
65696
65700
65703
65712
65712
65716
65718
65718
65728
65729
65730
65738
65738
65765
65774
65775
65780
65782
65785
65789
65798
65808
65817
65821
65834
65836
65848
65851
65853
65858
65862
65878
65883
65883
65885
65888
65889
65891
65894
65902
65904
65906
65906
65908
65909
65916
65920
65921
65921
65929
65933
65938
65949
65951
65955
65956
65957
65971
65972
65977
65979
65980
65985
65988
65993
65994
65994
65997
66004
66006
66011
66016
66018
66026
66030
66033
66034
66035
66036
66037
66042
66046
66051
66062
66078
66083
66086
66092
66098
66112
66119
66138
66172
66174
66175
66176
66180
66193
66204
66209
66210
66214
66218
66219
66223
66236
66239
66250
66272
66275
66278
66291
66298
66298
66303
66310
66317
66318
66325
66328
66330
66333
66336
66338
66341
66345
66348
66350
66357
66359
66369
66376
66379
66381
66383
66383
66386
66400
66408
66409
66414
66420
66420
66421
66423
66428
66435
66438
66440
66448
66452
66454
66454
66455
66456
66466
66473
66485
66488
66494
66509
66511
66523
66533
66537
66537
66539
66539
66544
66546
66554
66561
66562
66568
66568
66571
66578
66583
66588
66590
66596
66603
66610
66611
66617
66618
66630
66631
66637
66644
66652
66652
66656
66659
66677
66680
66690
66699
66715
66716
66716
66728
66739
66745
66746
66746
66747
66757
66775
66784
66785
66786
66795
66800
66805
66812
66812
66814
66842
66843
66847
66854
66868
66875
66881
66886
66889
66913
66922
66924
66924
66924
66927
66930
66935
66941
66944
66945
66949
66954
66954
66958
66964
66964
66965
66968
66972
66982
66991
66993
66994
67001
67003
67011
67017
67018
67019
67032
67047
67048
67050
67059
67066
67078
67092
67094
67104
67115
67121
67123
67149
67150
67168
67172
67174
67178
67187
67196
67203
67207
67215
67219
67226
67227
67236
67238
67239
67241
67245
67246
67251
67254
67259
67264
67265
67282
67283
67284
67292
67299
67303
67304
67307
67309
67311
67313
67319
67321
67323
67340
67353
67357
67366
67374
67379
67381
67383
67396
67400
67403
67406
67409
67411
67416
67431
67444
67455
67463
67476
67481
67482
67485
67486
67486
67491
67493
67499
67501
67503
67511
67511
67518
67527
67536
67553
67559
67560
67560
67563
67570
67572
67578
67585
67588
67591
67591
67595
67599
67599
67605
67606
67613
67613
67615
67615
67620
67621
67630
67643
67645
67652
67654
67657
67661
67663
67664
67665
67670
67677
67680
67681
67681
67682
67682
67694
67712
67713
67751
67758
67767
67770
67776
67779
67781
67783
67792
67800
67806
67808
67810
67810
67811
67813
67818
67819
67822
67823
67827
67830
67831
67836
67838
67842
67844
67845
67848
67851
67855
67865
67869
67871
67875
67893
67895
67905
67910
67911
67911
67915
67916
67917
67918
67920
67921
67924
67930
67939
67942
67945
67950
67951
67952
67955
67957
67960
67962
67963
67982
67990
67994
68004
68005
68007
68007
68008
68016
68052
68063
68070
68072
68074
68076
68076
68083
68084
68088
68089
68103
68114
68116
68119
68122
68124
68129
68140
68144
68145
68147
68177
68187
68189
68194
68196
68200
68205
68209
68214
68214
68223
68229
68229
68237
68241
68244
68247
68251
68272
68294
68302
68305
68324
68332
68333
68340
68364
68365
68373
68380
68391
68393
68394
68394
68403
68415
68427
68438
68438
68443
68444
68455
68464
68467
68481
68482
68482
68483
68486
68489
68500
68507
68507
68513
68515
68526
68543
68549
68553
68557
68558
68560
68566
68576
68577
68584
68593
68595
68600
68602
68602
68603
68608
68614
68626
68633
68638
68648
68648
68649
68649
68660
68671
68674
68675
68676
68677
68683
68685
68690
68695
68695
68696
68698
68700
68703
68705
68705
68708
68711
68718
68720
68722
68722
68724
68733
68736
68744
68745
68749
68750
68751
68761
68767
68775
68779
68782
68783
68783
68784
68789
68805
68809
68812
68812
68812
68819
68822
68824
68826
68831
68835
68848
68849
68851
68854
68858
68861
68862
68864
68873
68878
68886
68886
68889
68889
68895
68910
68912
68914
68915
68915
68919
68922
68927
68951
68952
68972
68975
68977
68979
68980
68993
68996
69003
69021
69024
69027
69028
69039
69043
69049
69054
69062
69063
69069
69070
69070
69071
69071
69072
69076
69077
69082
69087
69095
69096
69097
69097
69098
69101
69110
69125
69131
69138
69142
69143
69146
69152
69161
69163
69171
69171
69175
69177
69177
69183
69183
69184
69189
69198
69199
69209
69225
69229
69230
69236
69241
69248
69252
69259
69263
69276
69286
69286
69288
69289
69291
69292
69297
69310
69310
69315
69317
69325
69341
69348
69349
69351
69354
69355
69363
69367
69395
69401
69407
69410
69418
69423
69430
69436
69438
69446
69451
69462
69469
69469
69471
69478
69480
69486
69492
69493
69493
69495
69498
69501
69503
69515
69515
69524
69527
69530
69547
69549
69559
69562
69569
69576
69578
69579
69580
69588
69589
69595
69602
69604
69606
69609
69614
69618
69624
69630
69639
69640
69644
69647
69652
69653
69654
69656
69676
69683
69684
69685
69685
69687
69688
69693
69694
69701
69724
69726
69728
69733
69736
69738
69752
69763
69765
69766
69777
69779
69779
69788
69793
69794
69797
69802
69808
69808
69819
69825
69825
69827
69827
69828
69831
69836
69838
69842
69848
69850
69852
69858
69865
69874
69884
69890
69893
69894
69898
69900
69904
69906
69913
69917
69924
69929
69944
69949
69954
69972
69983
69983
69992
69994
69994
70014
70020
70023
70029
70046
70053
70055
70061
70065
70068
70073
70088
70089
70101
70105
70109
70118
70119
70119
70137
70139
70139
70143
70144
70146
70162
70169
70177
70178
70179
70186
70194
70207
70213
70218
70221
70226
70228
70230
70250
70257
70258
70259
70268
70275
70280
70297
70299
70299
70300
70301
70301
70302
70307
70311
70323
70325
70333
70335
70339
70346
70349
70349
70352
70352
70354
70357
70359
70363
70363
70375
70379
70380
70383
70389
70395
70409
70416
70417
70419
70424
70428
70435
70437
70452
70455
70462
70463
70466
70468
70484
70486
70490
70500
70504
70510
70514
70524
70527
70529
70535
70540
70543
70543
70550
70551
70559
70560
70561
70571
70572
70606
70608
70617
70618
70622
70623
70637
70638
70639
70641
70643
70650
70650
70654
70655
70655
70660
70660
70661
70661
70670
70673
70674
70683
70685
70687
70701
70707
70708
70709
70716
70724
70724
70726
70726
70726
70732
70738
70741
70741
70759
70760
70772
70774
70783
70787
70800
70809
70809
70813
70817
70824
70830
70831
70832
70852
70857
70864
70865
70877
70879
70893
70896
70908
70909
70914
70914
70918
70927
70937
70938
70942
70945
70952
70963
70967
70969
70976
70976
70977
70979
70986
70988
70989
70990
70999
70999
71004
71004
71013
71022
71036
71042
71057
71057
71068
71068
71078
71084
71085
71088
71095
71110
71112
71112
71112
71115
71130
71132
71136
71136
71139
71145
71153
71155
71158
71159
71166
71173
71175
71181
71187
71194
71195
71199
71201
71212
71214
71218
71222
71225
71233
71234
71254
71259
71261
71265
71284
71289
71291
71295
71302
71304
71321
71321
71323
71327
71328
71329
71333
71336
71349
71351
71353
71359
71361
71376
71384
71385
71386
71390
71392
71394
71398
71401
71412
71421
71433
71434
71434
71436
71437
71442
71442
71454
71456
71459
71467
71482
71502
71502
71515
71521
71528
71536
71537
71543
71548
71555
71557
71557
71561
71561
71565
71567
71567
71571
71571
71574
71595
71597
71597
71598
71608
71613
71615
71615
71615
71617
71619
71620
71620
71629
71632
71642
71648
71649
71652
71652
71654
71659
71675
71677
71678
71680
71683
71688
71692
71692
71697
71699
71707
71713
71713
71717
71718
71734
71740
71741
71744
71747
71757
71764
71767
71778
71778
71782
71785
71791
71804
71806
71816
71826
71830
71834
71838
71842
71844
71844
71848
71855
71860
71861
71864
71872
71881
71882
71895
71897
71900
71906
71911
71913
71915
71925
71932
71936
71938
71946
71948
71951
71957
71964
71964
71964
71965
71976
71990
71992
72001
72014
72021
72032
72034
72047
72050
72056
72062
72075
72077
72082
72083
72089
72091
72098
72099
72104
72108
72110
72119
72119
72135
72142
72149
72155
72160
72168
72175
72177
72182
72185
72193
72199
72215
72215
72217
72223
72235
72243
72250
72259
72260
72264
72267
72273
72285
72288
72290
72293
72293
72294
72303
72307
72308
72312
72321
72321
72323
72328
72331
72336
72337
72343
72346
72353
72353
72355
72381
72384
72400
72404
72407
72410
72412
72417
72421
72425
72426
72434
72438
72439
72445
72456
72457
72458
72462
72466
72472
72475
72480
72490
72499
72513
72518
72524
72528
72533
72541
72544
72548
72551
72562
72562
72563
72563
72571
72572
72574
72579
72581
72586
72586
72589
72599
72601
72605
72608
72620
72637
72648
72651
72656
72657
72663
72663
72695
72696
72699
72701
72702
72709
72713
72714
72716
72723
72726
72733
72736
72745
72754
72758
72763
72767
72773
72777
72778
72780
72784
72786
72793
72806
72806
72810
72814
72818
72820
72821
72827
72832
72834
72838
72839
72841
72843
72860
72890
72896
72901
72906
72919
72936
72939
72948
72949
72952
72958
72972
72972
72981
72984
72984
72994
72995
72999
73011
73013
73032
73033
73036
73037
73041
73042
73042
73043
73048
73049
73049
73052
73053
73054
73055
73055
73063
73065
73069
73072
73079
73079
73082
73089
73096
73118
73122
73124
73126
73128
73129
73133
73134
73147
73156
73159
73163
73178
73180
73187
73189
73193
73204
73204
73211
73216
73220
73223
73226
73226
73229
73237
73240
73240
73245
73247
73257
73260
73263
73273
73279
73280
73280
73281
73287
73287
73292
73309
73312
73315
73316
73320
73330
73337
73341
73345
73360
73362
73363
73366
73369
73388
73389
73396
73399
73403
73409
73409
73409
73418
73420
73423
73426
73430
73445
73454
73457
73458
73463
73468
73479
73484
73484
73491
73504
73504
73511
73512
73520
73524
73526
73536
73545
73547
73550
73560
73561
73565
73570
73571
73573
73585
73588
73588
73593
73601
73605
73608
73615
73617
73621
73624
73637
73638
73640
73652
73659
73668
73669
73674
73676
73679
73684
73684
73704
73705
73708
73709
73711
73718
73720
73720
73725
73727
73730
73731
73732
73734
73735
73740
73749
73750
73758
73767
73770
73772
73790
73793
73793
73794
73796
73796
73803
73808
73809
73812
73815
73817
73820
73824
73828
73833
73839
73849
73849
73876
73876
73877
73877
73878
73879
73883
73883
73894
73896
73914
73918
73924
73929
73930
73939
73951
73951
73951
73953
73961
73966
73977
73980
73983
73984
73984
73986
73986
73988
74001
74002
74016
74016
74035
74036
74039
74040
74043
74052
74061
74073
74073
74076
74083
74084
74090
74096
74101
74103
74106
74109
74109
74131
74141
74147
74149
74153
74165
74170
74182
74187
74192
74193
74199
74205
74207
74229
74230
74239
74268
74273
74278
74280
74284
74287
74294
74299
74302
74303
74303
74313
74326
74326
74329
74329
74344
74345
74355
74356
74363
74373
74375
74379
74381
74386
74394
74410
74414
74419
74434
74438
74442
74453
74456
74457
74459
74460
74461
74462
74466
74467
74470
74477
74480
74480
74493
74502
74503
74513
74517
74520
74529
74542
74549
74552
74554
74558
74567
74573
74576
74585
74586
74587
74594
74598
74599
74605
74621
74627
74628
74647
74652
74656
74661
74664
74667
74674
74677
74678
74695
74701
74701
74703
74705
74708
74708
74710
74712
74718
74721
74751
74754
74761
74763
74770
74771
74777
74790
74795
74798
74802
74809
74812
74813
74816
74824
74828
74834
74839
74843
74844
74847
74851
74853
74856
74859
74863
74868
74870
74871
74874
74876
74878
74882
74882
74882
74885
74887
74893
74895
74897
74898
74905
74917
74928
74934
74943
74958
74958
74958
74962
74967
74973
74987
74994
74999
75015
75026
75046
75050
75053
75064
75080
75081
75085
75094
75100
75102
75106
75109
75110
75110
75120
75123
75131
75133
75133
75134
75136
75140
75143
75149
75150
75152
75152
75154
75165
75171
75172
75173
75177
75179
75183
75186
75187
75187
75190
75193
75207
75223
75224
75224
75239
75249
75249
75251
75255
75261
75271
75275
75283
75293
75297
75302
75303
75306
75323
75324
75336
75341
75345
75350
75357
75359
75362
75367
75369
75370
75371
75373
75373
75374
75375
75376
75377
75383
75386
75400
75400
75404
75404
75409
75411
75417
75421
75427
75428
75437
75438
75445
75449
75456
75457
75457
75463
75464
75466
75468
75473
75481
75489
75498
75504
75508
75515
75516
75516
75517
75519
75522
75532
75539
75545
75547
75574
75575
75585
75588
75592
75592
75608
75610
75611
75614
75619
75620
75636
75637
75645
75651
75652
75661
75665
75683
75684
75686
75697
75703
75709
75709
75710
75726
75730
75731
75739
75740
75754
75755
75756
75760
75761
75765
75773
75780
75802
75802
75808
75818
75827
75832
75835
75841
75841
75846
75862
75877
75880
75883
75884
75892
75894
75903
75907
75911
75912
75913
75915
75915
75919
75921
75926
75926
75932
75933
75934
75945
75951
75951
75966
75983
75986
75987
75997
76006
76011
76012
76014
76023
76031
76036
76037
76053
76056
76059
76061
76070
76074
76075
76085
76090
76095
76104
76105
76124
76125
76125
76127
76131
76133
76136
76155
76159
76162
76166
76168
76170
76189
76191
76192
76193
76194
76219
76222
76223
76236
76236
76249
76263
76273
76279
76289
76295
76296
76296
76298
76298
76310
76311
76320
76320
76321
76324
76325
76331
76336
76346
76347
76352
76357
76358
76364
76368
76373
76377
76377
76380
76385
76386
76397
76408
76423
76424
76429
76432
76432
76433
76433
76439
76440
76441
76445
76451
76485
76486
76504
76505
76508
76509
76515
76521
76523
76526
76529
76544
76549
76550
76551
76575
76578
76584
76585
76586
76591
76592
76594
76605
76609
76611
76615
76616
76624
76645
76647
76648
76651
76665
76668
76672
76675
76675
76688
76693
76695
76699
76710
76710
76713
76717
76718
76721
76723
76723
76766
76774
76777
76779
76788
76788
76791
76792
76796
76801
76803
76803
76807
76811
76815
76816
76822
76837
76845
76849
76855
76862
76867
76870
76881
76883
76888
76892
76895
76895
76904
76912
76917
76918
76919
76923
76924
76924
76926
76928
76930
76934
76939
76944
76946
76946
76948
76949
76951
76955
76959
76974
76983
76987
76996
76998
76999
77018
77020
77030
77033
77036
77039
77039
77045
77052
77055
77078
77082
77083
77084
77084
77090
77098
77100
77101
77106
77113
77113
77119
77123
77131
77133
77140
77141
77145
77151
77151
77157
77161
77186
77199
77210
77219
77221
77222
77222
77223
77225
77227
77227
77233
77238
77246
77247
77253
77254
77260
77262
77266
77276
77282
77286
77292
77304
77307
77307
77310
77310
77316
77324
77325
77327
77336
77338
77343
77346
77348
77354
77363
77367
77368
77373
77374
77376
77380
77389
77397
77405
77409
77409
77415
77416
77417
77418
77422
77427
77427
77438
77444
77447
77447
77449
77464
77469
77472
77479
77480
77489
77490
77491
77494
77496
77501
77514
77515
77526
77528
77529
77532
77540
77541
77542
77543
77545
77558
77560
77563
77567
77569
77570
77575
77582
77583
77588
77594
77595
77596
77614
77622
77626
77628
77629
77631
77635
77666
77670
77671
77685
77689
77696
77703
77704
77706
77710
77719
77725
77727
77728
77733
77734
77739
77743
77743
77744
77753
77754
77761
77772
77773
77778
77780
77788
77798
77805
77811
77815
77823
77833
77840
77842
77849
77851
77854
77856
77860
77860
77861
77862
77867
77871
77872
77880
77882
77888
77908
77922
77936
77942
77958
77959
77961
77967
77971
77973
77975
77975
77977
77989
77996
77996
77999
78003
78011
78024
78025
78026
78026
78031
78056
78057
78058
78060
78063
78064
78068
78068
78071
78072
78073
78093
78093
78096
78099
78105
78119
78124
78126
78149
78153
78160
78163
78167
78176
78177
78183
78193
78194
78195
78199
78203
78204
78208
78210
78213
78225
78237
78240
78241
78249
78266
78266
78277
78280
78282
78282
78293
78297
78298
78299
78308
78309
78318
78322
78326
78331
78331
78334
78337
78338
78352
78355
78361
78366
78373
78376
78377
78390
78393
78394
78407
78413
78414
78415
78419
78432
78437
78439
78440
78451
78458
78465
78470
78470
78471
78480
78481
78481
78481
78482
78484
78486
78489
78491
78508
78512
78516
78520
78534
78549
78550
78570
78574
78580
78584
78593
78594
78594
78603
78609
78620
78625
78626
78629
78630
78632
78635
78636
78636
78636
78641
78654
78659
78685
78687
78691
78695
78710
78717
78722
78737
78756
78762
78763
78767
78779
78781
78788
78791
78793
78796
78798
78806
78815
78816
78820
78820
78823
78838
78843
78849
78851
78854
78857
78859
78860
78872
78872
78877
78878
78892
78895
78901
78904
78907
78913
78918
78931
78931
78932
78933
78943
78944
78956
78960
78963
78968
78969
78970
78971
78971
78972
78981
78991
78994
78994
78995
79007
79012
79014
79015
79021
79022
79027
79030
79031
79031
79034
79041
79045
79047
79048
79049
79063
79065
79066
79068
79070
79083
79099
79101
79101
79106
79106
79108
79118
79121
79127
79130
79138
79141
79144
79150
79155
79157
79158
79160
79168
79175
79181
79192
79198
79209
79220
79233
79235
79244
79252
79255
79259
79264
79269
79270
79280
79282
79293
79301
79303
79330
79345
79346
79355
79357
79366
79367
79371
79374
79387
79395
79398
79410
79412
79414
79416
79421
79424
79425
79425
79435
79443
79446
79449
79453
79461
79461
79461
79462
79472
79474
79476
79478
79486
79491
79492
79496
79496
79501
79504
79511
79513
79516
79520
79538
79540
79547
79576
79577
79577
79577
79579
79582
79591
79604
79618
79626
79643
79643
79647
79652
79653
79658
79660
79665
79668
79674
79679
79688
79689
79690
79694
79696
79697
79699
79715
79725
79729
79731
79733
79740
79745
79751
79752
79753
79759
79762
79768
79768
79769
79777
79778
79778
79782
79782
79783
79785
79797
79798
79799
79803
79803
79805
79806
79810
79812
79816
79822
79824
79827
79831
79843
79846
79848
79857
79860
79888
79897
79897
79902
79917
79921
79931
79934
79941
79942
79943
79945
79947
79952
79955
79961
79968
79973
79989
79993
79998
80002
80004
80013
80014
80030
80033
80035
80037
80041
80049
80055
80059
80061
80063
80063
80064
80070
80072
80072
80076
80079
80082
80088
80088
80099
80107
80110
80112
80116
80116
80135
80136
80146
80149
80155
80157
80158
80169
80172
80173
80174
80175
80176
80183
80200
80202
80204
80215
80221
80222
80229
80234
80249
80249
80260
80261
80263
80264
80269
80279
80291
80295
80296
80297
80306
80310
80310
80314
80317
80319
80323
80325
80326
80326
80330
80331
80333
80336
80338
80340
80340
80347
80348
80351
80352
80352
80378
80387
80391
80411
80412
80412
80415
80417
80422
80424
80426
80434
80463
80464
80466
80469
80472
80473
80473
80475
80475
80477
80481
80489
80491
80501
80506
80515
80522
80523
80526
80545
80546
80557
80563
80564
80565
80574
80582
80583
80592
80592
80616
80616
80618
80621
80630
80630
80635
80637
80651
80657
80661
80671
80679
80687
80690
80693
80697
80706
80709
80715
80720
80725
80733
80734
80738
80742
80743
80765
80770
80774
80778
80779
80780
80795
80797
80806
80807
80818
80824
80825
80827
80833
80839
80842
80858
80862
80872
80872
80881
80888
80895
80896
80899
80899
80904
80908
80908
80912
80914
80929
80929
80937
80947
80954
80960
80965
80974
80974
80977
80984
80988
80990
80992
80995
81012
81015
81022
81030
81036
81043
81050
81057
81060
81061
81080
81091
81096
81099
81102
81104
81113
81117
81118
81118
81119
81139
81143
81144
81149
81151
81162
81164
81168
81171
81175
81175
81192
81216
81223
81226
81229
81235
81239
81244
81249
81252
81253
81259
81266
81270
81291
81291
81291
81299
81299
81302
81304
81310
81330
81338
81342
81344
81367
81371
81372
81389
81394
81395
81399
81402
81405
81407
81408
81420
81421
81422
81429
81439
81441
81449
81451
81461
81462
81466
81485
81488
81489
81502
81507
81511
81527
81538
81545
81555
81560
81566
81569
81570
81582
81584
81586
81593
81596
81608
81615
81621
81627
81631
81633
81639
81643
81645
81646
81646
81650
81651
81657
81662
81666
81672
81673
81681
81685
81686
81702
81705
81710
81719
81724
81735
81736
81740
81758
81761
81768
81771
81773
81785
81788
81795
81796
81798
81801
81810
81815
81825
81835
81837
81841
81841
81846
81854
81856
81864
81868
81869
81873
81874
81875
81884
81885
81888
81890
81894
81898
81914
81915
81916
81918
81921
81935
81943
81945
81949
81949
81951
81952
81955
81963
81963
81964
81974
81983
81990
81990
82003
82005
82012
82015
82015
82016
82021
82023
82024
82036
82037
82041
82045
82049
82068
82069
82073
82081
82088
82100
82101
82104
82110
82114
82128
82131
82133
82137
82155
82160
82160
82161
82176
82178
82178
82179
82183
82185
82191
82191
82194
82198
82199
82201
82216
82224
82235
82240
82240
82242
82250
82265
82266
82267
82273
82277
82285
82285
82288
82298
82300
82301
82304
82304
82313
82315
82318
82326
82326
82327
82331
82336
82344
82352
82367
82367
82371
82375
82376
82376
82393
82406
82408
82416
82423
82426
82429
82435
82435
82438
82449
82450
82451
82465
82471
82473
82479
82480
82487
82489
82490
82492
82496
82517
82518
82526
82529
82532
82534
82536
82538
82542
82543
82552
82553
82557
82562
82564
82569
82573
82575
82577
82578
82587
82594
82603
82606
82609
82634
82634
82639
82654
82664
82668
82670
82673
82685
82687
82690
82708
82712
82720
82729
82738
82738
82738
82740
82742
82743
82752
82769
82770
82770
82777
82783
82786
82787
82793
82800
82800
82821
82823
82823
82825
82835
82841
82845
82845
82846
82847
82865
82877
82879
82880
82884
82886
82890
82891
82901
82907
82912
82913
82922
82927
82947
82972
82978
82984
82993
83004
83004
83007
83008
83015
83019
83025
83028
83035
83037
83041
83044
83048
83054
83059
83073
83077
83077
83079
83085
83092
83097
83107
83109
83116
83123
83126
83127
83134
83137
83142
83142
83146
83152
83155
83158
83169
83190
83199
83202
83209
83209
83218
83225
83228
83232
83233
83233
83235
83238
83244
83245
83266
83268
83276
83278
83283
83297
83298
83299
83320
83323
83326
83335
83336
83337
83340
83345
83350
83355
83359
83369
83370
83373
83375
83379
83380
83383
83387
83388
83407
83410
83416
83424
83427
83429
83439
83448
83464
83467
83481
83482
83486
83503
83505
83507
83514
83516
83519
83525
83529
83543
83544
83548
83558
83560
83562
83565
83566
83567
83568
83571
83572
83577
83582
83585
83587
83588
83595
83607
83613
83622
83624
83636
83640
83644
83645
83658
83675
83686
83687
83700
83707
83713
83729
83737
83741
83744
83758
83758
83760
83765
83775
83780
83783
83784
83791
83792
83795
83795
83795
83797
83798
83800
83801
83801
83801
83801
83805
83811
83823
83827
83833
83843
83848
83857
83867
83871
83886
83890
83893
83893
83899
83899
83911
83912
83913
83914
83915
83921
83945
83955
83956
83962
83978
83995
84006
84012
84014
84018
84027
84027
84029
84034
84036
84041
84055
84058
84062
84065
84068
84068
84071
84094
84094
84096
84102
84111
84115
84120
84123
84148
84154
84161
84168
84168
84175
84175
84179
84184
84186
84191
84194
84197
84198
84201
84208
84220
84221
84230
84237
84238
84245
84245
84246
84250
84259
84260
84261
84261
84279
84289
84290
84296
84298
84305
84309
84313
84318
84319
84322
84326
84327
84337
84340
84342
84357
84364
84369
84380
84389
84401
84402
84406
84411
84416
84428
84430
84430
84433
84434
84435
84436
84438
84443
84453
84457
84457
84462
84466
84467
84468
84479
84482
84487
84495
84496
84500
84504
84506
84511
84517
84526
84533
84543
84549
84558
84558
84558
84559
84566
84567
84570
84571
84574
84575
84581
84582
84590
84607
84623
84628
84631
84631
84649
84654
84656
84660
84664
84665
84665
84669
84671
84677
84692
84694
84695
84697
84698
84699
84712
84716
84716
84725
84726
84729
84740
84752
84756
84758
84764
84767
84772
84772
84775
84776
84777
84777
84779
84788
84791
84794
84800
84801
84802
84802
84808
84810
84815
84816
84820
84820
84842
84851
84857
84860
84861
84869
84871
84875
84884
84885
84887
84888
84890
84897
84902
84904
84909
84930
84930
84931
84932
84943
84945
84946
84950
84950
84952
84964
84966
84973
84981
84983
84988
85002
85005
85008
85009
85030
85033
85036
85044
85044
85047
85047
85048
85049
85051
85069
85075
85077
85105
85123
85130
85147
85154
85161
85166
85175
85176
85180
85196
85203
85204
85209
85217
85221
85225
85237
85242
85242
85243
85249
85262
85265
85267
85267
85269
85273
85276
85283
85293
85299
85301
85301
85302
85304
85310
85316
85316
85319
85327
85330
85338
85341
85351
85354
85363
85365
85366
85368
85372
85374
85389
85392
85395
85399
85403
85407
85426
85428
85438
85438
85443
85443
85448
85450
85450
85452
85457
85463
85472
85473
85480
85483
85485
85491
85496
85498
85502
85504
85504
85509
85511
85513
85515
85522
85522
85526
85533
85553
85554
85556
85565
85566
85572
85573
85574
85577
85601
85608
85629
85631
85644
85644
85645
85647
85649
85659
85668
85676
85679
85681
85686
85694
85700
85708
85711
85728
85731
85731
85757
85765
85767
85772
85772
85774
85775
85794
85828
85836
85837
85840
85843
85846
85850
85854
85854
85867
85873
85878
85878
85880
85881
85882
85883
85884
85886
85905
85908
85910
85927
85932
85942
85949
85952
85955
85960
85964
85968
85974
85976
85977
85981
85986
85993
85998
86015
86018
86025
86032
86036
86036
86037
86041
86041
86050
86056
86056
86061
86061
86065
86067
86071
86078
86084
86084
86097
86104
86120
86120
86127
86129
86129
86130
86142
86147
86150
86153
86159
86163
86175
86181
86183
86183
86191
86195
86195
86208
86212
86233
86241
86243
86253
86257
86259
86262
86264
86277
86280
86280
86280
86283
86284
86288
86292
86295
86295
86299
86300
86300
86300
86301
86306
86310
86322
86326
86342
86358
86378
86379
86390
86393
86394
86404
86405
86408
86411
86417
86429
86432
86433
86435
86435
86446
86447
86447
86449
86456
86461
86466
86477
86480
86484
86485
86490
86491
86494
86497
86498
86500
86509
86513
86519
86521
86524
86524
86527
86541
86548
86557
86560
86561
86563
86563
86564
86565
86566
86568
86576
86579
86579
86581
86589
86590
86594
86599
86601
86612
86622
86630
86634
86636
86650
86651
86652
86671
86677
86683
86686
86688
86695
86699
86699
86699
86700
86701
86705
86705
86710
86718
86724
86734
86748
86751
86752
86761
86764
86770
86782
86803
86810
86815
86817
86822
86827
86834
86835
86837
86842
86843
86852
86864
86872
86873
86879
86881
86885
86887
86898
86904
86905
86921
86939
86942
86946
86947
86953
86976
86977
86983
86983
86984
86993
86994
86995
87008
87009
87020
87025
87025
87029
87035
87037
87037
87038
87041
87042
87050
87056
87057
87061
87068
87069
87071
87089
87106
87106
87115
87119
87121
87121
87125
87126
87128
87138
87144
87149
87157
87166
87168
87179
87185
87188
87189
87191
87193
87203
87204
87208
87217
87227
87229
87229
87233
87235
87242
87245
87253
87255
87256
87265
87270
87272
87276
87280
87282
87288
87289
87291
87293
87296
87308
87313
87318
87318
87321
87321
87322
87335
87337
87338
87354
87363
87368
87370
87373
87381
87382
87388
87389
87398
87408
87413
87422
87423
87436
87441
87464
87465
87469
87492
87493
87496
87507
87510
87512
87527
87532
87536
87542
87566
87582
87591
87592
87592
87596
87596
87599
87600
87600
87603
87606
87617
87620
87626
87630
87636
87639
87654
87657
87658
87663
87665
87668
87668
87675
87685
87691
87706
87709
87709
87712
87712
87721
87722
87734
87736
87737
87738
87741
87742
87743
87749
87752
87754
87755
87755
87759
87768
87777
87783
87784
87791
87792
87796
87807
87818
87821
87822
87823
87828
87841
87847
87851
87857
87859
87859
87866
87868
87873
87884
87896
87899
87901
87901
87903
87905
87909
87921
87922
87940
87943
87951
87979
87988
87993
87998
88004
88006
88006
88014
88021
88022
88027
88036
88040
88042
88047
88050
88052
88053
88059
88062
88070
88103
88113
88115
88122
88125
88132
88132
88136
88138
88140
88143
88148
88151
88151
88152
88161
88182
88183
88187
88190
88193
88196
88199
88201
88203
88207
88207
88207
88210
88211
88216
88220
88221
88224
88228
88232
88239
88240
88243
88244
88248
88251
88252
88259
88260
88262
88272
88276
88283
88283
88283
88289
88289
88307
88309
88310
88312
88316
88318
88323
88323
88325
88342
88349
88357
88357
88357
88359
88372
88378
88389
88399
88417
88420
88420
88421
88447
88449
88453
88454
88457
88458
88466
88467
88471
88473
88473
88478
88481
88497
88499
88507
88510
88513
88515
88516
88522
88523
88524
88532
88538
88544
88544
88547
88549
88552
88554
88556
88568
88571
88583
88588
88595
88595
88596
88600
88602
88610
88616
88619
88620
88627
88630
88634
88639
88659
88678
88679
88683
88688
88699
88712
88714
88719
88726
88728
88728
88731
88732
88732
88739
88744
88747
88750
88770
88771
88775
88775
88781
88791
88794
88794
88811
88811
88823
88826
88827
88827
88828
88837
88838
88842
88852
88858
88862
88866
88866
88870
88874
88874
88888
88900
88901
88909
88910
88917
88921
88925
88926
88928
88936
88936
88940
88944
88945
88954
88960
88961
89007
89010
89012
89025
89031
89038
89044
89047
89049
89050
89054
89056
89057
89061
89064
89074
89076
89083
89089
89090
89090
89096
89096
89101
89110
89116
89120
89120
89125
89127
89131
89138
89160
89165
89174
89176
89183
89196
89196
89204
89217
89218
89218
89221
89226
89226
89228
89230
89231
89239
89240
89242
89251
89251
89260
89267
89272
89278
89294
89300
89300
89301
89318
89319
89321
89337
89339
89342
89343
89365
89366
89397
89399
89405
89409
89410
89412
89419
89420
89424
89427
89432
89432
89439
89447
89451
89452
89452
89453
89454
89455
89459
89466
89475
89477
89478
89497
89500
89516
89518
89522
89523
89524
89526
89530
89536
89538
89539
89550
89551
89552
89554
89556
89556
89565
89565
89567
89571
89581
89585
89585
89587
89588
89588
89599
89604
89611
89611
89615
89618
89630
89632
89634
89635
89650
89651
89654
89657
89663
89672
89676
89677
89683
89684
89687
89690
89691
89692
89693
89695
89706
89709
89715
89716
89722
89722
89726
89735
89736
89747
89748
89754
89756
89761
89761
89764
89765
89771
89772
89772
89774
89787
89794
89803
89803
89805
89805
89809
89816
89819
89822
89824
89826
89827
89835
89837
89839
89844
89852
89860
89861
89864
89873
89875
89880
89881
89891
89891
89920
89921
89923
89932
89936
89945
89946
89949
89953
89954
89956
89959
89960
89971
89980
89981
89981
89984
89986
89997
90007
90036
90042
90047
90051
90062
90070
90074
90093
90099
90104
90107
90113
90116
90120
90125
90137
90138
90138
90143
90145
90146
90146
90150
90153
90156
90156
90157
90165
90165
90165
90169
90169
90172
90174
90180
90181
90184
90188
90195
90195
90199
90203
90206
90212
90225
90225
90226
90229
90232
90236
90237
90242
90252
90253
90254
90257
90262
90274
90277
90278
90280
90285
90291
90295
90302
90320
90328
90335
90343
90357
90363
90375
90391
90400
90415
90418
90421
90427
90435
90435
90440
90448
90453
90454
90458
90460
90461
90470
90475
90479
90483
90484
90503
90504
90513
90514
90515
90520
90520
90521
90521
90531
90533
90533
90539
90544
90545
90549
90552
90562
90562
90566
90568
90568
90577
90583
90592
90596
90601
90601
90604
90604
90612
90616
90629
90630
90655
90662
90664
90668
90676
90676
90681
90682
90683
90686
90692
90700
90706
90717
90723
90727
90732
90739
90740
90744
90751
90752
90753
90763
90768
90783
90783
90784
90802
90802
90803
90810
90812
90812
90825
90835
90842
90844
90847
90855
90858
90859
90861
90866
90872
90881
90882
90883
90887
90888
90894
90895
90897
90903
90904
90904
90910
90912
90918
90924
90927
90932
90940
90952
90955
90955
90958
90968
90969
90969
90977
90985
90986
90993
90995
91007
91027
91027
91043
91044
91044
91048
91048
91053
91055
91058
91060
91066
91074
91075
91078
91086
91088
91094
91105
91112
91115
91120
91123
91128
91132
91139
91142
91147
91154
91154
91166
91170
91178
91180
91181
91184
91184
91185
91186
91193
91197
91198
91202
91204
91206
91215
91237
91241
91243
91245
91246
91248
91252
91260
91262
91273
91275
91280
91281
91282
91283
91284
91294
91297
91303
91305
91307
91309
91316
91317
91320
91320
91321
91329
91330
91333
91337
91339
91344
91353
91357
91371
91371
91373
91375
91380
91385
91397
91402
91406
91406
91408
91411
91415
91415
91418
91429
91435
91445
91454
91457
91459
91460
91482
91486
91497
91501
91501
91501
91515
91516
91516
91518
91520
91520
91520
91531
91533
91540
91546
91561
91561
91569
91575
91576
91580
91590
91591
91600
91610
91623
91628
91629
91629
91633
91634
91635
91638
91638
91638
91639
91646
91647
91648
91649
91663
91686
91690
91694
91699
91702
91708
91709
91710
91718
91719
91720
91728
91731
91732
91732
91742
91747
91756
91757
91758
91760
91761
91771
91785
91787
91789
91792
91798
91811
91821
91828
91832
91834
91835
91847
91848
91861
91876
91900
91902
91912
91913
91915
91919
91922
91922
91923
91930
91938
91940
91940
91946
91950
91973
91979
91983
91991
91992
91993
92006
92006
92007
92007
92012
92020
92031
92034
92042
92043
92051
92055
92057
92061
92062
92065
92066
92086
92100
92106
92114
92114
92123
92124
92126
92127
92127
92127
92134
92136
92137
92143
92152
92165
92170
92174
92175
92182
92186
92205
92207
92207
92214
92215
92218
92219
92220
92226
92233
92247
92250
92252
92255
92260
92268
92282
92284
92287
92294
92298
92308
92325
92333
92340
92344
92346
92349
92350
92351
92363
92368
92376
92378
92385
92386
92394
92394
92396
92396
92405
92412
92415
92432
92433
92433
92447
92448
92448
92451
92451
92454
92455
92456
92462
92463
92469
92470
92470
92474
92475
92477
92482
92498
92500
92518
92524
92526
92534
92537
92537
92539
92544
92545
92545
92546
92557
92562
92566
92572
92577
92581
92594
92595
92600
92607
92607
92613
92620
92623
92630
92631
92631
92641
92648
92650
92669
92680
92682
92695
92697
92700
92702
92707
92712
92718
92732
92737
92743
92752
92755
92763
92765
92772
92776
92788
92796
92796
92798
92801
92801
92816
92816
92819
92839
92844
92846
92846
92849
92852
92854
92865
92880
92881
92883
92883
92892
92892
92896
92901
92902
92908
92910
92920
92924
92940
92944
92944
92946
92950
92958
92961
92963
92970
92980
92982
92983
92984
92997
92997
93005
93010
93017
93023
93028
93038
93038
93051
93054
93058
93064
93065
93072
93075
93076
93083
93093
93102
93112
93131
93141
93145
93157
93162
93166
93169
93180
93181
93181
93183
93185
93197
93204
93213
93214
93216
93218
93225
93228
93230
93234
93235
93247
93247
93254
93260
93262
93265
93267
93267
93280
93287
93292
93298
93306
93311
93314
93321
93326
93326
93327
93335
93337
93338
93344
93347
93355
93359
93360
93370
93375
93376
93379
93380
93381
93382
93387
93394
93396
93399
93403
93404
93407
93422
93425
93435
93438
93438
93446
93449
93460
93469
93488
93492
93493
93494
93504
93504
93507
93526
93527
93530
93539
93540
93542
93544
93549
93552
93552
93555
93561
93565
93568
93578
93579
93582
93583
93584
93597
93599
93600
93605
93607
93608
93615
93624
93630
93638
93661
93670
93677
93680
93680
93680
93689
93690
93691
93694
93700
93704
93705
93706
93708
93710
93710
93716
93718
93720
93720
93727
93735
93743
93747
93748
93751
93777
93781
93786
93787
93788
93788
93794
93794
93798
93798
93806
93806
93810
93811
93821
93822
93830
93830
93832
93837
93841
93845
93855
93856
93856
93856
93863
93868
93882
93900
93906
93931
93932
93938
93949
93956
93958
93961
93963
93972
93978
93978
94000
94006
94010
94012
94018
94022
94023
94024
94029
94032
94033
94034
94036
94037
94046
94069
94074
94078
94078
94080
94081
94090
94095
94095
94101
94102
94104
94106
94107
94108
94118
94118
94124
94126
94131
94132
94136
94141
94142
94146
94147
94150
94152
94152
94153
94153
94154
94156
94156
94158
94161
94165
94178
94179
94180
94188
94192
94194
94201
94207
94208
94210
94212
94215
94216
94220
94222
94239
94246
94246
94247
94249
94250
94255
94263
94268
94275
94276
94277
94280
94281
94284
94289
94296
94303
94304
94306
94307
94309
94312
94317
94319
94321
94352
94356
94357
94362
94365
94365
94373
94374
94375
94403
94416
94416
94419
94429
94434
94434
94435
94438
94439
94439
94439
94442
94453
94462
94463
94465
94466
94466
94472
94474
94478
94479
94481
94481
94483
94483
94493
94508
94516
94529
94531
94548
94555
94557
94558
94568
94575
94578
94581
94599
94613
94615
94616
94625
94629
94633
94646
94655
94664
94664
94666
94672
94674
94674
94681
94695
94696
94704
94723
94724
94724
94728
94728
94730
94730
94732
94743
94744
94746
94749
94750
94764
94765
94767
94787
94788
94793
94795
94796
94800
94803
94810
94815
94816
94817
94823
94824
94826
94827
94833
94834
94841
94854
94863
94872
94877
94884
94889
94891
94896
94898
94905
94914
94915
94917
94926
94933
94944
94945
94946
94947
94951
94951
94953
94955
94958
94965
94966
94975
94985
94989
94991
94993
94995
94997
95009
95014
95015
95015
95015
95020
95020
95022
95025
95031
95032
95035
95039
95043
95047
95058
95064
95068
95072
95073
95086
95094
95102
95102
95103
95108
95115
95117
95119
95126
95127
95134
95136
95136
95144
95147
95153
95154
95160
95171
95173
95179
95179
95180
95184
95194
95199
95204
95216
95227
95232
95253
95256
95260
95284
95286
95288
95289
95292
95292
95304
95306
95309
95311
95334
95343
95347
95351
95363
95375
95377
95383
95385
95402
95404
95406
95411
95412
95413
95421
95422
95426
95435
95435
95437
95437
95441
95441
95444
95454
95458
95458
95472
95475
95478
95478
95481
95486
95489
95492
95500
95507
95515
95522
95527
95539
95540
95541
95558
95560
95567
95574
95583
95588
95590
95592
95596
95603
95607
95616
95621
95623
95633
95637
95638
95649
95650
95659
95669
95679
95690
95692
95696
95698
95708
95711
95714
95715
95717
95724
95745
95752
95754
95759
95760
95762
95763
95765
95773
95792
95796
95807
95813
95820
95823
95829
95835
95838
95841
95871
95885
95887
95890
95891
95892
95894
95906
95908
95913
95913
95917
95926
95929
95935
95947
95948
95951
95953
95954
95962
95967
95974
95974
95975
95976
95978
95981
96000
96007
96007
96009
96022
96027
96028
96035
96037
96040
96058
96059
96060
96062
96062
96071
96072
96075
96088
96097
96101
96107
96116
96128
96129
96134
96144
96145
96146
96147
96148
96150
96160
96163
96189
96196
96199
96200
96205
96210
96215
96222
96226
96227
96230
96248
96265
96270
96274
96275
96278
96284
96298
96299
96310
96315
96323
96323
96328
96334
96339
96366
96369
96372
96378
96380
96396
96421
96425
96434
96450
96453
96453
96455
96457
96457
96463
96471
96475
96479
96481
96493
96501
96507
96508
96512
96513
96514
96525
96527
96534
96540
96543
96556
96559
96560
96561
96562
96564
96564
96566
96574
96576
96577
96582
96583
96596
96597
96601
96601
96612
96612
96613
96618
96625
96629
96632
96633
96639
96646
96646
96648
96658
96662
96666
96667
96675
96684
96686
96687
96689
96691
96698
96702
96714
96716
96721
96728
96729
96729
96732
96736
96742
96746
96748
96748
96753
96766
96767
96768
96772
96776
96777
96789
96791
96793
96793
96795
96801
96802
96807
96807
96809
96809
96810
96811
96816
96819
96819
96838
96838
96846
96848
96854
96855
96866
96867
96868
96868
96876
96881
96893
96900
96904
96907
96909
96914
96915
96917
96925
96926
96927
96946
96948
96951
96953
96966
96970
96974
96976
96978
96990
96990
96995
97000
97009
97020
97025
97033
97033
97035
97035
97040
97041
97044
97051
97051
97053
97055
97057
97064
97067
97068
97074
97074
97079
97080
97081
97087
97088
97088
97088
97094
97096
97107
97132
97134
97140
97144
97145
97151
97154
97154
97154
97167
97168
97171
97172
97173
97182
97183
97187
97187
97195
97196
97200
97201
97217
97228
97230
97233
97242
97257
97259
97260
97262
97266
97278
97286
97287
97301
97305
97315
97322
97327
97329
97335
97344
97350
97351
97359
97360
97363
97373
97375
97376
97377
97381
97388
97388
97394
97413
97415
97416
97418
97428
97432
97435
97443
97471
97472
97473
97482
97486
97488
97491
97493
97493
97503
97504
97506
97514
97515
97518
97524
97529
97539
97545
97548
97556
97569
97575
97581
97590
97590
97594
97614
97620
97623
97624
97626
97648
97648
97651
97651
97655
97659
97661
97668
97671
97683
97684
97694
97694
97697
97704
97704
97705
97718
97719
97729
97736
97738
97739
97744
97754
97763
97773
97776
97777
97786
97802
97813
97823
97825
97832
97840
97841
97842
97845
97846
97848
97848
97850
97855
97857
97860
97861
97867
97872
97876
97879
97880
97881
97884
97896
97898
97902
97904
97906
97908
97912
97920
97920
97923
97926
97939
97941
97945
97951
97958
97972
97973
97991
97991
97993
97993
97998
98002
98006
98006
98020
98025
98027
98040
98040
98044
98047
98049
98050
98051
98052
98052
98058
98067
98075
98077
98085
98090
98100
98104
98105
98105
98109
98111
98114
98115
98126
98134
98135
98143
98145
98146
98152
98153
98159
98169
98169
98177
98185
98197
98200
98201
98212
98223
98226
98232
98247
98249
98254
98264
98276
98276
98276
98285
98286
98291
98294
98294
98296
98300
98301
98307
98312
98315
98320
98329
98331
98337
98342
98346
98351
98353
98359
98366
98370
98375
98384
98386
98393
98406
98406
98409
98409
98411
98412
98415
98432
98433
98433
98435
98449
98460
98462
98468
98475
98478
98508
98509
98511
98514
98534
98535
98541
98556
98558
98561
98567
98574
98596
98601
98606
98610
98621
98633
98646
98653
98674
98675
98684
98685
98687
98687
98691
98698
98704
98708
98713
98714
98715
98725
98737
98737
98744
98746
98756
98758
98758
98759
98764
98771
98774
98794
98813
98814
98821
98824
98828
98828
98829
98830
98831
98834
98837
98842
98842
98846
98849
98857
98857
98860
98860
98861
98865
98870
98873
98875
98883
98886
98888
98896
98901
98909
98918
98921
98924
98928
98933
98946
98947
98956
98961
98961
98970
98971
98974
98998
99006
99006
99012
99019
99023
99028
99028
99036
99037
99044
99065
99069
99071
99075
99077
99081
99084
99088
99098
99104
99108
99123
99128
99130
99131
99134
99135
99139
99145
99154
99166
99169
99171
99172
99189
99205
99207
99209
99214
99215
99215
99221
99225
99231
99234
99242
99247
99255
99258
99265
99265
99267
99267
99285
99288
99291
99299
99301
99303
99306
99315
99319
99324
99326
99335
99339
99347
99347
99349
99349
99354
99357
99361
99361
99368
99373
99373
99383
99384
99384
99386
99389
99394
99399
99406
99413
99425
99435
99439
99443
99459
99459
99463
99465
99466
99472
99484
99488
99494
99496
99497
99499
99499
99513
99516
99518
99521
99521
99526
99531
99544
99548
99551
99555
99567
99572
99574
99583
99593
99596
99596
99599
99600
99606
99608
99611
99612
99617
99619
99620
99622
99626
99629
99642
99643
99646
99648
99652
99656
99659
99659
99667
99669
99669
99671
99672
99675
99676
99684
99685
99687
99690
99692
99701
99708
99710
99716
99720
99722
99729
99734
99746
99748
99756
99757
99758
99758
99766
99768
99772
99776
99781
99781
99789
99795
99796
99803
99816
99822
99824
99833
99833
99839
99840
99842
99847
99852
99854
99857
99862
99863
99874
99879
99879
99882
99885
99886
99892
99908
99908
99908
99916
99917
99918
99922
99930
99935
99936
99936
99943
99946
99952
99955
99962
99970
99976
99989
99992
99997
100009
100027
100029
100034
100035
100039
100050
100052
100053
100054
100055
100077
100078
100088
100089
100094
100099
100118
100118
100121
100128
100133
100135
100136
100138
100142
100147
100150
100158
100160
100162
100162
100168
100172
100187
100192
100200
100206
100207
100209
100217
100221
100222
100234
100237
100240
100242
100253
100257
100263
100268
100281
100281
100293
100298
100307
100314
100325
100328
100329
100335
100338
100344
100344
100345
100345
100348
100350
100356
100363
100370
100371
100375
100378
100385
100386
100390
100397
100397
100401
100406
100407
100414
100414
100414
100415
100419
100423
100429
100433
100436
100436
100439
100448
100462
100467
100468
100468
100469
100478
100480
100484
100497
100500
100505
100511
100511
100511
100518
100520
100529
100534
100535
100535
100540
100545
100547
100547
100549
100549
100555
100558
100559
100567
100573
100575
100576
100583
100583
100586
100599
100600
100601
100604
100609
100635
100638
100638
100642
100642
100642
100644
100658
100659
100673
100674
100680
100685
100690
100690
100711
100718
100718
100726
100737
100748
100748
100752
100764
100765
100770
100780
100786
100786
100789
100791
100794
100800
100810
100816
100820
100821
100824
100826
100829
100829
100831
100845
100851
100860
100866
100873
100877
100880
100882
100885
100893
100895
100898
100900
100917
100917
100921
100924
100931
100932
100939
100957
100960
100971
100972
100972
100973
100974
100986
100993
100994
100998
101002
101012
101015
101027
101028
101036
101038
101042
101046
101053
101056
101058
101062
101064
101069
101070
101071
101082
101091
101098
101105
101107
101107
101109
101111
101113
101124
101126
101130
101143
101152
101152
101158
101159
101163
101164
101170
101172
101179
101183
101185
101187
101188
101196
101196
101202
101210
101214
101214
101216
101219
101228
101238
101242
101243
101255
101258
101262
101263
101267
101267
101288
101291
101306
101307
101311
101314
101315
101318
101319
101328
101330
101341
101343
101353
101356
101356
101357
101369
101371
101372
101378
101380
101382
101387
101388
101392
101393
101394
101401
101406
101409
101413
101413
101414
101420
101422
101437
101441
101441
101445
101447
101450
101454
101461
101462
101462
101463
101470
101474
101474
101478
101478
101478
101480
101482
101483
101484
101488
101489
101490
101494
101494
101494
101496
101499
101501
101514
101515
101525
101540
101540
101541
101541
101543
101550
101551
101559
101564
101566
101568
101570
101575
101577
101582
101584
101587
101594
101608
101612
101612
101616
101619
101619
101620
101622
101623
101624
101630
101634
101636
101636
101637
101642
101644
101645
101660
101673
101674
101679
101705
101707
101712
101727
101734
101736
101737
101744
101746
101751
101752
101754
101762
101771
101773
101774
101776
101790
101791
101795
101796
101803
101808
101809
101812
101812
101813
101815
101820
101826
101831
101831
101833
101834
101839
101849
101852
101857
101858
101861
101869
101879
101880
101887
101890
101890
101907
101909
101921
101926
101937
101945
101957
101960
101964
101964
101966
101970
101983
101984
101995
101998
102001
102009
102013
102019
102025
102029
102032
102033
102035
102041
102045
102045
102057
102064
102066
102072
102083
102083
102086
102090
102095
102096
102098
102102
102104
102108
102112
102121
102131
102135
102135
102137
102140
102145
102147
102148
102151
102152
102157
102157
102158
102165
102172
102175
102177
102186
102188
102196
102197
102199
102201
102202
102204
102208
102208
102209
102211
102218
102228
102229
102250
102254
102259
102260
102262
102272
102277
102280
102283
102286
102304
102312
102316
102332
102338
102344
102345
102358
102360
102363
102366
102371
102395
102400
102404
102409
102412
102419
102423
102428
102436
102437
102437
102456
102463
102465
102481
102483
102483
102488
102505
102509
102512
102517
102518
102523
102525
102525
102527
102527
102533
102534
102538
102538
102540
102543
102549
102563
102564
102580
102585
102605
102608
102610
102611
102612
102624
102633
102636
102637
102660
102665
102669
102675
102678
102686
102687
102691
102691
102692
102700
102702
102704
102706
102708
102712
102721
102726
102727
102729
102733
102736
102738
102741
102743
102749
102751
102757
102759
102762
102767
102770
102771
102773
102773
102777
102782
102784
102784
102791
102792
102795
102801
102813
102818
102823
102825
102825
102829
102833
102833
102842
102843
102844
102845
102848
102871
102878
102879
102884
102889
102890
102897
102905
102908
102920
102920
102920
102921
102939
102940
102944
102950
102954
102956
102959
102962
102963
102964
102973
102979
102981
102982
102986
102986
102986
102990
102991
103003
103008
103010
103012
103017
103019
103022
103023
103033
103035
103040
103052
103054
103054
103057
103061
103065
103067
103072
103072
103079
103080
103081
103082
103087
103105
103114
103122
103123
103124
103145
103146
103146
103148
103155
103165
103168
103172
103185
103196
103196
103199
103199
103200
103213
103219
103225
103232
103235
103236
103258
103267
103268
103273
103277
103279
103280
103286
103289
103289
103295
103295
103305
103310
103317
103320
103328
103353
103357
103358
103364
103379
103379
103389
103407
103413
103429
103430
103436
103437
103438
103439
103440
103444
103450
103460
103465
103466
103472
103485
103487
103487
103488
103489
103494
103498
103507
103511
103515
103522
103522
103525
103528
103530
103530
103543
103547
103547
103559
103561
103562
103566
103567
103582
103583
103586
103587
103598
103600
103603
103613
103615
103619
103625
103628
103630
103631
103635
103642
103652
103655
103656
103656
103666
103666
103673
103675
103676
103694
103718
103724
103729
103733
103734
103738
103738
103749
103764
103768
103783
103783
103795
103802
103823
103823
103825
103826
103837
103840
103846
103852
103854
103855
103863
103868
103874
103883
103884
103895
103896
103900
103925
103928
103928
103936
103936
103947
103947
103951
103951
103959
103962
103965
103969
103970
103973
103989
103999
104001
104001
104007
104009
104012
104036
104040
104047
104068
104074
104080
104087
104088
104092
104093
104093
104093
104099
104104
104107
104109
104115
104118
104121
104131
104135
104136
104139
104139
104145
104149
104151
104152
104158
104162
104164
104175
104181
104193
104200
104208
104216
104222
104227
104229
104237
104242
104249
104251
104255
104256
104258
104260
104265
104269
104270
104279
104288
104292
104297
104302
104306
104308
104309
104310
104311
104322
104327
104330
104332
104336
104347
104348
104351
104355
104361
104364
104375
104391
104392
104404
104413
104414
104429
104437
104442
104445
104447
104451
104460
104460
104461
104470
104481
104483
104485
104486
104487
104490
104496
104501
104514
104522
104531
104532
104533
104533
104533
104535
104539
104547
104549
104566
104567
104573
104588
104591
104598
104611
104629
104632
104632
104633
104644
104656
104665
104666
104671
104685
104691
104692
104697
104699
104700
104710
104714
104715
104730
104733
104742
104743
104745
104750
104751
104769
104774
104775
104779
104787
104787
104787
104788
104792
104804
104805
104812
104824
104826
104831
104831
104835
104836
104839
104853
104876
104877
104880
104891
104892
104898
104912
104923
104925
104930
104931
104931
104932
104939
104943
104948
104950
104966
104971
104987
104991
104994
104998
105000
105001
105022
105027
105031
105032
105033
105037
105037
105071
105075
105077
105079
105083
105089
105094
105096
105098
105108
105111
105112
105116
105119
105135
105137
105142
105146
105148
105158
105161
105182
105196
105198
105206
105213
105218
105221
105228
105229
105245
105246
105252
105252
105253
105255
105267
105284
105288
105293
105294
105305
105309
105312
105321
105324
105325
105325
105333
105337
105337
105338
105350
105350
105353
105361
105362
105383
105388
105388
105396
105398
105405
105414
105421
105421
105423
105424
105431
105435
105437
105454
105456
105464
105466
105467
105476
105483
105484
105485
105485
105490
105495
105495
105505
105506
105511
105516
105525
105527
105537
105545
105549
105559
105575
105576
105577
105578
105596
105598
105606
105611
105617
105619
105619
105629
105631
105637
105638
105643
105646
105649
105651
105661
105662
105663
105667
105688
105702
105702
105706
105707
105710
105713
105718
105723
105731
105733
105735
105738
105739
105742
105750
105756
105757
105763
105766
105768
105772
105773
105778
105779
105780
105781
105782
105783
105796
105798
105800
105807
105807
105807
105810
105812
105814
105827
105830
105835
105836
105844
105845
105855
105863
105867
105879
105885
105886
105889
105892
105893
105893
105895
105899
105906
105912
105917
105927
105933
105940
105943
105946
105947
105952
105952
105957
105958
105986
105992
105993
106000
106003
106005
106011
106013
106014
106032
106032
106036
106049
106073
106074
106077
106080
106083
106092
106094
106098
106099
106101
106101
106103
106103
106105
106107
106107
106111
106117
106118
106121
106122
106126
106141
106143
106146
106153
106166
106166
106173
106183
106185
106189
106190
106197
106199
106215
106219
106220
106243
106254
106257
106263
106266
106273
106286
106287
106294
106300
106302
106311
106313
106327
106331
106331
106341
106344
106348
106353
106357
106362
106372
106378
106380
106383
106390
106392
106395
106397
106406
106411
106421
106421
106424
106430
106432
106434
106438
106442
106442
106454
106465
106465
106468
106486
106486
106490
106491
106498
106498
106509
106517
106523
106523
106527
106528
106531
106532
106541
106546
106549
106553
106555
106557
106557
106568
106571
106573
106574
106574
106575
106581
106595
106596
106596
106610
106611
106622
106624
106633
106637
106646
106651
106662
106671
106672
106674
106675
106685
106689
106704
106708
106711
106718
106719
106721
106728
106759
106762
106766
106775
106796
106797
106809
106811
106819
106820
106831
106843
106844
106848
106848
106862
106863
106864
106865
106865
106869
106884
106886
106895
106915
106917
106924
106929
106930
106932
106936
106936
106937
106939
106948
106965
106977
106977
106984
106985
106993
106997
107008
107013
107020
107024
107025
107026
107029
107032
107038
107041
107047
107057
107075
107083
107090
107091
107092
107115
107116
107120
107123
107126
107129
107131
107134
107144
107145
107149
107154
107159
107170
107171
107179
107195
107207
107211
107213
107215
107219
107225
107233
107235
107236
107251
107254
107261
107271
107275
107277
107278
107287
107291
107296
107306
107309
107314
107321
107322
107337
107338
107347
107350
107357
107364
107364
107373
107385
107388
107390
107394
107398
107398
107401
107411
107412
107424
107425
107430
107431
107432
107443
107445
107459
107467
107477
107480
107482
107484
107484
107486
107488
107491
107493
107493
107495
107498
107505
107510
107517
107524
107526
107527
107532
107535
107537
107540
107541
107547
107552
107555
107557
107559
107569
107570
107572
107578
107578
107591
107596
107596
107602
107604
107607
107607
107608
107612
107616
107630
107653
107654
107655
107671
107677
107683
107689
107692
107692
107692
107693
107708
107710
107721
107723
107728
107729
107739
107740
107743
107752
107756
107760
107760
107771
107777
107777
107780
107781
107783
107784
107785
107786
107792
107793
107802
107803
107805
107805
107812
107815
107822
107825
107832
107835
107837
107847
107848
107852
107855
107865
107866
107875
107879
107880
107882
107888
107890
107898
107899
107906
107912
107914
107918
107927
107928
107930
107937
107939
107949
107954
107959
107968
107973
107981
107984
107988
107988
107992
107993
108005
108012
108038
108040
108049
108050
108065
108067
108069
108072
108075
108076
108080
108084
108084
108088
108091
108092
108095
108098
108106
108107
108111
108125
108127
108132
108149
108151
108151
108155
108158
108160
108160
108169
108182
108184
108187
108188
108188
108207
108213
108214
108216
108229
108231
108232
108232
108236
108243
108244
108245
108246
108247
108250
108252
108258
108262
108275
108276
108277
108282
108283
108284
108297
108297
108297
108321
108325
108326
108327
108331
108332
108337
108347
108352
108354
108368
108376
108382
108389
108391
108392
108393
108396
108399
108401
108405
108410
108411
108414
108417
108418
108421
108424
108426
108428
108432
108441
108445
108448
108449
108454
108459
108459
108460
108466
108471
108475
108479
108485
108487
108500
108517
108518
108527
108528
108534
108534
108535
108536
108538
108542
108549
108552
108564
108573
108599
108601
108605
108614
108620
108624
108635
108638
108640
108668
108679
108685
108687
108690
108693
108695
108699
108705
108707
108714
108721
108724
108727
108732
108750
108752
108754
108761
108763
108765
108772
108774
108775
108776
108779
108780
108782
108788
108800
108805
108806
108807
108810
108810
108819
108825
108826
108836
108847
108850
108851
108862
108866
108866
108868
108874
108875
108889
108900
108900
108904
108907
108911
108912
108915
108918
108921
108934
108938
108944
108946
108962
108981
108987
108992
109000
109007
109009
109016
109018
109037
109052
109052
109063
109065
109068
109071
109077
109078
109090
109096
109097
109099
109108
109109
109120
109124
109130
109133
109136
109146
109147
109157
109161
109164
109166
109176
109182
109189
109196
109204
109209
109211
109214
109223
109238
109257
109266
109269
109282
109284
109306
109316
109323
109324
109325
109325
109326
109331
109349
109361
109371
109375
109375
109387
109390
109392
109399
109418
109425
109429
109430
109430
109432
109434
109436
109436
109457
109460
109462
109488
109502
109516
109517
109517
109531
109534
109541
109545
109546
109550
109562
109564
109568
109577
109577
109578
109593
109599
109599
109604
109627
109627
109629
109635
109636
109637
109641
109646
109647
109655
109655
109667
109671
109685
109687
109688
109701
109709
109709
109711
109713
109718
109718
109721
109728
109738
109744
109744
109746
109747
109748
109753
109756
109765
109765
109765
109771
109772
109776
109776
109777
109778
109785
109807
109809
109813
109815
109818
109824
109831
109842
109846
109848
109853
109853
109854
109855
109861
109861
109874
109887
109888
109889
109893
109905
109908
109908
109910
109919
109921
109923
109925
109928
109930
109930
109947
109948
109960
109962
109963
109964
109966
109970
109974
109976
109980
109984
109993
110007
110012
110020
110024
110027
110028
110032
110036
110041
110041
110043
110045
110051
110052
110064
110065
110068
110069
110074
110086
110090
110096
110099
110105
110115
110115
110119
110127
110134
110136
110152
110163
110164
110174
110180
110180
110185
110190
110201
110207
110215
110220
110220
110220
110221
110223
110229
110232
110233
110240
110246
110278
110290
110294
110295
110299
110305
110306
110308
110313
110314
110317
110325
110326
110329
110331
110332
110344
110346
110357
110360
110361
110365
110367
110371
110377
110378
110390
110390
110398
110398
110424
110427
110436
110444
110448
110449
110450
110451
110451
110452
110455
110464
110466
110468
110472
110473
110483
110484
110494
110498
110499
110499
110502
110503
110508
110508
110509
110523
110531
110539
110544
110544
110547
110554
110554
110556
110559
110566
110571
110585
110586
110586
110591
110609
110610
110617
110617
110617
110618
110619
110620
110624
110624
110626
110636
110639
110649
110654
110656
110668
110668
110679
110691
110701
110704
110730
110735
110749
110750
110751
110758
110770
110778
110780
110782
110791
110794
110823
110832
110832
110833
110847
110850
110862
110863
110864
110869
110877
110882
110893
110897
110899
110899
110899
110900
110906
110911
110912
110913
110914
110919
110931
110932
110944
110948
110953
110960
110961
110966
110973
110983
110985
110991
110993
110995
111001
111002
111005
111013
111034
111041
111042
111043
111055
111062
111065
111067
111069
111073
111104
111106
111108
111109
111112
111115
111117
111120
111124
111125
111139
111143
111146
111148
111153
111190
111191
111194
111195
111197
111198
111199
111201
111208
111220
111221
111227
111229
111230
111240
111248
111265
111268
111270
111271
111272
111275
111286
111290
111291
111302
111306
111308
111318
111319
111320
111321
111322
111325
111326
111331
111333
111337
111338
111338
111344
111345
111348
111350
111351
111367
111372
111373
111385
111386
111391
111394
111400
111406
111425
111427
111436
111448
111450
111458
111486
111508
111511
111532
111535
111535
111537
111538
111542
111544
111545
111553
111571
111571
111582
111594
111596
111598
111601
111610
111611
111612
111631
111649
111658
111659
111662
111663
111671
111673
111681
111688
111693
111699
111700
111703
111717
111721
111733
111735
111740
111744
111745
111748
111763
111776
111783
111794
111799
111801
111802
111810
111810
111815
111826
111831
111834
111842
111844
111845
111848
111853
111853
111858
111861
111879
111885
111887
111892
111895
111895
111897
111903
111915
111919
111933
111945
111948
111956
111957
111959
111962
111987
112000
112009
112013
112024
112030
112033
112049
112055
112058
112066
112068
112074
112083
112086
112092
112094
112098
112098
112101
112109
112109
112114
112115
112115
112120
112130
112131
112135
112136
112140
112140
112143
112145
112153
112168
112192
112198
112210
112216
112221
112222
112223
112229
112232
112233
112236
112237
112242
112242
112244
112256
112259
112261
112261
112263
112264
112265
112270
112271
112276
112278
112279
112281
112297
112299
112307
112308
112314
112314
112317
112323
112329
112338
112344
112354
112365
112368
112386
112388
112393
112396
112416
112423
112424
112430
112434
112437
112439
112441
112445
112448
112461
112470
112477
112485
112490
112493
112505
112508
112519
112521
112528
112538
112543
112543
112543
112543
112555
112555
112559
112571
112576
112584
112585
112592
112596
112598
112600
112600
112601
112602
112607
112610
112615
112624
112625
112628
112637
112647
112650
112653
112659
112660
112664
112667
112668
112669
112671
112675
112679
112693
112693
112696
112714
112716
112718
112724
112729
112729
112739
112762
112762
112765
112773
112773
112774
112781
112781
112783
112802
112818
112819
112819
112840
112857
112858
112863
112864
112864
112872
112872
112875
112875
112883
112884
112886
112886
112888
112897
112901
112905
112914
112926
112927
112932
112936
112942
112946
112946
112947
112949
112959
112972
112974
112987
112993
112997
113000
113003
113003
113009
113012
113012
113023
113040
113048
113060
113062
113066
113072
113076
113093
113110
113117
113120
113134
113142
113143
113157
113157
113158
113158
113163
113167
113168
113169
113172
113172
113173
113174
113175
113180
113188
113189
113193
113195
113200
113201
113205
113207
113207
113213
113217
113218
113221
113236
113242
113249
113249
113251
113253
113256
113265
113266
113274
113276
113276
113278
113285
113293
113294
113298
113309
113310
113321
113327
113329
113329
113329
113333
113342
113360
113361
113362
113369
113371
113381
113382
113386
113386
113392
113395
113400
113404
113407
113411
113417
113422
113436
113452
113454
113454
113459
113461
113470
113478
113479
113485
113487
113490
113496
113499
113506
113508
113514
113532
113533
113537
113542
113543
113545
113546
113551
113561
113561
113563
113588
113589
113592
113598
113604
113605
113611
113625
113627
113635
113636
113639
113639
113641
113644
113657
113661
113665
113682
113683
113690
113709
113725
113731
113736
113737
113751
113754
113766
113766
113766
113767
113768
113768
113768
113774
113779
113793
113798
113801
113801
113825
113826
113833
113835
113840
113841
113845
113858
113869
113894
113909
113909
113916
113920
113922
113928
113940
113944
113945
113947
113949
113951
113956
113956
113961
113967
113969
113977
113987
113989
113999
114000
114002
114003
114007
114007
114007
114008
114013
114019
114022
114022
114031
114032
114034
114035
114036
114047
114048
114049
114051
114051
114057
114061
114061
114064
114068
114075
114077
114079
114083
114084
114101
114104
114115
114133
114137
114142
114145
114146
114147
114151
114152
114159
114170
114172
114173
114173
114174
114189
114189
114190
114198
114202
114214
114214
114215
114221
114227
114229
114235
114245
114257
114271
114280
114286
114287
114288
114289
114293
114311
114320
114324
114327
114337
114341
114341
114343
114344
114368
114370
114373
114383
114400
114402
114416
114423
114424
114437
114452
114459
114463
114464
114467
114473
114477
114479
114485
114512
114518
114523
114523
114528
114528
114530
114537
114537
114539
114540
114546
114552
114554
114565
114567
114576
114582
114585
114589
114595
114602
114603
114604
114608
114624
114632
114640
114652
114666
114667
114673
114677
114681
114687
114707
114707
114712
114716
114725
114729
114730
114733
114733
114744
114745
114747
114753
114755
114759
114764
114769
114773
114786
114791
114792
114798
114804
114809
114809
114811
114812
114813
114817
114818
114824
114824
114829
114830
114832
114846
114848
114849
114850
114851
114857
114859
114866
114870
114876
114882
114888
114892
114894
114900
114908
114912
114918
114921
114931
114942
114943
114950
114954
114954
114959
114966
114968
114972
114976
114976
114979
114981
114984
115007
115007
115012
115012
115014
115023
115024
115024
115025
115026
115031
115032
115032
115037
115039
115041
115046
115057
115083
115087
115093
115107
115108
115111
115122
115128
115134
115146
115163
115164
115164
115167
115170
115174
115174
115177
115182
115185
115196
115201
115217
115219
115221
115227
115230
115232
115233
115234
115234
115244
115247
115252
115259
115263
115264
115264
115267
115280
115294
115305
115307
115312
115321
115326
115330
115332
115334
115334
115343
115352
115367
115401
115421
115422
115424
115443
115461
115462
115462
115472
115482
115485
115487
115488
115491
115497
115500
115505
115509
115509
115516
115526
115533
115535
115538
115542
115550
115569
115571
115573
115577
115583
115587
115591
115614
115622
115631
115635
115636
115646
115652
115656
115657
115661
115664
115673
115680
115681
115686
115695
115704
115705
115713
115720
115722
115725
115735
115736
115746
115748
115754
115757
115770
115778
115783
115785
115787
115799
115801
115802
115809
115822
115830
115830
115831
115838
115849
115855
115859
115869
115873
115888
115891
115907
115907
115910
115910
115914
115922
115937
115937
115946
115959
115960
115980
115987
116002
116003
116003
116009
116015
116023
116031
116031
116038
116038
116044
116049
116058
116060
116063
116063
116073
116076
116080
116088
116089
116090
116095
116098
116107
116111
116112
116120
116120
116126
116135
116137
116140
116141
116151
116156
116160
116175
116177
116180
116181
116182
116187
116190
116191
116193
116204
116208
116210
116210
116213
116226
116228
116231
116239
116239
116242
116249
116258
116264
116273
116275
116287
116288
116291
116298
116299
116300
116301
116307
116308
116309
116341
116352
116352
116359
116365
116367
116368
116370
116373
116377
116378
116380
116384
116396
116399
116402
116431
116435
116438
116441
116448
116457
116458
116460
116461
116463
116467
116473
116474
116480
116483
116494
116495
116498
116501
116505
116512
116523
116528
116538
116538
116540
116547
116548
116557
116563
116566
116579
116583
116587
116590
116590
116595
116604
116604
116607
116610
116611
116614
116617
116627
116634
116634
116634
116636
116648
116648
116651
116654
116659
116660
116662
116667
116674
116683
116688
116700
116700
116704
116714
116722
116726
116726
116727
116751
116751
116755
116757
116761
116764
116765
116767
116769
116769
116770
116771
116775
116779
116785
116788
116791
116793
116793
116797
116801
116809
116824
116835
116839
116839
116852
116855
116861
116864
116869
116875
116878
116886
116895
116912
116921
116922
116923
116927
116930
116930
116939
116942
116945
116953
116962
116963
116965
116967
116967
116973
116983
116985
116986
116988
116993
116994
117001
117004
117009
117013
117014
117022
117034
117035
117041
117043
117052
117053
117054
117056
117067
117075
117081
117081
117083
117119
117124
117137
117138
117151
117166
117172
117178
117179
117185
117190
117203
117205
117205
117206
117208
117209
117215
117224
117227
117233
117236
117239
117254
117260
117262
117264
117267
117267
117270
117275
117275
117278
117283
117286
117287
117295
117297
117298
117313
117325
117330
117331
117334
117336
117338
117339
117340
117342
117344
117353
117353
117354
117365
117366
117366
117377
117390
117394
117394
117396
117408
117414
117420
117424
117429
117444
117446
117457
117458
117459
117464
117470
117473
117473
117474
117476
117478
117486
117497
117499
117499
117510
117511
117516
117518
117524
117526
117528
117531
117536
117548
117550
117555
117564
117572
117578
117584
117584
117611
117622
117633
117637
117637
117638
117642
117643
117651
117654
117670
117672
117672
117683
117684
117692
117692
117696
117700
117701
117711
117713
117714
117716
117719
117722
117723
117726
117735
117736
117738
117748
117750
117752
117760
117762
117764
117773
117778
117779
117784
117785
117799
117805
117807
117813
117815
117817
117821
117845
117854
117860
117864
117866
117868
117868
117872
117872
117875
117878
117883
117889
117889
117891
117895
117901
117908
117911
117915
117917
117919
117923
117924
117930
117930
117934
117935
117946
117949
117950
117952
117958
117959
117962
117963
117970
117976
117984
117985
118004
118010
118016
118020
118022
118025
118028
118041
118042
118043
118043
118052
118053
118056
118067
118072
118076
118078
118079
118083
118088
118088
118089
118092
118094
118096
118097
118098
118098
118107
118110
118116
118121
118122
118124
118127
118143
118147
118149
118149
118150
118156
118158
118160
118163
118163
118165
118168
118168
118181
118205
118210
118217
118224
118226
118233
118238
118244
118247
118255
118255
118258
118259
118272
118274
118280
118280
118280
118287
118288
118290
118292
118322
118325
118326
118328
118329
118334
118338
118340
118347
118348
118355
118358
118369
118371
118375
118376
118376
118395
118400
118400
118407
118408
118416
118418
118418
118420
118420
118443
118444
118448
118448
118449
118457
118457
118465
118466
118470
118473
118480
118480
118480
118481
118482
118486
118504
118504
118507
118508
118517
118521
118521
118522
118527
118528
118529
118529
118541
118547
118551
118561
118564
118564
118567
118567
118582
118582
118583
118584
118605
118605
118607
118607
118610
118618
118622
118628
118643
118646
118650
118656
118658
118660
118663
118665
118666
118669
118670
118670
118688
118688
118694
118707
118713
118717
118723
118723
118728
118737
118737
118742
118745
118754
118760
118766
118769
118799
118809
118815
118819
118819
118831
118833
118837
118844
118848
118849
118849
118854
118858
118859
118860
118863
118865
118866
118866
118871
118873
118877
118877
118896
118898
118902
118902
118907
118917
118920
118921
118922
118922
118922
118925
118927
118928
118929
118930
118952
118954
118966
118968
118972
118972
118975
118986
118987
118995
118997
119000
119002
119005
119011
119016
119017
119022
119029
119029
119037
119040
119043
119050
119058
119060
119063
119088
119095
119095
119095
119096
119097
119101
119104
119106
119112
119115
119118
119118
119119
119120
119122
119125
119129
119131
119140
119142
119143
119146
119154
119155
119157
119160
119163
119163
119173
119187
119195
119204
119207
119209
119216
119219
119219
119226
119228
119231
119243
119247
119247
119249
119255
119270
119273
119276
119278
119282
119295
119309
119310
119315
119317
119320
119325
119327
119331
119341
119341
119343
119349
119376
119382
119384
119385
119402
119406
119412
119416
119417
119420
119423
119434
119437
119447
119449
119453
119457
119457
119457
119459
119460
119462
119462
119466
119467
119468
119469
119472
119474
119479
119482
119487
119492
119498
119517
119518
119527
119527
119529
119531
119534
119534
119535
119540
119543
119551
119556
119560
119560
119560
119564
119565
119570
119570
119601
119609
119610
119611
119612
119619
119660
119660
119672
119673
119677
119690
119693
119698
119710
119711
119716
119720
119733
119736
119748
119755
119762
119763
119769
119776
119784
119789
119796
119814
119818
119823
119825
119828
119836
119837
119837
119838
119842
119846
119851
119855
119860
119866
119870
119888
119889
119889
119891
119892
119897
119909
119917
119924
119926
119930
119933
119946
119948
119949
119953
119964
119964
119965
119982
119984
119989
120000
120001
120018
120019
120022
120027
120033
120036
120044
120049
120055
120056
120057
120057
120070
120077
120079
120080
120094
120107
120109
120115
120116
120117
120119
120122
120126
120129
120130
120134
120134
120136
120140
120141
120141
120145
120159
120159
120160
120170
120175
120181
120184
120187
120189
120195
120199
120200
120201
120207
120208
120213
120217
120218
120220
120223
120227
120228
120233
120241
120246
120266
120321
120331
120345
120345
120349
120360
120365
120376
120384
120392
120400
120421
120423
120423
120435
120445
120457
120458
120462
120476
120477
120485
120485
120489
120496
120499
120505
120506
120511
120519
120520
120523
120531
120533
120538
120539
120541
120551
120560
120564
120566
120575
120579
120581
120595
120606
120614
120615
120617
120618
120631
120631
120641
120649
120649
120649
120650
120654
120655
120660
120662
120668
120669
120671
120675
120678
120685
120690
120695
120704
120706
120707
120707
120709
120720
120722
120722
120751
120757
120759
120759
120761
120763
120769
120775
120782
120790
120790
120793
120803
120804
120805
120813
120816
120822
120850
120853
120862
120863
120864
120873
120880
120881
120885
120890
120894
120898
120905
120921
120924
120925
120937
120940
120950
120952
120952
120958
120964
120969
120973
120974
120976
120977
120979
120988
120989
120993
121007
121010
121010
121011
121034
121035
121039
121040
121041
121043
121045
121052
121068
121076
121098
121099
121099
121115
121118
121118
121124
121133
121134
121136
121145
121146
121146
121154
121159
121163
121166
121171
121172
121186
121191
121197
121200
121202
121208
121209
121209
121220
121221
121223
121226
121232
121246
121251
121260
121265
121266
121271
121276
121281
121287
121296
121309
121316
121316
121317
121320
121321
121338
121345
121347
121351
121356
121357
121359
121361
121362
121366
121367
121367
121370
121372
121376
121377
121378
121384
121391
121402
121406
121407
121410
121415
121420
121422
121427
121427
121441
121443
121446
121447
121448
121449
121450
121453
121456
121462
121463
121464
121466
121470
121470
121491
121494
121522
121525
121527
121550
121550
121555
121556
121567
121571
121576
121576
121579
121585
121586
121599
121600
121602
121603
121607
121614
121622
121629
121633
121640
121640
121646
121649
121652
121657
121663
121677
121684
121686
121694
121701
121704
121704
121707
121710
121715
121727
121728
121729
121733
121744
121746
121748
121764
121764
121772
121774
121782
121783
121787
121788
121794
121798
121802
121806
121816
121823
121823
121833
121843
121846
121848
121855
121859
121862
121873
121880
121884
121885
121893
121893
121895
121902
121902
121905
121912
121913
121925
121925
121929
121939
121951
121962
121967
121973
121977
121994
121997
121997
122001
122006
122006
122019
122023
122023
122025
122027
122050
122051
122057
122061
122081
122094
122095
122097
122101
122107
122112
122115
122128
122137
122140
122148
122149
122155
122163
122165
122168
122169
122170
122175
122183
122193
122199
122213
122218
122219
122220
122224
122232
122246
122251
122274
122285
122291
122296
122310
122315
122321
122328
122333
122336
122339
122342
122345
122349
122352
122354
122367
122369
122372
122377
122387
122395
122399
122400
122401
122410
122411
122416
122417
122430
122435
122436
122438
122439
122443
122445
122447
122456
122463
122465
122470
122482
122482
122482
122501
122503
122506
122511
122514
122529
122539
122539
122541
122541
122543
122543
122546
122547
122552
122555
122558
122560
122560
122587
122589
122589
122602
122604
122605
122606
122609
122612
122613
122615
122616
122630
122632
122634
122645
122648
122649
122650
122651
122651
122656
122658
122662
122666
122687
122695
122700
122705
122712
122712
122722
122724
122732
122735
122738
122741
122747
122752
122757
122763
122764
122772
122777
122778
122785
122788
122789
122806
122816
122827
122839
122853
122854
122856
122860
122864
122867
122875
122912
122918
122919
122920
122922
122925
122926
122933
122938
122943
122943
122953
122958
122958
122960
122960
122962
122963
122964
122964
122976
122989
122992
122995
122998
123004
123006
123032
123037
123041
123041
123041
123052
123064
123068
123074
123077
123080
123085
123087
123089
123110
123122
123122
123126
123137
123141
123145
123150
123171
123177
123177
123181
123190
123199
123202
123215
123217
123218
123219
123221
123223
123225
123227
123231
123232
123234
123246
123247
123247
123249
123250
123251
123255
123255
123260
123266
123269
123282
123295
123299
123300
123308
123309
123313
123329
123334
123336
123336
123340
123342
123349
123350
123350
123351
123356
123359
123364
123374
123386
123395
123405
123414
123420
123421
123446
123458
123463
123468
123474
123477
123481
123487
123495
123506
123510
123519
123520
123526
123532
123532
123548
123559
123567
123568
123575
123579
123579
123580
123581
123594
123595
123600
123613
123618
123631
123636
123653
123655
123662
123665
123669
123677
123679
123681
123682
123683
123688
123694
123697
123699
123711
123721
123723
123729
123736
123738
123758
123761
123763
123768
123779
123785
123787
123796
123800
123801
123801
123803
123807
123809
123810
123816
123818
123819
123821
123824
123828
123829
123835
123835
123840
123848
123858
123861
123862
123868
123879
123884
123891
123891
123897
123900
123902
123905
123906
123906
123910
123912
123915
123918
123920
123939
123940
123941
123943
123951
123954
123954
123959
123963
123971
123973
123974
123974
123994
124003
124006
124010
124014
124018
124018
124034
124036
124043
124047
124051
124053
124058
124073
124076
124083
124083
124087
124090
124108
124110
124112
124115
124116
124118
124122
124125
124127
124140
124146
124146
124149
124150
124150
124155
124162
124171
124175
124183
124187
124189
124214
124221
124223
124224
124225
124237
124240
124245
124257
124261
124267
124273
124278
124283
124293
124307
124307
124309
124310
124314
124315
124321
124324
124325
124331
124343
124345
124360
124369
124371
124372
124375
124384
124395
124395
124397
124400
124400
124407
124409
124411
124416
124416
124421
124430
124442
124450
124464
124473
124483
124484
124485
124501
124508
124516
124516
124517
124524
124524
124533
124543
124544
124544
124545
124549
124550
124552
124555
124559
124563
124573
124590
124592
124594
124595
124603
124616
124619
124623
124627
124629
124632
124634
124636
124641
124645
124651
124655
124668
124668
124669
124675
124677
124678
124690
124695
124698
124705
124708
124711
124717
124720
124733
124735
124738
124740
124741
124741
124759
124760
124762
124766
124771
124774
124777
124777
124790
124790
124795
124796
124800
124801
124802
124802
124806
124808
124810
124810
124812
124818
124822
124837
124840
124842
124849
124853
124860
124879
124881
124882
124886
124890
124897
124901
124901
124902
124906
124909
124914
124921
124927
124935
124941
124950
124970
124975
124991
124995
125033
125035
125043
125043
125045
125046
125047
125056
125056
125058
125060
125064
125065
125074
125074
125079
125082
125090
125097
125101
125117
125117
125135
125151
125151
125156
125161
125190
125191
125193
125202
125212
125224
125237
125243
125258
125267
125281
125286
125290
125296
125300
125302
125304
125312
125315
125332
125344
125353
125354
125356
125368
125368
125371
125379
125382
125389
125392
125394
125398
125398
125403
125420
125426
125430
125439
125441
125447
125450
125458
125469
125478
125494
125508
125518
125518
125524
125524
125527
125535
125539
125540
125542
125543
125553
125557
125562
125569
125569
125573
125576
125576
125578
125588
125592
125597
125600
125608
125617
125622
125622
125625
125636
125646
125648
125649
125657
125664
125680
125683
125688
125689
125695
125696
125698
125698
125705
125711
125726
125727
125734
125736
125744
125744
125751
125757
125773
125778
125788
125789
125800
125806
125809
125810
125815
125820
125822
125823
125823
125824
125829
125831
125837
125854
125857
125864
125879
125883
125897
125900
125904
125917
125918
125919
125920
125938
125939
125953
125954
125957
125960
125966
125984
125987
125988
125999
126015
126019
126020
126020
126022
126022
126034
126047
126049
126060
126063
126075
126087
126100
126103
126104
126104
126107
126113
126113
126115
126118
126119
126123
126138
126142
126147
126148
126151
126152
126164
126168
126173
126200
126203
126206
126210
126213
126233
126234
126254
126261
126262
126269
126270
126273
126276
126279
126284
126304
126306
126306
126325
126326
126336
126347
126348
126351
126356
126358
126363
126366
126367
126370
126379
126389
126391
126403
126407
126414
126424
126435
126440
126446
126447
126448
126453
126458
126479
126479
126483
126502
126504
126515
126520
126529
126531
126535
126542
126542
126543
126557
126561
126565
126570
126576
126580
126589
126591
126593
126595
126595
126604
126616
126618
126621
126623
126642
126650
126657
126659
126667
126672
126674
126681
126685
126686
126691
126695
126707
126707
126711
126712
126725
126729
126729
126729
126731
126738
126742
126745
126756
126771
126777
126783
126788
126792
126796
126804
126807
126823
126823
126829
126831
126835
126845
126845
126848
126851
126861
126864
126867
126882
126883
126886
126890
126894
126899
126910
126916
126916
126921
126929
126935
126938
126939
126942
126948
126954
126957
126960
126967
126981
126981
126983
126983
126985
126986
126989
126989
126994
126998
127002
127005
127022
127030
127036
127047
127062
127063
127068
127071
127073
127095
127101
127101
127104
127107
127107
127112
127117
127119
127119
127127
127128
127128
127129
127136
127141
127141
127142
127143
127147
127157
127161
127161
127163
127165
127166
127167
127168
127169
127170
127174
127178
127185
127191
127196
127199
127200
127210
127211
127219
127224
127227
127229
127236
127237
127245
127246
127256
127256
127258
127262
127269
127274
127292
127295
127297
127302
127303
127306
127322
127330
127332
127336
127337
127338
127341
127345
127346
127356
127356
127362
127373
127389
127394
127395
127400
127405
127411
127414
127418
127427
127438
127448
127461
127463
127468
127477
127488
127489
127507
127526
127528
127529
127537
127549
127558
127558
127559
127565
127568
127576
127588
127594
127608
127608
127610
127610
127625
127634
127639
127641
127643
127655
127656
127657
127661
127663
127673
127675
127677
127677
127689
127690
127690
127690
127692
127693
127702
127705
127707
127707
127709
127718
127724
127726
127736
127738
127741
127758
127760
127761
127768
127769
127777
127782
127788
127790
127793
127794
127795
127799
127810
127815
127816
127816
127819
127825
127827
127834
127838
127841
127845
127846
127848
127851
127852
127859
127861
127869
127875
127877
127885
127893
127898
127898
127911
127913
127914
127922
127926
127933
127934
127939
127943
127945
127958
127966
127967
127983
127992
128005
128015
128015
128016
128019
128023
128035
128037
128038
128043
128043
128053
128080
128082
128101
128104
128108
128118
128124
128132
128134
128140
128143
128151
128156
128166
128168
128176
128181
128199
128201
128201
128205
128212
128230
128230
128232
128236
128236
128239
128245
128246
128248
128249
128258
128269
128269
128270
128274
128276
128282
128284
128285
128288
128289
128291
128296
128297
128297
128306
128306
128308
128319
128320
128320
128327
128341
128350
128360
128373
128375
128384
128385
128386
128393
128395
128413
128415
128418
128427
128436
128442
128448
128457
128458
128458
128481
128486
128502
128504
128523
128527
128527
128533
128544
128549
128549
128557
128560
128573
128574
128584
128587
128592
128597
128606
128611
128626
128627
128642
128649
128658
128666
128666
128670
128693
128695
128718
128718
128720
128724
128735
128739
128741
128752
128755
128757
128760
128764
128770
128782
128796
128796
128798
128804
128811
128819
128853
128859
128859
128860
128866
128870
128871
128873
128890
128891
128895
128913
128915
128919
128919
128933
128938
128939
128952
128957
128961
128977
128987
129011
129014
129016
129018
129021
129025
129026
129028
129031
129034
129042
129046
129050
129052
129056
129056
129060
129062
129067
129073
129074
129076
129077
129088
129094
129103
129106
129108
129110
129113
129121
129127
129135
129141
129141
129149
129160
129162
129169
129177
129177
129177
129183
129187
129203
129204
129204
129212
129212
129214
129220
129223
129224
129236
129240
129243
129249
129252
129252
129259
129262
129272
129279
129282
129283
129288
129300
129307
129315
129316
129318
129324
129325
129329
129335
129339
129341
129344
129349
129358
129361
129363
129368
129369
129376
129377
129390
129392
129396
129400
129405
129407
129409
129410
129412
129415
129431
129436
129441
129448
129448
129460
129463
129468
129468
129469
129472
129473
129485
129488
129491
129492
129500
129503
129511
129516
129517
129519
129520
129524
129529
129534
129536
129537
129542
129543
129547
129555
129565
129569
129582
129588
129595
129600
129600
129603
129612
129620
129626
129629
129637
129637
129642
129643
129643
129645
129646
129648
129652
129660
129660
129685
129685
129685
129691
129697
129698
129698
129707
129710
129712
129712
129718
129725
129731
129731
129733
129739
129739
129743
129751
129757
129758
129763
129775
129788
129789
129798
129799
129808
129812
129812
129823
129823
129844
129845
129845
129850
129852
129856
129868
129871
129874
129884
129894
129898
129902
129904
129913
129917
129917
129920
129924
129924
129925
129930
129938
129954
129961
129983
129984
130001
130005
130012
130016
130022
130026
130032
130035
130035
130037
130040
130042
130046
130049
130050
130051
130054
130054
130055
130067
130067
130070
130074
130097
130099
130101
130102
130113
130115
130118
130126
130130
130141
130144
130144
130152
130157
130159
130161
130165
130166
130166
130178
130185
130199
130202
130204
130205
130211
130213
130216
130219
130233
130238
130238
130242
130244
130245
130264
130264
130264
130265
130274
130275
130279
130283
130288
130290
130301
130302
130324
130324
130327
130331
130333
130335
130336
130341
130345
130350
130358
130362
130362
130365
130366
130369
130382
130385
130404
130408
130411
130415
130427
130427
130432
130436
130439
130442
130456
130457
130477
130478
130480
130482
130489
130493
130500
130500
130508
130508
130520
130526
130527
130530
130537
130540
130542
130542
130568
130569
130577
130589
130590
130600
130613
130615
130622
130623
130625
130627
130633
130638
130642
130645
130648
130650
130654
130667
130668
130675
130679
130685
130690
130691
130695
130709
130715
130721
130727
130730
130730
130734
130739
130743
130743
130750
130760
130761
130772
130782
130786
130786
130788
130793
130796
130802
130802
130810
130815
130819
130822
130822
130824
130839
130849
130849
130854
130857
130864
130864
130873
130879
130885
130886
130888
130891
130893
130902
130907
130913
130915
130918
130923
130924
130934
130947
130949
130959
130960
130963
130963
130971
130980
130981
130984
130987
130989
130991
130992
130994
131002
131003
131003
131006
131008
131012
131023
131026
131031
131035
131036
131037
131043
131044
131047
131049
131052
131070
131071
131075
131076
131077
131078
131081
131082
131090
131094
131104
131104
131107
131107
131128
131133
131137
131138
131139
131147
131148
131154
131167
131170
131172
131175
131177
131179
131181
131197
131197
131199
131213
131215
131221
131224
131232
131235
131236
131237
131240
131246
131253
131265
131272
131280
131281
131281
131287
131297
131323
131324
131324
131328
131330
131330
131331
131332
131332
131343
131347
131349
131354
131358
131360
131362
131363
131377
131379
131381
131387
131387
131389
131392
131394
131396
131396
131398
131399
131422
131422
131423
131425
131432
131433
131434
131434
131447
131451
131452
131452
131455
131459
131465
131470
131473
131495
131495
131500
131504
131523
131523
131527
131528
131536
131549
131553
131558
131574
131588
131590
131591
131597
131604
131604
131604
131606
131614
131623
131625
131626
131627
131627
131628
131630
131633
131639
131643
131661
131665
131669
131679
131680
131681
131681
131685
131688
131696
131712
131718
131726
131728
131730
131736
131738
131739
131748
131749
131749
131749
131756
131757
131761
131766
131768
131768
131771
131790
131792
131792
131793
131794
131794
131797
131800
131800
131814
131816
131824
131825
131831
131836
131839
131840
131848
131848
131850
131856
131857
131864
131874
131880
131883
131887
131891
131897
131902
131902
131914
131918
131957
131957
131973
131974
131984
131993
131995
132002
132010
132012
132015
132023
132027
132033
132037
132054
132056
132057
132066
132068
132071
132073
132080
132084
132084
132085
132093
132096
132096
132105
132106
132106
132108
132122
132128
132145
132146
132153
132156
132159
132164
132174
132175
132180
132182
132188
132193
132203
132207
132218
132218
132221
132235
132240
132244
132245
132254
132255
132263
132264
132265
132266
132270
132280
132282
132285
132291
132302
132306
132307
132309
132309
132322
132323
132328
132331
132331
132338
132349
132349
132356
132359
132388
132392
132393
132402
132412
132421
132423
132428
132429
132436
132456
132458
132461
132466
132468
132473
132481
132484
132491
132491
132500
132513
132520
132520
132527
132528
132529
132536
132537
132547
132555
132557
132558
132560
132570
132572
132574
132578
132580
132581
132586
132594
132594
132595
132597
132603
132604
132619
132620
132626
132632
132641
132642
132644
132646
132647
132653
132654
132666
132673
132675
132685
132687
132688
132700
132705
132715
132722
132725
132725
132731
132737
132745
132747
132750
132760
132762
132765
132766
132771
132779
132779
132784
132785
132791
132793
132794
132801
132809
132812
132813
132813
132815
132817
132821
132823
132823
132830
132838
132840
132840
132844
132846
132850
132866
132872
132880
132882
132887
132889
132896
132897
132900
132906
132907
132912
132916
132917
132917
132928
132935
132936
132938
132948
132950
132951
132953
132960
132969
132973
132976
132982
132985
132986
132995
132998
133008
133014
133033
133035
133037
133040
133044
133046
133054
133055
133056
133059
133066
133069
133071
133072
133072
133074
133081
133088
133089
133090
133090
133092
133094
133104
133113
133118
133121
133121
133128
133130
133131
133145
133146
133162
133168
133170
133171
133174
133180
133187
133204
133209
133210
133224
133226
133240
133242
133252
133255
133265
133279
133279
133288
133294
133297
133303
133304
133309
133324
133325
133328
133333
133335
133337
133338
133338
133364
133370
133376
133378
133379
133390
133392
133400
133403
133407
133409
133414
133433
133435
133436
133436
133437
133442
133450
133456
133457
133464
133468
133481
133485
133486
133496
133501
133502
133507
133511
133514
133529
133531
133534
133541
133542
133545
133556
133559
133564
133567
133571
133577
133579
133579
133583
133585
133589
133590
133592
133593
133596
133598
133602
133603
133623
133623
133627
133628
133643
133644
133649
133650
133654
133657
133659
133664
133674
133674
133681
133684
133690
133695
133696
133702
133713
133723
133724
133726
133732
133740
133746
133747
133760
133763
133763
133763
133778
133778
133784
133785
133798
133800
133801
133801
133802
133803
133805
133817
133821
133827
133829
133829
133832
133835
133836
133839
133840
133845
133848
133851
133854
133856
133857
133858
133872
133873
133875
133884
133889
133889
133900
133908
133908
133912
133913
133916
133928
133934
133935
133936
133946
133948
133951
133958
133962
133964
133964
133972
133974
133991
133995
133996
133998
134001
134002
134009
134011
134012
134012
134014
134027
134030
134035
134046
134046
134048
134048
134060
134071
134076
134078
134083
134089
134096
134098
134100
134102
134105
134117
134118
134119
134125
134127
134135
134137
134138
134143
134152
134159
134171
134173
134174
134177
134181
134182
134212
134213
134217
134218
134221
134222
134226
134231
134232
134239
134242
134244
134246
134252
134255
134257
134262
134280
134295
134298
134301
134317
134318
134318
134325
134327
134330
134335
134337
134355
134361
134363
134365
134365
134369
134376
134381
134384
134393
134396
134397
134399
134406
134412
134419
134425
134433
134433
134446
134469
134471
134475
134489
134495
134504
134511
134513
134520
134521
134524
134524
134532
134534
134537
134538
134541
134543
134546
134551
134555
134556
134561
134564
134566
134571
134571
134574
134584
134584
134589
134591
134610
134625
134627
134629
134632
134643
134661
134664
134666
134674
134686
134688
134688
134688
134693
134695
134698
134704
134708
134712
134714
134722
134733
134747
134748
134758
134759
134766
134773
134790
134792
134795
134797
134801
134805
134812
134814
134821
134829
134832
134839
134844
134850
134856
134857
134860
134861
134862
134868
134869
134870
134871
134884
134890
134894
134897
134898
134899
134907
134909
134911
134913
134915
134917
134921
134922
134924
134925
134927
134937
134937
134949
134960
134968
134972
134975
134976
134979
134981
134984
134991
135002
135008
135017
135020
135023
135033
135050
135070
135074
135090
135096
135099
135104
135108
135129
135131
135132
135137
135142
135143
135144
135146
135147
135149
135155
135157
135162
135173
135175
135183
135188
135211
135214
135217
135217
135237
135242
135257
135263
135264
135266
135273
135273
135275
135275
135279
135281
135293
135295
135296
135301
135301
135305
135312
135317
135318
135321
135321
135324
135325
135329
135333
135341
135358
135358
135363
135371
135379
135379
135396
135398
135400
135401
135413
135420
135429
135431
135439
135451
135454
135455
135456
135457
135457
135458
135459
135460
135469
135469
135477
135485
135493
135495
135500
135514
135521
135528
135528
135534
135539
135543
135544
135546
135559
135572
135573
135578
135578
135581
135592
135597
135601
135603
135606
135614
135622
135625
135628
135635
135639
135642
135649
135658
135670
135685
135686
135688
135692
135693
135699
135702
135704
135712
135725
135725
135730
135731
135743
135749
135759
135761
135762
135768
135770
135774
135786
135790
135793
135809
135812
135813
135818
135821
135823
135828
135829
135830
135832
135834
135839
135843
135845
135845
135845
135853
135854
135857
135868
135868
135870
135873
135876
135886
135892
135892
135898
135898
135902
135912
135912
135914
135915
135917
135922
135928
135945
135946
135948
135949
135950
135994
136004
136005
136005
136017
136043
136043
136046
136052
136054
136066
136070
136071
136080
136081
136083
136103
136118
136127
136128
136137
136149
136155
136159
136169
136179
136179
136186
136187
136191
136198
136206
136211
136227
136228
136232
136238
136243
136246
136254
136258
136260
136265
136272
136279
136287
136289
136295
136304
136306
136320
136327
136341
136351
136356
136364
136367
136372
136375
136378
136387
136388
136388
136391
136399
136400
136403
136408
136409
136417
136418
136423
136425
136434
136435
136435
136436
136441
136448
136462
136465
136474
136474
136474
136476
136479
136485
136492
136495
136496
136500
136502
136520
136525
136527
136536
136549
136553
136555
136561
136563
136581
136581
136581
136596
136597
136614
136614
136614
136617
136618
136623
136630
136631
136660
136664
136665
136667
136673
136681
136689
136692
136711
136713
136714
136722
136731
136738
136746
136747
136755
136755
136757
136761
136766
136769
136770
136771
136772
136777
136788
136788
136803
136805
136809
136816
136819
136823
136832
136855
136861
136862
136863
136864
136872
136872
136873
136881
136886
136887
136891
136894
136895
136904
136908
136918
136927
136929
136931
136941
136942
136948
136949
136949
136965
136966
136989
136996
137022
137025
137025
137028
137028
137049
137049
137053
137055
137060
137064
137066
137068
137071
137074
137084
137091
137094
137106
137119
137131
137134
137135
137141
137148
137148
137152
137159
137166
137171
137182
137183
137189
137196
137200
137207
137208
137209
137211
137215
137218
137223
137226
137228
137251
137256
137258
137260
137273
137276
137278
137284
137284
137287
137293
137295
137298
137303
137306
137306
137324
137326
137328
137338
137339
137347
137347
137348
137352
137356
137369
137370
137387
137389
137392
137392
137393
137397
137398
137400
137401
137407
137408
137414
137415
137420
137429
137431
137431
137444
137448
137458
137460
137467
137473
137474
137476
137488
137506
137507
137509
137526
137535
137536
137540
137541
137549
137549
137556
137561
137566
137580
137581
137585
137586
137586
137591
137592
137606
137606
137608
137612
137614
137624
137625
137630
137631
137642
137644
137647
137650
137654
137668
137673
137679
137703
137716
137721
137729
137735
137750
137751
137766
137766
137772
137783
137785
137793
137806
137806
137814
137817
137820
137821
137833
137842
137857
137858
137861
137862
137863
137863
137869
137871
137872
137875
137878
137881
137883
137883
137889
137889
137894
137905
137906
137910
137912
137912
137918
137920
137926
137926
137927
137929
137937
137939
137943
137947
137951
137953
137960
137962
137979
137982
137985
137996
138010
138015
138024
138028
138031
138036
138042
138044
138072
138073
138073
138081
138087
138090
138092
138094
138094
138095
138097
138104
138105
138106
138119
138128
138130
138133
138139
138145
138152
138152
138155
138162
138167
138168
138175
138182
138184
138191
138193
138202
138207
138213
138215
138221
138222
138230
138248
138249
138257
138257
138260
138260
138260
138262
138262
138263
138265
138272
138273
138274
138277
138277
138286
138289
138290
138300
138302
138305
138305
138307
138308
138325
138329
138330
138337
138338
138341
138359
138362
138362
138366
138366
138383
138384
138385
138393
138407
138409
138410
138412
138421
138422
138423
138426
138428
138439
138441
138453
138461
138470
138480
138484
138485
138486
138501
138503
138505
138507
138520
138526
138527
138537
138537
138541
138545
138553
138561
138562
138573
138582
138595
138599
138600
138603
138614
138617
138620
138622
138626
138626
138629
138633
138635
138636
138637
138642
138647
138657
138666
138674
138675
138689
138693
138695
138698
138702
138703
138708
138710
138733
138745
138747
138753
138764
138770
138773
138783
138786
138801
138805
138805
138807
138816
138817
138818
138819
138827
138835
138842
138845
138853
138854
138860
138860
138865
138868
138868
138873
138885
138891
138894
138898
138902
138909
138919
138921
138923
138931
138933
138934
138941
138946
138951
138954
138956
138957
138963
138964
138968
138971
138971
138973
138974
138975
138978
138980
138980
138982
138983
138983
138985
138990
138996
139000
139003
139003
139003
139009
139009
139012
139020
139021
139022
139023
139025
139027
139034
139037
139038
139042
139043
139045
139047
139047
139048
139055
139067
139068
139070
139070
139071
139071
139080
139091
139091
139092
139094
139101
139101
139112
139123
139126
139133
139143
139145
139158
139158
139166
139182
139190
139192
139196
139204
139210
139222
139225
139226
139232
139242
139245
139247
139250
139258
139272
139275
139279
139291
139308
139310
139314
139315
139320
139323
139327
139335
139339
139340
139342
139343
139360
139364
139375
139376
139382
139384
139391
139392
139394
139395
139396
139397
139409
139414
139416
139422
139422
139428
139434
139445
139445
139446
139455
139456
139459
139476
139481
139488
139492
139499
139501
139510
139515
139517
139525
139525
139525
139527
139528
139550
139556
139583
139587
139594
139596
139612
139616
139622
139622
139624
139625
139637
139652
139653
139656
139658
139664
139665
139667
139674
139674
139674
139675
139688
139690
139694
139702
139704
139704
139723
139727
139728
139741
139742
139742
139752
139760
139762
139766
139768
139780
139783
139783
139795
139796
139800
139802
139814
139816
139821
139823
139857
139860
139868
139879
139880
139881
139886
139888
139891
139896
139905
139909
139913
139915
139918
139920
139927
139936
139942
139942
139948
139950
139951
139960
139961
139966
139970
139972
139976
139980
139983
139987
139994
139997
139998
140004
140010
140011
140017
140020
140021
140038
140047
140052
140061
140065
140065
140079
140081
140092
140098
140102
140109
140115
140119
140124
140134
140134
140137
140142
140148
140150
140152
140161
140162
140165
140168
140172
140174
140201
140206
140208
140209
140214
140216
140219
140220
140229
140244
140256
140263
140271
140274
140281
140284
140294
140295
140300
140302
140310
140317
140318
140319
140322
140327
140329
140332
140334
140336
140342
140348
140353
140364
140367
140371
140373
140374
140382
140384
140384
140387
140388
140388
140392
140408
140415
140415
140419
140425
140436
140443
140452
140453
140463
140465
140474
140475
140476
140477
140488
140489
140498
140498
140506
140509
140510
140516
140521
140522
140526
140534
140534
140536
140551
140554
140568
140571
140575
140576
140579
140586
140601
140603
140607
140624
140627
140640
140645
140645
140650
140675
140675
140679
140687
140690
140694
140714
140714
140717
140724
140732
140733
140734
140739
140746
140750
140763
140767
140773
140776
140778
140778
140792
140796
140796
140799
140802
140806
140808
140820
140821
140828
140838
140839
140842
140844
140851
140853
140856
140865
140866
140867
140867
140869
140876
140882
140886
140887
140899
140902
140903
140918
140921
140921
140923
140925
140941
140941
140946
140948
140951
140951
140958
140961
140965
140967
140968
140970
140974
140979
140980
140989
140997
140999
141006
141007
141013
141021
141024
141027
141029
141030
141036
141036
141039
141042
141046
141046
141046
141047
141050
141054
141054
141074
141080
141080
141082
141096
141099
141107
141115
141126
141132
141133
141135
141143
141160
141161
141162
141172
141175
141182
141184
141186
141187
141191
141195
141201
141202
141206
141215
141215
141216
141217
141222
141225
141226
141247
141248
141259
141263
141266
141267
141271
141275
141276
141278
141283
141283
141285
141310
141317
141321
141321
141332
141338
141338
141346
141350
141351
141351
141353
141356
141363
141367
141369
141371
141372
141372
141380
141380
141386
141394
141398
141398
141401
141402
141408
141409
141414
141414
141417
141426
141441
141442
141444
141445
141453
141456
141457
141460
141460
141465
141478
141481
141482
141482
141485
141492
141495
141497
141501
141509
141516
141528
141529
141530
141537
141559
141562
141567
141586
141590
141597
141597
141612
141612
141622
141625
141638
141639
141640
141645
141645
141662
141663
141664
141666
141672
141679
141680
141680
141686
141689
141692
141700
141702
141703
141704
141708
141726
141736
141739
141746
141755
141760
141763
141774
141777
141780
141781
141790
141805
141816
141822
141828
141832
141833
141836
141837
141840
141841
141841
141842
141845
141852
141860
141862
141865
141867
141871
141877
141891
141892
141898
141900
141900
141908
141910
141919
141923
141926
141935
141941
141944
141946
141948
141950
141954
141955
141958
141966
141967
141969
141971
141972
141979
141991
141999
142006
142010
142012
142015
142018
142027
142033
142036
142039
142042
142051
142056
142058
142059
142063
142063
142069
142086
142093
142107
142109
142116
142117
142119
142119
142129
142131
142132
142133
142136
142139
142148
142150
142153
142164
142179
142187
142198
142210
142210
142215
142217
142222
142225
142229
142232
142238
142245
142250
142260
142262
142265
142267
142268
142269
142270
142275
142278
142282
142283
142291
142293
142297
142298
142304
142305
142312
142315
142317
142319
142326
142327
142332
142335
142339
142340
142343
142350
142351
142352
142356
142360
142366
142367
142369
142373
142375
142379
142380
142382
142384
142385
142388
142392
142399
142403
142408
142411
142414
142417
142422
142423
142423
142434
142436
142444
142448
142450
142457
142459
142476
142483
142493
142499
142500
142505
142506
142508
142512
142514
142516
142518
142518
142520
142526
142527
142540
142544
142546
142564
142571
142577
142586
142587
142588
142591
142596
142596
142601
142606
142608
142612
142614
142615
142617
142622
142623
142625
142625
142626
142627
142630
142634
142635
142636
142639
142641
142654
142656
142658
142660
142666
142669
142675
142679
142683
142696
142716
142716
142735
142735
142742
142745
142748
142752
142753
142755
142763
142763
142767
142773
142775
142776
142780
142800
142800
142806
142820
142821
142822
142823
142824
142828
142834
142840
142849
142862
142873
142877
142886
142886
142889
142891
142893
142895
142908
142910
142911
142912
142934
142947
142948
142949
142950
142962
142965
142981
143006
143009
143021
143023
143024
143025
143028
143031
143032
143032
143033
143047
143060
143062
143067
143080
143083
143084
143099
143104
143105
143111
143125
143128
143129
143130
143130
143131
143135
143138
143138
143139
143145
143164
143171
143186
143191
143203
143207
143219
143237
143240
143243
143246
143247
143249
143260
143265
143276
143279
143280
143284
143290
143293
143297
143303
143304
143305
143311
143312
143314
143315
143318
143319
143323
143325
143328
143349
143360
143367
143368
143368
143372
143375
143377
143386
143391
143391
143391
143394
143395
143403
143419
143435
143437
143445
143445
143462
143467
143468
143470
143478
143480
143481
143481
143491
143492
143495
143506
143517
143521
143533
143535
143542
143547
143551
143553
143556
143562
143568
143584
143587
143594
143617
143635
143641
143644
143648
143656
143660
143661
143669
143671
143680
143692
143700
143702
143703
143703
143711
143714
143742
143752
143759
143765
143767
143772
143792
143795
143802
143811
143814
143818
143827
143828
143831
143835
143838
143857
143857
143858
143869
143875
143875
143877
143886
143894
143900
143904
143910
143931
143931
143932
143937
143942
143943
143945
143945
143952
143958
143962
143972
143978
143988
143994
143999
144006
144027
144032
144034
144042
144047
144055
144056
144076
144078
144080
144080
144081
144082
144083
144090
144092
144103
144104
144111
144121
144127
144137
144140
144140
144143
144150
144152
144165
144171
144172
144175
144182
144189
144195
144205
144206
144214
144215
144219
144219
144222
144228
144229
144230
144238
144248
144251
144254
144262
144267
144269
144269
144273
144274
144275
144283
144285
144309
144309
144311
144312
144314
144319
144325
144325
144327
144329
144332
144333
144345
144346
144348
144361
144368
144369
144370
144371
144377
144378
144380
144391
144399
144404
144407
144416
144424
144433
144434
144444
144449
144451
144457
144463
144473
144474
144485
144486
144490
144490
144492
144493
144495
144495
144510
144511
144512
144519
144526
144535
144536
144537
144546
144546
144548
144548
144550
144559
144560
144561
144561
144578
144579
144592
144593
144597
144607
144615
144619
144623
144624
144632
144632
144639
144655
144660
144660
144663
144677
144678
144691
144692
144702
144703
144712
144713
144731
144732
144735
144749
144750
144751
144754
144761
144765
144778
144779
144781
144782
144782
144786
144801
144805
144806
144810
144812
144820
144828
144839
144839
144856
144870
144870
144877
144885
144891
144896
144896
144902
144906
144908
144908
144917
144918
144921
144923
144924
144925
144934
144952
144957
144964
144969
144972
144973
144973
144976
144984
144992
144992
144993
145002
145003
145008
145012
145013
145021
145036
145045
145048
145052
145052
145053
145061
145062
145065
145068
145070
145070
145075
145081
145082
145086
145093
145095
145105
145107
145107
145109
145111
145114
145126
145127
145134
145136
145147
145149
145153
145159
145161
145162
145164
145174
145176
145177
145177
145183
145185
145186
145186
145194
145197
145205
145211
145218
145220
145223
145228
145228
145229
145249
145258
145261
145265
145266
145267
145270
145273
145274
145275
145279
145280
145281
145287
145288
145288
145292
145294
145311
145319
145321
145326
145328
145340
145346
145349
145354
145356
145367
145379
145385
145388
145392
145392
145396
145402
145412
145421
145422
145423
145429
145438
145442
145455
145465
145465
145473
145482
145484
145485
145485
145488
145490
145497
145523
145527
145576
145578
145582
145592
145597
145602
145603
145604
145617
145623
145624
145627
145629
145631
145631
145632
145637
145643
145648
145660
145664
145666
145671
145676
145683
145691
145695
145701
145707
145745
145747
145751
145761
145762
145763
145785
145787
145795
145799
145805
145818
145822
145823
145824
145828
145837
145847
145854
145855
145864
145866
145866
145868
145878
145880
145887
145890
145892
145894
145902
145905
145921
145921
145926
145932
145935
145950
145952
145957
145961
145961
145961
145962
145966
145971
145974
145979
145987
145995
145999
146011
146019
146020
146025
146027
146028
146030
146032
146032
146034
146036
146042
146049
146057
146058
146059
146060
146067
146070
146073
146077
146078
146087
146094
146109
146111
146115
146121
146123
146130
146136
146137
146141
146144
146145
146154
146155
146170
146180
146184
146184
146191
146202
146219
146233
146235
146241
146243
146244
146244
146246
146248
146249
146251
146254
146261
146264
146265
146274
146275
146284
146285
146286
146288
146290
146294
146295
146296
146299
146299
146300
146304
146307
146308
146313
146314
146317
146329
146330
146333
146334
146335
146342
146349
146351
146358
146361
146361
146364
146366
146371
146371
146381
146387
146387
146405
146407
146411
146413
146415
146416
146418
146421
146431
146436
146447
146450
146452
146459
146469
146473
146488
146491
146492
146500
146502
146503
146507
146509
146514
146514
146516
146525
146525
146530
146531
146534
146535
146536
146538
146544
146546
146550
146553
146554
146557
146564
146568
146572
146573
146579
146586
146587
146588
146590
146601
146601
146607
146608
146609
146632
146632
146648
146650
146650
146654
146655
146657
146662
146665
146665
146679
146686
146692
146693
146694
146696
146701
146709
146711
146711
146715
146722
146730
146738
146740
146740
146744
146746
146748
146749
146753
146753
146755
146763
146767
146770
146773
146778
146779
146780
146784
146785
146791
146796
146796
146797
146804
146806
146808
146813
146819
146825
146831
146859
146861
146864
146865
146868
146876
146881
146884
146888
146891
146902
146919
146925
146925
146928
146932
146940
146952
146955
146963
146971
146974
146979
146982
146984
146984
146985
146994
146997
147005
147007
147012
147014
147015
147016
147018
147021
147021
147033
147035
147038
147052
147059
147063
147067
147075
147084
147085
147092
147094
147103
147106
147109
147128
147134
147136
147140
147141
147141
147147
147154
147154
147154
147159
147160
147163
147167
147171
147173
147180
147180
147181
147188
147195
147196
147198
147200
147202
147209
147213
147215
147231
147231
147233
147246
147248
147249
147251
147256
147260
147261
147262
147263
147268
147274
147277
147292
147294
147301
147305
147319
147330
147344
147347
147347
147357
147363
147376
147389
147394
147394
147398
147399
147399
147405
147405
147407
147415
147418
147443
147448
147454
147458
147458
147461
147466
147473
147475
147475
147476
147481
147499
147500
147504
147508
147511
147512
147515
147523
147523
147525
147533
147539
147541
147545
147546
147551
147554
147560
147563
147571
147578
147580
147580
147581
147585
147590
147591
147591
147592
147594
147595
147602
147607
147612
147614
147617
147623
147631
147641
147643
147652
147656
147664
147667
147673
147680
147686
147687
147696
147701
147710
147717
147727
147729
147732
147733
147738
147739
147741
147759
147761
147762
147771
147773
147777
147778
147782
147783
147801
147805
147808
147809
147809
147810
147820
147824
147826
147834
147834
147838
147839
147839
147840
147846
147856
147860
147860
147861
147873
147876
147877
147879
147883
147884
147885
147892
147893
147896
147897
147900
147906
147908
147909
147917
147920
147928
147929
147948
147949
147953
147955
147965
147967
147970
147978
147983
147995
148000
148000
148001
148004
148007
148008
148017
148020
148031
148035
148035
148041
148047
148055
148060
148060
148075
148075
148076
148079
148082
148093
148096
148104
148109
148114
148116
148122
148122
148127
148128
148130
148131
148132
148147
148147
148149
148153
148159
148160
148169
148175
148183
148187
148187
148199
148201
148203
148203
148205
148211
148221
148225
148232
148240
148248
148259
148266
148278
148289
148294
148307
148312
148316
148319
148337
148338
148343
148376
148385
148391
148392
148392
148394
148395
148411
148414
148415
148415
148422
148428
148440
148448
148455
148457
148459
148471
148473
148475
148477
148491
148491
148497
148499
148512
148523
148532
148532
148542
148553
148558
148565
148568
148587
148587
148590
148602
148614
148617
148622
148627
148634
148635
148636
148639
148640
148643
148652
148652
148653
148659
148668
148672
148673
148683
148683
148684
148685
148685
148690
148701
148702
148710
148716
148721
148728
148730
148731
148731
148733
148734
148735
148742
148749
148765
148768
148775
148779
148784
148787
148817
148818
148825
148827
148828
148829
148829
148830
148832
148841
148843
148844
148846
148847
148855
148865
148867
148890
148892
148901
148906
148907
148908
148909
148910
148913
148915
148927
148931
148942
148950
148951
148951
148953
148959
148960
148968
148968
148980
148980
148984
148987
148989
148990
148999
148999
149000
149007
149012
149012
149014
149017
149023
149024
149029
149029
149035
149042
149042
149045
149051
149052
149054
149054
149057
149068
149070
149071
149079
149080
149084
149085
149088
149090
149091
149093
149100
149106
149108
149109
149112
149118
149134
149150
149153
149170
149175
149178
149181
149182
149183
149185
149187
149191
149192
149198
149203
149210
149217
149217
149219
149224
149229
149229
149231
149232
149235
149239
149243
149245
149249
149255
149256
149256
149257
149263
149264
149272
149273
149275
149289
149291
149294
149297
149299
149312
149313
149317
149320
149321
149325
149326
149331
149341
149344
149348
149349
149357
149362
149369
149372
149375
149384
149385
149385
149387
149388
149396
149401
149406
149407
149408
149414
149419
149419
149420
149421
149431
149431
149431
149437
149444
149447
149448
149448
149449
149449
149452
149462
149468
149471
149472
149476
149478
149485
149512
149514
149518
149522
149524
149527
149533
149537
149539
149552
149575
149583
149593
149597
149600
149605
149621
149623
149630
149634
149635
149638
149656
149662
149662
149671
149673
149679
149686
149687
149693
149696
149701
149705
149710
149717
149722
149724
149725
149738
149740
149743
149746
149747
149754
149762
149767
149768
149770
149771
149778
149780
149781
149782
149786
149798
149800
149801
149806
149807
149813
149837
149838
149841
149853
149857
149890
149891
149892
149895
149897
149903
149903
149906
149907
149913
149916
149927
149931
149935
149937
149945
149948
149948
149949
149951
149953
149958
149959
149971
149974
149974
149975
149993
150009
150010
150019
150022
150024
150025
150028
150030
150035
150037
150037
150040
150052
150056
150059
150060
150060
150069
150082
150085
150090
150098
150103
150115
150127
150127
150130
150134
150139
150140
150141
150143
150143
150151
150153
150158
150162
150164
150164
150167
150180
150185
150186
150189
150207
150208
150218
150229
150236
150253
150257
150258
150259
150260
150261
150264
150272
150274
150276
150286
150297
150299
150305
150306
150313
150313
150326
150327
150335
150336
150338
150339
150342
150352
150355
150358
150369
150372
150381
150384
150385
150401
150404
150412
150417
150419
150425
150428
150449
150451
150452
150454
150460
150464
150474
150477
150482
150484
150487
150488
150491
150499
150500
150500
150502
150507
150519
150526
150533
150547
150548
150557
150557
150558
150564
150575
150582
150584
150591
150594
150595
150595
150608
150612
150622
150630
150638
150652
150671
150674
150678
150682
150692
150695
150700
150701
150713
150723
150723
150727
150727
150731
150734
150741
150745
150755
150756
150761
150771
150773
150777
150790
150791
150793
150799
150806
150813
150826
150827
150833
150837
150848
150849
150865
150868
150880
150886
150889
150900
150914
150914
150918
150930
150931
150936
150942
150944
150946
150949
150953
150956
150959
150962
150968
150973
150992
150994
150996
150997
150997
151000
151009
151013
151016
151018
151021
151029
151033
151040
151042
151047
151048
151057
151066
151068
151069
151071
151073
151075
151079
151091
151096
151100
151102
151109
151123
151129
151132
151149
151151
151155
151160
151161
151168
151173
151174
151178
151186
151193
151200
151208
151210
151214
151217
151223
151230
151250
151255
151255
151261
151262
151273
151275
151292
151294
151300
151300
151316
151323
151324
151330
151332
151336
151338
151340
151343
151345
151365
151366
151369
151370
151372
151372
151374
151378
151392
151395
151400
151407
151407
151412
151413
151414
151417
151417
151417
151423
151434
151438
151441
151449
151452
151458
151458
151469
151472
151477
151488
151491
151501
151516
151521
151524
151533
151544
151547
151548
151566
151574
151578
151580
151581
151582
151590
151599
151611
151625
151627
151638
151646
151648
151654
151655
151662
151663
151665
151671
151671
151674
151683
151686
151693
151700
151708
151710
151712
151713
151717
151720
151721
151723
151724
151725
151744
151761
151762
151764
151772
151793
151800
151803
151810
151811
151811
151827
151827
151829
151841
151842
151844
151845
151848
151850
151850
151853
151861
151862
151863
151872
151876
151877
151885
151893
151894
151902
151903
151917
151922
151925
151930
151940
151941
151941
151946
151950
151953
151965
151978
151981
151989
151991
152020
152029
152029
152029
152032
152034
152040
152053
152054
152055
152058
152067
152072
152074
152075
152075
152076
152086
152111
152134
152135
152136
152137
152137
152139
152148
152155
152161
152167
152173
152176
152178
152179
152182
152182
152182
152186
152190
152206
152208
152214
152218
152228
152236
152238
152260
152266
152269
152273
152275
152276
152278
152278
152285
152289
152293
152296
152298
152299
152303
152304
152306
152310
152316
152318
152320
152322
152328
152331
152347
152347
152358
152359
152359
152367
152368
152368
152371
152376
152381
152383
152395
152406
152406
152406
152407
152413
152416
152419
152420
152421
152421
152422
152432
152434
152436
152437
152440
152443
152458
152459
152460
152466
152466
152476
152480
152488
152497
152500
152504
152509
152515
152515
152524
152529
152531
152541
152547
152549
152551
152552
152556
152556
152566
152567
152569
152573
152579
152582
152590
152595
152600
152602
152602
152610
152610
152619
152637
152641
152642
152644
152657
152662
152663
152663
152672
152684
152686
152701
152701
152704
152705
152706
152707
152708
152719
152732
152736
152738
152739
152740
152741
152747
152748
152750
152752
152756
152769
152772
152787
152787
152789
152797
152798
152799
152800
152802
152807
152819
152823
152825
152826
152831
152848
152848
152855
152876
152878
152883
152886
152886
152888
152895
152895
152900
152900
152902
152902
152903
152909
152911
152911
152915
152926
152937
152939
152943
152945
152946
152948
152955
152958
152963
152972
152976
152977
152980
152991
153000
153000
153006
153020
153026
153026
153028
153034
153034
153035
153038
153040
153042
153047
153056
153056
153060
153065
153069
153071
153072
153074
153077
153077
153081
153083
153096
153097
153102
153104
153106
153109
153124
153129
153145
153150
153153
153158
153160
153161
153167
153167
153171
153183
153186
153189
153194
153194
153198
153213
153214
153214
153216
153219
153219
153219
153221
153226
153230
153231
153247
153249
153253
153260
153260
153261
153264
153290
153293
153301
153303
153309
153316
153325
153326
153326
153328
153337
153342
153345
153345
153349
153351
153352
153354
153361
153367
153369
153371
153371
153376
153390
153390
153392
153395
153399
153410
153416
153421
153424
153424
153438
153441
153443
153450
153453
153460
153462
153466
153468
153468
153472
153472
153476
153485
153497
153510
153517
153520
153522
153532
153533
153537
153543
153551
153552
153553
153557
153567
153569
153572
153576
153580
153582
153584
153597
153604
153607
153616
153618
153621
153623
153632
153638
153646
153646
153647
153651
153653
153665
153667
153669
153669
153672
153690
153691
153697
153714
153722
153726
153729
153738
153749
153757
153761
153763
153773
153776
153781
153789
153790
153800
153802
153805
153808
153813
153826
153826
153831
153831
153834
153839
153843
153860
153864
153873
153890
153900
153905
153906
153908
153912
153916
153923
153929
153933
153935
153937
153943
153947
153948
153950
153951
153951
153961
153964
153978
153981
153987
153988
153991
153996
153996
153998
154002
154004
154005
154015
154016
154042
154044
154045
154058
154058
154074
154075
154076
154079
154107
154110
154114
154121
154121
154122
154123
154124
154125
154135
154148
154149
154153
154155
154165
154174
154177
154187
154190
154194
154199
154200
154202
154203
154223
154225
154230
154249
154251
154252
154263
154266
154267
154269
154281
154298
154299
154326
154326
154329
154331
154337
154338
154339
154347
154358
154362
154363
154380
154382
154384
154384
154388
154406
154413
154416
154420
154420
154429
154437
154439
154450
154450
154456
154457
154466
154469
154471
154473
154482
154486
154487
154487
154492
154496
154502
154507
154508
154509
154514
154521
154521
154525
154526
154547
154549
154554
154555
154561
154565
154569
154569
154572
154578
154580
154582
154588
154601
154605
154605
154611
154616
154617
154622
154623
154624
154625
154632
154640
154674
154680
154694
154698
154701
154705
154715
154719
154746
154767
154780
154786
154792
154803
154803
154808
154817
154818
154829
154832
154838
154849
154851
154855
154859
154863
154866
154869
154871
154888
154893
154893
154898
154898
154904
154907
154908
154935
154937
154949
154958
154961
154961
154966
154968
154972
154976
154976
154983
154983
155007
155008
155008
155012
155015
155018
155019
155023
155029
155040
155049
155053
155063
155068
155071
155071
155073
155080
155082
155085
155090
155101
155110
155113
155115
155116
155118
155123
155123
155128
155137
155144
155147
155151
155153
155157
155160
155168
155175
155195
155197
155205
155205
155214
155214
155216
155216
155223
155226
155228
155230
155238
155239
155246
155250
155262
155268
155269
155273
155274
155289
155297
155300
155326
155326
155328
155337
155339
155341
155351
155354
155371
155378
155384
155387
155394
155396
155398
155404
155408
155437
155437
155442
155452
155455
155457
155458
155459
155460
155461
155463
155465
155465
155467
155470
155473
155474
155478
155479
155480
155481
155495
155500
155508
155517
155518
155523
155527
155535
155556
155556
155566
155568
155591
155592
155592
155598
155613
155621
155622
155625
155638
155645
155652
155657
155657
155662
155666
155668
155692
155695
155695
155701
155704
155713
155714
155715
155719
155725
155726
155728
155732
155732
155736
155743
155744
155748
155756
155756
155757
155761
155761
155764
155765
155767
155768
155774
155791
155791
155796
155802
155804
155805
155816
155818
155825
155828
155830
155836
155837
155846
155854
155855
155858
155858
155874
155875
155880
155880
155883
155901
155902
155902
155902
155903
155907
155910
155920
155921
155928
155932
155947
155953
155956
155963
155964
155964
155965
155969
155970
155973
155980
155987
155990
155998
156007
156022
156022
156023
156026
156027
156030
156031
156041
156044
156047
156048
156048
156049
156052
156055
156069
156072
156076
156081
156092
156104
156134
156158
156159
156160
156165
156170
156179
156180
156181
156186
156187
156188
156191
156222
156225
156225
156231
156231
156231
156232
156238
156239
156241
156248
156251
156266
156266
156267
156268
156268
156277
156281
156284
156294
156295
156300
156304
156320
156320
156321
156321
156321
156323
156326
156327
156328
156330
156331
156332
156337
156338
156342
156353
156357
156357
156359
156363
156365
156365
156373
156381
156385
156388
156394
156401
156402
156407
156412
156419
156419
156430
156447
156453
156466
156466
156469
156494
156496
156502
156506
156508
156513
156533
156537
156537
156545
156548
156549
156550
156562
156577
156580
156583
156584
156588
156602
156602
156604
156607
156611
156618
156621
156622
156626
156632
156633
156635
156639
156640
156644
156653
156673
156675
156695
156700
156703
156709
156726
156731
156734
156736
156736
156737
156740
156742
156744
156748
156750
156753
156755
156756
156756
156757
156781
156792
156796
156809
156824
156825
156826
156827
156832
156839
156840
156853
156866
156868
156871
156874
156890
156895
156902
156908
156910
156923
156925
156926
156928
156929
156930
156933
156934
156940
156947
156954
156957
156959
156960
156960
156967
156967
156977
157004
157010
157015
157016
157029
157036
157049
157053
157055
157056
157061
157061
157061
157080
157080
157083
157085
157093
157115
157127
157134
157137
157145
157146
157155
157159
157175
157181
157182
157190
157193
157197
157201
157205
157205
157206
157213
157214
157218
157219
157220
157220
157221
157222
157227
157235
157238
157249
157251
157258
157265
157274
157277
157280
157283
157285
157286
157291
157292
157292
157299
157299
157301
157307
157309
157311
157313
157314
157315
157318
157328
157328
157334
157342
157344
157356
157379
157382
157398
157398
157406
157417
157417
157421
157422
157422
157425
157431
157432
157438
157443
157446
157451
157453
157456
157466
157478
157484
157493
157496
157497
157499
157499
157501
157502
157519
157527
157530
157533
157534
157536
157538
157539
157563
157577
157580
157581
157584
157587
157590
157592
157594
157596
157600
157602
157603
157603
157605
157609
157610
157611
157614
157615
157617
157618
157621
157630
157631
157634
157640
157651
157656
157660
157664
157670
157673
157674
157685
157691
157695
157697
157709
157714
157717
157718
157720
157727
157729
157739
157741
157748
157749
157764
157765
157766
157776
157778
157779
157783
157784
157794
157800
157802
157808
157808
157813
157819
157819
157825
157828
157828
157832
157835
157837
157838
157838
157846
157856
157859
157861
157864
157869
157871
157872
157874
157877
157882
157887
157888
157892
157900
157910
157923
157937
157940
157941
157943
157946
157951
157958
157962
157966
157969
157970
158003
158007
158025
158027
158030
158032
158032
158046
158051
158052
158059
158074
158077
158085
158087
158095
158096
158098
158098
158101
158103
158108
158108
158113
158116
158119
158121
158128
158129
158133
158140
158141
158145
158146
158159
158174
158185
158186
158190
158190
158192
158193
158195
158204
158205
158209
158215
158216
158219
158221
158224
158224
158241
158241
158245
158252
158253
158263
158275
158276
158277
158285
158295
158298
158321
158324
158327
158333
158344
158357
158362
158368
158371
158372
158375
158375
158375
158377
158388
158395
158397
158410
158411
158412
158416
158433
158436
158444
158468
158470
158473
158475
158477
158486
158494
158494
158503
158517
158525
158531
158541
158544
158544
158558
158561
158562
158579
158582
158587
158595
158598
158602
158612
158631
158635
158639
158640
158643
158649
158650
158650
158652
158659
158659
158660
158665
158667
158668
158669
158679
158690
158694
158700
158701
158714
158716
158718
158719
158720
158724
158728
158733
158733
158737
158744
158744
158752
158756
158757
158758
158761
158764
158769
158771
158774
158776
158781
158782
158786
158787
158794
158796
158804
158815
158817
158832
158832
158844
158848
158853
158859
158877
158880
158897
158898
158899
158909
158909
158912
158913
158916
158922
158923
158924
158928
158928
158931
158941
158943
158947
158957
158960
158961
158962
158963
158975
158975
158978
158985
158985
158985
158994
158997
158999
159035
159035
159036
159042
159050
159054
159056
159057
159061
159061
159062
159063
159068
159070
159083
159087
159088
159096
159117
159129
159132
159141
159144
159144
159165
159167
159168
159170
159180
159190
159192
159195
159197
159207
159208
159210
159220
159222
159229
159233
159234
159239
159246
159248
159249
159255
159258
159258
159261
159263
159267
159269
159280
159284
159284
159288
159289
159295
159312
159314
159318
159328
159337
159341
159349
159351
159352
159353
159369
159376
159380
159382
159387
159396
159406
159409
159410
159411
159420
159423
159425
159431
159432
159436
159467
159468
159468
159481
159494
159508
159511
159514
159517
159519
159525
159539
159539
159543
159544
159544
159547
159560
159572
159578
159585
159590
159596
159599
159600
159602
159605
159605
159608
159608
159617
159617
159620
159623
159627
159631
159634
159634
159634
159639
159643
159645
159659
159660
159661
159666
159667
159671
159672
159676
159676
159677
159684
159688
159689
159690
159694
159707
159708
159710
159710
159713
159729
159737
159741
159742
159746
159750
159759
159764
159764
159770
159809
159810
159816
159820
159824
159829
159832
159832
159835
159843
159844
159844
159845
159851
159851
159852
159862
159867
159883
159886
159892
159893
159897
159898
159900
159908
159909
159909
159914
159916
159917
159920
159928
159930
159948
159953
159971
159973
159974
159975
159987
159998
160000
160003
160003
160012
160018
160019
160026
160044
160045
160046
160059
160059
160064
160066
160067
160069
160071
160072
160072
160078
160107
160113
160123
160126
160143
160145
160153
160158
160160
160170
160173
160174
160188
160188
160193
160201
160205
160206
160212
160222
160225
160249
160252
160264
160268
160270
160272
160281
160285
160291
160298
160301
160301
160303
160314
160317
160317
160323
160327
160337
160341
160346
160346
160348
160351
160353
160357
160367
160369
160375
160377
160379
160380
160389
160402
160406
160408
160410
160417
160428
160446
160462
160469
160481
160486
160489
160490
160492
160494
160497
160502
160513
160517
160532
160533
160534
160535
160542
160547
160549
160559
160565
160568
160573
160576
160589
160590
160602
160605
160621
160626
160629
160643
160652
160657
160657
160658
160668
160674
160675
160676
160678
160680
160682
160696
160696
160699
160701
160702
160717
160720
160723
160723
160724
160728
160731
160751
160755
160761
160771
160795
160798
160800
160802
160803
160805
160805
160816
160816
160817
160820
160832
160832
160834
160837
160839
160852
160854
160882
160898
160901
160902
160903
160905
160907
160907
160909
160910
160912
160916
160917
160918
160919
160928
160932
160937
160943
160956
160957
160962
160963
160963
160967
160971
160973
160984
161003
161003
161011
161013
161015
161025
161031
161039
161040
161042
161061
161062
161067
161067
161071
161074
161076
161083
161086
161087
161087
161109
161121
161124
161124
161128
161135
161140
161147
161154
161158
161164
161164
161164
161165
161169
161173
161183
161183
161186
161189
161190
161193
161194
161202
161203
161206
161207
161217
161219
161220
161222
161225
161228
161232
161235
161248
161254
161257
161260
161269
161272
161273
161274
161276
161286
161287
161290
161296
161304
161310
161315
161316
161323
161323
161343
161357
161358
161369
161369
161390
161395
161395
161400
161407
161410
161411
161412
161422
161422
161427
161428
161435
161439
161446
161448
161451
161476
161485
161492
161498
161499
161500
161507
161510
161521
161530
161533
161536
161550
161552
161553
161554
161557
161566
161575
161577
161591
161602
161612
161618
161634
161640
161650
161652
161652
161656
161658
161660
161663
161666
161666
161673
161673
161675
161681
161687
161689
161694
161702
161705
161708
161718
161719
161726
161734
161739
161744
161746
161749
161758
161759
161759
161764
161765
161776
161785
161787
161791
161795
161796
161804
161806
161812
161819
161820
161832
161836
161840
161840
161845
161845
161846
161849
161851
161857
161863
161864
161868
161874
161880
161881
161882
161883
161883
161885
161891
161896
161897
161905
161917
161918
161918
161919
161944
161954
161966
161968
161971
161972
161976
161977
161978
161978
161989
161990
161993
162033
162045
162056
162076
162080
162082
162086
162088
162101
162102
162103
162111
162113
162135
162136
162150
162154
162155
162159
162160
162162
162162
162163
162165
162166
162185
162192
162213
162229
162243
162258
162265
162269
162273
162274
162275
162284
162288
162303
162305
162307
162308
162310
162311
162316
162316
162326
162329
162332
162336
162340
162347
162350
162357
162368
162369
162370
162373
162383
162399
162405
162406
162416
162429
162431
162436
162436
162439
162447
162460
162462
162464
162466
162467
162473
162488
162492
162500
162505
162509
162509
162516
162516
162521
162527
162533
162534
162535
162540
162550
162553
162553
162562
162562
162564
162565
162576
162580
162598
162602
162605
162609
162614
162616
162635
162643
162643
162652
162653
162654
162668
162674
162675
162693
162694
162695
162701
162701
162701
162703
162704
162708
162710
162713
162719
162719
162721
162730
162734
162739
162743
162748
162756
162756
162758
162776
162778
162786
162789
162796
162797
162801
162811
162815
162818
162822
162830
162830
162838
162840
162853
162854
162867
162885
162886
162916
162926
162928
162930
162944
162951
162958
162963
162968
162971
162973
162977
162991
162994
163006
163025
163030
163055
163057
163059
163065
163071
163083
163085
163087
163089
163109
163121
163133
163134
163142
163158
163169
163175
163175
163186
163190
163190
163198
163198
163205
163206
163209
163212
163213
163216
163224
163224
163225
163231
163236
163237
163247
163251
163254
163264
163266
163267
163267
163275
163287
163288
163291
163292
163302
163307
163311
163321
163322
163322
163335
163337
163341
163345
163347
163351
163360
163366
163369
163374
163376
163386
163389
163390
163391
163402
163402
163404
163408
163419
163419
163420
163425
163441
163452
163470
163472
163475
163477
163482
163487
163491
163506
163508
163514
163515
163517
163524
163527
163538
163542
163546
163548
163551
163551
163561
163564
163567
163581
163582
163585
163601
163608
163616
163620
163627
163632
163640
163640
163646
163649
163649
163649
163661
163664
163667
163670
163672
163675
163679
163690
163691
163698
163705
163707
163709
163720
163735
163740
163741
163745
163746
163748
163761
163764
163766
163770
163772
163775
163777
163782
163784
163786
163794
163797
163802
163805
163806
163812
163818
163832
163836
163837
163840
163847
163861
163866
163873
163878
163878
163879
163880
163881
163881
163890
163893
163894
163895
163900
163911
163917
163921
163923
163923
163925
163930
163932
163943
163946
163953
163953
163956
163960
163968
163972
163976
163983
163988
163989
163992
163993
164000
164003
164008
164013
164014
164019
164027
164033
164033
164038
164038
164038
164038
164040
164053
164053
164057
164061
164062
164062
164064
164066
164080
164093
164096
164098
164100
164114
164124
164125
164134
164136
164142
164142
164149
164149
164159
164161
164163
164168
164169
164171
164172
164187
164193
164195
164201
164203
164203
164208
164225
164232
164236
164246
164252
164261
164268
164272
164275
164277
164287
164295
164305
164307
164308
164313
164315
164318
164345
164347
164347
164351
164351
164362
164366
164370
164372
164375
164381
164383
164386
164399
164401
164402
164409
164414
164430
164431
164433
164439
164450
164453
164457
164464
164465
164466
164473
164473
164474
164476
164480
164480
164517
164517
164520
164524
164528
164551
164553
164555
164559
164559
164564
164568
164571
164573
164574
164576
164584
164591
164609
164613
164618
164621
164625
164625
164626
164627
164629
164633
164640
164640
164642
164651
164651
164661
164670
164673
164675
164676
164678
164678
164683
164693
164694
164699
164700
164707
164709
164721
164725
164732
164735
164739
164745
164751
164761
164771
164773
164778
164782
164790
164796
164797
164806
164807
164813
164824
164824
164825
164831
164835
164839
164840
164842
164853
164864
164866
164874
164876
164877
164882
164883
164886
164889
164889
164897
164900
164903
164905
164906
164907
164907
164914
164927
164931
164932
164932
164933
164933
164939
164940
164942
164944
164949
164968
164971
164972
164973
164978
164980
164985
164985
164991
164995
164999
165000
165000
165015
165022
165022
165024
165025
165037
165037
165063
165066
165067
165067
165068
165072
165073
165073
165077
165083
165097
165098
165114
165121
165128
165140
165146
165148
165153
165153
165160
165164
165164
165173
165175
165176
165190
165196
165196
165196
165201
165209
165231
165233
165238
165260
165265
165271
165275
165278
165281
165291
165299
165300
165316
165329
165332
165342
165342
165342
165356
165357
165361
165369
165369
165372
165373
165377
165383
165388
165393
165394
165394
165395
165403
165413
165416
165421
165431
165433
165436
165439
165447
165468
165469
165470
165473
165476
165481
165484
165490
165491
165498
165499
165512
165513
165525
165527
165529
165533
165541
165550
165552
165553
165560
165563
165579
165592
165593
165595
165598
165600
165601
165601
165604
165621
165624
165630
165646
165651
165656
165660
165668
165674
165676
165685
165689
165690
165719
165722
165725
165731
165735
165736
165738
165755
165765
165768
165776
165782
165783
165785
165787
165792
165794
165801
165818
165820
165821
165830
165832
165842
165848
165849
165864
165865
165867
165868
165874
165881
165884
165893
165894
165911
165921
165924
165928
165931
165934
165936
165940
165943
165943
165948
165955
165956
165959
165970
165980
165982
165982
165998
166001
166002
166019
166022
166024
166025
166029
166029
166030
166043
166063
166063
166066
166070
166089
166090
166093
166098
166109
166111
166112
166121
166122
166123
166126
166127
166128
166129
166131
166132
166155
166163
166175
166184
166185
166186
166186
166188
166193
166196
166199
166200
166205
166205
166212
166216
166217
166218
166223
166237
166241
166245
166255
166255
166257
166258
166261
166263
166264
166270
166274
166276
166283
166284
166290
166292
166295
166296
166298
166299
166301
166303
166316
166319
166325
166332
166339
166344
166345
166351
166352
166353
166364
166365
166367
166375
166389
166389
166394
166397
166406
166417
166423
166424
166424
166424
166434
166438
166441
166448
166463
166465
166474
166475
166475
166484
166485
166494
166494
166495
166501
166502
166506
166507
166511
166522
166525
166528
166532
166542
166546
166569
166571
166572
166575
166577
166580
166582
166595
166598
166606
166607
166627
166639
166651
166653
166656
166658
166670
166675
166676
166680
166691
166704
166706
166713
166723
166726
166726
166729
166736
166744
166757
166757
166774
166783
166788
166807
166814
166816
166823
166844
166845
166848
166857
166860
166868
166891
166892
166901
166902
166903
166910
166911
166911
166920
166929
166933
166933
166934
166942
166952
166955
166957
166964
166970
166975
166976
166980
166987
166990
166991
166991
166993
166994
166995
166997
167001
167004
167008
167009
167012
167012
167014
167016
167021
167029
167029
167030
167036
167037
167041
167045
167053
167054
167055
167064
167064
167071
167074
167082
167085
167087
167089
167091
167103
167114
167118
167138
167139
167144
167152
167152
167153
167161
167165
167167
167173
167174
167176
167179
167180
167183
167189
167190
167193
167194
167198
167201
167206
167215
167222
167229
167238
167253
167263
167264
167268
167280
167285
167286
167287
167287
167288
167288
167288
167289
167298
167302
167309
167328
167334
167337
167338
167339
167348
167348
167353
167359
167361
167362
167363
167366
167368
167369
167385
167385
167389
167397
167397
167400
167400
167420
167425
167433
167436
167437
167446
167456
167464
167464
167467
167470
167471
167473
167473
167477
167484
167488
167494
167495
167518
167527
167529
167533
167537
167538
167540
167542
167544
167551
167552
167565
167566
167566
167566
167566
167567
167567
167574
167581
167589
167603
167604
167604
167608
167611
167617
167617
167618
167620
167626
167639
167644
167661
167661
167671
167675
167677
167683
167684
167699
167718
167721
167722
167724
167729
167736
167740
167742
167745
167749
167749
167752
167754
167757
167758
167763
167776
167777
167782
167784
167794
167796
167805
167809
167810
167817
167817
167817
167820
167821
167828
167828
167829
167830
167830
167833
167843
167857
167866
167878
167879
167889
167896
167916
167919
167927
167930
167930
167941
167945
167952
167957
167961
167962
167967
167969
167970
167993
168012
168014
168014
168015
168015
168022
168038
168040
168043
168045
168052
168075
168079
168086
168094
168095
168105
168110
168114
168119
168132
168133
168139
168140
168150
168150
168161
168163
168168
168173
168200
168203
168206
168217
168224
168226
168226
168237
168237
168243
168253
168254
168258
168259
168259
168259
168260
168264
168276
168278
168280
168282
168284
168289
168296
168298
168298
168298
168303
168317
168319
168327
168330
168336
168338
168340
168349
168353
168357
168360
168366
168369
168369
168372
168382
168384
168385
168406
168407
168414
168423
168432
168440
168443
168444
168445
168449
168454
168457
168463
168464
168468
168468
168469
168479
168480
168494
168496
168499
168502
168506
168508
168513
168521
168524
168525
168544
168552
168553
168560
168567
168569
168581
168585
168585
168586
168591
168593
168599
168606
168608
168610
168617
168627
168628
168634
168644
168646
168650
168655
168658
168662
168669
168678
168679
168682
168692
168695
168707
168711
168715
168718
168722
168728
168730
168730
168734
168735
168736
168745
168746
168746
168747
168757
168762
168762
168777
168811
168811
168812
168813
168813
168817
168819
168827
168827
168837
168851
168863
168872
168874
168881
168884
168912
168913
168913
168919
168920
168921
168923
168923
168927
168929
168936
168943
168946
168950
168953
168976
168994
168995
168997
169000
169003
169005
169008
169012
169017
169027
169028
169035
169051
169057
169061
169063
169065
169078
169092
169095
169102
169108
169111
169113
169113
169120
169120
169120
169122
169122
169127
169128
169129
169134
169136
169138
169140
169148
169153
169159
169167
169168
169182
169191
169194
169195
169199
169202
169203
169207
169209
169213
169219
169222
169230
169234
169236
169247
169260
169274
169278
169297
169298
169305
169316
169318
169319
169333
169348
169348
169348
169349
169349
169351
169352
169373
169374
169376
169381
169387
169387
169390
169399
169407
169411
169413
169414
169415
169417
169419
169421
169428
169432
169438
169439
169451
169452
169456
169457
169470
169474
169476
169479
169486
169491
169493
169494
169497
169500
169501
169503
169503
169504
169505
169512
169514
169516
169521
169524
169527
169538
169539
169542
169546
169554
169555
169557
169558
169563
169564
169564
169569
169574
169574
169579
169584
169588
169590
169592
169592
169601
169617
169618
169618
169622
169626
169641
169646
169654
169662
169667
169674
169674
169674
169675
169677
169699
169700
169707
169714
169719
169729
169729
169734
169745
169751
169757
169759
169762
169763
169763
169769
169780
169783
169809
169810
169816
169821
169822
169823
169829
169832
169846
169850
169852
169854
169856
169860
169861
169865
169869
169883
169884
169888
169894
169896
169900
169902
169904
169904
169913
169918
169923
169925
169941
169942
169946
169950
169956
169963
169966
169970
169970
169976
169982
169985
169987
169990
169996
169999
170010
170010
170015
170018
170022
170032
170044
170044
170049
170056
170059
170069
170072
170073
170083
170091
170094
170114
170120
170141
170147
170148
170149
170152
170154
170156
170164
170172
170176
170178
170179
170189
170197
170202
170204
170205
170206
170208
170210
170216
170254
170262
170271
170285
170292
170292
170293
170303
170309
170321
170322
170324
170344
170349
170353
170359
170368
170368
170371
170375
170380
170383
170383
170389
170400
170407
170407
170413
170423
170424
170434
170435
170436
170436
170437
170448
170459
170461
170465
170467
170467
170477
170486
170489
170490
170497
170502
170508
170516
170517
170523
170527
170530
170534
170536
170544
170546
170548
170557
170558
170565
170567
170569
170571
170580
170582
170591
170595
170600
170609
170613
170631
170633
170638
170638
170648
170654
170656
170664
170668
170672
170676
170677
170686
170695
170695
170698
170715
170718
170722
170728
170729
170731
170731
170735
170741
170741
170742
170744
170767
170778
170779
170779
170795
170805
170806
170806
170812
170814
170815
170819
170821
170826
170830
170832
170834
170837
170842
170844
170850
170852
170854
170860
170868
170871
170889
170890
170895
170896
170911
170948
170948
170952
170957
170959
170962
170965
170965
170965
170967
170969
170970
170972
170974
170980
170982
170988
170988
170996
171004
171010
171028
171029
171043
171055
171058
171062
171066
171068
171074
171076
171081
171082
171085
171087
171088
171095
171101
171107
171112
171121
171130
171138
171144
171146
171147
171154
171154
171155
171164
171169
171170
171177
171188
171194
171195
171206
171211
171213
171215
171219
171229
171231
171234
171235
171247
171248
171249
171250
171250
171252
171279
171279
171292
171293
171294
171300
171302
171305
171309
171311
171312
171320
171326
171329
171334
171345
171346
171355
171358
171377
171382
171383
171386
171392
171396
171398
171400
171410
171414
171419
171422
171425
171427
171430
171432
171444
171446
171452
171455
171456
171465
171467
171473
171475
171477
171480
171488
171488
171497
171499
171502
171522
171529
171529
171534
171540
171542
171542
171547
171547
171552
171561
171569
171576
171577
171578
171578
171578
171582
171585
171602
171603
171611
171612
171613
171614
171624
171628
171631
171632
171634
171636
171644
171646
171648
171649
171655
171658
171668
171669
171678
171684
171686
171691
171693
171694
171697
171700
171707
171709
171710
171719
171722
171724
171743
171752
171755
171784
171792
171797
171809
171818
171820
171822
171823
171824
171826
171827
171837
171838
171870
171873
171880
171881
171893
171897
171900
171901
171903
171912
171913
171926
171928
171936
171939
171948
171956
171958
171962
171968
171975
171977
171978
171978
171979
171982
171983
171995
172001
172003
172009
172016
172020
172023
172023
172027
172037
172041
172041
172047
172060
172060
172062
172063
172065
172069
172071
172079
172083
172087
172091
172095
172101
172136
172141
172149
172151
172155
172166
172172
172172
172175
172179
172181
172184
172199
172209
172222
172223
172237
172238
172246
172250
172250
172266
172268
172270
172279
172280
172280
172284
172291
172291
172292
172301
172313
172317
172319
172324
172325
172331
172332
172333
172336
172352
172353
172358
172359
172376
172377
172380
172385
172390
172398
172407
172421
172436
172437
172454
172457
172468
172475
172482
172484
172494
172494
172494
172499
172510
172511
172517
172534
172538
172539
172541
172548
172555
172557
172564
172577
172584
172585
172587
172587
172591
172603
172603
172612
172612
172619
172621
172623
172625
172632
172643
172660
172685
172686
172689
172698
172700
172703
172713
172715
172716
172721
172729
172743
172749
172751
172755
172756
172779
172779
172781
172787
172794
172799
172805
172809
172825
172828
172829
172831
172837
172838
172843
172880
172882
172883
172883
172892
172893
172895
172899
172899
172908
172912
172914
172922
172930
172939
172939
172940
172945
172945
172954
172960
172965
172968
172968
172977
172978
172980
172998
172999
173004
173007
173011
173013
173016
173027
173037
173044
173053
173057
173061
173064
173075
173079
173085
173088
173094
173094
173095
173097
173097
173104
173107
173108
173124
173136
173139
173154
173157
173158
173159
173168
173178
173214
173228
173232
173235
173243
173255
173265
173266
173274
173278
173279
173282
173293
173298
173299
173308
173309
173318
173322
173330
173330
173338
173341
173342
173357
173364
173372
173378
173387
173405
173405
173409
173412
173413
173415
173418
173420
173423
173425
173428
173431
173436
173442
173445
173445
173450
173455
173468
173472
173473
173476
173476
173485
173507
173509
173515
173524
173528
173535
173539
173540
173540
173542
173545
173550
173558
173563
173565
173575
173575
173581
173596
173596
173600
173603
173611
173613
173619
173622
173645
173650
173654
173657
173663
173663
173667
173670
173681
173684
173684
173685
173700
173702
173711
173713
173718
173719
173720
173724
173729
173731
173733
173733
173740
173748
173749
173749
173763
173773
173790
173795
173810
173819
173821
173830
173833
173838
173840
173840
173845
173845
173847
173853
173859
173863
173864
173878
173884
173885
173890
173892
173894
173895
173896
173899
173901
173902
173906
173912
173917
173919
173921
173929
173940
173945
173957
173958
173966
173967
173976
173977
173980
173981
173983
173989
174006
174007
174019
174023
174026
174030
174031
174033
174040
174040
174048
174051
174053
174054
174057
174057
174058
174064
174065
174066
174069
174071
174074
174076
174079
174080
174091
174091
174095
174102
174104
174104
174105
174108
174113
174116
174118
174118
174119
174133
174141
174149
174158
174169
174175
174176
174179
174195
174199
174201
174207
174209
174215
174216
174222
174223
174225
174238
174248
174249
174251
174256
174257
174262
174265
174266
174266
174267
174272
174275
174279
174279
174287
174290
174294
174296
174303
174306
174306
174320
174322
174322
174323
174325
174326
174327
174333
174336
174336
174348
174351
174356
174367
174371
174371
174381
174391
174402
174408
174408
174409
174410
174411
174423
174424
174430
174432
174438
174445
174451
174453
174457
174459
174459
174464
174466
174470
174471
174474
174476
174482
174486
174500
174506
174514
174525
174526
174530
174535
174536
174544
174551
174553
174553
174566
174569
174569
174571
174582
174588
174594
174594
174600
174609
174610
174611
174612
174618
174620
174626
174636
174658
174659
174659
174667
174668
174703
174705
174709
174716
174725
174733
174734
174741
174741
174743
174744
174745
174747
174750
174761
174762
174765
174768
174774
174775
174776
174797
174801
174802
174814
174823
174831
174834
174841
174843
174849
174850
174853
174855
174857
174859
174863
174864
174871
174875
174879
174884
174885
174894
174900
174900
174904
174921
174921
174923
174928
174930
174935
174941
174948
174953
174954
174960
174963
174967
174969
174974
174975
174986
174990
174995
174995
175005
175005
175007
175008
175009
175014
175017
175021
175025
175027
175027
175034
175036
175045
175048
175057
175063
175072
175078
175078
175081
175089
175091
175098
175098
175101
175103
175104
175106
175107
175108
175108
175114
175119
175123
175133
175139
175147
175148
175153
175156
175159
175161
175166
175169
175202
175204
175208
175211
175213
175215
175218
175224
175227
175227
175234
175247
175255
175260
175266
175268
175278
175292
175296
175305
175308
175311
175324
175326
175331
175348
175349
175350
175353
175355
175357
175361
175363
175363
175365
175370
175376
175379
175385
175385
175386
175390
175391
175399
175401
175405
175406
175407
175408
175410
175414
175415
175416
175426
175428
175441
175447
175455
175459
175464
175479
175496
175496
175500
175502
175506
175513
175515
175516
175519
175534
175540
175558
175561
175563
175569
175577
175578
175578
175586
175586
175591
175597
175598
175600
175621
175628
175637
175638
175641
175649
175651
175653
175658
175664
175666
175667
175668
175675
175677
175678
175682
175690
175691
175699
175703
175704
175706
175710
175713
175715
175715
175717
175717
175732
175742
175744
175755
175760
175763
175772
175778
175780
175782
175782
175784
175789
175791
175800
175806
175823
175827
175828
175832
175834
175837
175838
175845
175849
175851
175865
175888
175902
175906
175906
175909
175914
175916
175917
175931
175932
175932
175935
175939
175963
175963
175964
175967
175969
175991
175992
175993
175999
176014
176015
176016
176020
176020
176022
176023
176026
176030
176030
176032
176040
176048
176056
176063
176065
176070
176093
176098
176102
176103
176103
176109
176116
176119
176120
176125
176143
176151
176156
176168
176169
176170
176174
176178
176182
176186
176235
176251
176252
176254
176254
176263
176265
176267
176268
176269
176271
176279
176281
176285
176289
176293
176293
176297
176311
176315
176338
176343
176349
176351
176354
176358
176382
176398
176398
176401
176409
176412
176412
176413
176427
176430
176440
176448
176448
176448
176451
176453
176467
176468
176470
176472
176475
176482
176484
176488
176493
176506
176511
176511
176513
176515
176516
176517
176525
176526
176527
176555
176565
176570
176571
176572
176574
176586
176587
176587
176591
176597
176600
176607
176609
176614
176615
176621
176621
176621
176626
176632
176639
176641
176654
176660
176662
176666
176678
176686
176689
176691
176695
176698
176702
176713
176716
176719
176721
176726
176735
176740
176745
176751
176756
176758
176759
176763
176765
176777
176784
176790
176799
176799
176800
176809
176810
176812
176816
176818
176823
176834
176844
176847
176850
176856
176871
176875
176877
176897
176906
176906
176910
176921
176925
176934
176951
176952
176966
176973
176974
176975
176979
176982
176984
176984
176987
176999
177001
177004
177010
177010
177017
177019
177021
177029
177034
177035
177040
177042
177047
177050
177052
177059
177062
177070
177075
177081
177090
177105
177113
177129
177129
177139
177140
177144
177144
177157
177158
177164
177167
177172
177180
177182
177182
177189
177189
177193
177194
177197
177199
177205
177219
177224
177247
177248
177249
177251
177262
177262
177268
177269
177269
177284
177297
177298
177309
177312
177312
177316
177322
177329
177332
177345
177348
177349
177355
177356
177357
177366
177369
177370
177371
177373
177377
177386
177389
177392
177411
177415
177416
177421
177425
177428
177432
177433
177436
177439
177440
177455
177458
177461
177463
177476
177478
177481
177482
177491
177493
177496
177501
177506
177506
177507
177515
177519
177524
177525
177532
177537
177548
177557
177562
177572
177584
177584
177584
177600
177608
177616
177618
177630
177632
177644
177645
177650
177661
177667
177676
177687
177699
177701
177707
177719
177730
177732
177734
177735
177740
177742
177754
177755
177765
177767
177768
177779
177780
177791
177793
177798
177806
177808
177822
177825
177826
177834
177835
177839
177846
177848
177848
177859
177862
177867
177869
177873
177878
177881
177882
177883
177889
177896
177903
177907
177913
177914
177918
177921
177924
177930
177935
177945
177950
177959
177962
177968
177974
177983
177987
177989
177991
177992
177995
178003
178017
178019
178019
178021
178029
178031
178034
178042
178044
178046
178048
178052
178053
178065
178066
178071
178080
178085
178090
178102
178107
178118
178119
178122
178125
178128
178129
178133
178135
178136
178137
178137
178137
178141
178145
178147
178155
178155
178156
178156
178157
178161
178183
178183
178185
178187
178189
178191
178208
178218
178222
178225
178225
178226
178229
178235
178239
178256
178257
178262
178270
178273
178273
178281
178284
178287
178293
178297
178298
178304
178305
178310
178310
178310
178317
178320
178321
178322
178325
178326
178329
178354
178363
178369
178378
178389
178391
178393
178396
178396
178397
178399
178400
178406
178406
178411
178427
178430
178447
178449
178450
178452
178453
178458
178459
178463
178464
178467
178468
178469
178472
178474
178474
178478
178481
178484
178484
178486
178497
178502
178508
178511
178513
178515
178522
178522
178523
178535
178535
178539
178555
178556
178561
178563
178577
178577
178582
178586
178589
178597
178597
178600
178602
178603
178608
178613
178615
178618
178621
178623
178629
178646
178647
178648
178651
178651
178653
178655
178671
178673
178681
178681
178688
178696
178696
178701
178708
178732
178737
178737
178738
178738
178739
178740
178750
178755
178755
178762
178763
178775
178779
178781
178784
178788
178795
178799
178807
178810
178819
178820
178821
178822
178825
178827
178829
178834
178851
178852
178854
178857
178858
178862
178862
178867
178889
178893
178896
178900
178903
178911
178919
178941
178951
178953
178953
178957
178957
178964
178980
178981
178992
179001
179004
179004
179011
179013
179044
179049
179050
179051
179062
179062
179069
179079
179080
179080
179092
179103
179104
179106
179110
179119
179119
179132
179133
179134
179160
179162
179162
179174
179177
179191
179193
179193
179201
179202
179204
179216
179217
179226
179227
179235
179248
179249
179254
179257
179258
179259
179265
179276
179283
179286
179289
179289
179297
179298
179302
179305
179306
179307
179309
179319
179319
179323
179323
179326
179330
179331
179340
179343
179347
179350
179352
179356
179371
179384
179394
179396
179397
179401
179404
179406
179413
179416
179419
179427
179431
179442
179449
179460
179472
179472
179476
179478
179480
179483
179488
179492
179501
179505
179508
179509
179510
179511
179523
179526
179526
179528
179536
179544
179564
179572
179586
179593
179598
179600
179602
179604
179608
179613
179618
179620
179620
179621
179624
179625
179627
179630
179643
179644
179646
179654
179654
179655
179658
179661
179663
179666
179674
179680
179685
179688
179690
179690
179692
179697
179702
179702
179706
179709
179717
179725
179727
179729
179741
179748
179753
179762
179772
179777
179785
179794
179795
179810
179811
179823
179827
179840
179842
179848
179852
179856
179858
179858
179862
179866
179866
179867
179867
179867
179871
179873
179883
179884
179886
179887
179888
179899
179902
179904
179910
179910
179912
179914
179915
179927
179942
179945
179946
179948
179952
179954
179955
179962
179962
179973
179981
179983
179987
179989
179992
179998
180005
180016
180024
180025
180029
180033
180035
180040
180043
180049
180053
180055
180056
180060
180060
180066
180070
180072
180088
180089
180092
180093
180096
180105
180110
180120
180121
180122
180127
180133
180150
180163
180165
180166
180168
180174
180179
180185
180187
180200
180202
180208
180215
180215
180229
180232
180238
180240
180244
180251
180255
180257
180260
180265
180271
180278
180280
180288
180291
180297
180303
180307
180318
180318
180319
180320
180322
180324
180333
180340
180347
180350
180356
180361
180363
180363
180369
180369
180390
180390
180408
180408
180412
180425
180426
180428
180437
180439
180442
180442
180442
180442
180443
180446
180447
180450
180455
180459
180460
180460
180472
180477
180477
180491
180497
180509
180521
180525
180528
180531
180532
180538
180546
180559
180567
180575
180580
180586
180590
180596
180598
180604
180611
180616
180618
180624
180626
180629
180640
180642
180648
180652
180653
180654
180670
180671
180673
180677
180685
180689
180689
180698
180698
180701
180706
180707
180710
180728
180728
180729
180733
180734
180737
180739
180744
180746
180746
180749
180753
180755
180757
180759
180760
180760
180775
180779
180781
180785
180787
180790
180792
180794
180798
180801
180804
180813
180814
180814
180818
180819
180828
180829
180831
180831
180831
180831
180832
180845
180847
180859
180861
180861
180861
180870
180872
180880
180883
180892
180897
180905
180913
180915
180920
180925
180927
180932
180936
180937
180939
180951
180956
180960
180965
180968
180968
180980
180999
181003
181010
181020
181020
181024
181036
181043
181045
181052
181053
181056
181059
181062
181065
181065
181067
181074
181075
181076
181081
181084
181085
181086
181087
181095
181096
181102
181105
181106
181109
181111
181111
181115
181116
181156
181157
181157
181158
181160
181170
181179
181192
181196
181201
181201
181203
181206
181212
181222
181228
181230
181230
181231
181235
181235
181243
181244
181250
181254
181255
181257
181270
181272
181281
181284
181287
181293
181300
181308
181310
181310
181312
181313
181324
181326
181333
181337
181344
181349
181352
181354
181362
181364
181365
181365
181367
181368
181368
181374
181376
181387
181387
181388
181392
181394
181401
181408
181410
181414
181418
181423
181424
181424
181431
181434
181439
181445
181452
181462
181466
181468
181471
181475
181478
181487
181490
181501
181510
181512
181515
181516
181526
181527
181534
181538
181545
181546
181550
181552
181555
181557
181561
181568
181568
181573
181574
181585
181603
181606
181606
181607
181608
181610
181611
181615
181626
181628
181639
181641
181641
181641
181644
181646
181656
181664
181668
181683
181684
181712
181715
181719
181748
181752
181758
181765
181768
181770
181773
181780
181784
181784
181786
181790
181795
181805
181817
181830
181833
181837
181840
181842
181843
181849
181852
181859
181859
181861
181865
181869
181872
181873
181884
181886
181895
181896
181898
181903
181906
181906
181908
181913
181919
181920
181921
181922
181929
181930
181931
181947
181949
181954
181961
181970
181972
181985
181992
181999
182000
182006
182009
182012
182013
182015
182017
182018
182018
182021
182022
182028
182029
182037
182041
182045
182053
182071
182072
182084
182094
182095
182097
182100
182101
182108
182109
182110
182114
182119
182119
182126
182128
182133
182135
182137
182141
182142
182145
182149
182149
182150
182157
182161
182162
182166
182178
182178
182183
182186
182191
182194
182197
182202
182204
182205
182210
182230
182236
182246
182255
182257
182270
182278
182289
182294
182308
182308
182318
182332
182341
182343
182347
182347
182348
182352
182363
182364
182367
182373
182375
182377
182381
182382
182391
182395
182397
182398
182399
182405
182407
182436
182437
182446
182446
182449
182452
182456
182456
182459
182469
182499
182502
182509
182513
182514
182516
182554
182568
182578
182578
182600
182608
182608
182609
182616
182617
182625
182629
182645
182646
182652
182658
182659
182659
182660
182661
182664
182672
182673
182675
182684
182686
182689
182693
182697
182699
182699
182703
182703
182720
182725
182742
182743
182745
182757
182758
182759
182763
182771
182772
182774
182777
182781
182784
182786
182796
182799
182813
182813
182820
182821
182823
182828
182832
182837
182839
182842
182844
182844
182844
182846
182853
182857
182858
182861
182862
182868
182868
182869
182873
182887
182888
182894
182895
182900
182900
182902
182902
182907
182908
182922
182929
182944
182948
182949
182950
182950
182961
182969
182980
182982
182985
182986
182989
182993
182994
182998
183004
183004
183008
183023
183024
183026
183032
183039
183041
183047
183060
183069
183069
183071
183077
183082
183083
183083
183086
183086
183088
183089
183090
183098
183100
183105
183105
183114
183119
183120
183121
183125
183125
183126
183126
183131
183131
183132
183137
183146
183146
183150
183159
183161
183165
183169
183170
183170
183177
183181
183193
183202
183203
183207
183228
183242
183254
183258
183266
183275
183278
183278
183280
183284
183287
183292
183299
183311
183313
183321
183328
183340
183340
183341
183351
183352
183352
183360
183365
183366
183373
183375
183376
183376
183379
183396
183397
183411
183413
183415
183424
183427
183433
183445
183446
183448
183451
183456
183465
183475
183478
183486
183492
183494
183494
183495
183504
183505
183509
183518
183524
183530
183536
183546
183550
183555
183556
183563
183566
183572
183573
183576
183584
183595
183596
183602
183614
183616
183619
183622
183626
183636
183637
183654
183662
183663
183668
183671
183672
183673
183682
183710
183714
183717
183719
183725
183728
183730
183733
183744
183749
183749
183750
183750
183753
183759
183762
183766
183779
183782
183784
183795
183799
183803
183807
183817
183820
183836
183841
183842
183846
183855
183862
183863
183863
183863
183864
183868
183870
183875
183876
183885
183892
183902
183906
183906
183908
183908
183919
183933
183937
183945
183947
183953
183954
183961
183971
183971
183976
183976
183978
183981
183988
183991
183997
183998
184008
184013
184014
184020
184029
184040
184041
184042
184046
184049
184068
184070
184071
184081
184083
184086
184094
184094
184109
184124
184127
184128
184130
184135
184140
184149
184156
184157
184159
184161
184174
184182
184190
184192
184192
184192
184198
184202
184206
184217
184224
184230
184232
184235
184238
184240
184251
184255
184277
184284
184286
184298
184303
184306
184310
184311
184314
184317
184328
184333
184337
184347
184352
184353
184354
184362
184364
184365
184365
184368
184372
184380
184382
184395
184416
184417
184424
184425
184431
184431
184438
184438
184442
184445
184447
184450
184455
184466
184471
184477
184481
184487
184494
184499
184502
184507
184510
184524
184534
184536
184540
184545
184555
184567
184583
184589
184596
184603
184608
184610
184612
184617
184618
184619
184619
184620
184620
184622
184624
184625
184633
184642
184648
184656
184656
184665
184666
184671
184679
184684
184695
184709
184713
184717
184727
184736
184737
184743
184752
184753
184757
184760
184762
184763
184763
184766
184777
184778
184778
184780
184780
184784
184790
184798
184816
184821
184826
184828
184830
184834
184849
184856
184858
184871
184874
184880
184883
184886
184886
184893
184893
184896
184897
184901
184904
184905
184912
184920
184921
184924
184928
184936
184938
184938
184940
184945
184950
184959
184963
184965
184968
184974
184975
184976
184980
184985
184985
184989
184994
184995
184995
185003
185026
185027
185030
185031
185033
185036
185044
185048
185063
185063
185067
185068
185073
185074
185075
185077
185078
185082
185084
185090
185091
185106
185114
185116
185118
185120
185122
185123
185127
185128
185138
185141
185142
185142
185148
185150
185154
185154
185155
185155
185160
185164
185167
185189
185189
185193
185201
185205
185209
185212
185226
185233
185234
185235
185235
185241
185243
185249
185251
185253
185253
185254
185257
185261
185265
185274
185292
185294
185297
185308
185315
185328
185336
185350
185351
185365
185366
185367
185384
185389
185391
185393
185394
185394
185395
185396
185396
185398
185401
185406
185413
185421
185424
185424
185425
185429
185451
185458
185461
185466
185466
185471
185474
185474
185475
185479
185480
185484
185485
185486
185487
185494
185507
185509
185511
185523
185523
185526
185529
185530
185536
185538
185544
185548
185550
185552
185559
185562
185567
185576
185576
185578
185583
185583
185586
185590
185592
185595
185596
185597
185600
185601
185602
185604
185604
185604
185609
185616
185621
185632
185632
185633
185636
185636
185646
185648
185653
185662
185672
185677
185680
185680
185683
185684
185690
185696
185702
185703
185709
185710
185714
185722
185726
185732
185737
185743
185744
185754
185756
185757
185759
185759
185774
185783
185784
185809
185810
185824
185839
185842
185842
185843
185867
185881
185881
185887
185887
185891
185903
185917
185918
185934
185940
185943
185944
185946
185948
185953
185955
185960
185960
185961
185961
185963
185968
185975
185982
185986
185991
185993
186002
186002
186009
186013
186013
186015
186016
186020
186021
186026
186048
186050
186055
186058
186067
186068
186072
186073
186074
186080
186084
186084
186089
186089
186091
186097
186102
186103
186103
186114
186116
186122
186130
186138
186138
186139
186140
186142
186146
186160
186160
186163
186165
186172
186176
186181
186213
186226
186232
186233
186243
186246
186251
186264
186266
186272
186273
186281
186284
186285
186287
186288
186289
186298
186302
186303
186309
186314
186318
186320
186328
186350
186352
186354
186370
186374
186387
186390
186390
186391
186396
186399
186400
186402
186410
186413
186414
186415
186425
186427
186432
186434
186438
186450
186450
186464
186464
186465
186466
186476
186477
186479
186487
186503
186507
186508
186510
186524
186525
186525
186532
186539
186540
186546
186550
186554
186556
186563
186585
186588
186589
186591
186594
186595
186598
186621
186627
186630
186633
186633
186639
186640
186642
186644
186648
186649
186651
186657
186665
186666
186690
186704
186706
186708
186718
186719
186721
186722
186724
186727
186728
186731
186731
186738
186742
186743
186745
186756
186757
186758
186769
186769
186772
186780
186784
186797
186798
186798
186809
186822
186829
186836
186854
186856
186859
186861
186866
186867
186868
186870
186872
186872
186875
186877
186878
186878
186882
186883
186887
186887
186887
186891
186894
186900
186903
186905
186912
186912
186918
186921
186925
186926
186928
186941
186946
186957
186959
186961
186964
186967
186976
186976
186980
186985
186992
186993
186998
187000
187006
187012
187016
187017
187018
187030
187043
187044
187047
187053
187053
187057
187063
187065
187080
187081
187086
187086
187093
187102
187105
187111
187118
187118
187123
187126
187133
187144
187147
187147
187151
187155
187157
187162
187169
187172
187176
187178
187182
187184
187185
187188
187191
187199
187226
187226
187227
187233
187241
187260
187262
187265
187270
187276
187278
187290
187295
187298
187304
187309
187309
187318
187319
187325
187327
187332
187340
187359
187359
187372
187378
187378
187380
187386
187387
187390
187398
187403
187405
187405
187413
187413
187416
187419
187426
187427
187428
187429
187430
187436
187436
187439
187469
187469
187486
187490
187495
187501
187504
187506
187509
187510
187511
187516
187516
187518
187522
187522
187523
187540
187540
187544
187545
187552
187562
187576
187584
187589
187603
187620
187621
187624
187628
187639
187640
187641
187642
187644
187645
187651
187652
187653
187654
187666
187666
187671
187686
187701
187706
187706
187712
187714
187717
187718
187718
187724
187733
187735
187737
187746
187749
187750
187754
187755
187762
187765
187768
187772
187774
187778
187792
187793
187794
187797
187798
187819
187827
187843
187844
187846
187861
187866
187867
187867
187870
187873
187879
187880
187881
187886
187893
187894
187894
187896
187897
187900
187901
187905
187907
187908
187910
187913
187913
187915
187925
187932
187935
187935
187940
187942
187956
187957
187965
187967
187972
187972
187974
187980
187982
187983
188005
188005
188006
188006
188025
188029
188030
188031
188037
188051
188068
188091
188091
188100
188104
188106
188107
188111
188112
188119
188121
188127
188130
188130
188142
188148
188148
188149
188151
188154
188164
188174
188179
188182
188182
188185
188189
188191
188201
188203
188212
188215
188219
188222
188229
188235
188239
188240
188252
188254
188256
188268
188275
188276
188278
188278
188281
188284
188285
188296
188297
188300
188300
188302
188303
188308
188309
188311
188319
188324
188328
188337
188343
188343
188349
188366
188377
188386
188400
188401
188405
188406
188407
188407
188411
188414
188421
188432
188432
188447
188458
188464
188466
188470
188470
188474
188476
188481
188490
188496
188500
188503
188510
188520
188525
188528
188531
188541
188546
188546
188546
188547
188549
188564
188566
188566
188577
188581
188590
188592
188598
188599
188604
188610
188623
188632
188632
188633
188634
188642
188643
188646
188651
188668
188668
188680
188692
188695
188700
188720
188723
188733
188736
188748
188752
188755
188756
188766
188768
188782
188796
188802
188811
188812
188823
188824
188826
188829
188830
188852
188854
188859
188861
188863
188863
188867
188871
188874
188878
188879
188886
188888
188889
188906
188912
188916
188921
188929
188931
188935
188941
188945
188950
188952
188954
188959
188963
188971
188974
188975
188976
188979
188982
188989
188990
189000
189005
189008
189009
189009
189017
189019
189026
189027
189030
189030
189039
189047
189051
189057
189060
189061
189064
189078
189080
189081
189085
189086
189089
189093
189095
189095
189095
189095
189099
189100
189102
189106
189116
189117
189120
189135
189145
189146
189148
189149
189152
189153
189154
189155
189155
189181
189182
189184
189198
189201
189203
189206
189206
189213
189215
189216
189227
189231
189242
189247
189251
189252
189272
189272
189275
189277
189282
189292
189300
189318
189319
189326
189337
189338
189353
189356
189357
189360
189362
189362
189364
189365
189367
189382
189384
189387
189390
189393
189403
189406
189415
189417
189418
189421
189423
189426
189429
189430
189430
189441
189450
189452
189452
189457
189464
189466
189470
189473
189476
189479
189480
189483
189488
189488
189495
189500
189502
189502
189504
189505
189510
189515
189516
189520
189528
189529
189532
189533
189534
189543
189553
189571
189573
189573
189575
189578
189591
189592
189594
189596
189597
189601
189601
189611
189612
189616
189624
189630
189632
189641
189643
189647
189648
189648
189649
189657
189668
189670
189673
189681
189688
189689
189694
189697
189700
189701
189702
189712
189721
189722
189728
189728
189731
189734
189740
189759
189764
189767
189768
189770
189774
189778
189778
189781
189782
189788
189792
189792
189806
189806
189807
189818
189819
189823
189825
189825
189826
189826
189831
189834
189836
189842
189859
189859
189862
189864
189866
189890
189894
189896
189898
189904
189909
189913
189923
189925
189928
189928
189939
189940
189948
189950
189956
189956
189959
189963
189969
189972
189978
189983
189983
189993
189994
189996
190000
190013
190033
190045
190048
190049
190051
190053
190054
190057
190061
190062
190062
190068
190069
190078
190086
190094
190097
190106
190107
190113
190114
190117
190120
190129
190135
190139
190148
190156
190160
190167
190178
190180
190189
190193
190205
190218
190233
190233
190235
190236
190267
190272
190282
190283
190285
190298
190304
190309
190314
190315
190321
190322
190323
190326
190327
190335
190339
190341
190342
190344
190346
190346
190360
190364
190369
190370
190371
190372
190375
190380
190383
190390
190391
190392
190397
190401
190401
190405
190407
190408
190415
190435
190437
190447
190447
190456
190482
190491
190491
190492
190494
190499
190499
190500
190500
190502
190506
190513
190523
190528
190533
190539
190540
190544
190547
190553
190556
190559
190559
190560
190570
190572
190584
190587
190588
190594
190597
190597
190600
190606
190608
190609
190615
190619
190619
190620
190623
190636
190640
190641
190650
190650
190652
190663
190666
190689
190698
190702
190705
190706
190733
190736
190739
190742
190755
190757
190761
190776
190776
190778
190784
190785
190798
190801
190804
190813
190814
190820
190830
190839
190850
190852
190857
190866
190867
190878
190894
190910
190914
190915
190919
190922
190925
190926
190932
190935
190956
190958
190962
190966
190967
190979
190987
190996
191005
191011
191012
191023
191027
191035
191035
191055
191067
191078
191079
191089
191089
191099
191100
191102
191107
191111
191111
191113
191116
191122
191124
191125
191129
191132
191134
191135
191151
191152
191159
191159
191161
191161
191166
191169
191172
191184
191186
191194
191194
191195
191196
191196
191202
191210
191211
191213
191218
191223
191232
191233
191245
191245
191246
191249
191267
191277
191280
191290
191292
191297
191310
191311
191313
191315
191320
191323
191323
191327
191327
191329
191335
191339
191340
191348
191351
191364
191373
191378
191392
191394
191396
191397
191416
191417
191428
191429
191457
191466
191466
191469
191483
191483
191494
191499
191504
191505
191506
191511
191513
191520
191525
191529
191532
191533
191535
191546
191549
191554
191565
191567
191570
191578
191592
191593
191596
191621
191623
191629
191634
191653
191653
191654
191658
191659
191665
191669
191675
191679
191685
191686
191690
191691
191694
191695
191699
191703
191704
191717
191724
191736
191746
191751
191754
191755
191758
191767
191767
191773
191774
191787
191792
191802
191803
191808
191811
191814
191816
191817
191826
191830
191843
191843
191843
191847
191849
191855
191856
191871
191894
191899
191899
191902
191906
191908
191908
191917
191920
191920
191924
191927
191928
191931
191944
191949
191952
191953
191960
191965
191970
191974
191975
191981
191985
191988
192005
192017
192031
192045
192056
192072
192072
192084
192086
192090
192091
192093
192094
192096
192106
192111
192120
192127
192133
192144
192160
192167
192194
192195
192204
192205
192205
192205
192212
192218
192221
192225
192227
192235
192236
192240
192240
192241
192247
192247
192249
192253
192254
192264
192267
192270
192271
192286
192287
192298
192299
192301
192304
192305
192310
192320
192328
192330
192343
192359
192365
192365
192366
192368
192373
192378
192388
192393
192399
192405
192406
192407
192413
192416
192428
192433
192447
192448
192453
192462
192464
192473
192496
192510
192511
192515
192516
192518
192520
192527
192529
192534
192542
192542
192543
192546
192554
192559
192565
192565
192568
192573
192584
192587
192600
192601
192601
192603
192604
192608
192620
192624
192625
192629
192631
192631
192632
192632
192634
192642
192652
192654
192659
192662
192662
192671
192674
192676
192676
192679
192681
192682
192688
192692
192692
192693
192698
192700
192701
192703
192707
192710
192712
192724
192728
192729
192730
192733
192739
192741
192742
192750
192753
192755
192756
192764
192767
192770
192774
192782
192791
192794
192794
192800
192805
192810
192816
192818
192828
192832
192851
192851
192851
192852
192853
192854
192856
192863
192869
192870
192871
192880
192880
192884
192891
192906
192906
192909
192910
192916
192930
192931
192939
192942
192947
192948
192951
192960
192962
192964
192967
192970
192972
192989
192991
192995
193000
193009
193012
193017
193022
193033
193043
193047
193054
193065
193067
193068
193069
193071
193074
193077
193082
193093
193095
193096
193103
193115
193121
193127
193134
193138
193141
193153
193160
193162
193163
193165
193167
193167
193177
193179
193180
193181
193190
193194
193205
193212
193214
193223
193223
193224
193225
193246
193246
193252
193252
193254
193255
193258
193274
193278
193283
193290
193293
193306
193308
193320
193322
193334
193334
193335
193340
193342
193353
193359
193361
193367
193376
193381
193391
193393
193393
193395
193403
193404
193406
193422
193429
193435
193460
193462
193463
193469
193471
193475
193480
193488
193493
193494
193496
193506
193506
193507
193525
193526
193527
193538
193541
193543
193543
193545
193555
193557
193561
193568
193569
193570
193575
193580
193596
193597
193599
193602
193604
193605
193605
193606
193616
193628
193638
193647
193659
193665
193685
193689
193693
193702
193711
193712
193715
193725
193729
193742
193772
193789
193790
193798
193798
193807
193816
193820
193824
193833
193833
193834
193835
193847
193851
193851
193852
193854
193864
193867
193871
193874
193874
193882
193889
193890
193902
193904
193905
193906
193907
193909
193936
193942
193943
193946
193958
193960
193967
193970
193976
193977
193984
193993
193994
194023
194024
194027
194030
194040
194046
194047
194052
194052
194058
194063
194086
194090
194102
194103
194105
194106
194113
194114
194115
194117
194123
194127
194130
194131
194137
194140
194144
194158
194160
194176
194177
194178
194188
194191
194192
194194
194195
194196
194199
194213
194217
194225
194228
194251
194267
194267
194280
194288
194296
194299
194303
194311
194321
194322
194325
194330
194331
194333
194334
194335
194338
194340
194341
194350
194361
194369
194371
194372
194375
194376
194379
194385
194386
194386
194388
194388
194392
194397
194402
194403
194410
194418
194425
194428
194437
194440
194442
194446
194447
194450
194452
194453
194458
194459
194461
194476
194480
194482
194487
194487
194492
194495
194496
194500
194509
194519
194528
194530
194531
194538
194538
194547
194551
194556
194561
194567
194568
194569
194573
194575
194577
194578
194580
194586
194595
194600
194615
194622
194623
194626
194631
194637
194641
194651
194657
194660
194674
194685
194703
194706
194709
194713
194713
194715
194717
194721
194722
194731
194737
194745
194747
194751
194753
194765
194768
194771
194776
194786
194792
194797
194803
194804
194805
194805
194808
194810
194810
194819
194821
194829
194830
194833
194836
194838
194840
194847
194855
194863
194870
194880
194882
194882
194882
194903
194929
194949
194951
194962
194973
194982
194986
194987
194990
194991
194994
195001
195006
195010
195024
195026
195031
195035
195036
195044
195046
195049
195050
195062
195063
195065
195066
195077
195077
195079
195088
195092
195096
195099
195100
195104
195105
195108
195108
195111
195116
195118
195119
195125
195132
195135
195135
195142
195149
195154
195156
195159
195159
195163
195170
195173
195174
195177
195184
195184
195184
195186
195187
195188
195193
195194
195206
195210
195211
195213
195214
195226
195227
195229
195232
195237
195238
195255
195259
195262
195263
195264
195265
195288
195289
195290
195293
195299
195301
195304
195308
195308
195315
195317
195322
195322
195333
195338
195338
195340
195340
195341
195347
195358
195359
195370
195371
195372
195382
195382
195389
195389
195394
195397
195397
195398
195415
195416
195416
195417
195420
195422
195430
195434
195437
195442
195444
195445
195446
195454
195454
195460
195470
195472
195472
195476
195486
195495
195501
195501
195503
195506
195513
195515
195521
195526
195536
195537
195539
195542
195544
195556
195558
195559
195568
195571
195580
195584
195591
195593
195596
195601
195601
195602
195616
195617
195618
195618
195635
195637
195640
195645
195646
195650
195652
195653
195653
195654
195654
195658
195662
195663
195665
195666
195669
195680
195681
195686
195689
195693
195698
195699
195704
195704
195712
195715
195717
195720
195727
195737
195742
195742
195743
195745
195752
195767
195782
195786
195791
195793
195794
195794
195797
195801
195803
195816
195817
195828
195831
195832
195851
195855
195860
195867
195870
195876
195876
195884
195886
195891
195895
195897
195897
195903
195904
195905
195911
195912
195914
195915
195916
195918
195919
195926
195927
195931
195934
195939
195944
195945
195945
195946
195950
195951
195952
195958
195974
195981
195983
195988
195990
195992
195995
195999
196001
196001
196002
196010
196027
196033
196038
196049
196052
196058
196063
196068
196069
196072
196078
196091
196107
196113
196115
196121
196128
196128
196132
196137
196138
196148
196152
196160
196161
196170
196174
196179
196181
196195
196196
196196
196199
196199
196204
196211
196215
196218
196220
196221
196232
196245
196253
196254
196256
196259
196265
196265
196265
196268
196269
196271
196274
196290
196292
196295
196311
196313
196318
196319
196324
196331
196331
196342
196344
196345
196352
196356
196358
196363
196380
196392
196398
196421
196421
196422
196426
196426
196433
196434
196435
196435
196452
196453
196453
196454
196455
196460
196466
196469
196471
196481
196483
196488
196501
196503
196508
196520
196522
196526
196527
196544
196545
196546
196555
196555
196561
196566
196569
196574
196587
196594
196596
196598
196604
196607
196617
196620
196626
196632
196634
196636
196638
196647
196662
196663
196667
196674
196676
196686
196704
196709
196712
196713
196719
196726
196726
196730
196730
196733
196737
196743
196757
196761
196766
196768
196769
196776
196777
196785
196789
196792
196809
196819
196823
196823
196833
196835
196836
196841
196844
196845
196852
196854
196854
196856
196856
196865
196882
196889
196891
196893
196894
196904
196908
196919
196921
196921
196922
196926
196938
196957
196968
196976
196977
196977
196981
196992
197001
197002
197005
197006
197010
197012
197016
197018
197019
197027
197042
197051
197055
197064
197068
197075
197084
197087
197088
197092
197094
197107
197111
197113
197113
197114
197121
197135
197151
197167
197169
197170
197173
197176
197179
197180
197183
197185
197185
197188
197203
197206
197220
197227
197227
197237
197237
197245
197246
197251
197254
197262
197277
197290
197296
197297
197300
197302
197309
197317
197320
197321
197333
197335
197337
197340
197341
197343
197343
197345
197346
197350
197352
197360
197363
197372
197374
197389
197399
197405
197415
197419
197421
197423
197425
197426
197429
197431
197434
197443
197446
197449
197450
197452
197459
197463
197465
197466
197471
197476
197485
197498
197513
197563
197570
197570
197572
197573
197573
197573
197574
197575
197580
197583
197592
197595
197598
197603
197604
197605
197611
197612
197612
197612
197614
197620
197621
197624
197628
197629
197630
197642
197648
197649
197652
197661
197668
197670
197672
197680
197682
197682
197690
197706
197727
197747
197751
197754
197754
197756
197761
197780
197781
197782
197788
197790
197796
197806
197819
197821
197827
197832
197843
197846
197848
197852
197853
197857
197866
197869
197878
197887
197891
197896
197905
197911
197913
197915
197916
197916
197922
197938
197947
197949
197957
197958
197965
197969
197973
197976
197978
197981
197982
197982
197992
197995
198007
198011
198020
198022
198031
198035
198037
198038
198048
198055
198059
198060
198085
198087
198096
198106
198106
198107
198120
198131
198136
198140
198142
198146
198147
198151
198155
198173
198173
198175
198185
198198
198198
198200
198213
198214
198220
198226
198238
198254
198263
198264
198269
198277
198284
198287
198289
198302
198306
198308
198313
198318
198320
198320
198333
198334
198343
198347
198348
198353
198359
198360
198363
198366
198368
198370
198386
198388
198390
198393
198407
198408
198415
198415
198420
198429
198432
198434
198435
198441
198444
198453
198464
198475
198487
198488
198491
198517
198518
198521
198521
198532
198537
198537
198538
198543
198544
198547
198552
198557
198569
198572
198577
198577
198582
198584
198584
198589
198590
198590
198593
198628
198630
198633
198646
198649
198652
198653
198659
198660
198661
198664
198667
198676
198677
198680
198684
198689
198693
198694
198707
198708
198711
198712
198716
198717
198724
198734
198746
198750
198758
198761
198767
198771
198772
198775
198782
198789
198804
198806
198816
198816
198818
198826
198829
198833
198836
198841
198849
198853
198856
198863
198877
198877
198885
198888
198890
198896
198903
198904
198908
198910
198911
198914
198918
198922
198930
198932
198932
198934
198934
198945
198946
198952
198954
198958
198962
198975
198979
198979
198987
198995
198996
199001
199011
199019
199019
199031
199037
199038
199046
199050
199062
199062
199063
199065
199069
199080
199083
199095
199095
199095
199110
199114
199119
199124
199127
199133
199135
199139
199141
199143
199144
199153
199154
199165
199165
199174
199180
199183
199185
199187
199194
199195
199200
199207
199214
199223
199225
199225
199228
199235
199237
199250
199255
199255
199258
199261
199266
199272
199273
199279
199280
199291
199292
199293
199300
199300
199314
199316
199321
199323
199324
199332
199335
199344
199351
199370
199372
199374
199385
199388
199389
199395
199397
199402
199410
199414
199417
199435
199438
199441
199449
199449
199451
199467
199482
199485
199494
199502
199504
199508
199514
199516
199520
199522
199533
199540
199541
199546
199546
199548
199551
199556
199557
199569
199583
199595
199623
199625
199629
199630
199631
199632
199633
199636
199639
199640
199647
199650
199652
199660
199669
199678
199683
199686
199686
199691
199697
199699
199705
199706
199721
199725
199731
199731
199731
199733
199734
199744
199749
199752
199753
199755
199756
199760
199761
199784
199789
199794
199794
199796
199809
199816
199816
199824
199830
199835
199836
199837
199844
199848
199856
199858
199866
199880
199883
199884
199887
199888
199888
199890
199893
199902
199908
199918
199919
199923
199929
199936
199937
199940
199960
199963
199965
199966
199968
199972
199981
199983
199987
199991
199996
200007
200009
200010
200018
200023
200025
200028
200036
200045
200046
200051
200057
200071
200071
200077
200085
200085
200090
200093
200107
200111
200112
200114
200119
200123
200142
200147
200149
200154
200155
200173
200176
200186
200204
200213
200214
200217
200217
200218
200220
200225
200228
200229
200230
200233
200242
200266
200268
200269
200276
200280
200281
200285
200302
200317
200330
200337
200339
200342
200346
200347
200349
200357
200357
200368
200370
200379
200387
200390
200396
200400
200401
200402
200405
200419
200430
200432
200442
200459
200464
200467
200468
200479
200480
200490
200497
200498
200501
200504
200517
200528
200528
200538
200541
200547
200549
200553
200572
200575
200585
200589
200593
200593
200611
200616
200627
200633
200637
200642
200645
200647
200652
200652
200652
200655
200655
200661
200664
200681
200683
200684
200695
200698
200703
200711
200720
200725
200728
200729
200730
200742
200744
200745
200747
200751
200754
200769
200775
200777
200780
200780
200790
200792
200794
200805
200816
200818
200832
200841
200841
200852
200862
200863
200866
200868
200872
200874
200880
200883
200884
200889
200889
200890
200893
200896
200896
200906
200907
200910
200912
200925
200941
200942
200946
200947
200961
200967
200973
200982
200986
200995
200997
200999
201002
201006
201007
201012
201013
201016
201019
201032
201034
201039
201042
201056
201058
201064
201071
201071
201077
201093
201094
201097
201102
201104
201110
201110
201111
201111
201125
201130
201150
201162
201163
201166
201181
201181
201182
201199
201208
201217
201219
201226
201229
201237
201246
201247
201247
201249
201256
201259
201261
201262
201268
201271
201272
201274
201280
201294
201295
201298
201305
201308
201311
201312
201323
201329
201335
201348
201351
201372
201376
201379
201385
201386
201386
201394
201407
201416
201417
201418
201429
201433
201458
201469
201473
201473
201475
201478
201495
201499
201508
201511
201512
201513
201521
201524
201526
201526
201530
201533
201546
201548
201549
201557
201559
201586
201595
201596
201602
201617
201621
201622
201623
201623
201624
201631
201636
201645
201652
201656
201678
201681
201693
201696
201697
201705
201712
201716
201720
201722
201723
201728
201746
201749
201750
201753
201759
201763
201770
201774
201781
201786
201795
201796
201800
201809
201813
201822
201826
201832
201833
201843
201864
201866
201874
201879
201897
201900
201900
201902
201910
201914
201918
201920
201934
201937
201940
201940
201952
201967
201976
201979
201980
201981
201982
201989
201989
201990
201991
201998
202004
202023
202029
202033
202040
202048
202049
202050
202055
202058
202061
202061
202062
202068
202085
202088
202089
202093
202109
202111
202111
202114
202114
202118
202120
202125
202129
202132
202134
202135
202148
202148
202151
202172
202177
202179
202185
202190
202199
202203
202203
202203
202204
202210
202213
202222
202224
202226
202232
202234
202238
202245
202245
202247
202248
202257
202259
202261
202261
202271
202272
202273
202294
202297
202301
202312
202315
202317
202327
202338
202340
202346
202351
202369
202374
202381
202383
202389
202390
202392
202392
202398
202411
202414
202427
202439
202447
202447
202457
202457
202471
202472
202475
202480
202480
202484
202493
202494
202507
202510
202512
202519
202521
202523
202546
202547
202550
202556
202557
202565
202573
202573
202575
202578
202583
202593
202595
202597
202600
202604
202618
202618
202623
202627
202640
202642
202650
202655
202665
202665
202682
202684
202689
202695
202695
202701
202715
202721
202728
202734
202735
202737
202739
202769
202776
202777
202779
202814
202821
202826
202828
202829
202835
202847
202849
202852
202853
202867
202868
202876
202877
202891
202893
202893
202895
202901
202901
202904
202912
202915
202918
202922
202926
202930
202933
202939
202940
202945
202950
202954
202957
202964
202966
202968
202968
202969
202973
202974
202976
202981
202986
202987
202995
203008
203019
203022
203023
203035
203035
203037
203063
203070
203074
203079
203084
203088
203095
203096
203098
203100
203102
203103
203112
203114
203117
203123
203125
203128
203128
203128
203134
203134
203136
203137
203138
203147
203175
203177
203179
203186
203189
203195
203196
203196
203198
203199
203211
203214
203220
203220
203221
203222
203226
203231
203239
203240
203246
203250
203256
203259
203261
203271
203272
203277
203281
203281
203290
203291
203295
203304
203305
203306
203310
203317
203318
203319
203320
203321
203327
203336
203342
203353
203357
203373
203375
203383
203385
203392
203393
203395
203398
203401
203409
203416
203417
203421
203422
203425
203431
203431
203436
203442
203444
203457
203467
203471
203474
203475
203483
203485
203486
203499
203500
203506
203511
203518
203523
203527
203531
203537
203543
203544
203545
203548
203549
203550
203571
203575
203577
203583
203593
203597
203598
203601
203604
203604
203605
203620
203622
203623
203629
203631
203639
203657
203662
203667
203676
203689
203724
203724
203732
203734
203734
203735
203740
203743
203749
203753
203756
203762
203764
203770
203774
203786
203790
203793
203803
203809
203811
203813
203819
203826
203834
203839
203862
203874
203876
203877
203877
203880
203884
203889
203905
203909
203910
203911
203915
203917
203918
203919
203923
203939
203946
203948
203949
203950
203958
203972
203983
203991
204022
204026
204036
204037
204055
204058
204060
204060
204072
204077
204093
204096
204098
204107
204114
204117
204133
204137
204140
204145
204146
204152
204161
204179
204188
204190
204190
204196
204196
204209
204210
204212
204218
204224
204227
204231
204232
204238
204244
204246
204249
204256
204262
204268
204273
204274
204275
204277
204278
204285
204286
204288
204291
204295
204298
204306
204311
204311
204312
204333
204343
204345
204355
204357
204373
204374
204382
204383
204386
204387
204395
204397
204398
204409
204410
204416
204416
204420
204431
204434
204441
204446
204447
204448
204471
204473
204473
204484
204499
204500
204503
204504
204507
204516
204530
204532
204537
204542
204545
204551
204556
204561
204564
204570
204572
204577
204578
204579
204581
204582
204588
204602
204606
204608
204608
204610
204611
204615
204618
204620
204622
204623
204625
204627
204637
204640
204644
204654
204667
204676
204696
204714
204716
204717
204724
204729
204745
204752
204758
204758
204766
204768
204780
204782
204786
204793
204801
204801
204804
204805
204808
204810
204814
204819
204851
204855
204861
204866
204869
204873
204876
204878
204888
204888
204892
204901
204903
204909
204911
204913
204917
204918
204936
204939
204944
204945
204946
204952
204955
204959
204961
204963
204965
204970
204971
204973
204975
204982
204993
204998
205013
205018
205019
205020
205036
205040
205041
205041
205045
205049
205049
205050
205055
205058
205061
205066
205066
205067
205076
205077
205078
205080
205082
205083
205097
205102
205106
205107
205108
205119
205124
205145
205147
205158
205174
205180
205189
205191
205197
205200
205203
205204
205204
205206
205216
205222
205231
205234
205235
205238
205238
205241
205242
205254
205254
205257
205276
205285
205290
205292
205298
205310
205319
205325
205328
205332
205336
205340
205347
205352
205357
205357
205359
205364
205377
205379
205380
205380
205383
205391
205397
205404
205409
205411
205421
205430
205431
205432
205432
205433
205437
205437
205450
205453
205454
205457
205457
205458
205461
205463
205463
205478
205480
205483
205485
205497
205499
205514
205525
205544
205548
205549
205558
205558
205560
205563
205568
205579
205584
205595
205604
205612
205635
205635
205641
205645
205653
205682
205693
205697
205704
205709
205710
205712
205727
205728
205738
205744
205745
205750
205752
205759
205783
205801
205804
205807
205812
205813
205814
205816
205819
205820
205825
205826
205841
205846
205854
205855
205858
205859
205860
205861
205883
205889
205905
205907
205912
205918
205922
205926
205927
205938
205939
205943
205953
205961
205976
205980
205989
205992
205993
205998
205999
206001
206003
206009
206009
206012
206013
206014
206024
206025
206038
206039
206043
206054
206059
206061
206072
206074
206079
206095
206107
206109
206112
206114
206118
206120
206124
206127
206129
206130
206139
206154
206158
206164
206165
206166
206173
206175
206181
206181
206187
206188
206192
206199
206203
206208
206213
206221
206226
206231
206231
206233
206234
206237
206246
206248
206254
206261
206273
206277
206280
206291
206302
206305
206310
206311
206318
206327
206328
206335
206344
206349
206371
206401
206404
206404
206410
206412
206415
206425
206427
206430
206435
206438
206438
206443
206454
206463
206464
206465
206467
206469
206470
206475
206478
206481
206487
206502
206504
206508
206512
206512
206519
206520
206528
206529
206532
206537
206539
206547
206548
206551
206573
206574
206575
206577
206589
206592
206605
206610
206611
206612
206616
206616
206625
206643
206647
206653
206661
206666
206668
206670
206676
206681
206695
206704
206707
206711
206718
206718
206720
206735
206741
206745
206757
206760
206771
206778
206794
206795
206799
206816
206824
206825
206833
206834
206840
206843
206867
206870
206880
206885
206886
206889
206892
206902
206903
206907
206910
206910
206914
206920
206920
206926
206935
206937
206939
206942
206944
206946
206948
206954
206969
206976
206977
206977
206992
206993
207005
207011
207012
207014
207015
207022
207023
207024
207039
207043
207050
207072
207079
207079
207098
207116
207118
207120
207128
207134
207138
207139
207145
207147
207149
207151
207157
207165
207167
207172
207175
207175
207177
207184
207187
207190
207203
207206
207224
207228
207236
207240
207242
207248
207262
207269
207278
207280
207283
207284
207288
207292
207292
207296
207300
207302
207312
207323
207337
207337
207339
207339
207346
207359
207362
207363
207375
207377
207378
207378
207387
207390
207406
207409
207412
207413
207417
207419
207425
207426
207427
207431
207436
207438
207438
207447
207451
207466
207471
207487
207487
207491
207492
207492
207500
207501
207503
207503
207517
207524
207524
207526
207529
207538
207548
207554
207575
207581
207590
207603
207609
207615
207620
207625
207629
207630
207633
207634
207639
207641
207646
207650
207664
207666
207670
207677
207690
207690
207692
207694
207694
207695
207696
207696
207702
207707
207707
207712
207712
207713
207716
207722
207732
207735
207740
207740
207752
207758
207767
207783
207795
207807
207811
207811
207817
207824
207828
207830
207830
207831
207843
207844
207844
207867
207871
207875
207880
207881
207888
207894
207895
207896
207898
207898
207900
207907
207908
207912
207916
207919
207925
207935
207939
207939
207943
207948
207952
207954
207964
207971
207973
207976
207984
207988
207990
207994
207996
208004
208008
208012
208014
208034
208043
208044
208044
208054
208057
208057
208060
208063
208066
208090
208095
208096
208097
208102
208103
208119
208120
208121
208121
208122
208122
208130
208135
208138
208139
208140
208149
208152
208155
208159
208164
208173
208180
208184
208185
208186
208188
208201
208201
208225
208225
208238
208240
208243
208254
208277
208279
208279
208286
208289
208291
208294
208311
208312
208316
208330
208335
208343
208347
208352
208356
208362
208364
208372
208381
208387
208395
208401
208405
208410
208413
208425
208426
208427
208441
208443
208469
208473
208473
208475
208476
208479
208487
208493
208499
208504
208508
208510
208513
208513
208514
208525
208528
208546
208556
208566
208570
208573
208580
208580
208582
208582
208583
208584
208593
208608
208614
208615
208626
208630
208635
208636
208639
208647
208652
208658
208662
208667
208679
208689
208695
208696
208698
208704
208706
208706
208718
208720
208725
208732
208735
208738
208738
208739
208739
208740
208744
208745
208752
208770
208773
208774
208785
208789
208789
208793
208802
208809
208812
208817
208822
208822
208832
208836
208842
208844
208849
208851
208859
208879
208880
208881
208883
208886
208889
208894
208896
208897
208899
208907
208916
208916
208917
208917
208918
208921
208928
208932
208933
208937
208942
208946
208949
208971
208977
208977
209001
209005
209006
209023
209023
209027
209027
209029
209036
209044
209053
209056
209058
209058
209059
209063
209072
209076
209078
209078
209079
209088
209093
209106
209109
209113
209114
209118
209121
209123
209128
209136
209145
209146
209148
209150
209154
209163
209164
209166
209169
209185
209190
209193
209196
209199
209201
209203
209203
209225
209227
209231
209231
209241
209258
209259
209261
209266
209270
209272
209275
209275
209280
209285
209286
209293
209299
209302
209327
209336
209339
209349
209360
209362
209362
209363
209364
209367
209368
209372
209375
209382
209382
209387
209388
209395
209397
209400
209400
209401
209404
209408
209409
209411
209413
209418
209420
209422
209423
209424
209426
209427
209441
209442
209446
209457
209465
209467
209468
209473
209474
209490
209497
209502
209506
209512
209514
209534
209537
209540
209542
209547
209547
209550
209556
209561
209565
209566
209568
209570
209576
209579
209579
209582
209588
209597
209601
209605
209607
209612
209613
209622
209623
209637
209641
209643
209645
209651
209658
209662
209675
209676
209677
209677
209678
209684
209695
209697
209698
209700
209703
209705
209710
209728
209733
209736
209737
209739
209741
209742
209743
209758
209762
209768
209771
209772
209775
209781
209788
209804
209814
209825
209828
209845
209847
209848
209854
209856
209871
209876
209876
209879
209881
209884
209884
209884
209892
209897
209899
209906
209916
209924
209938
209940
209940
209945
209949
209955
209958
209965
209979
209994
209994
209999
210001
210002
210003
210012
210017
210020
210022
210039
210047
210060
210066
210069
210072
210075
210077
210077
210079
210080
210081
210082
210083
210087
210095
210099
210101
210121
210122
210133
210134
210134
210136
210137
210146
210147
210148
210152
210153
210172
210175
210179
210206
210208
210211
210214
210219
210228
210243
210244
210252
210255
210256
210265
210270
210272
210275
210277
210278
210282
210284
210285
210298
210301
210310
210316
210316
210332
210332
210337
210341
210344
210345
210346
210353
210355
210366
210374
210379
210381
210383
210387
210390
210399
210402
210403
210411
210416
210420
210422
210423
210434
210435
210439
210440
210451
210455
210457
210458
210458
210462
210464
210470
210472
210474
210474
210483
210490
210495
210498
210502
210504
210505
210512
210514
210514
210523
210529
210531
210532
210534
210543
210549
210554
210560
210561
210563
210564
210578
210581
210582
210586
210589
210591
210595
210612
210612
210627
210628
210632
210633
210633
210640
210647
210652
210669
210681
210682
210688
210689
210705
210708
210711
210713
210717
210719
210719
210731
210732
210734
210741
210747
210751
210751
210753
210764
210772
210777
210778
210778
210778
210795
210822
210823
210824
210829
210829
210832
210832
210835
210846
210846
210853
210857
210861
210861
210863
210865
210868
210876
210876
210887
210909
210918
210919
210927
210927
210933
210935
210942
210948
210948
210955
210965
210971
210973
210974
210979
210979
210990
210991
210995
211003
211005
211007
211013
211014
211016
211020
211021
211024
211027
211034
211039
211045
211058
211066
211067
211073
211073
211078
211079
211084
211095
211098
211099
211106
211109
211110
211112
211113
211116
211131
211132
211137
211146
211150
211152
211155
211156
211165
211166
211169
211169
211174
211186
211198
211209
211211
211213
211214
211214
211216
211218
211222
211226
211226
211229
211234
211239
211256
211260
211264
211273
211278
211284
211296
211304
211307
211307
211313
211314
211317
211323
211326
211334
211339
211351
211352
211353
211354
211361
211369
211373
211380
211383
211389
211399
211418
211420
211423
211426
211442
211444
211448
211451
211456
211458
211458
211461
211461
211472
211479
211480
211486
211491
211504
211520
211524
211527
211528
211529
211536
211538
211549
211550
211551
211552
211559
211561
211571
211579
211593
211595
211598
211614
211622
211624
211625
211627
211631
211634
211635
211635
211637
211639
211640
211650
211656
211658
211660
211661
211663
211667
211680
211681
211686
211687
211688
211696
211697
211707
211709
211712
211713
211715
211717
211718
211718
211719
211720
211726
211733
211733
211734
211739
211742
211751
211751
211759
211760
211761
211772
211775
211780
211786
211788
211795
211796
211799
211800
211801
211812
211815
211817
211822
211828
211829
211831
211848
211869
211877
211880
211884
211891
211900
211913
211914
211916
211925
211932
211947
211948
211951
211960
211960
211966
211974
211981
211990
211991
211993
212003
212011
212017
212019
212023
212027
212035
212059
212061
212073
212101
212103
212108
212109
212110
212117
212119
212121
212130
212154
212171
212182
212187
212187
212191
212191
212191
212195
212198
212201
212202
212202
212203
212206
212206
212206
212209
212220
212221
212230
212238
212240
212244
212249
212255
212259
212259
212280
212285
212290
212297
212299
212306
212307
212318
212334
212336
212338
212346
212348
212349
212352
212378
212379
212380
212381
212392
212393
212396
212399
212413
212417
212424
212426
212433
212442
212448
212456
212457
212459
212459
212463
212469
212471
212477
212484
212498
212504
212508
212508
212510
212520
212522
212523
212538
212540
212545
212546
212552
212558
212560
212564
212565
212569
212579
212597
212599
212604
212610
212610
212614
212615
212631
212656
212657
212658
212660
212660
212670
212700
212701
212708
212712
212721
212735
212738
212738
212739
212749
212752
212761
212764
212777
212780
212781
212785
212816
212829
212837
212847
212852
212865
212868
212868
212868
212883
212897
212897
212900
212903
212911
212912
212912
212936
212950
212954
212965
212965
212967
212982
212988
212992
212996
212999
213003
213006
213007
213009
213017
213024
213029
213035
213036
213039
213041
213044
213047
213052
213053
213057
213068
213069
213070
213074
213083
213099
213099
213100
213101
213107
213109
213112
213117
213123
213126
213129
213131
213135
213140
213153
213162
213163
213175
213178
213185
213187
213189
213196
213204
213213
213223
213223
213225
213226
213230
213231
213234
213235
213238
213239
213240
213242
213246
213250
213261
213274
213291
213299
213302
213310
213312
213314
213315
213337
213348
213350
213356
213359
213364
213374
213385
213391
213391
213412
213416
213417
213419
213421
213425
213431
213431
213434
213434
213436
213437
213445
213452
213458
213460
213462
213463
213475
213489
213494
213497
213498
213501
213503
213504
213515
213516
213517
213521
213529
213530
213546
213548
213556
213568
213584
213586
213599
213604
213607
213607
213607
213615
213615
213617
213619
213622
213628
213632
213634
213635
213655
213655
213655
213655
213657
213659
213661
213667
213668
213674
213680
213682
213688
213688
213692
213697
213698
213707
213708
213714
213715
213721
213725
213733
213735
213749
213754
213773
213773
213775
213775
213778
213785
213786
213792
213793
213797
213808
213811
213815
213817
213817
213822
213823
213823
213824
213828
213836
213837
213837
213848
213848
213850
213853
213857
213861
213869
213870
213884
213884
213885
213893
213901
213909
213915
213920
213921
213938
213940
213940
213948
213949
213960
213962
213962
213966
213968
213977
213981
213986
213996
213997
214000
214008
214014
214017
214026
214033
214035
214049
214055
214066
214070
214079
214082
214083
214084
214092
214095
214111
214111
214118
214119
214123
214127
214130
214142
214151
214153
214156
214163
214177
214187
214190
214192
214195
214202
214207
214209
214211
214227
214233
214234
214246
214251
214254
214254
214268
214269
214270
214286
214290
214300
214318
214322
214322
214328
214339
214341
214342
214346
214349
214351
214355
214366
214369
214375
214382
214389
214392
214395
214397
214400
214402
214410
214412
214414
214420
214433
214435
214438
214438
214443
214461
214463
214463
214482
214484
214486
214489
214497
214498
214503
214509
214510
214520
214527
214527
214537
214539
214542
214544
214547
214547
214547
214553
214558
214563
214564
214564
214571
214579
214579
214580
214585
214597
214604
214606
214609
214617
214623
214625
214626
214627
214630
214633
214634
214644
214646
214659
214666
214667
214668
214670
214671
214673
214674
214679
214683
214683
214686
214690
214694
214699
214704
214707
214721
214727
214732
214735
214736
214740
214741
214749
214750
214751
214753
214755
214755
214760
214761
214763
214769
214779
214784
214788
214789
214794
214795
214799
214805
214810
214810
214814
214822
214826
214827
214829
214831
214835
214837
214837
214838
214840
214844
214849
214856
214859
214867
214868
214870
214871
214880
214881
214903
214917
214918
214921
214925
214930
214936
214938
214945
214945
214946
214947
214950
214961
214962
214975
214979
214980
214987
215009
215012
215018
215025
215032
215034
215038
215059
215061
215061
215062
215073
215081
215082
215088
215095
215105
215106
215113
215126
215134
215140
215142
215144
215147
215153
215157
215157
215159
215164
215172
215173
215174
215178
215180
215184
215190
215191
215196
215217
215219
215221
215225
215227
215231
215240
215243
215244
215246
215247
215252
215254
215255
215255
215261
215262
215265
215270
215270
215276
215291
215293
215297
215297
215298
215300
215301
215311
215316
215322
215331
215336
215338
215340
215341
215353
215357
215361
215361
215364
215366
215366
215367
215371
215382
215385
215388
215391
215391
215392
215397
215407
215408
215409
215427
215433
215437
215438
215445
215452
215453
215456
215466
215469
215479
215481
215489
215493
215495
215496
215496
215496
215500
215505
215505
215514
215531
215531
215531
215544
215549
215552
215556
215558
215559
215565
215569
215570
215575
215584
215585
215589
215592
215593
215602
215608
215626
215629
215629
215630
215636
215643
215645
215657
215657
215664
215666
215668
215672
215674
215675
215675
215676
215694
215694
215694
215696
215696
215701
215707
215707
215707
215716
215719
215740
215745
215745
215747
215795
215797
215797
215803
215810
215811
215819
215832
215841
215846
215848
215848
215853
215860
215862
215863
215869
215869
215870
215881
215891
215893
215895
215902
215902
215903
215911
215912
215913
215920
215922
215925
215928
215940
215944
215946
215956
215976
215979
215979
215984
215985
215986
215991
216007
216016
216019
216021
216031
216033
216035
216036
216042
216042
216054
216067
216069
216071
216080
216083
216085
216106
216107
216111
216112
216113
216121
216123
216126
216126
216126
216133
216133
216136
216146
216150
216168
216172
216176
216180
216185
216202
216204
216207
216209
216212
216223
216224
216229
216230
216231
216232
216239
216244
216245
216250
216260
216284
216312
216314
216315
216319
216319
216321
216328
216329
216336
216336
216349
216360
216361
216372
216383
216384
216384
216402
216405
216410
216414
216421
216430
216439
216448
216453
216456
216460
216466
216468
216469
216477
216478
216481
216483
216484
216489
216498
216502
216506
216506
216509
216510
216511
216519
216520
216520
216526
216529
216530
216531
216533
216547
216548
216549
216551
216551
216553
216565
216582
216589
216591
216600
216605
216613
216624
216626
216629
216630
216631
216632
216634
216634
216639
216651
216651
216651
216665
216665
216667
216682
216694
216722
216724
216728
216732
216735
216736
216752
216752
216753
216757
216762
216764
216768
216771
216776
216782
216787
216789
216803
216810
216813
216818
216821
216823
216823
216825
216830
216836
216849
216849
216850
216854
216856
216866
216878
216882
216882
216886
216889
216889
216889
216895
216896
216920
216923
216926
216927
216933
216949
216953
216960
216961
216976
216983
216989
216989
216990
216994
217009
217018
217019
217019
217022
217031
217032
217033
217037
217042
217052
217054
217067
217084
217084
217092
217101
217108
217115
217115
217116
217118
217120
217125
217132
217154
217156
217160
217163
217168
217178
217183
217190
217191
217194
217201
217202
217209
217210
217212
217213
217214
217216
217218
217220
217229
217232
217247
217253
217266
217270
217277
217283
217286
217286
217288
217288
217294
217296
217310
217310
217316
217319
217322
217326
217329
217334
217345
217349
217350
217351
217363
217371
217376
217380
217381
217384
217385
217387
217398
217399
217403
217405
217406
217409
217418
217423
217424
217428
217431
217434
217438
217444
217452
217454
217476
217477
217483
217484
217487
217490
217491
217507
217511
217520
217527
217529
217531
217531
217537
217538
217543
217545
217556
217557
217561
217571
217575
217579
217587
217591
217591
217592
217599
217600
217611
217616
217618
217627
217634
217638
217641
217641
217659
217673
217680
217683
217684
217685
217686
217687
217689
217692
217693
217696
217696
217704
217706
217706
217707
217708
217734
217737
217738
217757
217758
217760
217762
217769
217779
217779
217782
217783
217784
217793
217794
217795
217797
217805
217814
217829
217833
217833
217834
217837
217843
217856
217857
217857
217857
217870
217870
217873
217878
217880
217880
217896
217898
217903
217909
217912
217922
217945
217947
217951
217953
217955
217955
217963
217963
217971
217975
217977
217988
217997
218019
218023
218023
218038
218042
218077
218081
218083
218085
218086
218090
218092
218099
218100
218107
218110
218118
218121
218125
218127
218127
218128
218130
218131
218137
218137
218139
218143
218144
218146
218151
218153
218153
218160
218160
218163
218164
218168
218169
218169
218169
218174
218179
218181
218201
218207
218213
218214
218216
218242
218248
218259
218259
218280
218281
218283
218285
218290
218292
218294
218294
218295
218298
218306
218307
218309
218316
218330
218332
218343
218345
218352
218362
218375
218380
218384
218385
218385
218396
218397
218397
218408
218415
218417
218421
218430
218431
218445
218451
218454
218460
218464
218465
218468
218472
218473
218476
218477
218481
218482
218486
218490
218491
218513
218522
218527
218532
218534
218541
218545
218547
218552
218562
218563
218575
218583
218593
218594
218596
218600
218607
218610
218614
218616
218617
218621
218629
218629
218633
218633
218670
218676
218676
218681
218681
218687
218689
218695
218695
218697
218698
218699
218699
218710
218722
218724
218726
218727
218737
218756
218757
218757
218759
218762
218765
218782
218787
218794
218795
218800
218813
218814
218816
218822
218837
218839
218848
218852
218855
218873
218875
218877
218881
218884
218890
218891
218892
218895
218901
218901
218905
218911
218911
218915
218915
218923
218928
218928
218957
218960
218964
218979
218988
218994
219001
219001
219006
219006
219020
219020
219023
219025
219031
219032
219033
219043
219046
219051
219056
219067
219070
219081
219093
219094
219095
219095
219105
219115
219124
219125
219129
219129
219130
219134
219137
219143
219147
219152
219153
219158
219179
219185
219187
219191
219191
219191
219198
219198
219204
219208
219210
219213
219216
219220
219222
219240
219246
219251
219261
219264
219270
219274
219274
219280
219285
219286
219292
219295
219295
219295
219295
219296
219301
219305
219307
219308
219325
219326
219326
219339
219339
219350
219356
219367
219376
219393
219395
219407
219415
219434
219446
219447
219457
219462
219463
219465
219466
219477
219491
219493
219500
219501
219503
219520
219529
219532
219533
219535
219537
219538
219538
219545
219555
219561
219562
219568
219581
219583
219589
219593
219603
219617
219618
219641
219646
219650
219654
219657
219657
219658
219662
219669
219671
219673
219677
219682
219690
219691
219697
219698
219701
219722
219725
219727
219731
219738
219741
219746
219747
219761
219761
219770
219771
219772
219786
219787
219793
219796
219800
219806
219830
219836
219838
219846
219848
219851
219853
219863
219869
219870
219875
219878
219902
219903
219905
219908
219912
219913
219919
219920
219923
219923
219929
219940
219943
219944
219948
219952
219953
219963
219967
219972
219976
219984
219984
219991
219993
219997
220005
220007
220008
220009
220019
220025
220030
220031
220032
220035
220040
220041
220042
220043
220046
220047
220050
220051
220057
220058
220067
220069
220070
220080
220087
220091
220093
220110
220120
220132
220132
220138
220142
220151
220151
220152
220152
220160
220166
220170
220181
220185
220187
220201
220202
220207
220213
220217
220224
220227
220231
220239
220241
220242
220252
220254
220254
220257
220264
220264
220268
220268
220271
220290
220292
220298
220306
220308
220316
220317
220322
220322
220328
220329
220330
220338
220343
220343
220346
220366
220366
220368
220371
220373
220392
220392
220401
220416
220417
220441
220453
220455
220463
220464
220471
220472
220472
220476
220479
220488
220491
220493
220497
220510
220511
220517
220517
220532
220546
220547
220560
220561
220567
220571
220580
220584
220586
220593
220598
220602
220605
220619
220623
220627
220633
220649
220649
220657
220671
220675
220683
220688
220694
220699
220702
220707
220714
220724
220724
220727
220729
220733
220735
220735
220743
220744
220754
220759
220804
220804
220814
220819
220834
220839
220840
220845
220848
220851
220855
220862
220865
220867
220875
220877
220881
220884
220888
220889
220892
220892
220893
220893
220895
220905
220928
220930
220940
220943
220945
220946
220961
220972
220977
220981
220981
220998
221001
221014
221016
221018
221030
221045
221048
221053
221054
221055
221058
221060
221061
221063
221072
221073
221077
221081
221081
221085
221091
221092
221093
221100
221101
221106
221110
221111
221111
221111
221116
221118
221123
221125
221127
221130
221132
221151
221154
221158
221160
221163
221168
221168
221183
221186
221194
221209
221215
221224
221224
221225
221231
221240
221243
221248
221250
221252
221252
221256
221261
221262
221263
221270
221272
221274
221280
221282
221298
221299
221309
221309
221310
221336
221340
221342
221349
221352
221356
221370
221377
221378
221399
221409
221411
221419
221426
221437
221440
221440
221442
221442
221445
221455
221456
221458
221463
221463
221465
221467
221471
221471
221472
221474
221475
221477
221478
221481
221483
221504
221511
221512
221513
221520
221525
221529
221532
221537
221539
221540
221541
221542
221544
221545
221550
221553
221561
221563
221582
221599
221603
221604
221612
221615
221622
221633
221633
221648
221648
221649
221654
221658
221664
221666
221671
221712
221723
221727
221732
221732
221733
221736
221738
221746
221746
221746
221749
221750
221752
221755
221761
221768
221778
221780
221782
221792
221800
221805
221812
221815
221823
221823
221828
221838
221841
221842
221847
221856
221861
221877
221879
221884
221885
221887
221895
221924
221936
221950
221955
221956
221958
221960
221978
221982
221985
221997
222009
222011
222028
222039
222040
222044
222047
222047
222064
222064
222065
222065
222066
222066
222068
222069
222072
222077
222089
222093
222110
222113
222114
222115
222124
222128
222135
222138
222140
222147
222172
222188
222189
222194
222197
222197
222208
222210
222229
222229
222235
222235
222240
222243
222255
222255
222268
222276
222282
222287
222289
222291
222303
222309
222337
222346
222346
222346
222347
222351
222352
222362
222366
222370
222375
222384
222385
222399
222408
222409
222413
222414
222425
222429
222431
222435
222435
222437
222438
222439
222440
222446
222451
222453
222468
222469
222470
222471
222474
222480
222481
222492
222495
222503
222506
222515
222516
222516
222519
222520
222524
222524
222528
222529
222532
222545
222547
222549
222570
222575
222587
222589
222591
222597
222611
222616
222620
222625
222629
222633
222640
222643
222657
222659
222661
222664
222665
222668
222668
222671
222675
222684
222688
222695
222697
222699
222702
222704
222705
222707
222711
222716
222718
222722
222732
222736
222739
222740
222742
222747
222756
222757
222758
222763
222770
222777
222782
222784
222792
222796
222805
222816
222822
222835
222844
222850
222864
222866
222866
222881
222886
222899
222901
222901
222902
222917
222922
222933
222942
222950
222951
222952
222954
222957
222958
222962
222975
222976
222980
222980
222981
222988
222996
223000
223001
223001
223006
223008
223011
223011
223013
223014
223025
223039
223040
223046
223067
223079
223082
223098
223109
223111
223112
223130
223152
223152
223153
223154
223158
223165
223169
223171
223175
223180
223182
223185
223187
223195
223197
223210
223219
223227
223227
223228
223231
223239
223242
223252
223253
223255
223270
223270
223274
223278
223289
223291
223294
223297
223299
223305
223310
223313
223318
223323
223326
223329
223346
223350
223353
223356
223361
223362
223364
223367
223369
223375
223376
223377
223379
223390
223395
223396
223400
223407
223422
223431
223444
223446
223446
223456
223463
223463
223468
223469
223474
223482
223483
223493
223505
223513
223513
223521
223531
223531
223534
223544
223544
223556
223557
223560
223569
223575
223578
223594
223597
223599
223617
223622
223622
223632
223639
223639
223643
223643
223646
223650
223652
223657
223668
223670
223673
223674
223675
223683
223684
223685
223688
223698
223706
223709
223720
223724
223730
223734
223746
223748
223756
223772
223773
223775
223776
223780
223783
223796
223818
223820
223823
223832
223837
223851
223857
223857
223866
223880
223885
223889
223891
223899
223900
223902
223908
223911
223915
223923
223931
223937
223944
223945
223946
223949
223974
223975
223978
223978
223985
223986
223994
223997
224000
224010
224017
224030
224034
224035
224037
224040
224041
224042
224043
224043
224056
224065
224069
224091
224095
224095
224114
224121
224133
224148
224160
224161
224163
224165
224169
224171
224178
224178
224184
224184
224187
224189
224191
224194
224195
224196
224199
224200
224204
224207
224215
224220
224221
224227
224227
224228
224228
224234
224243
224246
224246
224247
224263
224277
224280
224280
224281
224283
224287
224288
224290
224291
224291
224294
224310
224313
224322
224324
224325
224336
224337
224341
224356
224364
224377
224380
224392
224394
224398
224406
224411
224414
224429
224433
224445
224454
224454
224456
224458
224467
224468
224479
224479
224481
224482
224488
224489
224502
224507
224517
224518
224521
224521
224521
224525
224528
224538
224547
224550
224556
224558
224561
224565
224587
224592
224601
224601
224604
224609
224614
224615
224617
224618
224635
224640
224646
224648
224658
224664
224667
224667
224670
224673
224681
224682
224682
224685
224686
224691
224692
224699
224715
224727
224739
224747
224750
224758
224762
224768
224775
224780
224797
224801
224802
224802
224809
224811
224811
224815
224821
224824
224827
224831
224836
224838
224844
224844
224845
224849
224862
224870
224871
224878
224881
224887
224888
224892
224901
224903
224904
224905
224938
224945
224953
224953
224963
224967
224979
224990
224999
225000
225001
225018
225033
225038
225043
225044
225044
225045
225049
225073
225080
225085
225085
225086
225094
225098
225113
225113
225118
225125
225128
225128
225131
225134
225140
225143
225162
225162
225167
225185
225186
225190
225191
225199
225200
225200
225204
225205
225206
225215
225216
225219
225230
225242
225251
225256
225257
225268
225268
225288
225297
225301
225303
225304
225304
225310
225316
225318
225320
225321
225321
225324
225330
225330
225330
225343
225345
225350
225353
225353
225358
225361
225363
225367
225376
225385
225385
225390
225402
225402
225426
225427
225431
225438
225439
225441
225441
225448
225457
225463
225463
225465
225467
225471
225473
225483
225487
225495
225497
225513
225515
225541
225545
225557
225560
225562
225569
225570
225575
225578
225581
225585
225588
225588
225593
225596
225596
225598
225611
225612
225613
225615
225617
225619
225624
225624
225629
225638
225643
225653
225662
225662
225678
225680
225682
225705
225709
225710
225712
225712
225722
225724
225743
225751
225753
225759
225769
225774
225776
225778
225784
225788
225811
225812
225813
225815
225819
225824
225829
225834
225835
225835
225851
225855
225861
225870
225885
225887
225898
225899
225906
225908
225915
225916
225919
225924
225933
225945
225948
225948
225954
225956
225971
225971
225972
225985
225986
225989
226003
226007
226022
226033
226033
226039
226050
226068
226074
226075
226077
226079
226090
226100
226103
226115
226115
226124
226138
226139
226148
226151
226152
226154
226160
226163
226167
226167
226169
226172
226172
226179
226179
226181
226187
226187
226188
226189
226196
226199
226207
226212
226213
226220
226231
226233
226242
226251
226254
226255
226262
226263
226264
226268
226272
226274
226291
226292
226300
226304
226314
226322
226322
226329
226337
226355
226357
226357
226370
226377
226378
226384
226390
226391
226393
226424
226425
226431
226431
226436
226440
226457
226459
226465
226466
226468
226471
226481
226482
226488
226494
226499
226499
226502
226512
226516
226538
226538
226540
226547
226554
226557
226572
226573
226573
226573
226576
226578
226581
226594
226594
226603
226608
226614
226624
226624
226627
226631
226632
226637
226654
226658
226660
226660
226673
226678
226678
226680
226682
226685
226686
226686
226689
226713
226718
226722
226723
226724
226729
226743
226751
226754
226755
226764
226777
226780
226787
226794
226795
226799
226800
226812
226813
226817
226819
226822
226830
226831
226841
226842
226855
226855
226859
226868
226868
226873
226876
226885
226886
226894
226912
226922
226935
226935
226936
226937
226939
226940
226956
226956
226966
226967
226973
226973
226974
226985
226987
226989
226993
227000
227004
227005
227009
227014
227016
227018
227023
227039
227051
227055
227064
227066
227068
227073
227076
227083
227092
227102
227103
227103
227104
227107
227123
227133
227148
227149
227149
227153
227154
227159
227174
227183
227192
227203
227208
227209
227211
227220
227220
227220
227221
227228
227230
227231
227247
227247
227254
227255
227259
227263
227273
227289
227289
227292
227299
227299
227307
227314
227318
227334
227334
227336
227340
227341
227350
227351
227354
227359
227361
227375
227377
227378
227392
227397
227401
227402
227403
227407
227415
227426
227433
227439
227440
227441
227448
227449
227451
227487
227498
227498
227502
227506
227510
227512
227512
227512
227513
227515
227519
227519
227520
227525
227527
227529
227531
227533
227541
227547
227548
227553
227556
227556
227561
227570
227575
227576
227576
227586
227596
227598
227605
227613
227618
227624
227637
227637
227641
227644
227646
227647
227653
227653
227662
227663
227675
227677
227679
227683
227684
227686
227689
227690
227693
227695
227705
227705
227712
227713
227715
227719
227737
227741
227745
227746
227750
227751
227752
227769
227776
227779
227780
227782
227783
227788
227789
227790
227799
227814
227824
227825
227841
227843
227845
227849
227860
227867
227871
227872
227875
227878
227881
227882
227885
227887
227888
227896
227899
227921
227925
227928
227930
227931
227936
227939
227948
227955
227965
227970
227976
227976
227983
227990
227993
227994
227995
228000
228008
228011
228015
228025
228033
228033
228038
228039
228043
228045
228061
228064
228069
228069
228073
228073
228085
228097
228107
228108
228109
228110
228111
228112
228116
228116
228125
228131
228138
228144
228147
228154
228155
228156
228157
228157
228159
228164
228167
228169
228173
228190
228198
228213
228215
228216
228216
228216
228218
228221
228227
228253
228257
228264
228265
228268
228272
228276
228295
228297
228308
228311
228313
228313
228320
228338
228339
228343
228348
228358
228368
228368
228378
228379
228384
228400
228406
228406
228407
228408
228415
228417
228418
228420
228425
228428
228430
228434
228441
228446
228446
228448
228451
228459
228460
228462
228464
228468
228471
228484
228491
228501
228501
228513
228516
228520
228531
228533
228537
228541
228544
228549
228554
228556
228556
228556
228556
228565
228565
228576
228579
228591
228597
228599
228615
228615
228619
228620
228624
228628
228635
228644
228645
228645
228647
228649
228649
228653
228657
228659
228659
228659
228660
228674
228678
228697
228701
228704
228707
228707
228716
228734
228735
228742
228748
228749
228760
228770
228772
228774
228774
228779
228783
228790
228794
228801
228804
228810
228815
228816
228827
228835
228837
228839
228843
228850
228850
228858
228864
228891
228896
228903
228917
228918
228922
228925
228927
228928
228928
228933
228933
228935
228938
228944
228945
228946
228950
228968
228972
228999
229000
229002
229014
229026
229027
229029
229030
229031
229037
229042
229043
229051
229052
229057
229059
229062
229064
229073
229095
229096
229101
229103
229110
229112
229113
229114
229132
229148
229150
229153
229153
229161
229165
229166
229172
229175
229187
229190
229205
229208
229217
229218
229220
229233
229234
229243
229263
229264
229275
229277
229284
229285
229293
229305
229306
229322
229333
229341
229349
229362
229364
229377
229404
229405
229408
229410
229413
229417
229432
229435
229445
229446
229451
229452
229453
229459
229463
229464
229464
229465
229468
229474
229491
229499
229501
229522
229529
229533
229534
229542
229542
229545
229549
229570
229578
229585
229585
229591
229591
229596
229598
229606
229610
229612
229614
229621
229630
229631
229636
229645
229645
229660
229662
229663
229667
229678
229682
229686
229691
229694
229703
229705
229717
229717
229717
229729
229737
229760
229763
229768
229772
229772
229775
229785
229796
229810
229817
229821
229822
229831
229833
229837
229850
229851
229854
229856
229859
229861
229861
229864
229871
229879
229908
229912
229916
229922
229932
229932
229934
229935
229942
229943
229944
229948
229949
229950
229960
229965
229967
229967
229983
229987
229995
229996
230013
230018
230018
230027
230039
230046
230046
230050
230056
230058
230062
230065
230078
230088
230106
230125
230125
230128
230130
230134
230137
230156
230160
230168
230172
230179
230186
230196
230198
230207
230212
230215
230219
230222
230230
230232
230241
230248
230251
230253
230255
230256
230278
230280
230283
230286
230293
230295
230295
230296
230297
230317
230320
230326
230350
230356
230356
230358
230360
230362
230366
230369
230370
230371
230376
230385
230385
230388
230397
230400
230401
230407
230408
230416
230416
230421
230426
230435
230446
230454
230455
230458
230463
230466
230468
230469
230474
230479
230487
230492
230492
230492
230493
230494
230497
230499
230500
230501
230507
230508
230509
230511
230513
230521
230522
230527
230534
230542
230543
230547
230555
230557
230562
230573
230576
230588
230601
230604
230607
230608
230618
230624
230624
230637
230643
230646
230650
230655
230658
230659
230663
230674
230676
230682
230685
230686
230689
230693
230695
230697
230697
230706
230707
230709
230710
230711
230711
230721
230722
230722
230724
230748
230751
230757
230775
230788
230794
230794
230800
230802
230803
230817
230817
230823
230824
230826
230827
230827
230828
230836
230837
230845
230847
230855
230855
230863
230864
230867
230869
230870
230875
230879
230883
230886
230900
230904
230907
230909
230912
230920
230922
230948
230952
230966
230975
230979
230982
230991
230994
230995
230996
230997
230997
231003
231014
231034
231039
231039
231041
231049
231050
231051
231058
231065
231066
231067
231069
231077
231087
231088
231102
231110
231110
231111
231124
231138
231149
231152
231157
231159
231161
231164
231168
231176
231179
231184
231189
231192
231198
231199
231210
231216
231222
231227
231230
231234
231243
231245
231248
231249
231249
231251
231255
231261
231261
231262
231273
231282
231289
231292
231302
231314
231316
231319
231335
231336
231338
231340
231341
231351
231354
231357
231364
231375
231375
231378
231382
231382
231384
231385
231403
231410
231413
231418
231422
231426
231436
231440
231441
231449
231459
231459
231463
231468
231470
231470
231473
231478
231485
231494
231495
231497
231507
231510
231513
231520
231531
231534
231540
231543
231545
231557
231559
231560
231570
231572
231580
231581
231586
231589
231591
231592
231596
231609
231612
231623
231624
231625
231628
231632
231633
231633
231637
231648
231649
231663
231665
231666
231678
231679
231683
231688
231691
231691
231715
231717
231717
231717
231720
231727
231730
231732
231750
231757
231760
231761
231764
231764
231768
231769
231778
231785
231795
231806
231809
231813
231823
231824
231830
231838
231841
231845
231845
231846
231846
231849
231853
231853
231854
231861
231867
231869
231874
231890
231891
231891
231900
231900
231905
231907
231907
231913
231914
231924
231926
231939
231940
231945
231946
231952
231966
231968
231969
231971
231971
231978
231983
231991
232002
232005
232008
232012
232017
232021
232021
232026
232030
232036
232041
232042
232042
232043
232044
232045
232052
232061
232062
232064
232068
232069
232079
232093
232094
232095
232105
232106
232114
232122
232122
232125
232132
232135
232142
232151
232151
232154
232156
232158
232167
232168
232169
232171
232177
232181
232184
232194
232202
232203
232205
232205
232205
232207
232214
232226
232226
232227
232233
232236
232241
232253
232258
232264
232270
232271
232274
232284
232295
232303
232304
232306
232310
232313
232323
232329
232330
232330
232336
232342
232342
232345
232348
232356
232362
232370
232378
232379
232393
232396
232400
232401
232402
232408
232409
232410
232425
232426
232432
232437
232444
232445
232448
232460
232472
232487
232488
232489
232493
232496
232501
232501
232504
232504
232510
232512
232517
232517
232518
232531
232534
232557
232568
232569
232569
232572
232589
232610
232615
232617
232624
232627
232630
232634
232635
232648
232648
232649
232651
232653
232657
232660
232662
232668
232671
232672
232677
232679
232682
232697
232698
232699
232702
232711
232725
232730
232746
232748
232752
232756
232773
232778
232783
232787
232797
232802
232810
232814
232816
232821
232827
232831
232832
232832
232836
232836
232850
232850
232861
232885
232900
232902
232906
232907
232908
232918
232919
232923
232924
232924
232925
232928
232932
232933
232933
232936
232940
232941
232953
232957
232961
232962
232964
232965
232971
232977
232978
232988
232988
232993
233000
233005
233025
233027
233040
233050
233054
233055
233059
233060
233061
233066
233067
233067
233091
233113
233118
233121
233125
233154
233158
233159
233184
233186
233191
233202
233206
233227
233227
233228
233232
233232
233233
233243
233260
233286
233288
233295
233296
233304
233310
233313
233315
233321
233326
233336
233340
233344
233348
233353
233369
233376
233383
233387
233391
233392
233394
233394
233397
233398
233401
233403
233405
233409
233411
233411
233413
233416
233417
233424
233436
233452
233456
233458
233464
233464
233468
233487
233488
233489
233498
233501
233501
233508
233509
233510
233524
233528
233532
233532
233547
233567
233569
233579
233579
233580
233582
233583
233586
233591
233602
233603
233608
233612
233616
233628
233631
233631
233631
233632
233634
233637
233637
233638
233662
233671
233674
233675
233676
233682
233692
233692
233696
233704
233705
233712
233716
233719
233721
233726
233733
233736
233743
233745
233747
233748
233758
233761
233770
233773
233774
233775
233782
233784
233791
233793
233802
233803
233806
233831
233854
233857
233858
233863
233874
233883
233885
233885
233889
233892
233897
233901
233903
233906
233910
233925
233930
233936
233937
233961
233966
233967
233969
233972
233975
233977
233982
233985
233994
233994
233996
234003
234010
234015
234023
234026
234036
234036
234036
234041
234042
234050
234079
234079
234084
234090
234094
234112
234117
234122
234124
234125
234140
234142
234151
234153
234161
234174
234177
234177
234180
234186
234193
234197
234209
234213
234215
234222
234230
234231
234246
234248
234249
234250
234254
234257
234275
234278
234280
234281
234285
234288
234296
234298
234300
234300
234301
234302
234307
234316
234317
234318
234318
234320
234321
234329
234343
234343
234355
234356
234358
234361
234362
234373
234377
234378
234387
234393
234394
234405
234416
234421
234422
234422
234431
234434
234436
234437
234440
234442
234443
234449
234451
234466
234466
234467
234471
234473
234476
234478
234502
234511
234511
234519
234525
234545
234545
234546
234548
234549
234556
234556
234557
234558
234558
234559
234559
234562
234575
234585
234589
234591
234592
234594
234606
234609
234617
234622
234625
234629
234629
234635
234646
234653
234653
234654
234654
234655
234662
234666
234673
234675
234685
234692
234698
234703
234705
234713
234713
234721
234721
234724
234726
234727
234734
234744
234746
234747
234749
234756
234756
234761
234768
234784
234784
234789
234789
234799
234815
234818
234823
234829
234832
234838
234842
234848
234855
234857
234858
234861
234862
234864
234874
234876
234888
234889
234890
234892
234893
234896
234898
234898
234903
234908
234910
234912
234927
234932
234933
234947
234952
234959
234964
234966
234978
234989
234994
234995
235000
235005
235012
235028
235045
235045
235048
235052
235054
235055
235062
235068
235069
235074
235076
235080
235081
235090
235094
235102
235102
235105
235108
235110
235111
235112
235115
235115
235133
235135
235136
235136
235138
235141
235142
235157
235159
235162
235162
235164
235171
235180
235181
235184
235186
235187
235192
235194
235194
235195
235201
235203
235209
235217
235217
235220
235225
235232
235233
235235
235237
235249
235259
235263
235278
235278
235288
235293
235297
235299
235303
235304
235307
235308
235309
235313
235315
235316
235319
235322
235322
235325
235327
235327
235334
235349
235349
235353
235355
235363
235367
235376
235380
235381
235383
235390
235390
235391
235391
235398
235398
235403
235404
235405
235406
235420
235422
235432
235436
235447
235449
235452
235454
235468
235473
235477
235481
235501
235508
235509
235509
235514
235517
235525
235525
235527
235530
235543
235548
235560
235561
235568
235571
235572
235586
235594
235600
235601
235601
235601
235602
235604
235612
235616
235622
235622
235631
235635
235635
235649
235664
235670
235680
235693
235698
235704
235707
235718
235723
235728
235728
235731
235735
235736
235739
235747
235754
235757
235766
235766
235772
235776
235778
235791
235805
235806
235808
235813
235825
235825
235827
235828
235829
235829
235835
235836
235838
235843
235855
235862
235869
235874
235881
235887
235892
235894
235899
235903
235906
235908
235909
235909
235910
235910
235926
235929
235933
235933
235942
235947
235948
235949
235955
235956
235960
235961
235971
235974
235976
235984
235984
235987
235990
235992
235993
235994
236010
236016
236016
236018
236020
236027
236035
236036
236036
236045
236057
236063
236065
236066
236066
236067
236078
236081
236081
236084
236085
236091
236100
236105
236110
236110
236113
236124
236125
236139
236145
236153
236154
236167
236175
236181
236186
236187
236201
236213
236214
236216
236217
236221
236223
236225
236225
236231
236235
236252
236253
236260
236261
236270
236271
236274
236277
236281
236283
236288
236289
236290
236291
236291
236292
236298
236302
236314
236325
236327
236335
236341
236356
236363
236369
236370
236370
236372
236388
236389
236392
236407
236413
236418
236430
236445
236446
236447
236447
236452
236455
236457
236461
236484
236484
236497
236497
236498
236499
236500
236503
236505
236505
236507
236509
236511
236515
236522
236523
236524
236526
236535
236538
236543
236545
236551
236556
236559
236564
236578
236579
236586
236588
236589
236592
236595
236603
236607
236618
236618
236619
236620
236625
236627
236628
236634
236648
236662
236667
236669
236669
236685
236696
236720
236722
236728
236733
236743
236747
236758
236763
236765
236766
236771
236781
236783
236785
236799
236799
236801
236811
236819
236834
236840
236843
236850
236850
236851
236852
236856
236856
236864
236868
236877
236885
236890
236899
236901
236905
236907
236912
236913
236915
236929
236930
236935
236936
236937
236946
236953
236953
236959
236978
236979
236993
236993
236993
236994
236997
236999
237012
237013
237015
237018
237024
237027
237030
237035
237041
237044
237049
237049
237058
237061
237062
237065
237073
237078
237079
237085
237087
237097
237100
237117
237120
237122
237124
237127
237131
237131
237136
237138
237141
237153
237188
237199
237201
237220
237224
237227
237236
237238
237243
237250
237250
237253
237259
237265
237267
237277
237288
237291
237297
237298
237308
237309
237309
237321
237323
237331
237342
237342
237354
237359
237359
237368
237381
237383
237385
237386
237388
237388
237388
237389
237394
237395
237396
237412
237416
237419
237421
237426
237430
237438
237445
237449
237454
237457
237457
237463
237463
237464
237480
237500
237502
237504
237506
237509
237519
237524
237536
237545
237548
237548
237549
237551
237566
237570
237574
237576
237577
237581
237595
237603
237611
237613
237621
237626
237628
237647
237649
237659
237663
237665
237675
237676
237679
237682
237688
237688
237691
237710
237717
237719
237719
237720
237720
237726
237730
237733
237735
237736
237750
237752
237754
237759
237766
237772
237775
237778
237783
237788
237790
237792
237796
237798
237800
237801
237804
237806
237814
237828
237831
237839
237840
237844
237844
237848
237848
237853
237856
237858
237862
237866
237870
237876
237876
237881
237881
237883
237897
237898
237902
237903
237909
237912
237917
237918
237922
237937
237938
237945
237954
237955
237959
237972
237992
237995
237996
237998
237998
238007
238010
238012
238013
238020
238031
238048
238049
238050
238051
238053
238063
238065
238071
238078
238087
238087
238090
238103
238115
238120
238120
238128
238129
238129
238139
238148
238158
238162
238162
238162
238188
238190
238197
238201
238210
238221
238224
238232
238238
238239
238243
238246
238252
238254
238261
238264
238272
238273
238281
238288
238303
238315
238316
238318
238324
238324
238328
238333
238333
238347
238351
238357
238358
238363
238364
238377
238387
238387
238388
238389
238392
238392
238394
238395
238398
238400
238404
238405
238409
238417
238420
238425
238425
238429
238433
238433
238445
238449
238457
238457
238468
238474
238479
238480
238482
238482
238492
238492
238496
238496
238498
238502
238511
238520
238524
238529
238534
238539
238539
238545
238548
238548
238550
238550
238551
238558
238565
238565
238579
238580
238586
238600
238601
238610
238613
238615
238616
238616
238616
238617
238642
238646
238658
238665
238668
238669
238672
238675
238676
238676
238677
238687
238692
238693
238707
238717
238718
238721
238725
238725
238736
238740
238744
238747
238751
238756
238761
238769
238771
238771
238771
238774
238781
238781
238783
238785
238792
238792
238793
238802
238807
238812
238815
238827
238836
238851
238852
238856
238865
238866
238866
238867
238871
238893
238893
238893
238895
238897
238897
238897
238904
238910
238911
238931
238943
238948
238953
238956
238959
238962
238966
238977
238981
238993
239000
239001
239007
239007
239019
239020
239027
239028
239028
239031
239033
239041
239041
239052
239058
239062
239066
239071
239071
239072
239072
239081
239086
239089
239092
239103
239105
239109
239110
239113
239113
239115
239122
239124
239126
239138
239140
239142
239149
239152
239160
239165
239177
239180
239182
239183
239193
239194
239204
239205
239212
239213
239216
239218
239224
239225
239226
239236
239237
239237
239256
239263
239265
239265
239269
239277
239283
239290
239291
239291
239301
239302
239303
239314
239316
239318
239339
239340
239342
239351
239352
239358
239360
239367
239367
239390
239390
239393
239399
239403
239403
239407
239414
239415
239421
239422
239425
239426
239427
239429
239452
239459
239461
239462
239465
239493
239502
239503
239505
239505
239507
239521
239526
239531
239532
239557
239561
239577
239579
239587
239589
239592
239593
239597
239599
239600
239602
239603
239611
239619
239625
239630
239636
239643
239645
239649
239653
239654
239667
239669
239675
239678
239682
239682
239684
239694
239695
239702
239708
239718
239727
239728
239740
239743
239745
239746
239759
239766
239767
239770
239772
239775
239776
239779
239781
239783
239783
239784
239795
239807
239810
239812
239813
239815
239824
239825
239826
239828
239830
239842
239853
239859
239868
239887
239889
239896
239896
239897
239904
239904
239906
239919
239920
239946
239949
239952
239958
239980
239994
240003
240005
240014
240018
240024
240028
240038
240042
240052
240064
240072
240076
240079
240080
240091
240099
240099
240100
240104
240105
240107
240114
240114
240123
240128
240128
240134
240137
240141
240155
240171
240182
240186
240186
240189
240194
240197
240200
240222
240222
240226
240229
240234
240241
240247
240248
240250
240251
240255
240256
240264
240267
240274
240280
240283
240284
240286
240287
240289
240291
240299
240309
240314
240315
240317
240319
240343
240343
240355
240360
240363
240372
240387
240394
240394
240399
240408
240414
240416
240420
240426
240429
240433
240437
240445
240447
240453
240461
240462
240462
240463
240470
240472
240476
240486
240494
240495
240502
240504
240504
240514
240519
240529
240534
240544
240547
240565
240569
240582
240590
240590
240598
240603
240604
240606
240610
240611
240611
240612
240620
240626
240634
240636
240643
240644
240657
240662
240670
240687
240694
240697
240697
240699
240699
240708
240713
240716
240718
240739
240756
240757
240757
240759
240761
240761
240765
240767
240771
240789
240799
240811
240813
240820
240822
240828
240838
240842
240851
240853
240858
240866
240867
240867
240872
240891
240892
240892
240896
240900
240900
240903
240906
240907
240908
240913
240919
240937
240939
240952
240958
240959
240970
240974
240978
240987
240993
240996
241006
241011
241013
241013
241016
241023
241038
241048
241049
241050
241053
241057
241065
241065
241066
241078
241079
241080
241082
241087
241088
241090
241098
241103
241107
241107
241108
241126
241129
241131
241136
241159
241160
241161
241163
241164
241172
241173
241173
241175
241182
241183
241198
241200
241201
241202
241203
241205
241209
241213
241220
241234
241238
241238
241239
241239
241245
241262
241269
241271
241279
241281
241282
241291
241300
241302
241304
241308
241319
241324
241336
241344
241347
241352
241360
241360
241361
241365
241365
241370
241373
241380
241381
241382
241387
241390
241392
241402
241404
241409
241414
241420
241421
241424
241424
241427
241429
241430
241430
241434
241436
241437
241444
241449
241464
241479
241480
241498
241500
241501
241502
241504
241516
241520
241523
241524
241533
241535
241536
241544
241552
241557
241559
241563
241565
241566
241566
241568
241568
241580
241587
241601
241617
241624
241631
241655
241657
241676
241677
241677
241681
241681
241684
241692
241714
241719
241731
241753
241753
241761
241770
241772
241772
241774
241774
241774
241775
241777
241779
241782
241788
241793
241797
241797
241805
241805
241809
241811
241813
241823
241827
241830
241838
241840
241849
241855
241856
241867
241867
241871
241872
241873
241874
241880
241880
241888
241896
241902
241911
241913
241922
241930
241940
241948
241964
241974
241974
241974
241981
241987
241989
241996
241997
242000
242013
242027
242031
242031
242033
242039
242039
242048
242050
242053
242054
242057
242061
242069
242071
242075
242093
242099
242102
242104
242108
242120
242122
242137
242137
242146
242154
242155
242156
242156
242165
242179
242179
242197
242200
242203
242209
242210
242219
242219
242228
242232
242240
242241
242251
242252
242254
242255
242274
242278
242294
242300
242316
242320
242325
242329
242330
242333
242333
242336
242347
242353
242353
242353
242356
242367
242373
242375
242376
242376
242381
242385
242390
242394
242400
242400
242402
242406
242407
242411
242418
242421
242422
242432
242438
242438
242455
242455
242461
242464
242467
242473
242480
242481
242499
242513
242522
242522
242524
242528
242544
242547
242548
242550
242551
242553
242556
242557
242572
242580
242583
242591
242593
242595
242606
242608
242608
242610
242614
242620
242635
242638
242639
242640
242646
242649
242656
242660
242662
242669
242674
242678
242678
242679
242684
242684
242691
242693
242693
242694
242700
242720
242725
242728
242731
242741
242746
242748
242756
242765
242774
242777
242782
242794
242799
242806
242807
242813
242814
242821
242824
242829
242831
242836
242844
242868
242875
242878
242885
242887
242888
242890
242904
242921
242927
242928
242928
242929
242930
242934
242936
242936
242943
242955
242975
242979
242983
242994
243008
243011
243018
243027
243030
243031
243040
243056
243059
243060
243071
243078
243079
243083
243083
243084
243084
243086
243095
243103
243110
243116
243118
243126
243127
243143
243146
243146
243153
243159
243162
243168
243170
243173
243174
243175
243175
243179
243183
243188
243199
243215
243215
243220
243224
243230
243230
243233
243235
243237
243240
243241
243243
243246
243266
243266
243268
243276
243283
243284
243289
243291
243294
243295
243301
243302
243316
243325
243327
243334
243341
243347
243362
243369
243371
243386
243390
243399
243404
243408
243421
243423
243426
243430
243431
243432
243436
243438
243439
243451
243455
243459
243460
243470
243482
243491
243493
243494
243499
243501
243504
243504
243504
243516
243517
243528
243533
243533
243535
243538
243547
243549
243553
243557
243559
243565
243566
243567
243571
243571
243574
243574
243580
243583
243584
243593
243594
243594
243601
243613
243614
243620
243624
243635
243640
243658
243661
243668
243675
243679
243685
243686
243706
243709
243709
243710
243712
243713
243714
243715
243725
243727
243732
243743
243745
243746
243752
243763
243766
243771
243772
243772
243781
243789
243792
243800
243823
243823
243827
243829
243836
243850
243867
243871
243873
243892
243901
243913
243920
243926
243930
243930
243933
243935
243945
243946
243949
243960
243960
243966
243974
243976
243984
243988
243991
244000
244002
244004
244004
244007
244008
244021
244022
244025
244029
244039
244044
244044
244057
244062
244071
244076
244078
244079
244082
244085
244091
244096
244097
244106
244108
244109
244112
244124
244126
244126
244135
244151
244153
244155
244157
244160
244161
244163
244165
244168
244172
244175
244182
244187
244190
244202
244207
244212
244222
244224
244225
244246
244255
244256
244265
244267
244268
244284
244285
244289
244298
244300
244300
244300
244303
244310
244312
244318
244319
244321
244327
244328
244336
244343
244346
244350
244353
244359
244359
244368
244370
244371
244388
244389
244389
244393
244399
244408
244415
244420
244422
244433
244434
244437
244452
244458
244463
244466
244466
244468
244473
244477
244481
244481
244490
244491
244493
244494
244495
244499
244500
244514
244522
244530
244534
244536
244541
244542
244552
244556
244567
244571
244572
244572
244575
244596
244598
244606
244606
244609
244610
244615
244624
244633
244638
244639
244643
244646
244652
244659
244660
244662
244664
244666
244673
244677
244685
244687
244690
244692
244714
244733
244740
244742
244753
244784
244786
244793
244797
244799
244806
244807
244809
244810
244814
244831
244831
244837
244842
244851
244865
244872
244877
244884
244884
244888
244904
244915
244918
244922
244928
244932
244951
244952
244954
244958
244959
244961
244969
244971
244974
244987
244988
244989
244991
244996
244998
245012
245022
245030
245034
245050
245052
245061
245068
245077
245103
245105
245108
245110
245120
245120
245123
245133
245141
245158
245163
245163
245163
245181
245186
245189
245198
245205
245214
245216
245227
245228
245234
245243
245247
245248
245258
245262
245264
245266
245266
245270
245275
245283
245286
245289
245296
245302
245305
245305
245306
245318
245319
245322
245338
245341
245346
245353
245353
245354
245363
245370
245370
245388
245389
245395
245396
245399
245400
245401
245414
245419
245424
245425
245425
245427
245429
245432
245433
245445
245456
245460
245461
245463
245471
245474
245476
245477
245478
245480
245482
245482
245489
245493
245498
245499
245502
245505
245519
245527
245533
245541
245556
245557
245565
245571
245576
245581
245585
245605
245606
245624
245625
245625
245627
245632
245632
245633
245634
245637
245639
245643
245646
245649
245654
245660
245661
245668
245677
245687
245693
245700
245705
245705
245724
245725
245731
245739
245740
245742
245745
245754
245769
245770
245774
245778
245781
245782
245788
245789
245791
245799
245804
245812
245830
245831
245841
245843
245849
245850
245854
245858
245860
245860
245864
245877
245880
245889
245890
245899
245901
245911
245916
245924
245930
245933
245935
245939
245940
245949
245951
245954
245955
245957
245959
245961
245962
245966
245975
245978
245984
245986
246001
246006
246024
246033
246039
246042
246050
246053
246061
246061
246064
246073
246077
246080
246084
246089
246102
246104
246115
246115
246119
246126
246128
246128
246128
246130
246144
246145
246153
246162
246166
246173
246178
246179
246189
246193
246194
246205
246207
246230
246235
246238
246239
246240
246244
246247
246249
246251
246253
246255
246257
246261
246261
246266
246267
246268
246268
246279
246283
246287
246295
246304
246304
246305
246308
246328
246336
246343
246349
246352
246355
246357
246361
246364
246371
246376
246379
246387
246396
246399
246400
246406
246408
246416
246416
246420
246424
246426
246426
246432
246437
246439
246439
246441
246448
246448
246451
246456
246459
246467
246479
246489
246499
246504
246506
246510
246513
246526
246528
246528
246530
246538
246538
246541
246541
246550
246555
246561
246561
246582
246582
246586
246594
246597
246598
246600
246618
246635
246654
246658
246659
246669
246674
246685
246692
246693
246698
246702
246709
246714
246717
246718
246720
246723
246725
246727
246727
246730
246733
246735
246747
246749
246750
246764
246773
246778
246780
246781
246781
246782
246784
246790
246792
246793
246801
246801
246802
246808
246812
246819
246819
246819
246819
246820
246823
246829
246829
246849
246853
246863
246866
246867
246869
246874
246878
246885
246897
246899
246904
246914
246916
246918
246918
246921
246929
246939
246940
246940
246944
246945
246958
246966
246967
246969
246974
246985
246985
246986
246993
246993
246997
246997
246998
247001
247014
247015
247015
247016
247025
247029
247030
247040
247041
247049
247054
247058
247061
247064
247067
247084
247086
247088
247093
247103
247111
247117
247122
247129
247139
247144
247148
247151
247155
247158
247163
247164
247171
247171
247173
247176
247178
247184
247185
247186
247199
247204
247206
247206
247207
247229
247230
247235
247237
247249
247252
247252
247264
247276
247281
247287
247298
247299
247302
247305
247314
247316
247316
247324
247337
247340
247341
247348
247349
247354
247363
247370
247374
247375
247387
247387
247421
247427
247429
247430
247434
247444
247445
247458
247461
247461
247464
247467
247476
247478
247480
247488
247489
247502
247505
247507
247508
247509
247509
247511
247524
247528
247533
247540
247543
247550
247551
247553
247570
247572
247574
247577
247579
247586
247593
247595
247602
247609
247621
247621
247624
247627
247634
247637
247638
247651
247651
247653
247655
247660
247662
247667
247669
247670
247677
247678
247684
247685
247685
247699
247705
247711
247716
247716
247724
247725
247727
247730
247732
247738
247741
247743
247751
247752
247752
247770
247775
247777
247778
247789
247790
247792
247795
247795
247800
247801
247821
247821
247823
247831
247832
247835
247856
247862
247862
247863
247864
247865
247867
247871
247874
247881
247882
247884
247891
247905
247907
247918
247921
247922
247928
247933
247933
247935
247937
247937
247939
247942
247949
247953
247953
247958
247963
247965
247974
247976
247980
247982
247983
247983
247987
247989
247992
248003
248009
248009
248011
248026
248027
248041
248042
248043
248046
248054
248059
248066
248067
248086
248088
248090
248094
248100
248101
248102
248106
248106
248109
248129
248133
248153
248156
248157
248163
248167
248177
248181
248181
248190
248193
248194
248201
248202
248217
248217
248219
248220
248222
248227
248229
248233
248238
248245
248247
248250
248260
248264
248271
248273
248273
248283
248290
248292
248292
248297
248300
248301
248314
248318
248320
248325
248335
248337
248337
248351
248355
248356
248360
248364
248368
248375
248376
248377
248379
248389
248399
248407
248408
248410
248414
248416
248423
248433
248433
248438
248445
248453
248454
248462
248466
248467
248475
248481
248482
248482
248483
248484
248485
248485
248487
248488
248490
248492
248495
248496
248502
248508
248514
248517
248523
248527
248535
248545
248549
248550
248552
248552
248553
248553
248564
248575
248577
248582
248585
248587
248588
248590
248606
248607
248613
248620
248624
248627
248636
248648
248651
248658
248665
248667
248668
248669
248674
248684
248686
248690
248691
248691
248695
248701
248705
248707
248707
248720
248723
248725
248729
248729
248735
248736
248737
248741
248750
248759
248765
248768
248776
248791
248804
248805
248811
248814
248815
248815
248817
248824
248825
248829
248845
248846
248848
248856
248865
248889
248890
248894
248895
248904
248910
248911
248915
248926
248927
248935
248935
248941
248954
248961
248964
248965
248974
248977
248978
248981
248986
248990
248991
249000
249009
249027
249027
249028
249031
249032
249033
249037
249038
249040
249042
249046
249048
249066
249069
249072
249095
249100
249104
249108
249108
249121
249135
249135
249135
249138
249140
249140
249141
249144
249147
249164
249165
249169
249175
249181
249182
249185
249185
249191
249192
249198
249208
249209
249230
249234
249234
249240
249242
249243
249245
249247
249251
249254
249260
249263
249271
249278
249279
249280
249287
249288
249296
249301
249314
249319
249322
249324
249324
249325
249327
249328
249340
249343
249345
249351
249360
249363
249368
249373
249374
249378
249379
249383
249385
249390
249398
249398
249402
249403
249407
249408
249420
249421
249423
249425
249437
249449
249452
249453
249462
249465
249471
249481
249490
249507
249524
249533
249534
249539
249547
249548
249563
249568
249575
249579
249593
249594
249596
249597
249599
249602
249618
249622
249636
249657
249662
249664
249669
249673
249678
249678
249708
249717
249724
249725
249727
249733
249737
249740
249765
249768
249780
249780
249782
249788
249789
249790
249795
249796
249806
249814
249815
249819
249824
249824
249826
249829
249830
249834
249839
249840
249846
249856
249876
249877
249886
249887
249888
249888
249894
249903
249916
249931
249938
249940
249941
249942
249942
249945
249946
249951
249953
249955
249960
249963
249966
249973
249979
249991
249992
249993
249995
250018
250028
250032
250033
250038
250038
250044
250054
250067
250069
250074
250080
250085
250090
250092
250095
250099
250102
250103
250105
250116
250116
250119
250125
250126
250126
250133
250142
250161
250164
250166
250174
250176
250184
250192
250198
250199
250201
250202
250211
250222
250224
250224
250228
250244
250255
250264
250272
250272
250272
250274
250282
250285
250295
250304
250310
250315
250319
250320
250322
250327
250327
250328
250343
250359
250360
250361
250376
250380
250384
250385
250385
250386
250394
250397
250408
250409
250413
250414
250417
250421
250450
250456
250461
250461
250467
250467
250473
250474
250476
250483
250485
250489
250490
250498
250517
250520
250524
250538
250543
250554
250556
250557
250559
250560
250563
250571
250571
250572
250586
250586
250589
250597
250602
250602
250603
250605
250614
250619
250629
250635
250636
250637
250638
250640
250643
250649
250654
250657
250658
250662
250662
250666
250672
250677
250689
250692
250693
250694
250695
250701
250724
250729
250736
250737
250741
250743
250746
250751
250755
250763
250768
250780
250785
250793
250797
250809
250816
250817
250818
250818
250825
250837
250847
250856
250859
250862
250871
250883
250883
250900
250904
250906
250906
250915
250918
250921
250923
250923
250925
250934
250952
250959
250968
250976
250979
250988
250996
251006
251009
251015
251020
251022
251023
251035
251043
251048
251052
251054
251057
251058
251060
251074
251079
251081
251090
251101
251109
251111
251123
251126
251127
251128
251130
251131
251133
251140
251147
251156
251158
251158
251160
251161
251167
251167
251168
251180
251181
251187
251199
251204
251208
251211
251228
251232
251238
251239
251256
251257
251270
251272
251273
251273
251275
251278
251280
251293
251297
251298
251304
251309
251313
251315
251315
251318
251340
251346
251348
251348
251349
251355
251357
251359
251371
251374
251379
251380
251389
251406
251423
251424
251429
251430
251446
251455
251464
251468
251488
251493
251494
251500
251503
251505
251535
251541
251541
251554
251555
251557
251567
251568
251570
251575
251577
251583
251593
251598
251599
251605
251614
251621
251622
251630
251638
251639
251644
251644
251654
251668
251669
251681
251684
251685
251689
251695
251700
251707
251712
251713
251716
251725
251729
251730
251731
251755
251757
251761
251761
251763
251776
251782
251783
251791
251792
251799
251804
251807
251809
251809
251811
251823
251824
251831
251833
251834
251857
251860
251869
251880
251882
251882
251887
251902
251908
251920
251925
251932
251935
251937
251939
251944
251945
251953
251977
251992
251993
251994
251996
251997
252000
252001
252003
252009
252010
252013
252014
252018
252019
252024
252027
252041
252048
252051
252053
252060
252064
252064
252065
252069
252079
252079
252098
252098
252103
252104
252113
252114
252116
252117
252117
252120
252125
252128
252130
252133
252150
252151
252162
252164
252166
252167
252168
252170
252170
252175
252178
252181
252181
252185
252194
252195
252213
252216
252218
252220
252222
252224
252229
252240
252241
252245
252245
252265
252271
252274
252286
252301
252302
252311
252314
252321
252324
252361
252362
252363
252364
252365
252366
252366
252371
252374
252375
252386
252403
252405
252409
252417
252420
252446
252446
252450
252451
252451
252453
252454
252455
252458
252468
252471
252475
252479
252479
252488
252489
252494
252494
252495
252507
252509
252509
252515
252516
252522
252525
252529
252540
252541
252544
252548
252557
252561
252565
252566
252569
252574
252599
252611
252613
252632
252634
252638
252642
252642
252643
252651
252663
252664
252668
252672
252675
252679
252682
252684
252685
252693
252697
252701
252705
252707
252718
252721
252729
252730
252748
252755
252763
252768
252770
252771
252772
252795
252801
252802
252804
252805
252808
252808
252811
252812
252812
252816
252823
252831
252834
252839
252842
252846
252846
252849
252855
252857
252859
252860
252873
252883
252883
252884
252892
252895
252898
252901
252905
252906
252909
252909
252913
252913
252919
252921
252938
252943
252947
252948
252950
252952
252962
252965
252967
252980
252983
252984
252989
252995
253009
253011
253013
253015
253020
253021
253024
253031
253033
253034
253038
253045
253047
253047
253047
253048
253051
253060
253066
253075
253079
253092
253093
253098
253101
253116
253118
253122
253122
253130
253134
253141
253141
253146
253147
253148
253148
253151
253155
253158
253161
253162
253163
253167
253170
253176
253184
253197
253202
253203
253208
253208
253212
253218
253224
253226
253243
253253
253257
253271
253271
253274
253274
253278
253280
253282
253282
253284
253286
253288
253290
253293
253295
253296
253307
253308
253310
253313
253319
253322
253324
253327
253336
253340
253340
253347
253347
253353
253361
253363
253365
253367
253368
253371
253402
253407
253420
253429
253437
253438
253439
253442
253444
253450
253451
253452
253453
253463
253463
253480
253482
253482
253488
253502
253524
253524
253529
253531
253532
253537
253539
253545
253549
253559
253565
253566
253574
253578
253581
253594
253595
253609
253609
253622
253623
253623
253626
253627
253632
253635
253642
253643
253667
253707
253712
253717
253722
253728
253730
253735
253739
253739
253743
253745
253747
253747
253758
253760
253769
253772
253782
253784
253794
253802
253807
253824
253829
253830
253832
253841
253842
253848
253852
253854
253857
253865
253868
253869
253880
253882
253889
253899
253904
253906
253913
253914
253914
253919
253921
253925
253925
253936
253947
253948
253952
253955
253969
253971
253976
253986
253988
253994
253996
253999
254007
254007
254007
254012
254014
254024
254027
254048
254050
254052
254058
254061
254069
254080
254085
254092
254094
254096
254096
254101
254108
254109
254120
254125
254126
254132
254133
254134
254139
254140
254141
254142
254143
254148
254149
254149
254150
254152
254158
254159
254163
254165
254167
254168
254168
254182
254186
254192
254194
254196
254202
254202
254203
254211
254212
254249
254249
254251
254252
254253
254254
254258
254269
254270
254275
254277
254285
254285
254288
254292
254297
254304
254327
254332
254349
254355
254362
254365
254366
254374
254374
254376
254394
254406
254406
254410
254414
254417
254418
254418
254418
254421
254440
254441
254451
254456
254461
254465
254466
254473
254476
254478
254483
254486
254493
254496
254498
254498
254512
254521
254528
254535
254543
254550
254554
254556
254556
254562
254562
254563
254563
254578
254586
254588
254589
254590
254591
254594
254602
254610
254620
254621
254626
254628
254636
254641
254646
254678
254680
254689
254695
254696
254701
254710
254718
254719
254721
254725
254737
254739
254741
254743
254743
254748
254754
254766
254774
254776
254777
254779
254781
254781
254787
254787
254791
254797
254798
254799
254799
254824
254834
254840
254849
254854
254865
254869
254871
254872
254877
254888
254894
254897
254898
254907
254909
254911
254915
254924
254927
254935
254936
254946
254958
254961
254963
254971
254978
254979
254983
254995
254999
255007
255010
255023
255027
255028
255031
255035
255036
255038
255040
255050
255052
255056
255062
255068
255069
255077
255099
255104
255105
255106
255119
255122
255126
255128
255128
255132
255135
255138
255146
255150
255154
255158
255160
255166
255176
255184
255220
255221
255230
255235
255238
255240
255244
255258
255292
255294
255302
255308
255313
255315
255315
255333
255347
255348
255348
255358
255363
255365
255366
255366
255370
255372
255379
255387
255410
255412
255415
255422
255424
255445
255446
255448
255449
255453
255460
255467
255470
255476
255484
255484
255487
255496
255496
255501
255502
255505
255514
255517
255523
255526
255527
255534
255542
255545
255547
255549
255557
255559
255569
255573
255586
255586
255593
255602
255606
255609
255609
255620
255621
255624
255635
255643
255645
255646
255651
255673
255678
255679
255682
255685
255693
255698
255705
255705
255720
255731
255734
255746
255753
255761
255764
255765
255766
255767
255769
255770
255773
255788
255796
255796
255797
255803
255803
255805
255806
255810
255811
255817
255819
255827
255830
255832
255839
255839
255842
255848
255857
255861
255866
255867
255867
255872
255884
255885
255890
255891
255893
255895
255897
255898
255901
255908
255914
255914
255915
255918
255919
255927
255928
255932
255934
255941
255947
255958
255961
255969
255974
255985
255985
255994
255996
255998
255998
256002
256003
256004
256016
256019
256025
256032
256035
256036
256040
256044
256046
256053
256056
256057
256058
256060
256062
256069
256081
256085
256088
256091
256091
256092
256094
256095
256098
256100
256103
256107
256108
256138
256138
256142
256147
256162
256165
256165
256179
256185
256187
256190
256191
256195
256196
256204
256223
256227
256228
256234
256236
256238
256239
256242
256242
256250
256259
256275
256285
256297
256298
256301
256303
256305
256307
256307
256309
256324
256330
256344
256345
256351
256379
256404
256412
256418
256429
256430
256434
256436
256438
256445
256447
256455
256461
256466
256479
256487
256490
256493
256496
256511
256511
256512
256518
256519
256523
256526
256537
256543
256544
256553
256554
256557
256557
256561
256567
256578
256578
256580
256586
256587
256594
256594
256597
256598
256599
256600
256601
256601
256605
256607
256607
256608
256615
256621
256629
256640
256644
256657
256657
256657
256659
256663
256666
256667
256669
256671
256674
256689
256690
256691
256696
256701
256707
256708
256708
256709
256713
256716
256719
256732
256742
256747
256756
256770
256772
256776
256789
256793
256795
256797
256802
256803
256808
256813
256815
256816
256816
256821
256823
256826
256826
256831
256835
256837
256838
256840
256851
256884
256885
256889
256892
256895
256908
256908
256913
256916
256917
256927
256928
256932
256935
256937
256942
256943
256952
256958
256973
256973
256975
256975
256976
256979
256982
256987
256992
257005
257008
257019
257025
257036
257042
257045
257062
257063
257065
257071
257071
257073
257076
257083
257099
257113
257116
257117
257117
257131
257133
257143
257145
257147
257151
257152
257158
257159
257163
257169
257171
257174
257176
257178
257179
257183
257189
257193
257194
257197
257202
257216
257217
257217
257217
257222
257230
257231
257243
257243
257247
257251
257257
257265
257268
257268
257269
257270
257272
257280
257280
257289
257292
257304
257311
257314
257314
257323
257349
257355
257359
257361
257362
257369
257372
257380
257400
257404
257408
257409
257412
257434
257436
257438
257438
257441
257446
257452
257456
257462
257466
257471
257490
257490
257494
257498
257499
257506
257508
257508
257510
257512
257512
257548
257554
257576
257580
257588
257590
257591
257591
257610
257616
257623
257634
257638
257648
257659
257666
257666
257672
257679
257684
257688
257699
257702
257707
257711
257713
257714
257720
257736
257737
257737
257741
257746
257760
257763
257766
257769
257770
257775
257779
257783
257787
257789
257789
257795
257809
257813
257815
257821
257824
257826
257833
257840
257849
257853
257857
257858
257859
257867
257873
257877
257888
257896
257898
257899
257911
257919
257921
257924
257926
257929
257936
257938
257943
257945
257952
257955
257956
257973
257977
257977
257982
257985
257986
257997
257997
258004
258005
258009
258026
258032
258036
258046
258048
258051
258053
258065
258065
258069
258074
258081
258094
258108
258112
258121
258123
258140
258142
258150
258151
258163
258163
258164
258167
258167
258169
258189
258189
258200
258201
258207
258208
258215
258220
258232
258236
258237
258253
258255
258255
258269
258269
258272
258275
258279
258285
258300
258315
258324
258329
258356
258363
258369
258376
258406
258408
258409
258414
258419
258420
258425
258426
258436
258446
258450
258455
258458
258458
258463
258465
258469
258469
258472
258474
258475
258476
258500
258508
258509
258509
258510
258519
258522
258530
258530
258535
258540
258561
258569
258570
258572
258574
258583
258588
258589
258594
258603
258604
258615
258625
258625
258627
258633
258651
258653
258658
258675
258677
258682
258683
258697
258702
258716
258717
258736
258741
258746
258747
258749
258750
258752
258753
258753
258757
258761
258773
258780
258783
258785
258789
258794
258803
258805
258806
258816
258818
258822
258830
258832
258832
258832
258839
258845
258849
258851
258857
258863
258872
258881
258894
258894
258898
258899
258900
258902
258910
258910
258911
258915
258917
258920
258920
258921
258923
258923
258925
258930
258931
258937
258938
258940
258943
258946
258955
258956
258965
258974
258974
258982
258984
258986
258989
258989
259001
259006
259011
259013
259014
259025
259037
259037
259039
259040
259040
259043
259044
259050
259052
259054
259061
259061
259067
259073
259083
259084
259085
259085
259106
259109
259116
259117
259118
259127
259136
259141
259142
259146
259155
259163
259166
259169
259178
259178
259180
259182
259192
259196
259196
259198
259202
259206
259215
259215
259219
259223
259229
259230
259236
259240
259243
259249
259260
259266
259272
259274
259277
259282
259291
259292
259292
259293
259297
259302
259304
259304
259305
259306
259306
259306
259311
259315
259328
259330
259337
259346
259348
259350
259351
259352
259367
259368
259376
259381
259384
259399
259403
259424
259429
259429
259437
259444
259445
259448
259452
259454
259455
259463
259467
259483
259490
259491
259492
259498
259501
259509
259519
259522
259525
259528
259541
259544
259546
259547
259561
259563
259567
259575
259578
259578
259592
259594
259597
259601
259604
259607
259608
259614
259616
259620
259623
259632
259651
259653
259654
259665
259666
259668
259669
259669
259671
259682
259690
259696
259700
259700
259701
259711
259717
259722
259726
259729
259730
259730
259737
259739
259742
259745
259748
259751
259755
259763
259763
259770
259771
259771
259775
259782
259783
259789
259791
259797
259797
259800
259803
259807
259810
259811
259816
259817
259820
259823
259825
259829
259831
259837
259842
259856
259860
259871
259874
259877
259878
259878
259886
259887
259889
259889
259889
259894
259897
259900
259902
259907
259908
259915
259920
259934
259937
259947
259953
259957
259958
259958
259960
259960
259962
259963
259978
259982
259985
259993
259996
260004
260008
260010
260011
260011
260022
260024
260029
260040
260040
260043
260047
260050
260055
260057
260059
260060
260070
260075
260082
260082
260087
260093
260095
260101
260103
260104
260109
260115
260119
260123
260134
260138
260144
260149
260158
260169
260172
260172
260172
260173
260185
260188
260194
260199
260205
260211
260216
260219
260223
260223
260231
260233
260237
260238
260239
260247
260249
260250
260251
260252
260255
260259
260259
260262
260274
260279
260296
260298
260299
260307
260307
260325
260330
260332
260337
260341
260356
260359
260364
260365
260367
260370
260370
260378
260380
260395
260406
260417
260417
260420
260421
260422
260422
260426
260428
260433
260442
260450
260455
260455
260458
260466
260477
260482
260488
260489
260496
260499
260501
260511
260514
260516
260519
260523
260530
260552
260552
260559
260566
260569
260577
260578
260594
260595
260605
260624
260633
260638
260643
260643
260648
260661
260666
260679
260693
260695
260699
260702
260707
260718
260721
260726
260731
260739
260747
260748
260749
260750
260753
260756
260758
260760
260762
260766
260768
260783
260784
260785
260786
260787
260795
260796
260798
260798
260798
260813
260818
260826
260829
260831
260845
260848
260851
260854
260865
260865
260869
260875
260878
260879
260885
260889
260890
260926
260937
260940
260944
260955
260960
260970
260981
260988
260992
260993
260993
260995
260998
261002
261009
261012
261014
261016
261027
261032
261042
261050
261050
261053
261053
261056
261057
261074
261079
261083
261089
261093
261094
261101
261105
261114
261127
261129
261131
261132
261135
261137
261144
261151
261152
261153
261153
261155
261162
261164
261168
261200
261206
261213
261222
261228
261234
261241
261242
261253
261257
261263
261268
261277
261283
261284
261285
261287
261288
261294
261295
261306
261307
261311
261320
261323
261327
261329
261334
261344
261345
261355
261362
261371
261372
261384
261385
261386
261398
261400
261408
261411
261416
261424
261426
261434
261435
261436
261441
261442
261446
261453
261467
261472
261475
261476
261482
261483
261490
261496
261501
261501
261504
261507
261513
261516
261522
261523
261525
261527
261540
261542
261551
261552
261554
261554
261563
261574
261576
261582
261585
261597
261598
261603
261605
261609
261623
261629
261631
261639
261641
261644
261645
261648
261658
261668
261668
261682
261691
261692
261697
261702
261703
261715
261720
261725
261730
261741
261743
261749
261754
261757
261758
261772
261775
261776
261779
261779
261784
261785
261790
261798
261809
261810
261814
261815
261818
261823
261824
261826
261829
261833
261837
261843
261843
261846
261853
261864
261878
261881
261914
261919
261923
261935
261936
261953
261969
261970
261974
261975
261987
261998
262003
262013
262020
262023
262024
262025
262026
262030
262031
262033
262045
262057
262058
262065
262067
262090
262094
262096
262102
262109
262120
262130
262132
262137
262138
262141
262144
262145
262149
262153
262158
262161
262164
262165
262166
262174
262178
262178
262200
262212
262213
262223
262226
262232
262235
262236
262238
262238
262242
262249
262250
262255
262259
262263
262272
262273
262283
262286
262289
262289
262297
262299
262300
262302
262303
262307
262310
262311
262318
262318
262319
262325
262326
262330
262332
262338
262344
262351
262352
262353
262354
262358
262367
262367
262388
262391
262400
262420
262433
262434
262437
262449
262465
262467
262468
262472
262477
262481
262484
262497
262498
262499
262509
262510
262512
262512
262515
262515
262522
262524
262530
262533
262534
262549
262555
262556
262565
262572
262582
262584
262584
262591
262599
262607
262644
262649
262658
262659
262666
262673
262674
262682
262683
262683
262685
262690
262695
262706
262707
262709
262715
262716
262722
262722
262722
262729
262735
262742
262745
262749
262755
262756
262762
262764
262769
262782
262784
262785
262792
262796
262798
262804
262811
262814
262815
262817
262823
262839
262849
262851
262853
262854
262857
262858
262863
262880
262881
262881
262882
262887
262888
262889
262892
262899
262903
262908
262919
262920
262929
262934
262934
262938
262959
262965
262965
262974
262975
262976
262979
262981
262983
262997
263007
263009
263010
263011
263018
263019
263048
263048
263051
263051
263057
263058
263063
263064
263065
263066
263083
263083
263084
263090
263092
263100
263109
263116
263120
263122
263136
263140
263149
263154
263155
263165
263166
263169
263172
263176
263177
263177
263178
263179
263179
263186
263192
263193
263195
263198
263207
263218
263225
263226
263235
263235
263236
263239
263240
263264
263266
263269
263275
263276
263279
263287
263290
263298
263300
263302
263305
263305
263308
263310
263313
263333
263337
263343
263346
263346
263346
263348
263350
263355
263356
263363
263366
263368
263382
263382
263384
263384
263385
263386
263402
263407
263407
263411
263412
263427
263435
263438
263451
263452
263455
263456
263464
263473
263473
263488
263492
263499
263509
263537
263545
263547
263557
263561
263561
263581
263587
263590
263593
263594
263596
263610
263612
263614
263619
263620
263623
263626
263635
263644
263651
263654
263655
263663
263664
263666
263668
263669
263669
263669
263694
263695
263699
263720
263721
263727
263730
263730
263734
263738
263738
263750
263751
263755
263756
263767
263770
263779
263786
263791
263794
263795
263803
263804
263811
263812
263812
263813
263832
263833
263838
263852
263854
263864
263867
263870
263871
263879
263887
263899
263902
263915
263917
263919
263919
263926
263929
263937
263943
263944
263977
263985
263998
263998
264005
264006
264007
264016
264028
264029
264029
264032
264035
264041
264046
264052
264061
264064
264072
264073
264075
264076
264078
264085
264086
264094
264098
264100
264106
264112
264113
264114
264124
264136
264137
264144
264145
264149
264169
264171
264173
264192
264194
264194
264200
264201
264203
264208
264214
264227
264235
264237
264244
264244
264267
264271
264275
264283
264286
264288
264289
264302
264314
264320
264326
264329
264335
264337
264348
264350
264361
264362
264364
264370
264375
264379
264388
264390
264396
264397
264402
264412
264417
264417
264417
264418
264419
264421
264421
264424
264432
264434
264446
264467
264467
264470
264482
264482
264483
264492
264503
264512
264517
264525
264528
264530
264531
264533
264545
264551
264554
264555
264556
264556
264570
264570
264571
264577
264580
264583
264586
264594
264599
264602
264602
264610
264620
264621
264624
264628
264630
264637
264652
264657
264658
264665
264670
264681
264687
264694
264697
264698
264700
264701
264711
264714
264722
264733
264741
264742
264754
264754
264754
264765
264766
264770
264770
264777
264782
264799
264799
264801
264808
264820
264831
264843
264844
264850
264852
264855
264855
264855
264859
264864
264870
264873
264888
264893
264897
264907
264917
264920
264928
264936
264948
264949
264962
264965
264966
264969
264970
264971
264978
264980
264981
264987
264992
264992
264994
264994
264998
265002
265003
265005
265007
265007
265012
265020
265028
265028
265029
265046
265048
265052
265053
265054
265068
265074
265084
265087
265089
265090
265102
265104
265112
265113
265113
265114
265117
265124
265131
265134
265139
265152
265152
265153
265157
265166
265173
265174
265179
265180
265181
265189
265191
265200
265212
265217
265218
265218
265221
265221
265227
265228
265228
265231
265231
265232
265234
265235
265240
265241
265245
265247
265252
265254
265255
265256
265263
265277
265281
265284
265305
265307
265310
265310
265310
265316
265323
265326
265330
265330
265330
265333
265335
265343
265355
265363
265366
265375
265385
265387
265389
265390
265393
265394
265395
265417
265424
265434
265439
265452
265458
265469
265471
265477
265481
265485
265508
265508
265509
265526
265527
265528
265528
265533
265534
265534
265545
265546
265553
265555
265560
265571
265572
265580
265581
265592
265596
265598
265600
265607
265611
265619
265620
265628
265632
265633
265638
265639
265644
265644
265645
265645
265667
265670
265677
265688
265698
265704
265711
265715
265716
265719
265724
265729
265738
265742
265747
265749
265754
265760
265760
265762
265766
265771
265775
265777
265780
265782
265787
265794
265795
265805
265805
265808
265812
265831
265836
265837
265843
265855
265860
265868
265878
265878
265892
265904
265914
265915
265928
265931
265933
265936
265936
265945
265945
265945
265949
265964
265965
265967
265968
265972
265973
265975
265978
265979
265980
265980
265985
265989
265989
265993
266006
266010
266014
266016
266019
266025
266032
266035
266044
266045
266046
266054
266068
266071
266073
266073
266074
266075
266079
266092
266097
266100
266100
266107
266110
266113
266115
266122
266128
266130
266134
266137
266144
266146
266153
266160
266164
266172
266177
266180
266198
266200
266200
266201
266206
266207
266223
266229
266231
266233
266235
266239
266241
266243
266257
266259
266259
266259
266266
266268
266269
266274
266296
266300
266300
266301
266310
266331
266332
266333
266333
266333
266339
266347
266348
266353
266358
266359
266368
266372
266375
266377
266385
266399
266403
266412
266413
266414
266418
266422
266423
266431
266441
266449
266455
266457
266459
266467
266478
266490
266490
266491
266494
266509
266516
266518
266522
266533
266533
266536
266545
266558
266563
266572
266573
266575
266583
266584
266592
266592
266602
266604
266612
266614
266637
266637
266641
266642
266652
266659
266659
266664
266667
266668
266671
266678
266684
266689
266699
266701
266720
266721
266725
266729
266729
266731
266738
266741
266743
266744
266753
266756
266760
266765
266765
266777
266777
266778
266787
266807
266809
266810
266811
266815
266820
266821
266836
266842
266857
266874
266875
266877
266878
266880
266890
266903
266908
266921
266925
266933
266933
266935
266937
266940
266942
266944
266948
266953
266960
266962
266964
266973
266979
266980
266981
266988
267001
267001
267001
267008
267012
267016
267018
267018
267021
267028
267029
267048
267052
267056
267073
267076
267085
267090
267090
267096
267099
267101
267110
267112
267114
267118
267123
267124
267126
267133
267134
267138
267158
267162
267175
267176
267177
267177
267179
267179
267181
267183
267187
267190
267199
267202
267204
267212
267220
267225
267229
267229
267234
267240
267241
267255
267260
267285
267289
267293
267294
267294
267305
267308
267313
267313
267317
267322
267323
267325
267333
267342
267348
267358
267373
267374
267376
267381
267401
267409
267419
267430
267433
267445
267452
267455
267460
267468
267475
267477
267491
267502
267510
267514
267515
267519
267523
267530
267531
267531
267540
267540
267541
267541
267551
267552
267554
267558
267566
267568
267573
267574
267576
267578
267580
267582
267592
267596
267596
267611
267615
267617
267618
267624
267625
267627
267630
267632
267649
267650
267651
267651
267659
267670
267673
267683
267685
267686
267689
267692
267701
267711
267714
267717
267727
267729
267729
267735
267735
267743
267747
267751
267756
267756
267767
267788
267788
267791
267795
267796
267797
267820
267830
267844
267852
267862
267870
267876
267878
267883
267884
267889
267890
267890
267893
267896
267898
267901
267904
267906
267909
267916
267916
267916
267921
267923
267923
267923
267928
267930
267936
267943
267946
267949
267949
267951
267952
267954
267959
267960
267964
267969
267970
267970
267972
267976
267981
267983
267989
267992
268000
268001
268002
268007
268008
268008
268012
268014
268017
268028
268035
268038
268043
268044
268057
268058
268059
268063
268066
268081
268081
268086
268088
268092
268094
268094
268105
268107
268119
268124
268131
268141
268143
268147
268152
268157
268159
268160
268166
268168
268170
268177
268189
268189
268193
268199
268201
268207
268207
268212
268236
268237
268238
268239
268240
268241
268248
268250
268253
268261
268266
268269
268275
268276
268281
268286
268294
268299
268299
268316
268320
268325
268329
268337
268342
268348
268350
268352
268363
268377
268394
268394
268399
268401
268405
268413
268426
268443
268452
268453
268460
268471
268485
268489
268496
268497
268502
268504
268512
268514
268515
268520
268521
268524
268534
268542
268542
268544
268554
268561
268564
268565
268565
268567
268588
268588
268588
268591
268594
268594
268598
268605
268611
268613
268618
268619
268619
268620
268621
268627
268629
268631
268636
268641
268644
268645
268648
268650
268650
268652
268659
268662
268663
268664
268675
268681
268685
268687
268695
268699
268699
268702
268723
268725
268726
268728
268749
268753
268757
268761
268766
268771
268774
268775
268779
268780
268794
268796
268804
268818
268819
268823
268833
268846
268849
268852
268854
268857
268875
268879
268887
268891
268892
268893
268896
268902
268902
268906
268919
268922
268922
268928
268937
268941
268942
268946
268951
268955
268957
268960
268972
268974
268990
268996
269007
269008
269012
269014
269022
269024
269032
269037
269038
269067
269070
269073
269075
269075
269075
269090
269093
269101
269111
269112
269122
269126
269130
269137
269145
269146
269147
269151
269151
269151
269158
269167
269171
269174
269180
269185
269190
269193
269217
269218
269222
269227
269236
269243
269250
269251
269252
269255
269256
269258
269262
269262
269275
269276
269280
269284
269285
269291
269292
269303
269306
269313
269313
269314
269321
269323
269331
269332
269335
269339
269339
269341
269347
269354
269360
269366
269378
269385
269386
269388
269393
269396
269401
269404
269410
269412
269412
269417
269423
269426
269430
269432
269436
269441
269444
269444
269445
269447
269453
269460
269461
269471
269475
269483
269484
269488
269492
269498
269500
269500
269505
269510
269512
269515
269520
269529
269530
269544
269548
269549
269550
269559
269561
269563
269569
269570
269573
269578
269588
269596
269598
269601
269613
269615
269622
269625
269628
269661
269662
269665
269671
269674
269676
269677
269681
269684
269691
269692
269697
269697
269698
269699
269705
269708
269713
269713
269730
269742
269742
269744
269745
269745
269754
269757
269766
269768
269768
269777
269781
269783
269784
269786
269794
269798
269799
269801
269809
269814
269825
269828
269829
269838
269841
269872
269873
269873
269881
269884
269888
269898
269899
269927
269931
269934
269936
269937
269938
269938
269938
269940
269943
269945
269950
269950
269958
269962
269963
269976
269983
269984
269989
269990
270003
270003
270008
270017
270028
270031
270048
270050
270059
270060
270071
270071
270074
270076
270076
270098
270100
270103
270113
270114
270130
270135
270137
270151
270155
270157
270162
270165
270167
270171
270175
270183
270189
270193
270198
270200
270203
270206
270207
270207
270226
270229
270234
270235
270236
270241
270250
270259
270262
270271
270272
270280
270286
270291
270292
270300
270308
270322
270334
270341
270353
270368
270374
270374
270374
270378
270385
270389
270389
270391
270392
270392
270393
270394
270398
270401
270401
270404
270405
270411
270412
270414
270438
270439
270440
270443
270447
270453
270457
270463
270469
270474
270480
270504
270506
270511
270515
270516
270518
270533
270537
270538
270540
270551
270559
270567
270568
270569
270569
270575
270575
270577
270579
270588
270589
270595
270601
270604
270604
270608
270625
270627
270631
270632
270642
270644
270645
270652
270654
270656
270657
270660
270662
270665
270669
270675
270684
270689
270694
270697
270700
270713
270714
270735
270735
270737
270739
270741
270763
270769
270786
270808
270809
270809
270814
270818
270823
270824
270832
270847
270861
270867
270876
270877
270880
270883
270893
270904
270904
270911
270911
270912
270919
270919
270921
270927
270929
270937
270941
270943
270954
270954
270956
270969
270971
270972
270974
270984
270986
270986
270988
270988
270993
270999
271011
271024
271024
271026
271027
271028
271030
271032
271033
271034
271035
271036
271038
271038
271047
271055
271071
271071
271076
271091
271097
271104
271105
271105
271111
271117
271118
271119
271121
271122
271133
271138
271138
271143
271144
271146
271146
271147
271160
271169
271179
271185
271199
271202
271204
271208
271216
271219
271220
271222
271231
271235
271237
271260
271263
271265
271292
271297
271300
271309
271310
271312
271329
271332
271333
271346
271350
271352
271356
271360
271362
271364
271365
271374
271380
271385
271390
271391
271393
271397
271399
271403
271409
271412
271415
271420
271423
271424
271427
271428
271432
271441
271442
271451
271452
271456
271459
271465
271489
271491
271496
271497
271510
271511
271516
271520
271521
271529
271531
271532
271532
271532
271533
271545
271546
271546
271553
271572
271588
271597
271604
271611
271631
271631
271634
271639
271643
271646
271647
271653
271661
271663
271667
271668
271680
271681
271685
271693
271713
271729
271730
271734
271747
271754
271764
271767
271767
271772
271780
271783
271795
271797
271801
271804
271807
271807
271812
271813
271824
271832
271834
271844
271845
271855
271855
271856
271865
271876
271876
271876
271879
271892
271898
271903
271911
271919
271924
271931
271942
271947
271951
271952
271959
271960
271965
271976
271994
271998
272004
272005
272010
272013
272015
272021
272029
272029
272029
272038
272039
272040
272044
272046
272047
272047
272047
272054
272056
272056
272059
272060
272063
272073
272074
272085
272101
272111
272112
272112
272113
272116
272118
272131
272138
272139
272146
272148
272157
272158
272166
272166
272176
272178
272179
272186
272193
272203
272215
272229
272231
272232
272238
272253
272255
272259
272264
272268
272272
272274
272279
272280
272285
272289
272297
272304
272306
272309
272309
272328
272336
272339
272341
272342
272344
272345
272349
272349
272354
272355
272357
272365
272368
272375
272383
272385
272386
272398
272400
272404
272422
272424
272427
272432
272434
272440
272443
272462
272465
272469
272469
272470
272475
272478
272482
272483
272499
272500
272507
272508
272517
272521
272527
272534
272534
272535
272544
272550
272563
272564
272566
272579
272579
272583
272590
272597
272617
272637
272642
272647
272664
272666
272669
272685
272687
272691
272697
272702
272711
272712
272717
272723
272730
272735
272738
272745
272749
272754
272756
272760
272763
272764
272770
272773
272784
272788
272789
272794
272809
272820
272820
272820
272824
272827
272827
272830
272830
272835
272851
272857
272864
272864
272868
272876
272881
272885
272886
272889
272891
272892
272892
272898
272901
272903
272904
272912
272913
272923
272933
272942
272948
272960
272962
272965
272976
272977
272980
273002
273015
273018
273025
273025
273027
273042
273058
273059
273065
273076
273085
273091
273098
273099
273103
273105
273110
273134
273135
273135
273136
273142
273145
273146
273150
273151
273152
273154
273154
273155
273162
273165
273171
273173
273177
273178
273179
273186
273199
273202
273210
273215
273217
273225
273230
273231
273232
273238
273249
273253
273254
273256
273263
273265
273278
273286
273288
273291
273291
273294
273299
273310
273322
273323
273335
273335
273339
273344
273351
273356
273358
273361
273370
273374
273375
273375
273378
273385
273394
273408
273410
273415
273416
273417
273429
273439
273439
273439
273442
273450
273452
273464
273467
273473
273479
273485
273493
273494
273501
273511
273511
273512
273513
273521
273524
273526
273534
273538
273544
273545
273546
273551
273556
273565
273577
273578
273588
273589
273591
273598
273602
273604
273607
273613
273623
273627
273633
273638
273641
273641
273648
273654
273672
273682
273683
273691
273696
273699
273699
273700
273702
273705
273710
273716
273731
273736
273740
273741
273744
273749
273750
273770
273771
273773
273774
273778
273779
273780
273781
273793
273794
273800
273804
273808
273811
273813
273819
273821
273831
273846
273852
273854
273866
273878
273882
273883
273884
273905
273914
273916
273920
273934
273936
273940
273951
273953
273956
273956
273959
273965
273965
273975
273979
273982
273983
273987
274003
274009
274015
274019
274033
274039
274055
274060
274061
274067
274067
274068
274072
274074
274085
274092
274097
274104
274117
274117
274117
274122
274123
274126
274129
274138
274139
274143
274156
274158
274158
274159
274165
274166
274169
274171
274175
274179
274182
274185
274189
274191
274208
274210
274220
274226
274238
274244
274245
274251
274264
274265
274267
274278
274280
274280
274290
274291
274299
274299
274299
274304
274308
274310
274318
274319
274321
274321
274333
274337
274345
274346
274354
274356
274358
274359
274362
274363
274371
274372
274388
274409
274412
274414
274417
274427
274427
274430
274431
274436
274437
274437
274438
274442
274447
274448
274453
274455
274468
274474
274478
274478
274482
274494
274495
274495
274498
274502
274518
274549
274552
274554
274558
274559
274562
274568
274579
274583
274587
274589
274590
274591
274597
274598
274600
274607
274612
274619
274628
274635
274639
274643
274656
274665
274668
274668
274670
274670
274689
274691
274693
274701
274703
274704
274719
274745
274746
274748
274759
274767
274771
274774
274791
274798
274799
274802
274811
274819
274819
274822
274826
274830
274832
274838
274841
274843
274845
274856
274859
274866
274868
274873
274878
274879
274888
274901
274903
274906
274908
274913
274915
274922
274925
274932
274940
274946
274949
274953
274955
274961
274965
274965
274969
274977
274980
274984
274985
274987
274993
274995
275007
275012
275012
275013
275019
275023
275029
275030
275030
275033
275033
275039
275044
275047
275049
275052
275054
275059
275066
275067
275067
275072
275098
275102
275119
275127
275152
275152
275160
275166
275174
275177
275178
275192
275199
275204
275213
275226
275230
275230
275231
275232
275239
275247
275251
275253
275255
275255
275258
275259
275264
275264
275267
275270
275272
275274
275278
275286
275296
275308
275313
275313
275315
275316
275316
275318
275320
275322
275323
275340
275343
275346
275350
275350
275362
275376
275378
275384
275393
275397
275399
275401
275403
275408
275414
275436
275438
275445
275446
275456
275460
275461
275472
275474
275478
275478
275481
275494
275498
275507
275515
275516
275517
275520
275524
275530
275533
275540
275542
275551
275555
275563
275581
275615
275618
275620
275624
275628
275635
275638
275642
275646
275655
275656
275671
275675
275676
275683
275699
275703
275708
275711
275725
275727
275738
275741
275757
275761
275766
275767
275786
275792
275793
275803
275807
275820
275822
275825
275826
275830
275848
275863
275866
275873
275876
275877
275886
275888
275889
275891
275892
275895
275900
275904
275909
275911
275916
275921
275929
275934
275942
275942
275942
275946
275953
275957
275962
275962
275968
275972
275979
275982
275985
275987
275992
275994
276000
276004
276010
276030
276036
276040
276055
276074
276095
276097
276107
276118
276118
276127
276127
276134
276134
276135
276135
276143
276144
276164
276167
276167
276168
276182
276186
276188
276190
276203
276207
276208
276218
276218
276219
276220
276223
276225
276232
276232
276234
276236
276238
276238
276242
276243
276243
276248
276255
276259
276260
276265
276266
276267
276286
276292
276304
276308
276310
276315
276319
276323
276325
276339
276339
276340
276347
276348
276350
276357
276360
276361
276371
276371
276380
276385
276385
276394
276396
276412
276413
276423
276430
276431
276434
276446
276448
276452
276454
276456
276458
276458
276461
276465
276473
276475
276479
276481
276483
276507
276507
276517
276519
276522
276522
276524
276529
276529
276531
276533
276553
276555
276559
276561
276564
276571
276574
276574
276581
276583
276601
276601
276601
276641
276645
276655
276655
276663
276665
276666
276678
276680
276681
276694
276708
276715
276715
276722
276729
276741
276741
276742
276746
276749
276757
276765
276783
276786
276790
276790
276793
276799
276799
276800
276802
276804
276810
276821
276823
276823
276832
276837
276839
276852
276865
276865
276868
276869
276874
276881
276896
276900
276904
276913
276915
276918
276919
276919
276919
276923
276924
276926
276927
276927
276933
276945
276949
276953
276953
276960
276964
276969
276970
276971
276982
276984
276986
277005
277007
277008
277012
277020
277030
277030
277030
277046
277050
277052
277061
277063
277076
277084
277090
277108
277111
277123
277123
277125
277130
277133
277139
277162
277164
277181
277183
277198
277204
277205
277206
277212
277216
277226
277227
277229
277231
277238
277244
277250
277251
277255
277257
277258
277263
277269
277291
277293
277302
277314
277321
277327
277337
277338
277338
277342
277352
277356
277362
277380
277401
277402
277408
277410
277412
277414
277417
277421
277423
277433
277434
277437
277442
277449
277452
277455
277457
277463
277466
277474
277483
277489
277491
277493
277521
277521
277531
277532
277539
277543
277545
277548
277559
277563
277571
277573
277585
277585
277588
277592
277596
277609
277622
277629
277630
277647
277650
277655
277658
277658
277672
277673
277685
277691
277695
277698
277701
277703
277711
277712
277719
277727
277728
277729
277731
277740
277740
277745
277752
277759
277762
277775
277777
277778
277788
277800
277800
277806
277808
277811
277822
277825
277826
277830
277842
277848
277851
277852
277862
277863
277864
277871
277876
277879
277888
277924
277926
277942
277945
277947
277949
277958
277964
277979
277987
277990
278011
278019
278023
278023
278024
278033
278038
278044
278045
278051
278052
278066
278067
278071
278076
278083
278083
278090
278093
278112
278113
278113
278116
278120
278126
278129
278133
278139
278147
278155
278173
278179
278179
278195
278196
278200
278203
278205
278215
278216
278216
278218
278223
278226
278228
278236
278236
278239
278247
278248
278250
278250
278257
278258
278263
278266
278274
278280
278295
278301
278305
278309
278321
278337
278340
278353
278356
278361
278362
278368
278375
278381
278383
278391
278395
278397
278403
278407
278408
278410
278420
278422
278427
278433
278435
278442
278443
278444
278452
278459
278460
278461
278465
278467
278468
278483
278484
278492
278493
278499
278500
278504
278504
278514
278516
278526
278539
278543
278544
278546
278565
278569
278577
278579
278594
278595
278597
278597
278601
278609
278623
278627
278631
278632
278644
278645
278646
278649
278653
278656
278657
278660
278662
278670
278672
278676
278685
278689
278689
278705
278707
278712
278713
278713
278715
278721
278722
278742
278745
278750
278753
278753
278756
278759
278760
278760
278761
278768
278792
278802
278805
278814
278835
278840
278841
278841
278845
278846
278858
278863
278875
278878
278886
278891
278894
278895
278896
278906
278910
278915
278918
278919
278920
278922
278925
278937
278943
278946
278946
278947
278953
278961
278963
278970
278970
278975
278982
278993
278995
279003
279011
279018
279022
279023
279030
279030
279032
279041
279044
279054
279058
279064
279064
279067
279075
279077
279078
279082
279083
279084
279086
279092
279095
279099
279099
279108
279109
279116
279124
279138
279148
279162
279165
279169
279177
279181
279182
279185
279194
279205
279217
279223
279236
279238
279238
279250
279251
279252
279259
279272
279276
279279
279279
279286
279288
279290
279300
279303
279304
279305
279312
279330
279332
279342
279344
279345
279352
279352
279357
279364
279368
279378
279379
279387
279388
279389
279393
279396
279397
279399
279399
279404
279412
279414
279421
279422
279422
279422
279430
279436
279443
279451
279460
279464
279468
279468
279469
279469
279471
279480
279483
279487
279492
279493
279503
279504
279507
279509
279511
279514
279515
279521
279526
279527
279529
279550
279551
279554
279557
279569
279573
279581
279583
279596
279601
279605
279607
279609
279610
279612
279615
279615
279619
279633
279635
279643
279659
279664
279677
279678
279678
279686
279692
279693
279695
279695
279696
279702
279712
279718
279722
279730
279733
279740
279741
279745
279747
279754
279761
279761
279764
279768
279769
279771
279774
279775
279782
279786
279816
279824
279828
279836
279840
279849
279857
279860
279870
279875
279881
279894
279910
279918
279926
279926
279936
279939
279943
279946
279947
279947
279948
279950
279956
279957
279967
279971
279971
279972
279980
279990
280000
280001
280021
280022
280025
280026
280029
280033
280035
280038
280039
280047
280052
280054
280055
280069
280069
280073
280074
280078
280087
280091
280093
280102
280104
280105
280106
280110
280121
280122
280128
280132
280134
280140
280143
280145
280160
280166
280166
280174
280174
280183
280183
280192
280194
280194
280201
280209
280212
280222
280224
280225
280228
280231
280236
280253
280255
280258
280259
280261
280265
280270
280279
280280
280283
280286
280287
280288
280298
280302
280315
280316
280333
280333
280337
280346
280349
280350
280351
280353
280354
280356
280361
280368
280371
280380
280383
280388
280391
280395
280396
280409
280414
280428
280430
280433
280434
280448
280453
280456
280456
280464
280470
280484
280485
280488
280488
280490
280490
280492
280493
280493
280497
280501
280516
280525
280533
280539
280546
280561
280571
280573
280581
280584
280589
280591
280609
280609
280610
280616
280618
280622
280624
280624
280625
280625
280629
280630
280639
280652
280660
280661
280661
280661
280665
280670
280672
280675
280678
280684
280694
280709
280716
280721
280721
280737
280737
280753
280753
280757
280758
280760
280766
280773
280779
280785
280788
280793
280796
280800
280805
280806
280808
280811
280813
280814
280839
280843
280847
280849
280851
280856
280858
280858
280863
280867
280882
280882
280892
280894
280894
280894
280896
280897
280910
280919
280921
280925
280927
280932
280933
280942
280942
280948
280951
280957
280972
280984
280996
281008
281017
281026
281029
281031
281034
281042
281042
281043
281043
281046
281051
281068
281079
281103
281112
281114
281119
281121
281123
281134
281148
281150
281155
281168
281169
281173
281175
281175
281177
281178
281183
281196
281198
281199
281201
281205
281207
281210
281211
281212
281213
281217
281220
281223
281226
281227
281227
281246
281253
281256
281256
281267
281271
281276
281276
281290
281296
281297
281305
281311
281316
281322
281330
281335
281335
281341
281342
281344
281349
281350
281350
281357
281369
281374
281377
281380
281390
281390
281394
281401
281418
281422
281424
281432
281453
281463
281463
281479
281490
281497
281505
281507
281514
281537
281538
281541
281544
281548
281575
281576
281578
281595
281602
281607
281608
281608
281609
281620
281641
281648
281651
281653
281653
281663
281664
281664
281668
281672
281680
281683
281695
281695
281699
281700
281701
281710
281718
281719
281723
281726
281730
281735
281738
281740
281746
281746
281748
281759
281770
281771
281781
281783
281791
281793
281794
281795
281801
281804
281809
281809
281816
281817
281822
281839
281846
281855
281868
281872
281875
281875
281877
281880
281883
281899
281899
281904
281911
281911
281921
281925
281926
281934
281936
281939
281954
281954
281955
281957
281960
281960
281962
281964
281965
281967
281986
281991
281991
281995
282002
282005
282010
282015
282016
282019
282033
282034
282035
282044
282045
282050
282050
282052
282055
282058
282060
282065
282075
282076
282079
282086
282093
282102
282106
282113
282121
282121
282123
282128
282134
282135
282143
282145
282152
282152
282162
282175
282182
282191
282192
282192
282208
282215
282218
282223
282225
282237
282240
282245
282245
282253
282254
282254
282255
282257
282268
282282
282285
282285
282287
282296
282303
282303
282309
282315
282322
282345
282348
282348
282349
282352
282358
282369
282374
282377
282378
282379
282384
282389
282390
282396
282402
282410
282420
282421
282426
282442
282453
282457
282463
282471
282479
282480
282491
282501
282503
282506
282508
282510
282512
282519
282527
282528
282532
282536
282547
282560
282564
282566
282574
282576
282577
282579
282581
282589
282596
282602
282609
282610
282614
282617
282631
282634
282634
282646
282657
282661
282670
282690
282694
282704
282709
282710
282716
282731
282735
282738
282741
282742
282755
282757
282763
282765
282766
282769
282771
282774
282775
282776
282777
282788
282790
282793
282796
282810
282813
282817
282818
282821
282824
282842
282843
282857
282859
282868
282871
282886
282888
282891
282899
282903
282907
282912
282913
282916
282922
282926
282930
282936
282947
282948
282952
282954
282958
282961
282961
282969
282970
282982
282993
283004
283007
283010
283011
283011
283015
283026
283030
283033
283044
283044
283050
283052
283060
283065
283069
283075
283087
283091
283093
283099
283120
283121
283127
283131
283131
283135
283151
283157
283168
283184
283190
283195
283210
283215
283216
283222
283241
283250
283253
283255
283257
283263
283263
283281
283287
283289
283292
283294
283307
283307
283313
283313
283314
283314
283317
283320
283329
283342
283342
283350
283352
283355
283361
283365
283382
283394
283396
283402
283405
283408
283413
283417
283418
283421
283430
283431
283435
283436
283438
283445
283449
283449
283460
283461
283467
283468
283469
283491
283492
283498
283502
283504
283507
283511
283511
283529
283532
283538
283546
283557
283562
283581
283593
283594
283610
283613
283619
283621
283626
283626
283636
283639
283649
283653
283659
283664
283669
283670
283675
283675
283682
283687
283693
283694
283697
283710
283712
283718
283733
283738
283739
283746
283752
283757
283758
283759
283761
283765
283789
283792
283793
283793
283805
283810
283817
283828
283829
283843
283845
283847
283859
283861
283864
283870
283872
283880
283885
283896
283904
283906
283907
283911
283923
283925
283926
283951
283953
283962
283968
283973
283975
283983
283985
283991
283995
283996
284011
284018
284020
284026
284029
284030
284034
284040
284050
284052
284054
284056
284057
284061
284066
284069
284076
284084
284084
284093
284095
284095
284098
284099
284100
284102
284110
284116
284116
284120
284121
284133
284135
284137
284158
284159
284166
284175
284179
284182
284182
284183
284193
284195
284195
284197
284199
284202
284216
284222
284222
284223
284224
284225
284232
284253
284254
284256
284259
284263
284266
284272
284287
284293
284314
284319
284330
284333
284338
284346
284347
284351
284380
284380
284389
284392
284395
284395
284409
284411
284412
284413
284416
284417
284417
284421
284425
284440
284442
284444
284445
284449
284456
284462
284472
284486
284487
284488
284488
284494
284511
284515
284515
284521
284522
284528
284534
284534
284536
284539
284550
284556
284561
284566
284583
284590
284606
284613
284621
284626
284627
284639
284640
284645
284652
284656
284659
284660
284665
284671
284678
284680
284681
284681
284687
284687
284690
284694
284701
284710
284715
284720
284725
284731
284740
284740
284743
284743
284743
284744
284744
284746
284748
284754
284758
284762
284765
284772
284775
284777
284781
284782
284786
284787
284791
284795
284796
284798
284803
284803
284805
284818
284820
284823
284825
284829
284836
284855
284859
284869
284870
284873
284877
284880
284883
284885
284891
284891
284906
284910
284917
284917
284930
284933
284939
284940
284941
284943
284944
284948
284961
284965
284975
284977
284980
284983
284983
284984
284990
284997
285005
285018
285018
285024
285027
285030
285035
285041
285042
285058
285060
285072
285075
285076
285079
285083
285084
285094
285097
285105
285113
285123
285133
285138
285138
285141
285142
285143
285146
285148
285149
285173
285176
285185
285193
285197
285198
285204
285207
285220
285221
285223
285224
285225
285231
285245
285250
285253
285254
285262
285262
285266
285273
285274
285278
285278
285283
285290
285295
285307
285317
285318
285334
285337
285337
285339
285346
285347
285351
285356
285359
285360
285363
285364
285376
285376
285382
285387
285390
285391
285394
285396
285409
285418
285421
285434
285436
285440
285442
285444
285445
285458
285462
285467
285473
285487
285494
285495
285503
285504
285510
285525
285528
285528
285530
285542
285542
285563
285566
285570
285572
285576
285576
285578
285579
285580
285580
285581
285583
285588
285588
285590
285591
285591
285592
285598
285601
285606
285607
285609
285613
285617
285626
285626
285630
285639
285639
285639
285644
285645
285647
285661
285663
285665
285669
285681
285683
285685
285698
285710
285710
285711
285714
285725
285728
285728
285748
285754
285755
285756
285758
285759
285768
285776
285788
285791
285793
285793
285797
285797
285810
285821
285828
285828
285835
285843
285861
285863
285870
285888
285891
285895
285902
285902
285903
285904
285905
285907
285908
285908
285915
285922
285925
285927
285931
285938
285944
285945
285947
285947
285947
285948
285948
285950
285952
285961
285966
285974
285974
285975
285979
285980
285981
285989
285991
285992
286003
286010
286011
286012
286017
286030
286031
286032
286037
286044
286048
286051
286052
286056
286056
286057
286057
286059
286061
286062
286063
286063
286079
286087
286088
286102
286102
286103
286106
286118
286118
286125
286128
286135
286145
286146
286153
286157
286158
286163
286163
286169
286174
286175
286177
286180
286181
286187
286189
286213
286218
286219
286242
286243
286246
286258
286261
286262
286278
286279
286290
286299
286302
286303
286306
286310
286310
286311
286311
286312
286313
286315
286315
286316
286317
286318
286327
286347
286351
286353
286364
286373
286375
286375
286376
286380
286383
286403
286404
286411
286417
286422
286426
286427
286433
286440
286443
286445
286448
286461
286466
286466
286471
286479
286483
286486
286489
286490
286492
286506
286509
286515
286526
286530
286532
286532
286545
286562
286569
286570
286580
286597
286598
286599
286602
286618
286619
286622
286623
286625
286628
286628
286628
286630
286645
286658
286667
286672
286673
286675
286675
286678
286680
286684
286685
286688
286705
286713
286716
286716
286726
286728
286728
286732
286737
286750
286751
286754
286757
286760
286767
286774
286777
286778
286781
286790
286794
286796
286796
286797
286805
286821
286827
286827
286829
286830
286843
286849
286854
286862
286863
286866
286867
286870
286873
286882
286883
286885
286892
286909
286923
286923
286933
286939
286941
286945
286946
286956
286961
286962
286962
286965
286977
286977
286982
286987
286991
286994
286995
287009
287012
287015
287022
287042
287048
287068
287072
287076
287077
287083
287089
287091
287094
287102
287107
287109
287111
287114
287119
287120
287123
287128
287131
287131
287138
287140
287146
287149
287153
287154
287154
287154
287157
287159
287162
287163
287165
287166
287174
287185
287191
287193
287193
287194
287196
287200
287200
287209
287214
287224
287236
287241
287244
287246
287254
287257
287262
287268
287279
287284
287286
287293
287297
287300
287306
287310
287313
287314
287317
287327
287332
287336
287346
287351
287352
287375
287379
287380
287389
287393
287398
287417
287418
287427
287441
287444
287446
287455
287457
287458
287460
287466
287466
287472
287476
287484
287485
287488
287500
287500
287504
287507
287508
287517
287517
287519
287520
287522
287542
287543
287545
287545
287548
287559
287562
287568
287576
287578
287579
287583
287585
287587
287602
287604
287605
287610
287610
287616
287628
287628
287635
287636
287641
287645
287648
287650
287654
287658
287660
287663
287663
287665
287667
287671
287675
287675
287689
287690
287692
287695
287698
287699
287703
287722
287731
287742
287744
287744
287745
287748
287750
287751
287759
287765
287766
287767
287767
287790
287797
287806
287807
287811
287819
287832
287837
287844
287845
287862
287862
287868
287874
287878
287881
287884
287886
287887
287888
287890
287895
287897
287907
287913
287924
287924
287925
287948
287950
287954
287957
287960
287968
287970
287979
287979
287989
287989
287992
287992
287994
287995
287997
288006
288006
288019
288032
288037
288041
288042
288044
288057
288058
288061
288072
288072
288075
288080
288080
288091
288098
288102
288121
288127
288132
288136
288137
288140
288148
288149
288153
288156
288164
288170
288185
288190
288209
288209
288212
288212
288217
288219
288222
288222
288230
288244
288250
288261
288267
288274
288282
288286
288291
288292
288293
288296
288298
288300
288306
288330
288335
288338
288349
288350
288359
288368
288374
288383
288383
288390
288399
288401
288401
288411
288423
288429
288435
288437
288439
288458
288464
288465
288474
288480
288482
288496
288498
288501
288519
288530
288534
288553
288553
288556
288559
288565
288566
288570
288570
288572
288578
288582
288585
288592
288593
288600
288605
288610
288614
288618
288618
288618
288622
288634
288640
288644
288644
288650
288669
288671
288672
288677
288679
288684
288685
288689
288690
288713
288719
288720
288723
288725
288748
288748
288750
288755
288762
288763
288763
288770
288771
288772
288779
288787
288790
288791
288794
288798
288800
288803
288805
288814
288819
288821
288821
288825
288829
288835
288846
288848
288860
288872
288876
288896
288900
288901
288904
288904
288907
288908
288908
288914
288919
288921
288921
288924
288926
288927
288931
288934
288939
288943
288944
288949
288949
288952
288956
288961
288966
288967
288970
288973
288978
288979
288980
288981
288986
288995
288996
289006
289009
289015
289024
289044
289050
289052
289062
289068
289069
289074
289075
289080
289080
289083
289086
289088
289095
289097
289098
289101
289101
289108
289117
289120
289128
289133
289136
289144
289147
289149
289157
289165
289171
289173
289179
289183
289187
289188
289195
289196
289205
289205
289210
289216
289217
289226
289227
289230
289233
289235
289237
289237
289237
289238
289238
289240
289247
289249
289254
289257
289268
289287
289295
289301
289305
289308
289315
289319
289319
289321
289322
289325
289330
289334
289346
289349
289351
289352
289352
289367
289370
289373
289376
289387
289389
289395
289395
289399
289404
289405
289405
289407
289409
289410
289418
289419
289422
289428
289441
289444
289450
289459
289463
289464
289466
289468
289470
289470
289470
289478
289485
289486
289487
289493
289501
289508
289509
289511
289514
289519
289520
289520
289522
289531
289536
289539
289542
289548
289548
289551
289554
289556
289565
289574
289585
289589
289595
289598
289598
289604
289606
289611
289612
289630
289630
289633
289652
289659
289667
289668
289671
289672
289673
289675
289681
289691
289696
289713
289714
289719
289732
289735
289738
289739
289751
289751
289758
289763
289771
289776
289776
289778
289786
289796
289798
289810
289812
289815
289815
289822
289826
289826
289845
289849
289865
289874
289883
289884
289886
289897
289898
289902
289907
289909
289909
289922
289923
289923
289931
289956
289961
289963
289973
289976
289983
289990
289992
289993
290007
290012
290017
290022
290027
290028
290029
290046
290056
290060
290072
290088
290092
290098
290099
290104
290105
290117
290118
290118
290120
290122
290125
290143
290153
290153
290162
290164
290176
290186
290187
290188
290192
290197
290201
290212
290213
290215
290217
290235
290241
290244
290244
290245
290245
290255
290259
290260
290264
290272
290275
290281
290283
290295
290295
290305
290310
290318
290318
290319
290323
290323
290326
290327
290328
290355
290361
290365
290378
290381
290381
290382
290385
290389
290392
290395
290400
290406
290408
290414
290416
290418
290422
290423
290430
290432
290440
290441
290452
290459
290466
290479
290481
290485
290487
290494
290494
290500
290502
290506
290518
290521
290523
290528
290531
290537
290555
290567
290581
290593
290599
290606
290610
290617
290645
290653
290665
290669
290673
290674
290674
290676
290678
290691
290693
290694
290694
290696
290699
290699
290710
290711
290711
290715
290717
290721
290726
290735
290746
290751
290755
290758
290760
290763
290777
290779
290781
290788
290800
290812
290813
290818
290824
290827
290830
290836
290854
290857
290876
290881
290883
290885
290902
290904
290909
290918
290919
290920
290928
290935
290945
290946
290946
290947
290950
290951
290955
290964
290966
290969
290976
290981
290984
290987
290992
291006
291014
291017
291018
291021
291022
291028
291049
291053
291055
291059
291063
291067
291068
291069
291075
291087
291091
291092
291099
291101
291106
291110
291120
291125
291142
291145
291165
291166
291167
291169
291170
291171
291181
291189
291191
291192
291211
291217
291225
291231
291236
291240
291245
291256
291266
291266
291280
291283
291283
291283
291284
291295
291295
291299
291309
291312
291313
291314
291314
291322
291326
291341
291356
291362
291373
291380
291388
291404
291419
291427
291431
291431
291438
291444
291447
291447
291448
291452
291454
291458
291461
291462
291470
291471
291472
291472
291474
291474
291475
291476
291476
291478
291482
291485
291487
291494
291495
291504
291510
291517
291526
291540
291546
291556
291558
291563
291572
291582
291584
291585
291588
291594
291595
291595
291596
291596
291596
291606
291608
291645
291647
291655
291663
291666
291668
291676
291685
291685
291692
291693
291695
291700
291700
291706
291710
291710
291716
291724
291724
291729
291740
291759
291760
291777
291785
291791
291797
291800
291822
291826
291832
291837
291843
291851
291859
291867
291868
291874
291876
291878
291880
291886
291886
291886
291890
291891
291896
291902
291904
291908
291910
291913
291914
291922
291925
291926
291927
291928
291939
291950
291951
291959
291963
291964
291985
291995
291998
292012
292013
292017
292020
292021
292023
292032
292050
292069
292071
292072
292074
292077
292088
292089
292092
292095
292100
292102
292104
292118
292129
292132
292133
292136
292141
292147
292160
292162
292165
292173
292175
292175
292176
292177
292184
292188
292189
292192
292194
292196
292198
292198
292207
292227
292227
292235
292236
292242
292248
292252
292254
292256
292259
292259
292261
292265
292265
292267
292277
292277
292279
292279
292280
292281
292285
292289
292293
292295
292299
292305
292311
292315
292319
292319
292328
292330
292348
292360
292361
292371
292371
292373
292378
292380
292389
292395
292405
292410
292410
292415
292417
292421
292435
292438
292438
292439
292442
292449
292450
292450
292463
292464
292466
292475
292480
292498
292507
292508
292518
292532
292540
292546
292561
292562
292563
292571
292571
292572
292573
292587
292592
292598
292611
292616
292617
292625
292628
292629
292633
292646
292650
292653
292669
292674
292678
292683
292690
292693
292697
292698
292701
292705
292707
292723
292729
292730
292736
292740
292742
292753
292756
292766
292767
292770
292778
292786
292790
292793
292797
292800
292802
292803
292805
292810
292821
292823
292824
292826
292829
292832
292835
292847
292851
292855
292872
292882
292890
292891
292896
292896
292898
292911
292915
292921
292922
292927
292929
292933
292937
292941
292945
292952
292958
292958
292963
292963
292964
292974
292979
292989
292998
293002
293008
293009
293012
293015
293017
293025
293042
293059
293068
293078
293095
293100
293102
293104
293106
293111
293116
293127
293131
293143
293144
293153
293155
293157
293159
293160
293161
293162
293162
293165
293169
293172
293175
293179
293192
293197
293197
293199
293202
293211
293220
293228
293228
293236
293255
293256
293258
293266
293271
293283
293296
293303
293307
293313
293315
293322
293326
293332
293332
293341
293350
293361
293364
293364
293369
293369
293370
293372
293374
293375
293376
293378
293384
293395
293396
293397
293398
293404
293409
293420
293425
293425
293426
293431
293432
293440
293441
293441
293442
293445
293448
293454
293457
293465
293471
293471
293477
293498
293499
293500
293502
293505
293505
293508
293512
293515
293517
293528
293530
293531
293551
293560
293566
293566
293568
293573
293580
293581
293583
293597
293597
293608
293613
293618
293619
293621
293622
293643
293649
293650
293650
293661
293669
293671
293675
293675
293680
293682
293683
293689
293693
293695
293703
293705
293710
293711
293720
293724
293728
293728
293729
293735
293741
293745
293745
293755
293756
293757
293766
293772
293775
293779
293788
293793
293800
293803
293808
293812
293815
293821
293822
293832
293833
293836
293844
293845
293856
293857
293861
293864
293880
293891
293897
293900
293901
293917
293917
293919
293922
293924
293924
293925
293926
293929
293931
293931
293931
293931
293932
293936
293936
293948
293954
293960
293963
293964
293966
293971
293972
293973
293983
293995
293997
294024
294042
294044
294051
294057
294057
294076
294076
294079
294083
294085
294086
294094
294097
294101
294101
294101
294103
294111
294113
294120
294121
294130
294131
294132
294135
294136
294137
294139
294149
294155
294157
294158
294159
294168
294170
294171
294182
294189
294191
294194
294206
294206
294213
294213
294217
294217
294221
294223
294227
294228
294229
294231
294236
294236
294237
294242
294248
294251
294251
294255
294260
294261
294275
294283
294291
294292
294306
294308
294309
294311
294314
294319
294321
294328
294329
294333
294335
294356
294360
294361
294363
294365
294373
294374
294374
294379
294382
294389
294391
294392
294394
294400
294403
294408
294409
294409
294409
294413
294416
294417
294418
294424
294432
294432
294435
294445
294448
294448
294454
294456
294457
294457
294459
294471
294476
294485
294488
294494
294498
294506
294507
294508
294521
294523
294544
294547
294552
294555
294557
294560
294561
294564
294566
294566
294567
294567
294568
294569
294570
294581
294586
294589
294589
294591
294592
294592
294596
294602
294603
294603
294605
294607
294610
294622
294626
294630
294635
294636
294637
294638
294642
294648
294651
294652
294661
294662
294669
294674
294696
294704
294705
294711
294713
294715
294718
294726
294727
294728
294729
294730
294733
294738
294744
294766
294773
294794
294799
294801
294804
294810
294811
294811
294812
294812
294813
294828
294843
294847
294850
294852
294852
294854
294857
294857
294858
294863
294863
294863
294870
294873
294876
294879
294880
294882
294884
294884
294888
294893
294907
294916
294919
294927
294930
294931
294937
294940
294948
294952
294953
294955
294961
294968
294979
294980
294989
294994
295003
295007
295007
295011
295014
295018
295023
295037
295040
295043
295050
295068
295076
295079
295082
295089
295090
295094
295096
295100
295101
295109
295110
295110
295111
295112
295115
295126
295128
295133
295142
295142
295144
295148
295150
295157
295158
295168
295175
295175
295176
295193
295195
295196
295202
295205
295208
295215
295218
295237
295238
295239
295256
295262
295265
295265
295278
295295
295296
295310
295318
295318
295320
295325
295326
295331
295338
295340
295346
295347
295347
295348
295349
295357
295358
295360
295366
295369
295377
295383
295388
295388
295390
295390
295408
295411
295411
295417
295433
295457
295462
295469
295469
295471
295481
295493
295503
295504
295505
295506
295514
295515
295520
295527
295529
295530
295531
295532
295532
295532
295539
295541
295546
295553
295561
295565
295570
295571
295580
295593
295599
295603
295605
295617
295619
295625
295633
295652
295654
295662
295666
295679
295693
295694
295700
295700
295700
295701
295705
295707
295707
295715
295717
295718
295725
295728
295730
295740
295746
295753
295763
295775
295779
295781
295785
295792
295797
295804
295808
295809
295811
295813
295818
295820
295826
295840
295844
295855
295858
295859
295861
295862
295863
295865
295871
295875
295886
295894
295895
295907
295916
295925
295926
295928
295929
295931
295943
295944
295946
295952
295958
295970
295978
295979
295979
296008
296009
296009
296010
296010
296010
296011
296028
296031
296042
296057
296057
296059
296063
296069
296073
296074
296080
296092
296097
296098
296106
296111
296112
296125
296125
296127
296131
296132
296133
296133
296135
296138
296142
296147
296148
296150
296158
296159
296164
296165
296172
296173
296174
296177
296187
296198
296199
296204
296208
296212
296221
296225
296226
296236
296240
296257
296264
296270
296275
296280
296281
296284
296284
296289
296293
296295
296315
296320
296327
296331
296333
296337
296337
296337
296342
296345
296346
296348
296356
296358
296363
296365
296369
296378
296390
296392
296398
296403
296405
296406
296411
296415
296416
296418
296430
296434
296448
296454
296457
296457
296458
296465
296478
296487
296492
296504
296507
296515
296520
296532
296540
296543
296544
296546
296553
296554
296554
296554
296565
296568
296569
296571
296578
296579
296580
296582
296593
296595
296600
296614
296615
296616
296620
296622
296628
296628
296628
296631
296635
296640
296641
296645
296645
296646
296647
296649
296652
296656
296672
296673
296676
296681
296684
296686
296694
296699
296709
296711
296712
296716
296723
296732
296740
296741
296744
296759
296760
296761
296762
296768
296769
296774
296777
296781
296783
296786
296804
296807
296809
296810
296811
296818
296825
296826
296841
296844
296847
296847
296854
296858
296860
296867
296872
296873
296875
296878
296883
296887
296893
296897
296899
296910
296912
296914
296920
296931
296939
296940
296952
296954
296966
296968
296972
296972
296975
296977
296981
296993
296993
296995
297000
297005
297008
297017
297025
297025
297030
297043
297046
297047
297049
297052
297056
297071
297075
297078
297082
297084
297085
297102
297104
297108
297115
297116
297118
297119
297128
297133
297136
297142
297147
297154
297159
297172
297176
297178
297182
297187
297192
297192
297192
297197
297200
297202
297206
297209
297212
297212
297214
297236
297241
297247
297276
297282
297286
297287
297299
297300
297309
297311
297312
297317
297321
297332
297334
297336
297347
297347
297357
297357
297359
297361
297366
297377
297379
297382
297387
297389
297401
297404
297406
297412
297419
297441
297452
297453
297454
297465
297466
297474
297478
297480
297489
297491
297502
297503
297504
297511
297514
297514
297519
297524
297536
297543
297547
297558
297563
297564
297570
297570
297573
297574
297587
297597
297602
297612
297619
297620
297625
297630
297635
297643
297644
297659
297659
297663
297665
297676
297687
297692
297693
297698
297710
297714
297715
297719
297722
297728
297740
297748
297759
297761
297767
297771
297771
297778
297799
297800
297840
297840
297841
297842
297866
297866
297871
297871
297874
297880
297896
297916
297919
297925
297930
297933
297939
297941
297942
297945
297947
297967
297969
297970
297975
297981
297996
297999
298003
298009
298024
298034
298039
298042
298049
298058
298060
298061
298069
298070
298079
298088
298088
298094
298095
298097
298100
298101
298106
298115
298116
298117
298123
298136
298138
298152
298155
298155
298159
298163
298166
298180
298182
298187
298191
298192
298194
298194
298200
298200
298202
298204
298210
298214
298217
298218
298220
298231
298231
298240
298241
298242
298246
298253
298254
298258
298272
298273
298283
298284
298290
298291
298291
298306
298312
298318
298320
298327
298334
298334
298334
298336
298340
298343
298345
298348
298349
298349
298352
298353
298369
298374
298377
298381
298393
298397
298412
298420
298425
298427
298432
298445
298446
298461
298473
298488
298499
298505
298506
298507
298516
298525
298538
298540
298544
298544
298556
298570
298579
298580
298581
298594
298595
298606
298606
298609
298612
298618
298618
298620
298625
298628
298647
298648
298653
298657
298665
298669
298672
298677
298683
298685
298696
298704
298705
298710
298717
298720
298721
298721
298725
298725
298726
298732
298736
298736
298739
298758
298767
298774
298777
298779
298784
298789
298791
298801
298804
298805
298809
298828
298829
298833
298845
298845
298847
298853
298862
298863
298868
298868
298871
298873
298880
298885
298892
298896
298898
298901
298908
298918
298919
298919
298919
298931
298935
298939
298944
298945
298951
298953
298959
298959
298968
298974
298985
298987
298992
298996
299007
299007
299011
299011
299012
299016
299020
299023
299028
299043
299045
299046
299061
299064
299066
299067
299077
299082
299086
299091
299091
299093
299104
299105
299118
299121
299127
299131
299131
299133
299138
299139
299143
299156
299166
299168
299169
299176
299180
299182
299187
299199
299200
299203
299207
299212
299229
299233
299234
299245
299246
299250
299251
299254
299258
299269
299273
299277
299280
299281
299281
299292
299294
299299
299300
299301
299312
299313
299317
299318
299329
299335
299336
299338
299351
299356
299364
299370
299375
299382
299383
299388
299390
299395
299398
299402
299405
299407
299423
299426
299430
299432
299434
299436
299440
299449
299453
299455
299471
299476
299477
299478
299483
299488
299489
299498
299504
299514
299522
299525
299527
299536
299538
299538
299541
299555
299566
299567
299569
299573
299576
299581
299586
299593
299607
299611
299614
299624
299627
299640
299641
299643
299648
299650
299668
299676
299679
299689
299690
299703
299706
299707
299710
299712
299712
299713
299731
299732
299744
299749
299749
299755
299766
299775
299779
299789
299789
299790
299811
299814
299814
299814
299816
299816
299817
299818
299823
299828
299830
299837
299840
299846
299860
299863
299865
299875
299876
299888
299892
299894
299900
299913
299918
299922
299928
299932
299933
299935
299939
299940
299945
299951
299951
299952
299954
299957
299960
299965
299965
299967
299979
299981
299985
299986
299992
299996
299997
299997
299999
300012
300014
300019
300021
300034
300035
300041
300045
300049
300053
300059
300069
300080
300082
300083
300085
300098
300100
300111
300120
300120
300120
300122
300123
300128
300133
300140
300141
300161
300162
300168
300176
300184
300185
300195
300215
300216
300216
300218
300226
300231
300244
300254
300258
300264
300267
300270
300274
300290
300295
300306
300308
300317
300318
300322
300335
300337
300337
300340
300343
300350
300351
300354
300363
300368
300373
300379
300385
300388
300393
300398
300405
300416
300419
300423
300428
300436
300438
300439
300442
300449
300458
300462
300467
300475
300478
300490
300500
300511
300536
300538
300546
300558
300560
300564
300572
300572
300577
300584
300589
300600
300605
300609
300610
300615
300623
300624
300626
300629
300629
300630
300634
300636
300637
300644
300645
300649
300651
300653
300659
300667
300674
300680
300682
300683
300687
300689
300691
300693
300695
300699
300703
300707
300708
300724
300727
300736
300745
300751
300761
300766
300770
300773
300778
300788
300791
300803
300806
300808
300810
300813
300814
300827
300836
300837
300839
300840
300841
300849
300855
300868
300869
300881
300892
300896
300896
300904
300904
300905
300912
300914
300916
300920
300926
300936
300938
300944
300947
300955
300955
300958
300959
300959
300975
300982
300989
301006
301008
301010
301013
301015
301016
301018
301019
301024
301026
301038
301041
301044
301051
301054
301065
301072
301074
301076
301087
301090
301094
301105
301110
301113
301114
301124
301130
301133
301136
301137
301144
301145
301147
301156
301156
301167
301177
301179
301180
301186
301186
301193
301193
301195
301198
301200
301200
301219
301221
301224
301226
301228
301230
301231
301240
301250
301264
301275
301276
301284
301285
301288
301291
301292
301294
301296
301303
301307
301308
301309
301312
301315
301315
301322
301323
301328
301328
301334
301336
301337
301347
301347
301347
301366
301372
301374
301378
301384
301387
301395
301401
301403
301405
301417
301429
301429
301446
301446
301450
301453
301454
301458
301462
301464
301466
301469
301470
301474
301478
301491
301492
301493
301497
301500
301501
301504
301506
301509
301520
301528
301536
301546
301548
301549
301554
301555
301566
301567
301586
301589
301592
301595
301597
301600
301601
301623
301633
301634
301642
301649
301657
301659
301661
301665
301667
301667
301670
301675
301683
301686
301698
301704
301706
301718
301723
301724
301745
301748
301749
301756
301758
301759
301759
301760
301783
301790
301794
301797
301810
301810
301813
301814
301815
301828
301840
301841
301852
301854
301857
301871
301887
301888
301891
301894
301896
301898
301898
301908
301916
301924
301933
301939
301943
301955
301958
301967
301977
301978
301986
301987
301989
301995
301996
302002
302009
302014
302017
302020
302031
302035
302055
302064
302069
302075
302078
302081
302083
302087
302093
302094
302098
302099
302108
302112
302120
302121
302125
302129
302136
302143
302161
302163
302178
302192
302195
302196
302198
302201
302210
302220
302222
302223
302223
302238
302258
302259
302265
302273
302274
302276
302277
302277
302279
302280
302292
302292
302303
302310
302312
302324
302324
302327
302329
302334
302336
302340
302350
302355
302364
302367
302395
302398
302400
302402
302404
302411
302417
302419
302427
302429
302438
302447
302455
302460
302461
302462
302464
302470
302476
302478
302481
302484
302485
302494
302495
302507
302507
302508
302511
302516
302520
302527
302533
302533
302563
302563
302565
302571
302581
302589
302591
302603
302605
302607
302608
302614
302617
302620
302634
302644
302651
302652
302655
302657
302665
302671
302672
302673
302688
302689
302691
302695
302696
302701
302712
302714
302720
302723
302730
302733
302735
302746
302747
302751
302761
302768
302770
302773
302776
302791
302796
302797
302799
302800
302804
302805
302809
302818
302825
302835
302837
302840
302842
302862
302865
302873
302879
302879
302880
302888
302899
302906
302909
302915
302920
302922
302929
302929
302934
302943
302950
302955
302965
302973
302981
302986
302987
302987
302992
302994
303005
303008
303014
303022
303023
303026
303028
303028
303029
303030
303034
303038
303038
303040
303057
303057
303058
303060
303070
303075
303078
303097
303099
303103
303104
303105
303105
303108
303110
303115
303132
303143
303145
303147
303158
303160
303161
303164
303164
303168
303177
303178
303189
303189
303200
303222
303230
303238
303241
303245
303246
303247
303248
303250
303270
303275
303282
303288
303288
303293
303295
303299
303303
303304
303311
303314
303315
303316
303328
303330
303331
303332
303342
303344
303350
303352
303354
303355
303365
303367
303387
303390
303391
303393
303395
303399
303406
303425
303439
303447
303453
303459
303474
303475
303484
303485
303487
303500
303503
303504
303508
303514
303514
303534
303538
303539
303549
303556
303572
303575
303595
303596
303601
303620
303625
303630
303631
303633
303637
303640
303649
303652
303664
303665
303666
303672
303676
303680
303690
303698
303709
303710
303727
303730
303736
303745
303756
303759
303759
303763
303776
303780
303781
303782
303784
303784
303785
303791
303798
303804
303813
303814
303818
303818
303819
303842
303844
303844
303844
303852
303853
303853
303861
303865
303869
303872
303877
303877
303879
303883
303891
303892
303895
303895
303900
303901
303904
303906
303909
303921
303940
303942
303943
303946
303949
303953
303953
303955
303956
303958
303958
303959
303960
303962
303965
303966
303974
303980
303981
303982
303983
303989
303991
303993
303994
303998
303999
304000
304010
304013
304017
304026
304040
304060
304074
304074
304074
304083
304092
304095
304096
304104
304109
304111
304112
304115
304115
304124
304126
304130
304136
304142
304159
304161
304163
304167
304171
304176
304204
304204
304212
304214
304219
304229
304234
304236
304237
304239
304245
304248
304261
304267
304268
304280
304284
304299
304316
304317
304320
304329
304332
304334
304335
304335
304349
304352
304363
304365
304367
304369
304369
304371
304371
304378
304379
304382
304401
304404
304409
304414
304415
304419
304423
304423
304431
304439
304439
304441
304453
304458
304468
304475
304477
304482
304484
304488
304494
304497
304499
304502
304510
304514
304516
304517
304532
304545
304548
304552
304552
304555
304558
304566
304571
304572
304581
304593
304603
304603
304609
304611
304616
304620
304628
304632
304641
304643
304648
304658
304660
304662
304663
304665
304665
304666
304672
304674
304675
304682
304682
304690
304691
304696
304697
304698
304702
304717
304719
304719
304720
304725
304741
304743
304746
304756
304761
304765
304773
304779
304780
304780
304780
304787
304798
304803
304806
304820
304826
304834
304841
304843
304855
304857
304863
304869
304881
304883
304890
304893
304907
304907
304916
304928
304929
304931
304933
304937
304938
304941
304946
304948
304950
304966
304974
304979
304980
304980
304988
304992
304997
305000
305001
305014
305020
305022
305027
305031
305042
305059
305065
305082
305084
305096
305101
305107
305114
305116
305120
305124
305126
305128
305132
305134
305149
305154
305171
305175
305190
305191
305202
305208
305208
305213
305216
305224
305224
305231
305234
305239
305242
305242
305265
305266
305277
305281
305285
305286
305287
305288
305292
305302
305308
305309
305317
305335
305341
305342
305345
305361
305365
305368
305374
305376
305377
305379
305389
305395
305404
305410
305413
305415
305415
305418
305422
305426
305437
305440
305442
305460
305465
305474
305478
305480
305483
305493
305498
305499
305500
305504
305514
305516
305531
305549
305551
305555
305556
305563
305569
305573
305576
305581
305585
305602
305603
305608
305616
305634
305637
305645
305649
305650
305650
305654
305657
305659
305660
305662
305662
305677
305678
305686
305687
305689
305693
305700
305719
305721
305728
305734
305735
305746
305750
305756
305756
305759
305760
305761
305763
305771
305773
305776
305781
305788
305793
305798
305799
305800
305813
305819
305826
305833
305841
305854
305856
305864
305864
305865
305874
305888
305889
305891
305894
305900
305923
305930
305931
305937
305940
305946
305946
305948
305951
305951
305954
305956
305956
305965
305968
305971
305975
305975
305976
305979
306001
306009
306030
306033
306033
306036
306040
306040
306040
306042
306048
306059
306064
306065
306067
306071
306076
306117
306117
306119
306121
306135
306135
306141
306145
306145
306149
306151
306161
306162
306167
306175
306189
306199
306213
306213
306215
306215
306216
306220
306220
306223
306224
306235
306239
306241
306243
306259
306259
306266
306269
306277
306279
306288
306293
306298
306303
306305
306318
306324
306324
306326
306330
306331
306337
306339
306342
306363
306364
306366
306368
306377
306378
306382
306396
306401
306403
306404
306408
306411
306415
306415
306419
306423
306428
306434
306452
306465
306466
306466
306473
306476
306482
306494
306497
306503
306503
306513
306515
306516
306521
306521
306522
306525
306527
306530
306542
306545
306548
306555
306556
306561
306563
306567
306576
306592
306593
306610
306613
306613
306625
306627
306629
306638
306641
306646
306654
306657
306675
306677
306697
306711
306723
306725
306727
306729
306737
306737
306739
306739
306742
306747
306755
306763
306785
306788
306793
306795
306797
306803
306811
306815
306815
306825
306831
306831
306845
306846
306869
306872
306882
306889
306891
306900
306905
306910
306911
306919
306923
306940
306941
306942
306942
306944
306949
306955
306956
306961
306978
306981
306982
306989
306994
306997
307006
307011
307015
307016
307028
307029
307030
307031
307031
307032
307035
307037
307048
307052
307053
307060
307068
307071
307084
307088
307089
307092
307095
307096
307098
307100
307109
307113
307113
307122
307126
307127
307130
307131
307134
307144
307147
307148
307153
307153
307157
307167
307173
307183
307184
307185
307188
307191
307193
307195
307196
307206
307207
307227
307229
307233
307238
307240
307241
307242
307248
307250
307257
307260
307261
307267
307271
307275
307283
307284
307285
307291
307291
307303
307307
307307
307313
307314
307315
307320
307326
307331
307333
307334
307343
307361
307363
307376
307377
307387
307388
307389
307394
307394
307397
307410
307424
307429
307433
307439
307453
307453
307454
307455
307465
307472
307473
307474
307475
307503
307504
307515
307519
307521
307530
307537
307546
307554
307557
307576
307576
307587
307589
307595
307600
307614
307619
307620
307621
307627
307630
307631
307633
307633
307637
307640
307645
307646
307657
307661
307664
307669
307675
307693
307700
307708
307712
307724
307727
307745
307749
307749
307755
307757
307757
307760
307764
307783
307786
307788
307793
307794
307804
307807
307808
307809
307813
307817
307818
307823
307827
307832
307852
307855
307858
307860
307877
307878
307881
307882
307884
307893
307896
307912
307916
307918
307928
307928
307932
307933
307934
307944
307945
307945
307945
307947
307953
307955
307960
307963
307963
307964
307978
307982
307985
307996
308002
308006
308010
308018
308022
308027
308032
308036
308036
308044
308049
308051
308056
308057
308061
308062
308069
308083
308086
308102
308104
308106
308110
308119
308125
308126
308126
308128
308129
308135
308142
308149
308157
308159
308159
308159
308166
308167
308180
308181
308183
308184
308198
308209
308216
308217
308221
308222
308230
308233
308233
308235
308239
308251
308256
308257
308261
308266
308268
308270
308275
308277
308284
308293
308304
308304
308313
308321
308323
308326
308331
308332
308333
308334
308337
308350
308355
308363
308369
308385
308405
308425
308429
308435
308438
308451
308468
308468
308475
308480
308482
308484
308489
308491
308502
308505
308513
308516
308516
308519
308519
308524
308526
308530
308532
308536
308541
308541
308543
308549
308550
308556
308563
308568
308579
308581
308583
308584
308589
308601
308603
308613
308614
308618
308622
308625
308627
308629
308631
308636
308643
308644
308645
308646
308647
308650
308652
308658
308665
308676
308678
308682
308683
308684
308696
308702
308705
308705
308706
308707
308707
308709
308715
308728
308728
308731
308731
308735
308737
308747
308750
308750
308755
308758
308761
308765
308769
308784
308788
308797
308800
308801
308809
308814
308819
308823
308828
308835
308836
308846
308848
308858
308877
308879
308879
308880
308883
308893
308905
308908
308909
308910
308910
308912
308913
308915
308924
308926
308947
308952
308954
308954
308958
308965
308979
308984
308995
309002
309009
309019
309023
309026
309034
309034
309045
309046
309050
309055
309059
309059
309064
309065
309066
309071
309073
309074
309076
309076
309076
309076
309078
309086
309090
309097
309097
309097
309109
309115
309119
309126
309133
309143
309144
309147
309147
309153
309163
309168
309172
309175
309179
309188
309199
309204
309208
309220
309222
309223
309232
309241
309245
309257
309267
309271
309292
309296
309312
309313
309314
309315
309318
309325
309325
309326
309327
309330
309334
309335
309346
309347
309350
309356
309362
309365
309368
309372
309380
309380
309389
309391
309394
309401
309411
309412
309414
309415
309416
309416
309418
309422
309433
309438
309441
309442
309443
309447
309448
309448
309460
309471
309481
309484
309487
309491
309495
309497
309498
309500
309504
309513
309522
309522
309533
309538
309538
309543
309544
309555
309557
309566
309573
309577
309581
309587
309592
309598
309600
309614
309616
309618
309622
309622
309627
309630
309647
309647
309650
309650
309653
309653
309657
309662
309662
309663
309669
309673
309685
309701
309703
309719
309720
309721
309726
309751
309753
309754
309754
309754
309755
309759
309766
309771
309773
309775
309784
309788
309788
309800
309803
309813
309816
309817
309817
309824
309824
309828
309829
309843
309848
309849
309853
309855
309860
309862
309867
309875
309878
309882
309882
309886
309892
309892
309894
309895
309905
309908
309917
309919
309923
309927
309933
309933
309935
309943
309951
309964
309965
309966
309968
309982
309983
309983
309986
309989
310007
310012
310013
310021
310024
310024
310024
310026
310034
310043
310045
310048
310050
310052
310053
310060
310070
310071
310106
310110
310111
310113
310114
310123
310136
310138
310138
310139
310140
310148
310148
310158
310162
310162
310173
310179
310190
310194
310194
310204
310210
310212
310214
310222
310222
310222
310240
310241
310252
310255
310267
310273
310277
310282
310288
310292
310307
310313
310314
310323
310324
310331
310331
310336
310337
310340
310346
310350
310359
310361
310366
310370
310375
310377
310378
310391
310402
310405
310412
310412
310426
310430
310433
310437
310438
310443
310445
310447
310453
310454
310461
310471
310478
310485
310489
310495
310503
310507
310508
310515
310522
310524
310530
310543
310554
310557
310560
310564
310573
310575
310576
310583
310594
310595
310605
310610
310610
310613
310616
310635
310637
310646
310650
310654
310657
310660
310660
310664
310666
310667
310668
310670
310673
310674
310683
310685
310690
310698
310701
310701
310706
310709
310711
310712
310722
310724
310733
310734
310739
310739
310744
310752
310757
310759
310760
310771
310773
310779
310784
310800
310804
310806
310807
310811
310812
310816
310816
310819
310822
310829
310832
310835
310839
310842
310856
310862
310863
310863
310869
310870
310875
310877
310886
310908
310912
310915
310918
310922
310922
310929
310939
310940
310946
310953
310954
310965
310970
310971
310978
310981
310982
310989
310990
310997
311001
311003
311013
311020
311024
311047
311049
311049
311051
311057
311059
311061
311066
311068
311071
311073
311081
311084
311090
311092
311094
311096
311104
311114
311121
311122
311141
311143
311143
311145
311149
311162
311168
311172
311200
311213
311215
311221
311228
311239
311247
311255
311278
311282
311301
311316
311321
311323
311324
311329
311331
311336
311341
311346
311346
311355
311359
311360
311378
311387
311387
311389
311393
311394
311397
311401
311406
311407
311408
311414
311414
311419
311423
311425
311425
311428
311434
311439
311454
311457
311469
311484
311484
311486
311490
311497
311503
311515
311525
311528
311529
311530
311542
311546
311553
311572
311574
311579
311584
311585
311590
311594
311599
311599
311605
311606
311614
311616
311617
311626
311627
311639
311666
311667
311669
311671
311674
311675
311675
311679
311686
311692
311694
311698
311704
311725
311729
311730
311732
311732
311736
311746
311748
311754
311760
311762
311772
311772
311783
311783
311786
311788
311798
311805
311805
311807
311812
311826
311827
311827
311827
311828
311830
311839
311844
311845
311852
311856
311862
311862
311862
311864
311878
311885
311888
311888
311890
311895
311895
311918
311919
311920
311933
311942
311943
311951
311961
311963
311967
311968
311973
311974
311981
311981
311996
312000
312003
312003
312011
312017
312025
312027
312030
312031
312046
312049
312052
312055
312057
312059
312062
312063
312065
312068
312071
312104
312106
312112
312113
312117
312118
312132
312143
312143
312145
312159
312167
312171
312181
312185
312192
312194
312196
312196
312204
312222
312231
312233
312237
312238
312246
312262
312263
312270
312274
312279
312293
312297
312301
312301
312302
312302
312302
312304
312309
312310
312310
312312
312313
312316
312317
312317
312319
312329
312336
312345
312354
312360
312365
312366
312381
312392
312392
312395
312409
312416
312417
312428
312430
312444
312452
312468
312468
312471
312473
312481
312486
312489
312505
312506
312507
312510
312516
312530
312532
312533
312543
312545
312547
312557
312562
312570
312575
312579
312595
312604
312605
312611
312619
312623
312625
312626
312631
312632
312646
312649
312651
312651
312651
312652
312653
312658
312660
312664
312668
312668
312682
312685
312694
312695
312700
312700
312702
312705
312710
312713
312713
312716
312716
312728
312735
312736
312738
312746
312752
312762
312767
312786
312786
312789
312790
312795
312796
312798
312801
312803
312805
312808
312811
312812
312816
312816
312817
312820
312823
312823
312832
312837
312845
312852
312852
312853
312859
312863
312867
312873
312878
312883
312885
312893
312897
312902
312912
312922
312930
312931
312948
312954
312956
312956
312960
312960
312966
312968
312971
312974
312978
312979
312985
312985
312988
312992
312993
312999
313000
313005
313006
313010
313012
313014
313020
313033
313034
313038
313047
313069
313072
313084
313092
313103
313113
313115
313118
313121
313121
313122
313126
313131
313133
313140
313146
313146
313152
313155
313157
313159
313159
313163
313165
313167
313174
313175
313181
313193
313195
313197
313202
313206
313225
313225
313226
313231
313237
313246
313252
313257
313262
313265
313267
313273
313283
313286
313288
313296
313304
313305
313306
313307
313311
313329
313343
313344
313344
313350
313350
313364
313367
313372
313373
313385
313391
313394
313396
313399
313400
313404
313405
313407
313410
313422
313422
313426
313427
313428
313432
313443
313447
313449
313450
313456
313459
313469
313475
313485
313487
313489
313492
313497
313498
313498
313500
313501
313502
313508
313508
313510
313510
313516
313525
313527
313529
313534
313552
313554
313558
313566
313594
313596
313602
313607
313613
313614
313621
313626
313629
313629
313630
313633
313634
313639
313643
313644
313645
313646
313656
313658
313664
313667
313668
313680
313682
313686
313686
313689
313690
313706
313720
313725
313727
313737
313739
313739
313741
313753
313760
313762
313765
313780
313782
313786
313788
313796
313797
313798
313802
313804
313812
313815
313819
313822
313825
313829
313838
313840
313848
313862
313869
313872
313874
313880
313880
313885
313893
313903
313904
313910
313914
313914
313927
313936
313938
313944
313946
313956
313965
313968
313976
313976
313979
313982
313984
313986
313993
313994
313995
313996
313998
314002
314006
314010
314012
314013
314026
314031
314043
314050
314053
314066
314073
314074
314080
314081
314084
314088
314089
314091
314100
314100
314106
314109
314121
314123
314124
314125
314128
314129
314130
314130
314132
314141
314149
314153
314154
314161
314163
314165
314171
314178
314188
314208
314208
314208
314210
314215
314220
314220
314227
314227
314228
314231
314233
314236
314237
314238
314246
314258
314259
314264
314265
314284
314289
314291
314291
314295
314296
314304
314305
314308
314310
314315
314317
314324
314329
314329
314342
314348
314349
314359
314363
314387
314390
314392
314392
314394
314406
314407
314412
314415
314415
314419
314423
314424
314430
314434
314447
314447
314449
314453
314460
314460
314462
314462
314474
314478
314480
314483
314494
314505
314511
314537
314560
314561
314561
314569
314573
314578
314581
314587
314588
314589
314589
314593
314594
314599
314599
314600
314611
314612
314619
314621
314622
314628
314630
314632
314640
314646
314652
314656
314677
314677
314681
314681
314685
314695
314697
314700
314705
314707
314709
314711
314713
314714
314717
314718
314722
314727
314731
314734
314737
314739
314743
314743
314743
314746
314753
314757
314757
314768
314769
314779
314785
314786
314793
314797
314797
314801
314806
314811
314814
314816
314835
314842
314846
314857
314857
314860
314864
314884
314887
314889
314892
314897
314897
314898
314898
314898
314898
314899
314905
314905
314907
314910
314912
314921
314933
314934
314937
314939
314943
314947
314950
314961
314966
314974
314976
314981
314994
314995
314998
315002
315006
315021
315022
315024
315025
315029
315029
315043
315044
315044
315044
315045
315047
315048
315051
315051
315052
315057
315057
315071
315075
315075
315083
315083
315091
315105
315119
315122
315130
315144
315145
315146
315151
315157
315158
315158
315159
315166
315177
315178
315187
315189
315193
315193
315193
315198
315198
315200
315202
315215
315226
315237
315241
315248
315254
315257
315259
315269
315274
315281
315286
315291
315292
315294
315295
315302
315307
315314
315317
315320
315325
315330
315336
315337
315338
315351
315352
315362
315363
315364
315366
315375
315377
315379
315380
315384
315386
315390
315393
315395
315400
315400
315402
315406
315407
315414
315420
315426
315432
315435
315437
315438
315438
315444
315449
315449
315455
315463
315472
315484
315490
315499
315501
315506
315507
315519
315519
315521
315524
315525
315525
315527
315536
315555
315560
315561
315563
315567
315574
315579
315584
315590
315593
315595
315595
315603
315609
315611
315611
315612
315612
315614
315615
315616
315622
315626
315627
315628
315630
315638
315648
315650
315656
315659
315660
315662
315681
315683
315690
315692
315694
315697
315700
315701
315710
315721
315724
315727
315730
315735
315754
315757
315758
315761
315762
315769
315772
315779
315781
315781
315782
315786
315788
315789
315789
315792
315793
315804
315810
315815
315816
315816
315829
315832
315840
315840
315844
315849
315849
315864
315870
315871
315876
315876
315880
315881
315883
315885
315891
315903
315909
315910
315915
315918
315918
315921
315923
315924
315928
315931
315932
315936
315938
315940
315945
315946
315952
315957
315962
315966
315972
315973
315975
315977
315978
315978
315978
315984
315984
315988
315991
315991
316001
316001
316011
316017
316021
316026
316027
316030
316038
316039
316047
316048
316056
316063
316065
316071
316077
316080
316089
316098
316108
316109
316109
316119
316122
316126
316129
316132
316157
316161
316163
316168
316181
316183
316187
316194
316201
316203
316205
316224
316231
316231
316234
316236
316249
316253
316254
316263
316277
316281
316291
316292
316297
316301
316302
316322
316327
316327
316332
316337
316337
316343
316344
316346
316350
316355
316362
316367
316368
316369
316370
316371
316374
316377
316378
316385
316391
316393
316401
316404
316415
316417
316418
316420
316420
316421
316422
316425
316426
316428
316429
316430
316436
316436
316438
316440
316444
316444
316447
316451
316453
316459
316460
316471
316472
316473
316476
316497
316508
316512
316526
316530
316537
316538
316538
316538
316540
316541
316550
316551
316553
316555
316556
316557
316558
316559
316560
316562
316564
316569
316575
316581
316584
316590
316611
316616
316617
316619
316626
316629
316630
316635
316644
316648
316652
316658
316663
316665
316665
316667
316670
316672
316673
316690
316692
316703
316705
316713
316722
316738
316749
316753
316758
316759
316761
316765
316766
316768
316769
316775
316775
316777
316791
316801
316803
316803
316804
316804
316808
316812
316813
316831
316837
316850
316852
316853
316854
316855
316856
316858
316876
316876
316879
316885
316887
316901
316904
316924
316930
316933
316940
316941
316954
316956
316957
316970
316972
316974
316979
316985
316988
316989
317000
317002
317007
317025
317027
317029
317029
317041
317042
317043
317045
317058
317069
317075
317077
317080
317081
317086
317090
317094
317098
317115
317124
317126
317129
317130
317137
317148
317152
317157
317160
317162
317164
317166
317173
317180
317189
317190
317197
317199
317214
317223
317223
317233
317246
317249
317251
317252
317252
317267
317274
317280
317282
317290
317292
317292
317293
317294
317301
317301
317334
317338
317340
317341
317345
317346
317348
317353
317354
317354
317363
317363
317366
317367
317383
317384
317391
317396
317404
317415
317424
317424
317425
317426
317440
317440
317446
317448
317449
317458
317460
317462
317472
317474
317478
317483
317484
317493
317500
317500
317513
317513
317516
317522
317528
317534
317545
317548
317553
317566
317577
317577
317579
317580
317581
317583
317589
317601
317602
317604
317606
317607
317612
317613
317638
317638
317641
317642
317643
317645
317651
317652
317660
317662
317664
317665
317666
317668
317676
317687
317689
317692
317700
317700
317707
317712
317713
317713
317717
317719
317730
317731
317741
317746
317758
317767
317768
317770
317774
317782
317785
317789
317789
317790
317791
317793
317795
317795
317798
317807
317809
317811
317814
317823
317825
317838
317839
317841
317856
317865
317865
317866
317875
317875
317875
317888
317899
317900
317910
317910
317911
317935
317936
317959
317968
317969
317969
317970
317970
317974
317977
317979
317984
317984
317987
317993
317994
318003
318008
318024
318027
318027
318029
318029
318032
318035
318037
318037
318038
318041
318049
318050
318052
318053
318057
318061
318073
318079
318080
318083
318096
318097
318100
318108
318111
318113
318116
318118
318122
318123
318127
318132
318133
318134
318144
318144
318146
318146
318158
318164
318177
318178
318190
318194
318196
318209
318226
318246
318249
318250
318269
318270
318270
318272
318274
318274
318279
318281
318282
318283
318287
318297
318299
318301
318309
318325
318332
318333
318339
318341
318349
318352
318354
318357
318364
318368
318373
318378
318384
318388
318397
318401
318403
318405
318405
318407
318408
318411
318424
318427
318429
318435
318437
318441
318442
318446
318446
318450
318453
318455
318456
318463
318464
318465
318471
318479
318483
318485
318487
318487
318488
318498
318499
318506
318515
318518
318521
318525
318532
318533
318536
318537
318544
318551
318557
318560
318563
318564
318565
318570
318577
318579
318581
318586
318599
318603
318606
318612
318614
318615
318622
318634
318639
318642
318644
318653
318660
318662
318667
318670
318672
318673
318699
318699
318704
318706
318707
318709
318714
318719
318724
318726
318730
318732
318733
318747
318749
318750
318752
318753
318756
318757
318770
318772
318779
318781
318782
318787
318798
318798
318807
318817
318822
318823
318835
318845
318855
318857
318859
318860
318861
318864
318870
318871
318874
318877
318878
318898
318912
318918
318930
318931
318936
318945
318946
318946
318950
318952
318954
318958
318958
318959
318961
318962
318974
318981
318983
318992
319001
319007
319017
319018
319021
319028
319031
319034
319035
319035
319041
319042
319046
319050
319051
319052
319053
319062
319063
319068
319094
319096
319096
319103
319105
319115
319123
319127
319127
319131
319133
319137
319143
319156
319157
319160
319164
319166
319167
319171
319173
319183
319183
319185
319188
319190
319198
319199
319201
319202
319218
319223
319227
319242
319252
319252
319253
319255
319258
319258
319259
319275
319282
319309
319313
319318
319323
319325
319325
319325
319325
319327
319333
319336
319343
319345
319348
319352
319354
319367
319369
319375
319379
319381
319386
319392
319412
319414
319415
319421
319421
319425
319425
319428
319444
319448
319455
319460
319463
319465
319473
319474
319479
319486
319494
319498
319511
319519
319529
319536
319547
319548
319553
319559
319561
319564
319574
319576
319576
319579
319584
319589
319596
319602
319606
319608
319608
319610
319612
319615
319634
319635
319636
319658
319660
319664
319667
319679
319689
319690
319704
319705
319710
319716
319722
319730
319731
319733
319735
319736
319739
319740
319743
319746
319749
319752
319753
319757
319779
319780
319816
319820
319823
319823
319824
319826
319833
319835
319835
319849
319851
319857
319857
319860
319862
319862
319864
319868
319876
319876
319877
319882
319886
319889
319890
319895
319895
319897
319912
319913
319915
319919
319924
319927
319934
319938
319946
319951
319953
319960
319977
319978
319984
319985
319990
319994
319995
320002
320006
320012
320014
320019
320024
320029
320034
320035
320041
320043
320044
320045
320047
320052
320053
320057
320069
320070
320070
320073
320074
320088
320098
320107
320118
320119
320133
320133
320134
320135
320137
320138
320138
320139
320148
320148
320152
320154
320154
320157
320164
320168
320182
320182
320192
320202
320203
320233
320234
320249
320250
320256
320265
320268
320269
320276
320280
320280
320290
320295
320296
320296
320300
320301
320303
320308
320308
320310
320320
320328
320346
320348
320359
320365
320366
320389
320395
320398
320409
320410
320413
320422
320425
320434
320437
320442
320445
320450
320452
320455
320460
320464
320469
320473
320495
320495
320499
320499
320499
320503
320515
320516
320534
320534
320542
320550
320559
320565
320568
320569
320570
320575
320575
320582
320583
320589
320591
320592
320596
320596
320601
320602
320618
320619
320620
320627
320628
320638
320639
320643
320647
320650
320651
320653
320657
320662
320663
320665
320667
320669
320670
320681
320685
320697
320699
320699
320701
320705
320714
320714
320715
320722
320728
320729
320732
320735
320740
320744
320744
320748
320757
320758
320774
320783
320789
320790
320799
320803
320806
320811
320817
320819
320828
320830
320832
320832
320840
320844
320856
320863
320869
320872
320874
320889
320895
320895
320904
320905
320913
320922
320924
320930
320949
320959
320961
320962
320962
320964
320974
320999
321006
321022
321022
321022
321027
321030
321033
321033
321038
321055
321058
321059
321063
321065
321068
321073
321077
321085
321097
321109
321126
321128
321133
321142
321143
321143
321145
321154
321161
321169
321171
321172
321174
321185
321192
321192
321199
321216
321220
321221
321225
321226
321228
321228
321232
321234
321234
321244
321250
321250
321253
321254
321255
321259
321261
321265
321267
321275
321275
321277
321277
321299
321301
321302
321306
321311
321316
321352
321354
321357
321367
321372
321375
321379
321390
321392
321399
321404
321408
321414
321427
321434
321435
321471
321474
321480
321493
321494
321498
321498
321501
321503
321505
321514
321523
321530
321545
321547
321547
321550
321558
321561
321572
321574
321577
321580
321584
321585
321585
321585
321589
321590
321602
321614
321615
321632
321634
321636
321643
321644
321648
321650
321655
321656
321661
321662
321664
321666
321678
321691
321701
321704
321710
321711
321713
321717
321722
321731
321734
321735
321740
321742
321747
321752
321753
321756
321758
321759
321762
321764
321773
321776
321781
321783
321794
321796
321803
321804
321810
321812
321813
321817
321819
321821
321831
321843
321845
321846
321850
321851
321854
321854
321855
321859
321860
321862
321865
321865
321867
321874
321876
321879
321879
321883
321885
321887
321894
321900
321906
321910
321911
321923
321932
321932
321934
321939
321942
321952
321962
321967
321973
321975
321978
321978
321983
321999
321999
322000
322010
322019
322019
322022
322028
322044
322046
322047
322047
322053
322063
322074
322075
322075
322079
322087
322089
322100
322108
322111
322117
322119
322123
322134
322139
322140
322146
322154
322154
322157
322162
322168
322169
322171
322174
322177
322182
322183
322187
322187
322193
322193
322197
322199
322205
322206
322206
322207
322210
322212
322218
322222
322222
322223
322233
322235
322242
322252
322254
322258
322266
322275
322276
322278
322280
322293
322305
322308
322315
322323
322325
322326
322328
322329
322333
322344
322348
322354
322354
322360
322360
322362
322369
322369
322373
322373
322374
322379
322385
322385
322387
322389
322392
322392
322393
322407
322408
322420
322433
322438
322438
322441
322446
322447
322456
322459
322462
322464
322465
322473
322483
322497
322502
322504
322505
322511
322513
322531
322532
322538
322538
322544
322544
322545
322548
322549
322551
322553
322554
322557
322561
322563
322564
322570
322571
322576
322582
322582
322606
322608
322627
322635
322636
322639
322651
322655
322668
322669
322669
322675
322676
322678
322700
322700
322701
322706
322706
322715
322719
322724
322726
322728
322730
322732
322751
322761
322765
322765
322771
322783
322784
322796
322802
322808
322820
322821
322826
322846
322852
322852
322854
322857
322860
322862
322864
322869
322870
322879
322886
322887
322888
322889
322895
322898
322901
322903
322903
322904
322914
322916
322923
322932
322936
322937
322940
322945
322947
322947
322953
322954
322956
322957
322969
322972
322980
322985
322990
322997
323002
323005
323007
323008
323010
323012
323017
323023
323030
323032
323042
323044
323056
323056
323061
323079
323080
323082
323089
323105
323112
323128
323138
323144
323148
323151
323156
323164
323176
323187
323190
323196
323210
323210
323221
323223
323232
323236
323238
323239
323239
323247
323248
323259
323260
323265
323266
323281
323288
323289
323292
323293
323298
323302
323302
323304
323308
323309
323310
323315
323319
323319
323333
323335
323338
323345
323345
323348
323349
323352
323354
323356
323358
323360
323362
323369
323372
323373
323384
323397
323400
323402
323405
323406
323408
323409
323420
323436
323438
323440
323453
323462
323467
323473
323491
323502
323504
323511
323513
323515
323523
323525
323531
323533
323535
323549
323549
323552
323552
323554
323561
323561
323564
323571
323572
323573
323575
323580
323583
323587
323592
323594
323606
323611
323615
323619
323620
323621
323625
323625
323639
323647
323651
323658
323662
323662
323664
323670
323675
323688
323690
323692
323696
323700
323710
323720
323721
323736
323738
323747
323749
323763
323765
323767
323767
323776
323788
323793
323798
323802
323804
323808
323810
323822
323823
323838
323849
323852
323856
323862
323877
323880
323882
323891
323891
323895
323900
323903
323904
323910
323910
323918
323934
323937
323952
323969
323970
323972
323979
323981
323981
323993
324009
324019
324053
324056
324057
324058
324059
324060
324064
324064
324084
324086
324092
324093
324096
324104
324106
324106
324110
324112
324112
324113
324114
324115
324119
324121
324125
324129
324142
324143
324144
324149
324150
324157
324168
324170
324175
324175
324175
324177
324184
324185
324191
324197
324202
324208
324219
324220
324228
324231
324238
324246
324250
324258
324259
324261
324262
324263
324274
324276
324282
324284
324291
324294
324294
324298
324324
324325
324331
324336
324340
324341
324342
324343
324358
324369
324369
324372
324379
324381
324388
324390
324392
324405
324409
324418
324420
324421
324421
324421
324424
324427
324432
324432
324439
324440
324443
324445
324447
324450
324451
324463
324470
324471
324474
324479
324482
324482
324488
324491
324494
324499
324521
324521
324529
324535
324535
324537
324550
324553
324554
324567
324573
324574
324581
324581
324582
324586
324591
324594
324596
324598
324600
324605
324608
324613
324615
324616
324621
324622
324627
324630
324637
324643
324652
324655
324656
324660
324669
324673
324679
324684
324687
324693
324694
324698
324701
324704
324706
324709
324717
324717
324717
324718
324722
324727
324730
324744
324747
324747
324749
324751
324755
324758
324761
324765
324771
324775
324780
324785
324789
324792
324793
324799
324800
324800
324803
324805
324805
324806
324807
324812
324814
324814
324823
324825
324826
324827
324827
324829
324832
324843
324854
324862
324862
324865
324868
324869
324889
324890
324895
324899
324902
324912
324934
324942
324942
324945
324945
324946
324946
324954
324956
324956
324958
324970
324975
324975
324976
324980
324981
324989
324989
324993
324993
324993
324995
325010
325010
325011
325030
325032
325039
325043
325050
325059
325059
325059
325063
325064
325071
325075
325079
325082
325084
325087
325088
325090
325106
325114
325118
325126
325128
325128
325129
325131
325134
325138
325139
325163
325173
325175
325178
325180
325180
325192
325193
325195
325198
325201
325203
325217
325221
325224
325227
325237
325238
325240
325250
325250
325263
325265
325273
325276
325276
325277
325279
325281
325298
325298
325301
325309
325315
325319
325319
325322
325323
325336
325336
325337
325337
325338
325338
325343
325343
325347
325357
325369
325369
325370
325376
325384
325386
325389
325397
325398
325400
325404
325408
325411
325417
325417
325421
325422
325435
325436
325455
325456
325462
325463
325465
325469
325471
325475
325478
325479
325483
325493
325495
325497
325504
325505
325508
325510
325512
325515
325530
325531
325534
325540
325543
325547
325548
325550
325572
325573
325573
325586
325607
325621
325622
325626
325636
325642
325648
325651
325662
325669
325678
325699
325702
325703
325703
325707
325711
325713
325716
325719
325728
325730
325737
325738
325740
325741
325743
325753
325754
325756
325756
325760
325762
325769
325769
325770
325773
325774
325775
325776
325780
325782
325785
325785
325788
325788
325793
325795
325799
325809
325811
325813
325814
325814
325814
325814
325821
325822
325823
325825
325830
325839
325840
325843
325845
325863
325871
325880
325882
325891
325892
325893
325895
325899
325900
325901
325911
325912
325913
325914
325919
325920
325921
325926
325928
325929
325945
325945
325947
325954
325959
325960
325968
325972
325975
325975
325976
325980
325983
325988
325998
326008
326014
326024
326027
326036
326038
326042
326048
326064
326066
326073
326075
326083
326092
326095
326106
326111
326117
326117
326125
326133
326138
326143
326147
326151
326164
326164
326167
326177
326179
326184
326191
326193
326206
326207
326225
326238
326242
326251
326252
326259
326262
326263
326264
326267
326273
326290
326293
326294
326300
326303
326333
326337
326338
326343
326344
326345
326354
326355
326359
326370
326373
326375
326380
326395
326414
326416
326417
326426
326429
326431
326432
326436
326438
326447
326449
326458
326465
326467
326468
326470
326470
326472
326474
326479
326480
326484
326484
326485
326491
326493
326494
326504
326509
326513
326519
326527
326532
326535
326539
326542
326549
326555
326563
326572
326586
326588
326595
326597
326601
326608
326609
326614
326626
326637
326638
326641
326647
326649
326657
326660
326662
326674
326676
326678
326687
326689
326696
326697
326697
326699
326707
326708
326712
326712
326714
326730
326734
326738
326739
326740
326742
326743
326747
326747
326749
326756
326757
326759
326762
326768
326768
326773
326791
326791
326802
326802
326811
326817
326819
326829
326833
326843
326857
326860
326862
326864
326868
326872
326874
326875
326878
326883
326888
326891
326892
326895
326898
326903
326904
326907
326908
326910
326912
326915
326922
326935
326940
326946
326948
326952
326956
326958
326962
326962
326968
326971
326973
326973
326976
326977
326987
327002
327007
327014
327016
327017
327018
327018
327038
327047
327051
327058
327059
327063
327075
327081
327083
327085
327087
327096
327103
327103
327106
327109
327113
327115
327117
327119
327129
327134
327134
327139
327139
327140
327146
327148
327149
327150
327153
327163
327168
327169
327172
327179
327200
327213
327220
327221
327224
327225
327238
327243
327247
327271
327277
327277
327282
327292
327301
327304
327307
327310
327316
327322
327340
327350
327351
327352
327353
327362
327364
327367
327368
327370
327370
327373
327380
327385
327385
327400
327402
327408
327415
327423
327424
327430
327430
327440
327444
327451
327462
327463
327469
327476
327481
327483
327492
327501
327502
327506
327510
327511
327514
327517
327531
327543
327547
327550
327550
327552
327553
327556
327565
327567
327573
327575
327581
327586
327592
327595
327598
327612
327616
327617
327619
327626
327632
327634
327638
327638
327643
327646
327648
327648
327659
327663
327665
327668
327674
327678
327678
327679
327681
327683
327689
327690
327691
327692
327693
327695
327697
327703
327705
327714
327721
327725
327735
327737
327747
327751
327769
327769
327773
327784
327789
327792
327793
327806
327808
327811
327812
327816
327830
327831
327836
327846
327850
327852
327853
327857
327860
327862
327865
327865
327868
327872
327875
327876
327879
327894
327894
327901
327901
327902
327903
327903
327910
327912
327915
327919
327919
327921
327928
327929
327931
327934
327935
327938
327942
327950
327952
327955
327955
327962
327964
327971
327971
327980
327982
327982
327997
328009
328012
328014
328020
328021
328025
328032
328032
328038
328039
328040
328041
328049
328051
328057
328058
328063
328064
328070
328073
328080
328082
328087
328095
328100
328100
328102
328104
328107
328124
328130
328131
328141
328141
328159
328160
328160
328160
328166
328173
328178
328178
328187
328192
328205
328206
328214
328220
328222
328225
328226
328227
328234
328237
328251
328252
328258
328260
328262
328262
328264
328270
328270
328271
328272
328276
328280
328290
328302
328305
328310
328310
328315
328330
328332
328335
328340
328345
328349
328362
328364
328368
328371
328375
328387
328389
328391
328399
328400
328403
328405
328406
328407
328409
328412
328420
328422
328423
328427
328431
328433
328435
328438
328439
328443
328444
328452
328457
328458
328468
328470
328478
328483
328483
328486
328487
328489
328499
328504
328517
328521
328532
328533
328538
328538
328540
328554
328559
328565
328565
328568
328580
328589
328590
328597
328614
328627
328636
328640
328642
328646
328650
328671
328672
328675
328675
328675
328675
328680
328681
328686
328688
328688
328696
328699
328703
328704
328713
328716
328725
328728
328728
328731
328732
328733
328744
328747
328747
328748
328751
328751
328758
328762
328764
328767
328768
328769
328771
328771
328780
328781
328783
328785
328795
328811
328824
328827
328839
328841
328844
328858
328862
328863
328869
328870
328874
328874
328876
328881
328884
328892
328892
328900
328901
328902
328904
328918
328920
328929
328939
328939
328951
328954
328961
328978
328983
328983
328991
328995
328997
329003
329020
329023
329024
329031
329032
329033
329034
329041
329043
329045
329052
329053
329068
329070
329073
329077
329082
329082
329093
329100
329118
329123
329142
329149
329155
329170
329172
329186
329188
329189
329191
329196
329201
329211
329223
329223
329226
329226
329236
329239
329253
329254
329256
329264
329266
329266
329269
329269
329279
329282
329304
329307
329308
329314
329316
329320
329320
329322
329330
329330
329347
329354
329354
329357
329358
329360
329363
329392
329413
329414
329415
329432
329437
329441
329449
329449
329449
329454
329455
329457
329462
329464
329467
329476
329482
329482
329483
329484
329488
329490
329490
329493
329496
329514
329514
329515
329515
329522
329527
329534
329541
329545
329556
329559
329562
329563
329568
329571
329572
329588
329588
329592
329597
329599
329610
329618
329629
329630
329639
329653
329656
329672
329689
329693
329702
329705
329707
329707
329710
329720
329728
329728
329738
329738
329741
329757
329764
329771
329772
329789
329793
329795
329796
329798
329803
329809
329834
329834
329852
329854
329856
329856
329859
329864
329874
329874
329875
329879
329883
329900
329901
329901
329911
329911
329919
329923
329924
329927
329941
329954
329954
329975
329977
329978
329978
329986
329986
329987
330000
330004
330006
330007
330011
330022
330022
330025
330027
330027
330032
330034
330036
330036
330045
330047
330050
330057
330074
330077
330088
330091
330103
330105
330109
330120
330121
330127
330130
330131
330132
330155
330163
330166
330169
330171
330174
330177
330179
330185
330193
330201
330218
330221
330223
330226
330228
330235
330235
330246
330252
330252
330255
330255
330260
330261
330267
330268
330269
330272
330272
330273
330274
330274
330276
330277
330277
330285
330289
330290
330293
330293
330295
330302
330303
330304
330314
330334
330341
330347
330352
330352
330357
330361
330363
330376
330387
330394
330412
330414
330414
330415
330415
330416
330418
330421
330422
330427
330428
330431
330433
330442
330442
330444
330445
330446
330450
330452
330454
330458
330467
330479
330480
330485
330500
330506
330517
330518
330521
330542
330547
330548
330549
330556
330557
330560
330564
330566
330566
330574
330574
330583
330584
330589
330598
330599
330607
330609
330611
330615
330615
330625
330627
330627
330633
330635
330637
330639
330640
330641
330642
330646
330649
330656
330660
330664
330666
330673
330676
330682
330684
330692
330694
330697
330698
330708
330714
330717
330734
330739
330740
330742
330742
330758
330762
330765
330768
330775
330777
330780
330790
330798
330804
330808
330816
330822
330828
330829
330837
330841
330841
330863
330865
330867
330869
330869
330873
330881
330883
330885
330888
330894
330897
330916
330917
330924
330926
330935
330936
330944
330957
330962
330962
330965
330976
330983
330984
330985
330995
330996
331000
331000
331006
331010
331014
331019
331022
331026
331040
331042
331051
331062
331079
331084
331092
331113
331119
331125
331130
331133
331133
331147
331152
331155
331155
331174
331176
331182
331185
331195
331200
331207
331217
331218
331228
331229
331230
331232
331237
331239
331245
331246
331256
331256
331257
331263
331278
331281
331286
331296
331302
331311
331311
331320
331322
331326
331334
331358
331360
331361
331366
331366
331367
331369
331373
331376
331377
331386
331386
331400
331403
331412
331413
331413
331423
331426
331428
331435
331439
331445
331447
331451
331452
331455
331456
331460
331465
331469
331473
331478
331488
331499
331510
331514
331518
331519
331530
331531
331542
331558
331558
331564
331568
331576
331582
331587
331589
331622
331632
331637
331640
331641
331644
331657
331662
331665
331666
331675
331677
331680
331683
331685
331694
331698
331701
331707
331714
331719
331719
331730
331732
331736
331748
331775
331785
331787
331794
331799
331816
331821
331828
331829
331829
331835
331843
331850
331854
331859
331863
331864
331878
331878
331882
331888
331910
331914
331918
331922
331931
331932
331934
331950
331954
331954
331959
331973
331973
331976
331976
331993
332003
332021
332027
332029
332036
332038
332041
332045
332053
332072
332078
332081
332096
332098
332102
332114
332118
332119
332126
332138
332143
332148
332152
332154
332154
332161
332174
332176
332177
332179
332183
332202
332206
332206
332207
332212
332218
332225
332225
332228
332237
332237
332238
332242
332248
332250
332251
332285
332288
332290
332295
332297
332299
332300
332308
332309
332313
332315
332326
332339
332352
332352
332353
332359
332362
332376
332378
332382
332388
332392
332393
332400
332401
332403
332406
332415
332421
332422
332427
332443
332459
332461
332461
332464
332465
332468
332470
332471
332481
332488
332494
332494
332498
332501
332519
332523
332525
332528
332534
332539
332541
332554
332583
332585
332589
332601
332605
332619
332623
332625
332633
332637
332641
332649
332651
332666
332672
332681
332697
332698
332700
332701
332706
332708
332715
332719
332721
332724
332725
332727
332731
332736
332741
332741
332744
332746
332748
332752
332752
332761
332776
332782
332791
332792
332793
332796
332796
332814
332816
332828
332830
332830
332836
332837
332857
332864
332871
332872
332881
332887
332889
332891
332891
332898
332907
332915
332921
332932
332939
332942
332951
332956
332956
332959
332959
332965
332966
332972
332979
332982
332982
332983
332991
332993
332996
332996
332997
333002
333004
333010
333013
333017
333025
333030
333034
333034
333043
333049
333056
333064
333068
333070
333071
333081
333081
333087
333097
333099
333100
333108
333111
333115
333125
333126
333133
333135
333135
333135
333152
333161
333166
333169
333169
333177
333179
333179
333184
333186
333213
333215
333218
333229
333247
333252
333253
333262
333262
333267
333276
333283
333285
333289
333289
333289
333293
333306
333331
333332
333340
333343
333343
333343
333343
333347
333348
333350
333353
333354
333356
333357
333370
333382
333386
333388
333389
333400
333401
333406
333406
333408
333416
333423
333431
333433
333444
333448
333448
333449
333450
333463
333478
333481
333484
333486
333487
333487
333497
333498
333500
333509
333509
333518
333518
333531
333547
333549
333550
333550
333564
333568
333571
333576
333578
333579
333587
333589
333589
333593
333596
333599
333605
333607
333609
333610
333613
333615
333616
333619
333622
333623
333624
333626
333650
333653
333659
333662
333666
333668
333672
333681
333691
333694
333699
333709
333719
333725
333726
333729
333729
333730
333741
333749
333755
333759
333764
333766
333776
333776
333779
333780
333780
333793
333798
333799
333799
333805
333808
333815
333822
333822
333830
333840
333845
333846
333867
333869
333878
333878
333895
333895
333900
333905
333910
333910
333912
333922
333924
333928
333930
333935
333942
333945
333949
333973
333987
333994
333998
333999
334000
334002
334005
334021
334032
334032
334049
334052
334057
334059
334059
334059
334059
334065
334068
334068
334077
334083
334095
334101
334111
334118
334122
334131
334148
334151
334153
334155
334159
334160
334161
334192
334206
334206
334208
334213
334214
334217
334219
334229
334234
334245
334248
334253
334259
334261
334263
334264
334266
334284
334284
334285
334287
334296
334298
334299
334318
334322
334330
334339
334341
334352
334353
334355
334359
334364
334364
334369
334389
334389
334394
334395
334397
334399
334409
334412
334443
334447
334451
334452
334462
334468
334484
334485
334490
334491
334493
334495
334504
334513
334513
334515
334520
334522
334526
334530
334532
334532
334535
334541
334546
334546
334547
334552
334566
334569
334576
334577
334580
334580
334580
334585
334592
334597
334603
334605
334606
334611
334614
334615
334630
334641
334641
334648
334650
334653
334655
334659
334662
334664
334667
334670
334673
334674
334675
334675
334676
334676
334682
334682
334688
334695
334709
334710
334711
334713
334718
334719
334723
334730
334736
334736
334736
334739
334739
334748
334752
334752
334758
334761
334774
334780
334782
334782
334783
334788
334791
334791
334802
334802
334818
334820
334822
334822
334827
334828
334832
334842
334845
334860
334864
334867
334879
334880
334905
334913
334925
334927
334930
334946
334949
334950
334957
334968
334987
334989
334990
334992
334998
335004
335008
335009
335009
335010
335014
335015
335024
335025
335044
335046
335047
335050
335063
335075
335087
335087
335094
335094
335099
335109
335117
335126
335126
335131
335131
335134
335150
335152
335157
335165
335168
335171
335172
335178
335180
335182
335189
335191
335197
335203
335210
335230
335231
335234
335234
335236
335242
335255
335273
335273
335276
335277
335279
335280
335285
335287
335291
335292
335296
335300
335306
335310
335316
335319
335326
335357
335358
335358
335365
335368
335399
335400
335406
335422
335429
335434
335434
335436
335438
335451
335453
335454
335462
335468
335475
335485
335485
335495
335507
335514
335518
335526
335528
335533
335539
335544
335562
335573
335577
335577
335588
335588
335591
335596
335612
335614
335615
335624
335626
335630
335652
335656
335659
335668
335669
335670
335677
335687
335688
335702
335705
335708
335709
335720
335722
335727
335728
335740
335743
335752
335757
335764
335765
335765
335766
335774
335782
335788
335808
335812
335814
335817
335817
335818
335821
335831
335847
335856
335858
335862
335863
335872
335877
335886
335890
335893
335896
335898
335903
335905
335912
335915
335916
335916
335922
335932
335934
335934
335934
335936
335950
335955
335959
335961
335974
335974
335975
335977
335983
335996
336001
336030
336030
336039
336045
336051
336052
336054
336060
336061
336063
336063
336064
336065
336068
336075
336076
336080
336084
336093
336094
336095
336107
336111
336113
336117
336125
336127
336129
336144
336148
336151
336152
336156
336164
336173
336182
336188
336207
336210
336216
336216
336224
336233
336234
336235
336236
336243
336247
336250
336256
336261
336271
336277
336278
336279
336283
336291
336292
336294
336297
336307
336308
336309
336316
336316
336316
336322
336323
336330
336334
336334
336343
336345
336347
336350
336351
336353
336355
336358
336360
336366
336375
336377
336379
336382
336388
336398
336405
336407
336408
336413
336423
336424
336427
336429
336431
336435
336437
336438
336444
336447
336462
336467
336470
336477
336479
336484
336493
336512
336529
336530
336530
336540
336549
336552
336555
336562
336567
336570
336572
336576
336577
336582
336584
336592
336598
336602
336607
336616
336627
336630
336632
336635
336636
336662
336667
336670
336676
336691
336698
336698
336699
336712
336713
336720
336721
336742
336746
336748
336751
336754
336759
336759
336766
336772
336778
336786
336790
336794
336807
336807
336809
336814
336823
336825
336826
336834
336835
336839
336843
336848
336851
336854
336856
336857
336858
336861
336862
336864
336868
336872
336880
336885
336886
336912
336917
336917
336920
336925
336926
336927
336930
336936
336941
336944
336945
336947
336948
336960
336972
336974
336974
336976
336987
336991
336993
337005
337008
337012
337024
337026
337038
337043
337044
337048
337049
337051
337055
337058
337066
337080
337082
337084
337085
337086
337095
337108
337111
337121
337137
337142
337144
337150
337154
337154
337155
337174
337185
337187
337189
337192
337197
337203
337203
337204
337209
337209
337210
337213
337216
337218
337220
337221
337222
337226
337227
337243
337244
337252
337254
337256
337256
337257
337264
337265
337267
337276
337276
337280
337280
337280
337282
337290
337293
337298
337300
337305
337305
337311
337320
337349
337350
337358
337362
337366
337368
337368
337371
337374
337376
337378
337379
337382
337386
337395
337400
337403
337416
337426
337431
337435
337435
337441
337459
337476
337484
337489
337491
337494
337497
337497
337517
337524
337524
337528
337533
337547
337551
337557
337562
337563
337578
337580
337585
337604
337604
337604
337615
337615
337616
337616
337617
337623
337624
337625
337629
337632
337644
337647
337650
337670
337687
337688
337690
337695
337728
337731
337731
337750
337751
337758
337760
337762
337769
337785
337787
337794
337796
337799
337803
337807
337825
337833
337835
337838
337840
337841
337846
337851
337857
337866
337894
337911
337912
337916
337921
337923
337925
337926
337928
337929
337938
337939
337942
337967
337969
337969
337970
337971
337979
337981
337983
337993
337994
337995
338000
338001
338001
338003
338009
338011
338012
338012
338018
338034
338049
338058
338072
338072
338073
338077
338080
338080
338088
338101
338103
338104
338111
338114
338121
338123
338126
338134
338135
338136
338140
338142
338143
338144
338147
338157
338159
338161
338161
338177
338183
338183
338190
338196
338198
338209
338214
338215
338228
338230
338234
338241
338247
338256
338266
338287
338288
338294
338296
338300
338300
338302
338303
338306
338307
338312
338313
338314
338315
338318
338318
338328
338329
338331
338334
338346
338347
338349
338364
338367
338371
338371
338379
338391
338393
338402
338414
338416
338418
338427
338446
338469
338472
338476
338478
338480
338481
338489
338492
338507
338508
338527
338530
338531
338535
338539
338556
338559
338562
338563
338564
338566
338576
338576
338577
338595
338604
338606
338609
338610
338619
338629
338635
338637
338651
338664
338672
338674
338677
338678
338682
338689
338690
338693
338693
338700
338704
338705
338712
338725
338725
338746
338762
338766
338781
338786
338790
338790
338793
338798
338798
338799
338806
338806
338811
338812
338813
338819
338821
338824
338828
338829
338855
338868
338874
338874
338881
338885
338886
338886
338887
338890
338893
338898
338905
338907
338914
338918
338922
338924
338925
338927
338927
338935
338941
338943
338943
338944
338947
338951
338954
338956
338960
338968
338968
338969
338969
338975
338976
338978
338979
338981
338981
338985
338985
338987
338989
338995
338997
339004
339004
339011
339031
339040
339046
339046
339051
339053
339057
339065
339067
339073
339075
339077
339080
339081
339086
339100
339122
339122
339126
339129
339136
339137
339138
339143
339143
339152
339153
339158
339165
339174
339175
339189
339190
339203
339204
339208
339209
339214
339216
339217
339217
339220
339222
339230
339239
339247
339247
339248
339252
339274
339276
339296
339306
339306
339307
339316
339317
339318
339321
339322
339325
339339
339342
339346
339349
339349
339355
339356
339357
339358
339361
339365
339365
339367
339371
339402
339405
339414
339421
339428
339440
339446
339452
339458
339459
339474
339481
339485
339488
339500
339504
339505
339515
339516
339521
339524
339526
339531
339539
339547
339552
339557
339561
339561
339567
339577
339580
339589
339597
339600
339606
339618
339626
339627
339627
339628
339637
339642
339644
339646
339653
339668
339671
339673
339674
339692
339700
339717
339719
339722
339737
339738
339739
339752
339765
339767
339770
339790
339800
339800
339804
339807
339818
339823
339838
339840
339843
339849
339854
339861
339866
339867
339868
339886
339890
339899
339899
339908
339909
339911
339915
339923
339926
339934
339935
339939
339945
339950
339951
339957
339959
339964
339965
339978
339987
339991
339997
339997
340000
340005
340006
340010
340021
340022
340025
340041
340049
340049
340050
340064
340070
340072
340078
340085
340087
340088
340094
340095
340095
340098
340104
340109
340110
340114
340121
340125
340128
340133
340139
340140
340140
340140
340141
340141
340143
340147
340151
340156
340177
340179
340182
340190
340191
340204
340207
340218
340224
340229
340230
340236
340236
340241
340258
340268
340270
340270
340270
340286
340290
340292
340296
340306
340309
340309
340311
340313
340327
340328
340334
340336
340337
340338
340340
340344
340346
340349
340352
340353
340357
340361
340362
340363
340370
340374
340375
340377
340387
340389
340392
340394
340395
340404
340415
340418
340419
340423
340429
340434
340438
340438
340439
340442
340451
340454
340457
340460
340472
340475
340475
340482
340482
340485
340485
340485
340493
340494
340501
340503
340511
340515
340519
340520
340520
340525
340553
340556
340560
340561
340564
340585
340594
340595
340604
340605
340610
340611
340616
340623
340624
340630
340641
340643
340644
340645
340647
340647
340657
340657
340671
340698
340704
340707
340708
340710
340710
340719
340731
340738
340743
340747
340748
340751
340755
340760
340771
340773
340773
340775
340776
340780
340786
340795
340806
340806
340818
340822
340823
340828
340831
340835
340836
340842
340857
340857
340860
340872
340873
340876
340878
340880
340883
340884
340886
340889
340892
340900
340906
340911
340912
340913
340928
340930
340930
340932
340938
340939
340949
340955
340963
340973
340982
340995
341000
341007
341014
341017
341021
341029
341032
341046
341046
341050
341057
341058
341067
341071
341073
341088
341092
341092
341097
341099
341107
341114
341115
341120
341122
341122
341138
341143
341144
341154
341154
341158
341158
341166
341170
341192
341195
341199
341204
341204
341209
341209
341216
341217
341217
341239
341244
341247
341251
341255
341265
341278
341280
341280
341281
341285
341286
341288
341290
341292
341295
341297
341321
341323
341323
341324
341325
341325
341331
341334
341339
341343
341343
341348
341349
341357
341358
341366
341373
341377
341377
341382
341387
341388
341388
341404
341408
341409
341410
341411
341424
341425
341440
341444
341453
341455
341467
341467
341470
341479
341484
341485
341492
341504
341510
341513
341514
341517
341517
341520
341521
341526
341528
341532
341534
341534
341553
341568
341579
341584
341587
341594
341595
341607
341612
341613
341618
341620
341621
341623
341625
341625
341632
341633
341634
341635
341635
341640
341641
341652
341654
341656
341658
341687
341688
341691
341692
341695
341696
341700
341705
341711
341712
341713
341722
341725
341727
341730
341737
341739
341752
341753
341757
341762
341762
341765
341773
341773
341774
341776
341776
341776
341781
341789
341798
341803
341806
341810
341817
341819
341821
341821
341822
341824
341829
341831
341831
341832
341837
341861
341868
341870
341870
341894
341896
341904
341906
341908
341909
341914
341914
341918
341919
341933
341936
341942
341957
341964
341982
341990
342005
342006
342006
342022
342029
342030
342039
342046
342046
342050
342053
342053
342058
342066
342070
342074
342075
342075
342084
342089
342089
342096
342100
342104
342104
342105
342106
342112
342116
342134
342138
342150
342153
342161
342161
342175
342197
342201
342225
342228
342229
342230
342232
342239
342239
342244
342246
342249
342250
342258
342261
342264
342270
342278
342288
342289
342291
342294
342299
342307
342310
342319
342323
342324
342345
342348
342356
342358
342364
342370
342374
342378
342379
342388
342402
342403
342411
342415
342415
342423
342437
342450
342455
342460
342462
342467
342481
342486
342501
342526
342530
342531
342534
342545
342546
342556
342556
342559
342562
342562
342565
342580
342581
342591
342592
342597
342597
342599
342600
342601
342602
342607
342614
342614
342615
342616
342620
342623
342627
342632
342633
342638
342640
342642
342643
342644
342647
342650
342659
342662
342664
342673
342689
342691
342695
342702
342705
342709
342710
342717
342728
342729
342730
342732
342732
342738
342738
342761
342767
342769
342769
342776
342777
342781
342784
342786
342797
342797
342813
342829
342830
342831
342832
342835
342838
342839
342843
342847
342847
342847
342862
342868
342873
342874
342874
342879
342886
342895
342895
342912
342914
342922
342930
342930
342931
342932
342932
342942
342950
342950
342953
342954
342954
342961
342966
342970
342971
342972
342977
342984
342988
342990
342990
342990
342992
343003
343004
343007
343007
343009
343009
343011
343012
343013
343014
343023
343023
343024
343037
343040
343065
343068
343073
343078
343080
343085
343088
343092
343118
343119
343120
343120
343125
343125
343135
343135
343151
343156
343160
343165
343165
343194
343197
343213
343219
343224
343237
343239
343239
343240
343244
343256
343258
343263
343265
343267
343272
343275
343282
343284
343285
343298
343298
343298
343301
343306
343306
343312
343317
343345
343348
343351
343358
343363
343381
343387
343390
343391
343398
343399
343414
343424
343425
343431
343431
343432
343434
343437
343439
343444
343454
343467
343482
343486
343488
343490
343497
343510
343520
343521
343533
343540
343542
343547
343548
343554
343563
343565
343568
343568
343570
343571
343573
343574
343575
343577
343595
343604
343606
343606
343614
343621
343627
343629
343630
343630
343633
343644
343648
343653
343659
343661
343663
343663
343668
343673
343690
343690
343697
343703
343710
343711
343720
343722
343727
343728
343731
343748
343751
343756
343758
343759
343763
343764
343765
343765
343772
343776
343783
343788
343790
343794
343800
343804
343817
343830
343830
343848
343859
343862
343866
343870
343877
343886
343886
343888
343888
343891
343892
343893
343894
343909
343915
343917
343920
343922
343924
343944
343948
343961
343963
343965
343971
343972
343973
343976
343980
343981
343993
343998
343998
344001
344004
344008
344016
344019
344019
344020
344020
344024
344029
344029
344039
344040
344040
344047
344049
344049
344049
344050
344051
344053
344060
344065
344077
344100
344104
344121
344132
344132
344149
344150
344154
344164
344168
344172
344172
344184
344186
344190
344193
344195
344202
344210
344221
344224
344230
344231
344238
344239
344241
344246
344253
344256
344292
344293
344304
344310
344312
344315
344321
344326
344327
344334
344342
344350
344351
344357
344367
344372
344372
344373
344377
344401
344405
344408
344417
344421
344436
344440
344461
344464
344472
344474
344480
344495
344496
344497
344499
344500
344505
344508
344520
344530
344531
344535
344545
344545
344549
344556
344556
344557
344561
344565
344565
344570
344586
344588
344594
344600
344610
344614
344616
344623
344629
344629
344632
344639
344654
344657
344677
344678
344684
344700
344704
344706
344708
344722
344732
344735
344736
344739
344744
344748
344756
344767
344779
344779
344785
344797
344799
344801
344802
344811
344811
344814
344830
344832
344844
344845
344857
344865
344873
344883
344884
344885
344888
344895
344901
344904
344907
344912
344917
344924
344930
344941
344948
344959
344963
344966
344966
344968
344970
344973
344975
344998
345006
345015
345020
345027
345044
345049
345051
345053
345056
345074
345085
345086
345087
345088
345098
345100
345100
345103
345107
345109
345121
345121
345125
345130
345141
345147
345147
345166
345170
345170
345180
345184
345193
345197
345198
345200
345201
345202
345214
345220
345221
345224
345229
345230
345232
345233
345233
345239
345250
345253
345254
345263
345269
345272
345278
345283
345288
345289
345300
345302
345304
345304
345308
345316
345324
345326
345330
345334
345340
345341
345360
345360
345362
345364
345370
345373
345377
345381
345382
345389
345389
345390
345398
345403
345410
345410
345432
345436
345450
345451
345452
345456
345459
345463
345464
345475
345478
345490
345500
345501
345513
345515
345517
345523
345542
345551
345554
345559
345569
345570
345573
345574
345580
345597
345601
345602
345602
345604
345610
345611
345617
345619
345621
345623
345625
345626
345627
345629
345633
345643
345650
345652
345653
345656
345656
345662
345665
345679
345685
345693
345704
345711
345721
345724
345724
345725
345729
345739
345739
345739
345740
345752
345753
345757
345761
345774
345774
345779
345783
345791
345798
345798
345806
345818
345826
345830
345830
345830
345835
345838
345851
345851
345852
345853
345858
345862
345872
345873
345879
345883
345888
345893
345898
345898
345915
345919
345923
345928
345929
345930
345935
345939
345942
345945
345946
345947
345952
345956
345956
345956
345957
345958
345962
345969
345971
345983
345985
346021
346029
346032
346033
346033
346035
346036
346051
346056
346066
346083
346087
346089
346098
346099
346100
346105
346112
346121
346122
346122
346126
346136
346137
346144
346147
346157
346163
346178
346180
346182
346187
346191
346207
346208
346212
346213
346217
346218
346226
346235
346239
346240
346244
346251
346259
346266
346266
346267
346277
346281
346290
346299
346301
346303
346308
346312
346313
346314
346319
346321
346322
346322
346347
346351
346355
346370
346384
346389
346391
346391
346392
346392
346395
346395
346410
346415
346420
346426
346429
346432
346437
346440
346446
346448
346449
346452
346457
346461
346462
346465
346484
346492
346496
346500
346502
346507
346510
346511
346518
346522
346523
346527
346529
346533
346537
346539
346541
346543
346544
346565
346575
346581
346582
346582
346583
346584
346595
346608
346614
346617
346618
346621
346622
346636
346643
346648
346651
346656
346660
346662
346668
346669
346669
346671
346677
346677
346684
346686
346702
346708
346709
346711
346712
346713
346713
346718
346722
346722
346723
346724
346728
346734
346744
346746
346748
346760
346767
346767
346771
346780
346794
346797
346803
346809
346816
346822
346825
346826
346828
346829
346841
346852
346854
346866
346880
346884
346899
346910
346917
346926
346936
346938
346941
346942
346954
346964
346966
346978
346994
346999
347003
347006
347009
347009
347010
347011
347013
347017
347017
347019
347023
347048
347063
347067
347074
347076
347080
347080
347094
347097
347098
347100
347100
347101
347102
347105
347106
347107
347110
347110
347117
347118
347119
347119
347121
347121
347121
347122
347126
347130
347132
347139
347143
347143
347153
347166
347177
347178
347185
347192
347194
347199
347200
347204
347211
347213
347219
347232
347241
347243
347252
347254
347255
347257
347267
347271
347281
347287
347293
347304
347307
347309
347311
347314
347316
347326
347338
347342
347352
347352
347362
347365
347369
347376
347388
347394
347394
347396
347404
347408
347414
347415
347416
347421
347422
347427
347428
347433
347437
347438
347441
347451
347453
347466
347469
347478
347481
347487
347487
347490
347501
347501
347503
347510
347516
347520
347524
347532
347535
347543
347546
347552
347567
347569
347572
347579
347588
347588
347590
347590
347593
347597
347598
347602
347607
347617
347621
347632
347632
347638
347644
347648
347652
347668
347673
347678
347683
347694
347700
347703
347714
347721
347724
347724
347739
347745
347750
347752
347753
347756
347761
347762
347767
347769
347773
347776
347781
347791
347802
347802
347810
347816
347819
347820
347821
347823
347825
347833
347840
347842
347843
347850
347855
347857
347863
347863
347864
347866
347866
347867
347869
347874
347893
347896
347896
347897
347898
347902
347910
347913
347917
347917
347922
347922
347922
347950
347954
347955
347960
347960
347963
347971
347981
347985
347987
347993
347999
348006
348017
348020
348023
348039
348042
348053
348055
348061
348073
348075
348075
348076
348087
348088
348092
348103
348108
348119
348129
348136
348141
348142
348146
348151
348153
348154
348158
348162
348162
348173
348176
348178
348178
348192
348198
348200
348202
348205
348205
348209
348217
348222
348226
348229
348247
348250
348251
348257
348260
348266
348274
348274
348286
348287
348288
348296
348297
348301
348317
348319
348321
348336
348339
348347
348349
348352
348355
348355
348363
348367
348375
348379
348380
348381
348381
348382
348385
348392
348395
348396
348400
348403
348411
348418
348421
348437
348448
348451
348452
348453
348453
348467
348473
348477
348477
348486
348486
348491
348494
348501
348502
348502
348511
348512
348512
348513
348518
348520
348525
348542
348544
348549
348569
348570
348573
348582
348589
348591
348601
348602
348607
348611
348614
348615
348617
348620
348637
348643
348646
348651
348656
348659
348659
348662
348670
348680
348681
348681
348691
348692
348699
348703
348708
348713
348714
348719
348726
348727
348729
348731
348731
348732
348732
348735
348735
348736
348748
348750
348752
348753
348758
348774
348774
348774
348778
348783
348802
348804
348805
348805
348807
348808
348809
348818
348822
348824
348825
348828
348834
348860
348868
348873
348884
348886
348889
348895
348900
348906
348908
348913
348917
348922
348923
348933
348941
348942
348948
348958
348970
348975
348979
348987
348990
348991
349017
349020
349021
349023
349025
349028
349039
349044
349046
349050
349051
349059
349069
349070
349076
349078
349084
349098
349100
349108
349109
349123
349124
349126
349128
349129
349134
349136
349140
349148
349150
349150
349155
349157
349161
349166
349167
349170
349179
349180
349183
349184
349188
349192
349203
349204
349217
349222
349229
349236
349236
349237
349239
349241
349242
349243
349244
349246
349249
349250
349258
349260
349260
349260
349265
349267
349271
349273
349276
349279
349283
349288
349290
349304
349305
349311
349314
349329
349336
349338
349345
349352
349355
349368
349381
349388
349390
349397
349408
349415
349419
349423
349429
349430
349433
349442
349446
349449
349451
349454
349456
349458
349469
349476
349479
349481
349484
349487
349498
349507
349511
349511
349520
349534
349538
349544
349544
349548
349549
349562
349563
349569
349570
349576
349587
349596
349611
349612
349620
349626
349630
349631
349632
349640
349641
349646
349665
349670
349672
349681
349685
349687
349702
349702
349708
349709
349713
349717
349717
349732
349736
349736
349741
349747
349748
349755
349780
349788
349789
349791
349797
349801
349805
349820
349820
349822
349829
349830
349842
349846
349853
349855
349861
349863
349868
349874
349889
349891
349894
349895
349899
349916
349920
349927
349927
349936
349937
349943
349948
349952
349955
349955
349956
349958
349972
349974
349974
349980
349991
349992
350001
350011
350022
350031
350035
350036
350041
350045
350046
350048
350050
350052
350055
350061
350066
350067
350069
350073
350084
350084
350096
350113
350119
350119
350120
350121
350128
350132
350135
350142
350154
350157
350157
350157
350162
350166
350170
350177
350182
350186
350189
350203
350210
350214
350215
350224
350229
350240
350241
350248
350250
350253
350254
350256
350259
350262
350265
350266
350266
350272
350281
350288
350303
350303
350305
350306
350325
350326
350331
350332
350332
350339
350347
350353
350354
350355
350359
350369
350373
350378
350386
350388
350390
350393
350396
350398
350398
350398
350403
350403
350410
350411
350411
350412
350412
350416
350417
350420
350422
350437
350440
350446
350458
350469
350471
350473
350475
350487
350506
350512
350523
350529
350531
350533
350538
350547
350550
350554
350566
350570
350578
350579
350584
350586
350597
350597
350599
350606
350607
350618
350623
350633
350643
350643
350644
350648
350652
350654
350656
350664
350679
350689
350701
350702
350708
350710
350713
350715
350716
350736
350737
350761
350772
350778
350778
350778
350785
350786
350787
350788
350796
350797
350799
350807
350808
350808
350814
350815
350818
350828
350853
350865
350882
350883
350891
350892
350893
350894
350896
350904
350907
350916
350920
350921
350925
350927
350929
350935
350936
350987
350989
350989
350993
350996
350996
351001
351010
351019
351020
351021
351034
351034
351049
351073
351075
351078
351090
351108
351114
351116
351118
351122
351124
351127
351130
351131
351135
351139
351157
351163
351170
351171
351174
351177
351179
351179
351187
351187
351188
351198
351206
351220
351222
351231
351236
351246
351249
351252
351253
351255
351258
351258
351268
351268
351282
351283
351289
351290
351291
351295
351296
351301
351302
351303
351312
351314
351316
351333
351343
351344
351354
351355
351364
351370
351372
351378
351399
351406
351414
351425
351432
351435
351439
351451
351454
351455
351456
351472
351474
351478
351500
351506
351517
351518
351519
351537
351537
351540
351551
351555
351557
351558
351568
351569
351581
351591
351599
351600
351603
351608
351612
351615
351622
351626
351631
351631
351632
351638
351645
351650
351659
351659
351663
351664
351666
351676
351677
351680
351680
351683
351690
351693
351695
351698
351700
351703
351705
351708
351732
351740
351743
351745
351746
351749
351750
351751
351754
351758
351768
351770
351777
351785
351789
351789
351795
351795
351812
351812
351812
351815
351827
351830
351859
351861
351863
351866
351869
351879
351888
351888
351909
351909
351914
351920
351924
351924
351924
351925
351935
351939
351947
351947
351953
351954
351957
351960
351961
351967
351968
351980
351994
351996
351996
351998
352008
352022
352029
352032
352033
352035
352044
352046
352067
352069
352076
352086
352089
352092
352098
352098
352100
352108
352115
352117
352119
352120
352126
352127
352128
352133
352141
352150
352152
352162
352163
352172
352175
352196
352209
352210
352215
352219
352221
352224
352226
352227
352235
352242
352246
352247
352250
352250
352252
352253
352255
352255
352281
352284
352284
352297
352298
352299
352304
352318
352324
352329
352331
352334
352335
352336
352337
352339
352344
352349
352360
352366
352377
352384
352386
352393
352405
352406
352406
352411
352415
352416
352420
352422
352428
352438
352441
352448
352448
352449
352450
352459
352463
352464
352475
352496
352497
352500
352502
352505
352508
352510
352511
352513
352516
352522
352524
352524
352543
352548
352557
352576
352577
352580
352583
352592
352601
352602
352610
352613
352622
352627
352630
352634
352642
352654
352657
352672
352674
352676
352678
352684
352698
352701
352704
352706
352707
352716
352719
352730
352732
352734
352739
352740
352745
352750
352766
352776
352779
352786
352794
352795
352796
352805
352812
352816
352820
352822
352827
352834
352836
352854
352857
352857
352863
352870
352872
352876
352880
352881
352885
352890
352892
352895
352902
352903
352906
352908
352914
352917
352925
352927
352929
352931
352944
352953
352965
352966
352968
352971
352977
352980
352984
352988
352990
352992
352998
352998
353004
353005
353014
353017
353033
353061
353068
353079
353083
353097
353097
353098
353099
353099
353100
353105
353117
353123
353124
353128
353130
353131
353134
353137
353139
353141
353152
353157
353157
353162
353163
353191
353198
353207
353209
353231
353249
353250
353250
353250
353250
353262
353270
353282
353282
353285
353295
353301
353306
353313
353317
353327
353338
353339
353345
353352
353356
353361
353372
353376
353379
353382
353390
353392
353392
353421
353424
353434
353436
353437
353440
353441
353441
353467
353467
353474
353476
353483
353493
353497
353497
353511
353512
353512
353512
353516
353517
353517
353518
353523
353524
353525
353525
353536
353544
353560
353567
353571
353580
353582
353590
353600
353608
353614
353615
353623
353631
353641
353649
353650
353651
353653
353656
353656
353673
353675
353682
353682
353685
353685
353686
353688
353697
353701
353701
353709
353713
353717
353723
353724
353724
353725
353734
353740
353744
353749
353758
353763
353767
353768
353773
353775
353775
353775
353776
353779
353783
353785
353786
353789
353789
353801
353807
353809
353817
353818
353820
353820
353821
353822
353824
353835
353835
353838
353847
353854
353858
353862
353866
353868
353874
353877
353883
353886
353887
353890
353896
353897
353910
353915
353919
353923
353926
353929
353933
353938
353941
353951
353954
353954
353955
353963
353965
353968
353983
353996
353997
354000
354013
354025
354036
354036
354045
354049
354051
354053
354056
354058
354058
354058
354061
354070
354076
354077
354078
354085
354085
354087
354111
354116
354117
354117
354117
354122
354129
354134
354139
354144
354146
354151
354158
354161
354167
354167
354171
354172
354180
354184
354192
354202
354207
354216
354244
354249
354251
354258
354261
354265
354273
354275
354275
354280
354281
354283
354283
354312
354314
354314
354324
354328
354329
354343
354344
354345
354354
354355
354357
354363
354371
354379
354386
354391
354391
354396
354400
354410
354416
354416
354420
354431
354432
354439
354442
354444
354448
354449
354461
354466
354474
354497
354500
354501
354510
354520
354524
354526
354532
354538
354542
354543
354545
354554
354564
354567
354568
354572
354576
354576
354578
354583
354591
354593
354597
354604
354605
354620
354627
354631
354639
354642
354647
354650
354656
354661
354664
354667
354668
354670
354676
354687
354689
354703
354704
354704
354708
354710
354712
354714
354715
354723
354734
354740
354740
354742
354743
354767
354770
354772
354781
354802
354805
354814
354819
354835
354835
354836
354845
354847
354857
354864
354866
354870
354870
354872
354873
354890
354912
354913
354920
354924
354935
354945
354945
354950
354950
354960
354964
354965
354974
354977
354989
354993
355006
355008
355018
355018
355021
355022
355040
355041
355052
355052
355053
355055
355057
355058
355059
355064
355067
355070
355071
355083
355087
355091
355098
355098
355100
355105
355110
355113
355114
355114
355125
355130
355131
355133
355135
355158
355171
355174
355175
355175
355180
355185
355196
355208
355208
355210
355211
355213
355216
355221
355223
355230
355244
355248
355253
355258
355260
355263
355268
355269
355273
355275
355277
355280
355282
355290
355292
355303
355308
355319
355328
355337
355344
355347
355353
355355
355360
355362
355364
355366
355367
355370
355386
355391
355392
355396
355400
355404
355413
355417
355421
355429
355434
355441
355447
355458
355460
355464
355464
355477
355479
355479
355485
355493
355495
355496
355497
355497
355498
355502
355505
355508
355509
355513
355515
355528
355544
355548
355559
355575
355596
355597
355607
355609
355612
355623
355628
355632
355643
355646
355656
355664
355674
355679
355698
355704
355725
355725
355737
355737
355740
355745
355748
355753
355753
355755
355784
355784
355786
355790
355790
355800
355801
355813
355824
355825
355830
355832
355847
355859
355862
355868
355870
355883
355894
355896
355908
355912
355912
355918
355918
355930
355933
355942
355943
355944
355952
355953
355960
355966
355972
355976
355979
355986
355988
355989
355990
355992
356001
356001
356003
356016
356024
356027
356037
356038
356038
356045
356053
356065
356072
356073
356076
356080
356089
356090
356091
356102
356109
356124
356137
356138
356140
356144
356145
356163
356165
356171
356189
356196
356197
356204
356208
356209
356209
356211
356213
356213
356221
356225
356236
356237
356239
356247
356264
356274
356280
356283
356287
356290
356291
356292
356293
356294
356298
356303
356303
356307
356318
356332
356352
356354
356364
356366
356368
356376
356381
356382
356386
356386
356390
356395
356397
356398
356402
356405
356408
356419
356427
356429
356433
356434
356437
356438
356459
356464
356470
356471
356489
356497
356501
356506
356506
356515
356521
356537
356541
356543
356543
356560
356565
356565
356568
356568
356576
356580
356590
356592
356593
356594
356595
356603
356620
356628
356640
356641
356647
356652
356661
356661
356669
356676
356678
356679
356690
356704
356705
356709
356709
356710
356719
356722
356728
356728
356732
356733
356735
356736
356738
356741
356742
356745
356746
356747
356749
356753
356755
356755
356760
356778
356778
356782
356782
356783
356784
356785
356786
356794
356796
356804
356809
356816
356819
356831
356833
356837
356841
356843
356845
356854
356858
356860
356861
356861
356865
356869
356871
356874
356878
356884
356886
356894
356894
356904
356906
356922
356924
356929
356939
356943
356948
356951
356954
356954
356954
356958
356965
356970
356984
356989
356990
356991
356993
357004
357012
357022
357028
357028
357038
357040
357040
357041
357050
357052
357053
357065
357065
357072
357076
357079
357081
357083
357091
357091
357093
357098
357100
357103
357103
357106
357110
357119
357120
357124
357131
357139
357140
357143
357143
357144
357151
357153
357156
357157
357157
357164
357165
357168
357170
357175
357181
357183
357184
357184
357200
357200
357206
357208
357213
357215
357215
357221
357226
357227
357233
357236
357247
357251
357255
357258
357272
357283
357284
357287
357287
357298
357310
357311
357312
357325
357326
357326
357327
357330
357333
357333
357340
357348
357351
357357
357359
357360
357361
357362
357367
357383
357388
357389
357398
357404
357404
357404
357409
357413
357415
357416
357416
357443
357446
357451
357459
357459
357468
357472
357474
357478
357481
357488
357493
357497
357502
357512
357517
357518
357526
357530
357547
357551
357553
357554
357555
357562
357579
357586
357586
357613
357624
357641
357651
357676
357684
357687
357705
357707
357718
357721
357729
357748
357755
357759
357759
357760
357760
357767
357775
357779
357783
357792
357792
357801
357809
357809
357809
357809
357813
357817
357817
357821
357837
357843
357854
357858
357863
357864
357866
357874
357877
357903
357921
357928
357935
357953
357956
357980
357983
357984
357989
357990
357997
357998
358003
358006
358007
358010
358011
358018
358027
358028
358031
358036
358043
358048
358053
358054
358055
358055
358059
358063
358064
358067
358076
358080
358081
358086
358090
358091
358093
358101
358101
358105
358108
358109
358132
358139
358147
358157
358158
358180
358186
358199
358202
358208
358218
358220
358221
358231
358234
358238
358245
358245
358246
358255
358257
358264
358274
358280
358281
358292
358294
358295
358300
358301
358304
358307
358309
358309
358312
358315
358318
358319
358326
358328
358345
358354
358362
358366
358372
358374
358376
358377
358378
358383
358389
358402
358415
358415
358425
358430
358442
358443
358443
358443
358443
358453
358470
358475
358478
358482
358483
358486
358492
358500
358514
358518
358519
358527
358536
358538
358539
358542
358545
358561
358562
358567
358571
358574
358574
358591
358603
358608
358636
358637
358639
358656
358656
358660
358660
358668
358669
358671
358677
358677
358678
358680
358681
358683
358717
358721
358728
358729
358734
358736
358750
358752
358756
358756
358763
358766
358774
358784
358792
358798
358802
358804
358857
358858
358860
358862
358874
358881
358897
358901
358903
358903
358904
358916
358923
358924
358927
358936
358938
358947
358948
358951
358956
358961
358963
358966
358977
358983
358985
358989
358991
358992
359009
359019
359028
359033
359035
359039
359039
359040
359049
359053
359056
359058
359059
359062
359063
359067
359068
359069
359077
359083
359084
359085
359086
359096
359098
359099
359105
359115
359119
359124
359124
359135
359135
359137
359137
359137
359146
359154
359154
359156
359158
359161
359162
359181
359185
359188
359188
359188
359191
359197
359200
359210
359213
359224
359225
359227
359228
359236
359238
359241
359245
359251
359253
359255
359255
359256
359266
359268
359268
359273
359274
359275
359284
359286
359309
359312
359318
359320
359322
359323
359334
359339
359346
359346
359348
359358
359368
359384
359390
359396
359397
359401
359418
359422
359422
359425
359435
359446
359465
359466
359471
359475
359479
359480
359488
359493
359493
359497
359514
359525
359527
359533
359534
359538
359550
359552
359559
359564
359581
359582
359592
359593
359596
359601
359622
359625
359629
359636
359650
359651
359653
359655
359656
359657
359661
359663
359670
359672
359678
359681
359682
359686
359692
359698
359699
359701
359710
359711
359711
359712
359715
359719
359719
359724
359729
359732
359735
359741
359747
359749
359752
359755
359757
359761
359763
359763
359784
359784
359790
359797
359802
359802
359804
359807
359809
359814
359815
359826
359832
359834
359834
359836
359838
359840
359847
359856
359859
359860
359865
359889
359897
359897
359899
359901
359903
359921
359926
359931
359941
359951
359964
359971
359971
359972
359984
359985
359991
359995
360002
360010
360022
360026
360030
360032
360044
360060
360069
360072
360085
360085
360097
360097
360106
360109
360121
360124
360129
360131
360137
360141
360142
360142
360143
360154
360156
360163
360163
360164
360166
360166
360168
360171
360176
360184
360185
360185
360186
360188
360191
360194
360194
360204
360205
360205
360206
360206
360223
360236
360237
360237
360239
360243
360246
360251
360252
360264
360274
360278
360280
360290
360294
360301
360301
360306
360311
360311
360316
360330
360332
360361
360362
360366
360366
360371
360372
360373
360374
360378
360380
360380
360383
360400
360402
360404
360409
360411
360412
360413
360425
360435
360447
360453
360455
360460
360461
360465
360471
360471
360479
360491
360492
360499
360503
360507
360515
360527
360527
360528
360541
360541
360544
360550
360562
360566
360571
360578
360578
360583
360586
360588
360595
360596
360599
360601
360604
360611
360647
360647
360650
360653
360657
360666
360667
360671
360680
360685
360690
360692
360708
360709
360710
360714
360719
360722
360725
360729
360737
360738
360743
360747
360750
360762
360772
360777
360777
360780
360786
360786
360787
360789
360797
360798
360803
360803
360811
360816
360816
360827
360832
360832
360842
360853
360858
360863
360867
360867
360867
360869
360869
360876
360880
360885
360886
360893
360897
360910
360912
360914
360919
360922
360927
360931
360934
360938
360945
360960
360962
360968
360969
360969
360975
360975
360981
360987
360998
360999
361012
361017
361018
361020
361023
361029
361054
361061
361064
361067
361067
361068
361069
361072
361086
361091
361093
361101
361102
361108
361109
361113
361114
361115
361117
361124
361132
361134
361138
361139
361143
361148
361152
361160
361166
361175
361178
361178
361180
361188
361191
361199
361201
361202
361205
361232
361242
361244
361246
361249
361253
361257
361261
361270
361272
361277
361278
361280
361280
361282
361282
361285
361290
361294
361297
361302
361304
361305
361317
361320
361324
361336
361341
361357
361360
361368
361374
361375
361375
361375
361391
361403
361408
361411
361414
361417
361422
361422
361424
361435
361461
361464
361465
361466
361467
361468
361471
361476
361477
361479
361481
361491
361493
361503
361507
361507
361515
361518
361519
361521
361525
361529
361537
361539
361541
361545
361554
361556
361558
361560
361578
361581
361582
361585
361588
361595
361601
361604
361606
361608
361620
361622
361628
361632
361638
361643
361643
361652
361652
361652
361656
361658
361661
361665
361666
361668
361671
361675
361676
361679
361679
361682
361684
361685
361687
361688
361691
361697
361704
361708
361717
361718
361727
361730
361731
361732
361740
361751
361751
361756
361761
361777
361779
361779
361782
361785
361788
361792
361793
361803
361804
361809
361812
361816
361819
361819
361824
361837
361837
361838
361850
361850
361855
361862
361865
361869
361869
361869
361870
361882
361885
361890
361891
361897
361902
361908
361908
361934
361944
361949
361949
361953
361954
361959
361960
361965
361965
361976
361981
361984
361986
361988
361989
362007
362009
362013
362016
362021
362021
362029
362036
362036
362058
362058
362058
362061
362063
362065
362069
362069
362070
362070
362084
362088
362096
362097
362103
362106
362106
362112
362140
362153
362153
362164
362167
362174
362181
362193
362202
362204
362210
362211
362212
362212
362216
362217
362227
362231
362233
362236
362239
362239
362245
362263
362265
362266
362268
362278
362282
362325
362331
362337
362344
362349
362349
362357
362357
362360
362362
362366
362367
362373
362376
362378
362382
362385
362388
362388
362391
362394
362399
362406
362411
362413
362419
362429
362432
362434
362447
362448
362450
362453
362453
362455
362457
362463
362473
362478
362488
362495
362504
362506
362518
362529
362544
362548
362548
362549
362560
362560
362567
362568
362572
362574
362582
362586
362601
362615
362619
362622
362628
362632
362645
362645
362649
362665
362668
362671
362677
362684
362685
362686
362686
362690
362693
362696
362703
362715
362718
362725
362731
362736
362740
362747
362755
362756
362767
362772
362773
362776
362777
362793
362794
362803
362805
362814
362830
362843
362844
362844
362848
362852
362857
362858
362860
362862
362862
362875
362876
362889
362901
362902
362906
362906
362907
362910
362912
362931
362937
362940
362944
362945
362954
362972
362974
362975
362976
362980
362988
362989
362990
362993
363004
363014
363025
363039
363039
363056
363056
363057
363060
363064
363067
363067
363075
363077
363079
363079
363082
363088
363091
363108
363114
363114
363116
363118
363130
363136
363138
363148
363149
363158
363170
363173
363175
363175
363182
363188
363193
363221
363225
363229
363234
363235
363236
363238
363239
363252
363259
363261
363268
363281
363293
363299
363301
363306
363310
363315
363328
363341
363347
363351
363351
363357
363357
363363
363363
363375
363377
363381
363383
363386
363390
363398
363398
363402
363403
363405
363406
363417
363417
363418
363423
363428
363429
363431
363438
363444
363444
363445
363452
363459
363459
363463
363471
363473
363484
363486
363493
363495
363511
363519
363525
363530
363532
363535
363539
363540
363555
363563
363569
363571
363580
363584
363589
363589
363604
363608
363615
363623
363626
363634
363637
363638
363641
363654
363672
363680
363684
363686
363691
363701
363709
363717
363719
363723
363728
363729
363730
363742
363749
363754
363754
363762
363766
363766
363766
363767
363773
363783
363792
363797
363808
363813
363821
363831
363838
363842
363844
363850
363853
363859
363862
363868
363872
363878
363882
363885
363891
363896
363903
363910
363911
363913
363914
363919
363920
363925
363931
363932
363934
363938
363941
363944
363945
363949
363958
363958
363972
363985
363986
363992
363996
364000
364002
364003
364004
364010
364012
364017
364018
364020
364021
364028
364033
364034
364041
364041
364042
364043
364048
364056
364058
364058
364076
364082
364085
364097
364098
364104
364106
364112
364113
364115
364119
364121
364131
364132
364132
364134
364139
364158
364160
364168
364169
364174
364180
364190
364193
364197
364201
364202
364210
364211
364238
364251
364265
364271
364272
364279
364279
364280
364284
364287
364288
364293
364294
364298
364306
364311
364318
364328
364336
364337
364339
364344
364350
364358
364381
364386
364386
364395
364400
364402
364403
364404
364405
364411
364421
364423
364425
364432
364439
364439
364440
364447
364449
364456
364456
364459
364478
364488
364493
364499
364511
364511
364511
364515
364519
364555
364572
364579
364584
364586
364586
364586
364591
364593
364596
364599
364600
364603
364604
364611
364616
364617
364617
364619
364619
364626
364628
364629
364630
364657
364660
364675
364680
364681
364682
364683
364683
364691
364697
364706
364711
364732
364732
364736
364739
364740
364763
364767
364770
364771
364774
364785
364787
364791
364792
364795
364805
364824
364826
364835
364836
364838
364838
364839
364839
364840
364841
364842
364870
364909
364915
364930
364931
364932
364934
364948
364952
364954
364958
364960
364964
364964
364966
364968
364976
364976
364983
364987
364989
364990
364991
364997
365005
365006
365008
365011
365019
365023
365030
365039
365041
365047
365053
365055
365061
365062
365067
365085
365087
365094
365100
365125
365126
365132
365136
365153
365163
365166
365166
365167
365167
365169
365171
365181
365185
365192
365198
365199
365204
365206
365206
365211
365226
365229
365231
365233
365249
365251
365254
365260
365262
365264
365266
365268
365272
365289
365299
365304
365313
365318
365322
365322
365343
365352
365366
365374
365394
365395
365399
365399
365401
365404
365405
365407
365409
365416
365417
365425
365436
365436
365438
365446
365451
365454
365462
365464
365481
365488
365500
365503
365506
365511
365521
365526
365527
365531
365534
365534
365540
365544
365552
365553
365553
365561
365574
365581
365581
365586
365594
365595
365597
365603
365612
365625
365636
365638
365652
365660
365667
365667
365672
365679
365680
365688
365691
365696
365698
365716
365727
365727
365730
365733
365734
365734
365743
365746
365746
365747
365747
365751
365752
365755
365758
365766
365770
365780
365780
365782
365795
365798
365798
365800
365803
365806
365809
365815
365821
365826
365830
365842
365842
365847
365860
365865
365866
365866
365890
365894
365901
365908
365909
365920
365920
365943
365949
365956
365967
365969
365972
365974
365981
365981
365986
365994
365997
365998
366007
366013
366022
366024
366031
366032
366038
366045
366046
366052
366054
366058
366062
366069
366071
366074
366081
366087
366089
366096
366108
366110
366112
366120
366121
366126
366132
366132
366149
366149
366154
366156
366166
366168
366176
366177
366180
366182
366183
366186
366187
366188
366189
366192
366195
366195
366215
366231
366234
366235
366247
366249
366265
366266
366266
366268
366269
366271
366294
366294
366296
366304
366305
366317
366332
366344
366349
366350
366351
366364
366365
366370
366371
366373
366374
366377
366377
366377
366378
366387
366388
366390
366393
366400
366400
366400
366407
366409
366412
366413
366415
366416
366417
366417
366419
366420
366431
366432
366444
366445
366446
366448
366453
366454
366475
366480
366485
366489
366508
366509
366513
366515
366516
366519
366524
366529
366550
366567
366580
366580
366584
366586
366587
366589
366595
366609
366609
366616
366619
366624
366626
366631
366658
366659
366660
366671
366683
366684
366689
366692
366696
366716
366718
366725
366728
366730
366730
366734
366739
366740
366757
366764
366765
366770
366771
366772
366780
366780
366786
366790
366792
366794
366795
366796
366796
366801
366806
366807
366810
366813
366821
366829
366830
366840
366846
366851
366855
366862
366865
366866
366877
366887
366888
366897
366903
366904
366905
366913
366914
366921
366922
366924
366942
366945
366949
366949
366956
366959
366963
366966
366966
366972
366974
366976
366978
366987
366994
367004
367009
367019
367022
367023
367040
367048
367050
367053
367062
367066
367080
367084
367087
367106
367113
367114
367115
367119
367122
367123
367127
367130
367144
367146
367147
367148
367149
367149
367156
367170
367172
367178
367179
367182
367182
367193
367195
367224
367227
367232
367233
367241
367245
367260
367261
367262
367269
367272
367275
367275
367297
367301
367301
367318
367338
367342
367345
367350
367350
367352
367370
367385
367388
367395
367401
367405
367412
367421
367425
367427
367431
367432
367434
367438
367442
367442
367456
367463
367471
367474
367478
367480
367480
367485
367492
367492
367501
367503
367520
367520
367521
367532
367545
367546
367558
367561
367572
367575
367578
367586
367590
367603
367604
367606
367608
367610
367610
367613
367623
367627
367628
367644
367650
367673
367678
367690
367696
367698
367700
367700
367702
367705
367712
367723
367729
367731
367733
367734
367748
367754
367756
367762
367766
367782
367783
367785
367787
367789
367790
367796
367798
367800
367805
367812
367815
367827
367832
367836
367843
367843
367845
367848
367850
367863
367865
367869
367870
367876
367877
367885
367890
367911
367917
367919
367937
367938
367941
367942
367944
367945
367949
367951
367951
367959
367959
367961
367961
367961
367973
367975
367978
367981
367989
367993
367994
368008
368016
368016
368018
368026
368027
368029
368029
368039
368044
368054
368063
368072
368075
368082
368083
368088
368094
368095
368095
368096
368096
368099
368100
368120
368123
368132
368138
368147
368158
368159
368161
368164
368169
368170
368178
368179
368180
368188
368190
368193
368194
368196
368202
368203
368203
368221
368224
368231
368233
368235
368244
368249
368251
368253
368258
368268
368270
368271
368271
368273
368274
368276
368295
368295
368313
368319
368321
368323
368324
368326
368356
368356
368357
368362
368362
368372
368375
368376
368389
368390
368394
368404
368412
368415
368423
368424
368428
368429
368431
368437
368442
368444
368453
368456
368460
368461
368463
368474
368479
368481
368482
368496
368501
368506
368506
368507
368508
368509
368510
368514
368525
368525
368531
368532
368536
368541
368543
368546
368553
368555
368559
368564
368570
368576
368581
368583
368588
368596
368601
368605
368626
368643
368650
368659
368664
368672
368672
368673
368675
368683
368685
368699
368703
368703
368703
368704
368710
368717
368721
368722
368722
368723
368732
368734
368736
368752
368755
368762
368764
368765
368769
368771
368775
368785
368786
368798
368805
368809
368810
368813
368817
368817
368826
368843
368846
368848
368850
368851
368864
368874
368881
368883
368886
368895
368907
368909
368914
368916
368918
368920
368922
368926
368927
368930
368930
368934
368934
368935
368941
368943
368951
368951
368952
368960
368962
368971
368986
368996
368999
369001
369005
369007
369024
369025
369029
369031
369033
369034
369041
369046
369061
369065
369072
369076
369078
369086
369088
369096
369099
369107
369114
369114
369119
369123
369127
369128
369134
369140
369144
369146
369148
369151
369152
369153
369155
369157
369161
369163
369169
369174
369179
369188
369194
369197
369209
369209
369211
369211
369221
369221
369224
369224
369234
369236
369236
369239
369243
369243
369255
369259
369267
369288
369295
369306
369306
369307
369315
369324
369326
369329
369331
369340
369360
369374
369376
369377
369381
369398
369400
369405
369405
369412
369414
369416
369421
369427
369440
369449
369456
369466
369468
369471
369481
369494
369506
369508
369510
369512
369519
369522
369523
369526
369531
369536
369538
369538
369538
369538
369540
369544
369548
369552
369553
369555
369557
369558
369562
369563
369563
369584
369592
369597
369600
369601
369603
369603
369608
369623
369629
369633
369633
369641
369645
369653
369656
369658
369659
369664
369664
369671
369675
369680
369684
369685
369688
369691
369706
369707
369710
369724
369727
369731
369734
369740
369755
369757
369760
369771
369774
369774
369787
369801
369803
369804
369806
369808
369812
369815
369817
369817
369822
369825
369831
369832
369835
369836
369843
369864
369865
369865
369867
369870
369874
369874
369875
369884
369893
369900
369903
369904
369906
369914
369915
369916
369917
369918
369920
369921
369923
369927
369927
369934
369936
369938
369941
369956
369961
369967
369969
369977
369985
370005
370007
370012
370017
370018
370033
370041
370053
370060
370063
370064
370090
370094
370095
370097
370098
370105
370108
370117
370120
370135
370137
370140
370140
370141
370141
370156
370167
370171
370183
370185
370196
370198
370198
370208
370215
370219
370222
370225
370230
370237
370267
370271
370272
370273
370278
370288
370289
370290
370292
370298
370299
370299
370300
370309
370310
370319
370323
370327
370328
370330
370342
370344
370350
370353
370357
370361
370364
370369
370370
370371
370387
370412
370416
370423
370426
370430
370432
370441
370443
370448
370454
370454
370456
370457
370470
370479
370487
370488
370488
370493
370499
370501
370504
370509
370513
370520
370534
370547
370555
370563
370571
370578
370578
370586
370596
370596
370598
370608
370615
370659
370666
370680
370692
370709
370710
370710
370711
370714
370716
370719
370720
370728
370732
370735
370736
370737
370741
370743
370745
370749
370757
370762
370768
370769
370772
370772
370781
370790
370793
370794
370794
370796
370810
370818
370818
370822
370824
370827
370830
370831
370835
370836
370841
370858
370863
370863
370864
370865
370867
370868
370871
370886
370908
370924
370926
370936
370937
370938
370942
370943
370943
370950
370957
370961
370961
370961
370966
370967
370974
370988
370991
370992
370994
370994
371001
371004
371026
371027
371038
371047
371047
371053
371055
371061
371061
371069
371078
371083
371088
371089
371092
371101
371109
371114
371123
371135
371145
371161
371166
371181
371186
371186
371187
371191
371198
371203
371204
371205
371209
371213
371217
371223
371223
371225
371229
371229
371234
371240
371245
371248
371249
371250
371251
371254
371272
371275
371277
371279
371279
371288
371292
371294
371295
371297
371300
371302
371303
371309
371314
371315
371321
371323
371328
371330
371346
371350
371353
371353
371359
371364
371371
371372
371379
371381
371384
371392
371411
371414
371415
371434
371436
371437
371450
371458
371465
371466
371474
371474
371475
371476
371480
371501
371502
371503
371504
371510
371513
371524
371529
371530
371539
371547
371554
371558
371560
371563
371565
371582
371583
371583
371584
371589
371595
371597
371605
371605
371606
371607
371610
371613
371622
371626
371628
371629
371638
371640
371642
371642
371644
371645
371655
371682
371685
371687
371693
371695
371698
371702
371703
371704
371704
371714
371732
371733
371739
371746
371759
371762
371764
371766
371767
371767
371768
371780
371788
371791
371792
371792
371794
371798
371801
371803
371810
371814
371814
371824
371826
371838
371842
371857
371866
371869
371869
371873
371878
371879
371884
371901
371908
371913
371915
371927
371938
371944
371945
371968
371971
371981
372000
372003
372005
372011
372013
372022
372045
372046
372056
372063
372066
372068
372079
372080
372080
372081
372083
372084
372086
372088
372091
372092
372101
372102
372102
372110
372114
372121
372131
372136
372137
372138
372145
372146
372156
372165
372166
372173
372177
372178
372179
372185
372185
372185
372201
372219
372220
372227
372231
372241
372243
372243
372246
372249
372249
372255
372262
372266
372266
372270
372274
372276
372282
372283
372286
372288
372294
372295
372303
372308
372309
372320
372344
372345
372347
372347
372349
372359
372362
372367
372369
372369
372370
372378
372384
372387
372388
372389
372392
372401
372404
372407
372408
372414
372415
372423
372434
372438
372439
372440
372444
372448
372449
372452
372454
372466
372485
372488
372488
372489
372498
372508
372515
372527
372542
372542
372546
372548
372549
372554
372558
372564
372567
372569
372572
372576
372582
372589
372591
372591
372592
372606
372615
372627
372637
372641
372642
372644
372656
372657
372657
372666
372668
372682
372687
372687
372692
372702
372708
372715
372716
372716
372717
372718
372722
372722
372722
372725
372726
372730
372730
372739
372744
372744
372761
372763
372765
372765
372771
372771
372780
372785
372800
372801
372801
372802
372808
372817
372824
372826
372831
372835
372837
372847
372852
372861
372863
372864
372871
372871
372872
372876
372891
372892
372909
372912
372916
372917
372919
372920
372922
372922
372928
372931
372937
372942
372951
372959
372961
372966
372971
372976
372978
372981
372987
372987
372992
372999
373007
373013
373019
373019
373019
373033
373035
373039
373043
373046
373054
373059
373060
373065
373069
373074
373077
373083
373085
373090
373093
373095
373100
373101
373104
373107
373108
373113
373117
373121
373121
373127
373127
373132
373134
373135
373145
373162
373164
373167
373170
373171
373175
373178
373182
373187
373195
373197
373198
373201
373202
373205
373216
373226
373228
373238
373238
373241
373243
373245
373248
373265
373273
373282
373286
373290
373294
373305
373314
373317
373323
373326
373326
373329
373331
373339
373340
373341
373342
373344
373366
373367
373367
373372
373372
373373
373379
373384
373386
373391
373396
373397
373404
373412
373414
373421
373424
373427
373427
373428
373429
373431
373435
373446
373459
373474
373476
373483
373488
373492
373497
373499
373501
373507
373515
373523
373551
373552
373554
373557
373557
373562
373572
373575
373592
373601
373609
373610
373618
373619
373625
373628
373629
373637
373643
373646
373648
373653
373656
373661
373662
373665
373684
373686
373690
373700
373701
373707
373713
373717
373717
373720
373720
373734
373743
373744
373748
373752
373757
373767
373768
373769
373775
373775
373777
373783
373786
373795
373799
373819
373829
373835
373836
373845
373846
373850
373850
373850
373850
373850
373852
373862
373864
373865
373865
373869
373889
373902
373914
373917
373919
373921
373923
373928
373930
373934
373937
373945
373947
373951
373966
373969
373970
373974
373975
373977
373978
373981
373983
373984
373987
373989
373990
373992
373999
374012
374013
374015
374036
374070
374076
374091
374092
374095
374098
374098
374101
374111
374125
374129
374141
374151
374151
374152
374152
374166
374174
374182
374184
374186
374191
374193
374203
374210
374210
374212
374218
374218
374235
374236
374237
374245
374255
374260
374266
374270
374270
374271
374279
374285
374285
374285
374286
374290
374291
374304
374305
374314
374315
374330
374335
374341
374346
374353
374359
374364
374376
374383
374389
374390
374393
374397
374401
374409
374409
374410
374411
374422
374423
374427
374437
374438
374439
374444
374452
374458
374470
374471
374472
374474
374483
374488
374491
374493
374500
374508
374514
374520
374525
374533
374565
374571
374579
374582
374583
374586
374587
374590
374590
374593
374597
374598
374600
374604
374607
374610
374613
374614
374629
374634
374637
374638
374639
374644
374644
374649
374650
374676
374692
374692
374703
374712
374716
374728
374730
374737
374742
374770
374775
374776
374784
374792
374792
374796
374799
374803
374804
374812
374813
374837
374851
374867
374878
374880
374890
374901
374908
374922
374929
374931
374938
374939
374943
374953
374954
374969
374976
374980
374993
375000
375002
375003
375006
375019
375024
375041
375055
375062
375063
375064
375068
375076
375079
375080
375080
375081
375083
375096
375096
375100
375106
375107
375108
375109
375121
375124
375128
375130
375141
375147
375148
375154
375159
375164
375168
375168
375177
375179
375184
375188
375194
375196
375196
375196
375199
375200
375202
375210
375210
375220
375223
375226
375228
375231
375232
375234
375246
375246
375246
375255
375259
375263
375265
375268
375270
375277
375277
375279
375297
375305
375305
375307
375315
375315
375323
375327
375336
375336
375342
375347
375351
375360
375360
375361
375366
375366
375373
375379
375382
375384
375385
375398
375401
375413
375423
375428
375431
375446
375446
375449
375457
375457
375459
375463
375463
375465
375466
375469
375469
375475
375476
375479
375481
375497
375508
375510
375512
375516
375520
375529
375534
375538
375540
375546
375553
375555
375563
375564
375570
375578
375579
375583
375589
375598
375599
375605
375605
375606
375608
375623
375627
375628
375632
375637
375643
375663
375669
375678
375682
375703
375711
375711
375715
375715
375718
375735
375742
375745
375747
375753
375762
375768
375777
375780
375783
375787
375790
375796
375796
375802
375809
375813
375830
375840
375847
375849
375850
375853
375858
375866
375879
375884
375890
375898
375907
375909
375911
375912
375916
375924
375930
375931
375935
375939
375939
375948
375951
375955
375958
375960
375960
375980
375984
375988
375992
375994
375994
375995
375996
376007
376010
376022
376029
376034
376042
376044
376046
376057
376058
376065
376068
376068
376080
376080
376088
376089
376092
376098
376108
376109
376118
376122
376123
376137
376141
376143
376144
376150
376155
376158
376172
376174
376177
376177
376194
376196
376198
376199
376208
376211
376213
376225
376228
376234
376243
376244
376252
376259
376278
376284
376292
376296
376298
376315
376316
376317
376319
376320
376325
376330
376331
376340
376346
376351
376359
376360
376364
376373
376383
376389
376393
376396
376400
376406
376435
376445
376459
376464
376473
376479
376479
376482
376497
376502
376505
376514
376516
376520
376524
376530
376533
376536
376548
376549
376554
376569
376571
376573
376577
376580
376585
376585
376587
376592
376594
376602
376609
376612
376616
376616
376618
376619
376619
376622
376623
376629
376638
376643
376646
376648
376673
376686
376698
376698
376698
376701
376703
376708
376715
376731
376731
376733
376742
376747
376751
376753
376758
376766
376771
376775
376782
376782
376783
376783
376794
376798
376801
376802
376804
376814
376814
376814
376821
376826
376834
376842
376842
376842
376844
376844
376847
376853
376869
376870
376898
376904
376907
376909
376911
376915
376920
376920
376926
376935
376942
376942
376943
376948
376949
376953
376955
376959
376961
376964
376968
376969
376971
376974
376980
376987
376987
376988
376991
376992
376994
376995
377000
377002
377006
377012
377012
377038
377050
377057
377059
377071
377073
377074
377078
377079
377102
377110
377116
377122
377128
377147
377154
377159
377162
377163
377163
377166
377169
377178
377178
377182
377185
377185
377193
377199
377201
377201
377203
377209
377214
377218
377218
377218
377221
377228
377233
377237
377238
377249
377257
377260
377270
377282
377283
377284
377287
377289
377289
377293
377296
377297
377299
377307
377317
377322
377323
377327
377330
377332
377333
377339
377341
377344
377349
377364
377366
377369
377380
377395
377401
377411
377412
377417
377417
377423
377423
377425
377431
377432
377443
377443
377445
377454
377455
377459
377468
377470
377473
377488
377492
377502
377506
377507
377509
377523
377526
377529
377534
377537
377539
377541
377547
377555
377559
377566
377567
377569
377573
377580
377588
377594
377607
377611
377614
377619
377620
377625
377625
377626
377628
377630
377651
377657
377662
377668
377676
377679
377680
377681
377682
377684
377689
377690
377692
377693
377694
377701
377703
377713
377718
377721
377723
377723
377735
377737
377737
377744
377750
377752
377752
377755
377758
377760
377760
377760
377764
377765
377769
377771
377783
377788
377791
377794
377798
377802
377817
377824
377827
377831
377844
377844
377846
377847
377847
377848
377849
377852
377861
377865
377874
377893
377895
377903
377909
377910
377913
377915
377915
377923
377936
377937
377938
377938
377942
377948
377951
377951
377961
377965
377967
377968
377969
377972
377973
377974
377985
377989
377990
377996
377997
378004
378005
378006
378007
378015
378019
378037
378038
378039
378041
378042
378046
378048
378054
378055
378069
378074
378086
378092
378094
378103
378128
378130
378134
378134
378140
378142
378152
378157
378166
378173
378174
378175
378176
378178
378181
378187
378189
378190
378196
378201
378206
378219
378228
378231
378236
378245
378251
378253
378259
378260
378276
378277
378285
378292
378295
378309
378320
378326
378327
378338
378340
378343
378344
378352
378367
378372
378385
378390
378401
378405
378406
378430
378444
378448
378452
378458
378462
378462
378483
378491
378494
378504
378517
378520
378521
378527
378529
378531
378532
378536
378536
378540
378545
378551
378556
378564
378570
378574
378579
378581
378583
378590
378600
378600
378600
378611
378619
378627
378638
378638
378640
378646
378656
378660
378663
378667
378669
378673
378679
378681
378681
378681
378683
378690
378698
378701
378713
378714
378726
378730
378741
378742
378742
378747
378753
378754
378759
378764
378768
378771
378778
378788
378791
378791
378792
378792
378792
378801
378806
378808
378813
378817
378828
378835
378853
378854
378867
378871
378871
378876
378879
378882
378883
378887
378887
378892
378899
378903
378906
378908
378910
378912
378914
378914
378919
378926
378926
378938
378951
378965
378965
378970
378970
378973
378981
379011
379020
379031
379034
379036
379041
379044
379045
379049
379057
379079
379084
379087
379091
379101
379101
379102
379105
379106
379112
379113
379120
379142
379144
379154
379155
379174
379176
379181
379183
379183
379186
379191
379194
379195
379196
379203
379216
379220
379227
379236
379240
379241
379255
379261
379263
379269
379283
379294
379297
379299
379302
379305
379312
379316
379334
379341
379343
379346
379347
379348
379349
379351
379351
379366
379368
379372
379373
379374
379387
379389
379391
379392
379394
379395
379396
379398
379400
379404
379408
379413
379419
379421
379423
379428
379432
379435
379436
379440
379446
379468
379474
379480
379483
379495
379496
379501
379503
379504
379505
379509
379514
379515
379522
379528
379532
379541
379542
379543
379546
379548
379548
379554
379559
379560
379561
379565
379566
379567
379569
379573
379589
379595
379596
379600
379605
379607
379612
379632
379636
379637
379642
379644
379654
379665
379667
379673
379673
379673
379680
379686
379693
379703
379706
379717
379726
379729
379730
379735
379741
379747
379752
379760
379761
379763
379774
379777
379788
379800
379802
379807
379808
379810
379811
379819
379821
379822
379829
379836
379839
379842
379849
379860
379867
379873
379885
379886
379889
379889
379894
379905
379909
379913
379916
379919
379921
379922
379923
379924
379926
379944
379950
379950
379951
379952
379962
379963
379965
379965
379971
379976
379978
379987
379990
379994
379994
380012
380014
380014
380014
380015
380050
380057
380061
380063
380071
380083
380086
380089
380090
380090
380092
380099
380102
380105
380106
380109
380109
380110
380113
380114
380127
380128
380134
380136
380140
380141
380147
380149
380160
380170
380172
380175
380184
380189
380198
380199
380199
380212
380213
380217
380225
380242
380251
380258
380258
380263
380267
380268
380275
380276
380280
380281
380282
380282
380292
380296
380304
380310
380317
380332
380335
380343
380346
380351
380352
380362
380372
380375
380376
380385
380393
380395
380396
380396
380404
380407
380407
380410
380417
380430
380436
380436
380444
380446
380447
380449
380454
380454
380458
380472
380481
380483
380488
380491
380494
380505
380508
380514
380515
380531
380531
380533
380548
380561
380564
380570
380578
380582
380586
380594
380595
380600
380604
380610
380617
380619
380620
380621
380632
380638
380641
380658
380663
380665
380668
380680
380681
380681
380700
380704
380705
380707
380711
380713
380715
380717
380721
380735
380736
380736
380752
380756
380756
380756
380756
380767
380768
380768
380770
380776
380777
380781
380782
380787
380800
380817
380821
380822
380822
380823
380835
380836
380839
380848
380854
380863
380863
380868
380881
380897
380897
380904
380915
380919
380925
380925
380933
380939
380943
380944
380946
380958
380960
380971
380976
380978
380992
380995
380995
381000
381002
381004
381007
381009
381010
381014
381015
381018
381022
381024
381030
381030
381031
381038
381040
381043
381053
381064
381072
381073
381078
381086
381086
381093
381095
381096
381100
381110
381110
381111
381112
381114
381130
381144
381152
381160
381161
381161
381162
381164
381176
381179
381180
381184
381197
381202
381209
381212
381215
381224
381241
381244
381245
381256
381259
381263
381266
381269
381270
381275
381283
381293
381302
381318
381319
381325
381331
381338
381342
381344
381347
381348
381360
381375
381388
381389
381391
381401
381403
381403
381408
381410
381412
381417
381421
381434
381434
381441
381444
381445
381448
381454
381458
381464
381475
381477
381482
381482
381491
381495
381502
381502
381510
381517
381518
381520
381523
381537
381548
381549
381551
381552
381564
381565
381576
381576
381591
381592
381603
381606
381611
381612
381627
381629
381638
381643
381648
381656
381658
381658
381676
381681
381684
381685
381688
381695
381704
381712
381713
381716
381737
381744
381750
381754
381764
381770
381772
381773
381779
381787
381790
381793
381797
381801
381801
381805
381811
381819
381823
381824
381824
381835
381847
381850
381853
381857
381862
381863
381878
381884
381885
381885
381889
381892
381900
381902
381906
381907
381917
381925
381927
381928
381934
381943
381951
381952
381956
381965
381971
381980
381982
381983
381990
381992
382003
382003
382011
382029
382034
382041
382046
382047
382050
382053
382055
382057
382067
382073
382076
382079
382081
382085
382088
382096
382097
382099
382104
382106
382117
382120
382122
382129
382129
382138
382140
382144
382146
382151
382156
382158
382159
382162
382162
382162
382170
382179
382185
382188
382190
382191
382192
382199
382199
382203
382206
382215
382215
382217
382220
382222
382232
382235
382238
382238
382247
382250
382259
382265
382277
382281
382293
382295
382298
382300
382305
382307
382311
382319
382322
382323
382354
382357
382357
382364
382368
382372
382377
382379
382379
382383
382386
382387
382388
382392
382393
382395
382406
382410
382416
382417
382420
382425
382429
382444
382450
382453
382456
382472
382473
382486
382486
382494
382501
382508
382510
382510
382512
382517
382536
382538
382543
382559
382569
382577
382589
382590
382595
382607
382614
382616
382629
382634
382635
382637
382646
382650
382653
382659
382663
382671
382671
382674
382680
382684
382687
382696
382698
382703
382707
382709
382711
382712
382715
382735
382737
382742
382742
382746
382750
382755
382756
382769
382770
382772
382772
382773
382776
382781
382783
382800
382802
382803
382809
382812
382812
382821
382840
382840
382843
382848
382857
382860
382862
382869
382872
382901
382904
382911
382923
382927
382931
382937
382965
382967
382969
382971
382985
382986
382987
382989
382990
382990
382995
382995
383020
383024
383037
383040
383042
383047
383052
383058
383060
383062
383073
383091
383094
383097
383101
383101
383106
383107
383109
383110
383110
383111
383112
383118
383122
383135
383136
383136
383138
383140
383142
383144
383146
383148
383148
383174
383181
383189
383191
383204
383213
383217
383218
383222
383223
383229
383239
383247
383271
383273
383274
383274
383276
383277
383277
383283
383284
383286
383288
383303
383318
383318
383324
383338
383340
383346
383348
383354
383359
383359
383372
383395
383397
383401
383404
383409
383411
383412
383417
383433
383433
383434
383440
383448
383453
383454
383470
383473
383478
383482
383482
383488
383488
383490
383495
383506
383511
383523
383524
383525
383527
383527
383529
383532
383533
383535
383537
383540
383541
383550
383563
383569
383572
383573
383574
383576
383578
383579
383584
383584
383597
383604
383618
383619
383622
383626
383631
383636
383639
383645
383650
383650
383651
383658
383658
383659
383661
383667
383671
383676
383677
383681
383682
383682
383693
383694
383695
383705
383714
383716
383731
383736
383739
383741
383749
383751
383757
383764
383769
383773
383774
383782
383793
383804
383807
383827
383836
383843
383848
383849
383854
383871
383878
383882
383891
383897
383900
383901
383913
383915
383919
383920
383923
383923
383926
383945
383950
383951
383952
383955
383956
383958
383961
383975
383979
383981
383982
383983
383984
383996
383998
383999
384001
384005
384009
384010
384016
384017
384020
384021
384034
384038
384041
384045
384049
384056
384062
384066
384067
384069
384073
384076
384081
384082
384084
384088
384103
384106
384145
384159
384160
384163
384165
384166
384167
384175
384180
384184
384187
384188
384198
384205
384206
384209
384222
384228
384230
384243
384247
384255
384258
384277
384280
384281
384291
384298
384302
384311
384311
384314
384315
384321
384322
384330
384335
384349
384349
384351
384361
384370
384378
384381
384387
384393
384395
384397
384404
384411
384418
384420
384420
384427
384427
384437
384443
384455
384460
384467
384478
384482
384503
384511
384512
384517
384519
384530
384538
384553
384553
384561
384570
384571
384573
384575
384580
384588
384594
384595
384611
384613
384627
384632
384639
384655
384659
384679
384679
384682
384683
384699
384701
384704
384710
384729
384732
384739
384744
384748
384758
384762
384762
384763
384764
384766
384777
384782
384796
384796
384797
384802
384805
384809
384813
384821
384824
384849
384864
384864
384865
384872
384877
384886
384893
384909
384909
384912
384933
384938
384945
384946
384951
384959
384974
384975
384976
384979
384989
384992
384993
384998
384999
385001
385002
385002
385010
385011
385013
385015
385016
385021
385025
385032
385067
385068
385073
385082
385083
385102
385107
385109
385110
385119
385121
385136
385137
385165
385167
385168
385168
385197
385205
385207
385209
385210
385213
385216
385219
385222
385222
385237
385238
385238
385254
385257
385263
385270
385270
385276
385276
385277
385277
385286
385295
385297
385301
385302
385305
385310
385315
385320
385322
385329
385335
385337
385339
385343
385345
385356
385357
385359
385373
385376
385411
385420
385422
385426
385428
385430
385432
385439
385445
385466
385478
385484
385486
385490
385493
385493
385493
385494
385506
385508
385510
385515
385517
385518
385519
385520
385523
385524
385525
385527
385528
385528
385541
385549
385549
385560
385569
385582
385584
385586
385590
385594
385600
385606
385608
385609
385618
385627
385639
385640
385641
385649
385655
385666
385675
385679
385680
385680
385685
385687
385690
385691
385695
385697
385701
385704
385706
385715
385722
385725
385741
385750
385750
385761
385771
385773
385781
385788
385792
385793
385798
385817
385819
385824
385826
385830
385836
385839
385840
385844
385851
385854
385856
385869
385871
385876
385876
385878
385879
385890
385890
385899
385904
385906
385912
385915
385916
385919
385921
385923
385923
385926
385927
385932
385940
385942
385944
385946
385948
385949
385957
385959
385962
385963
385974
385975
385976
385985
385986
385995
385998
385998
385998
385999
386002
386002
386005
386007
386014
386023
386026
386028
386037
386038
386048
386056
386057
386064
386067
386070
386071
386080
386087
386091
386106
386107
386114
386116
386130
386135
386140
386141
386149
386151
386151
386161
386174
386177
386188
386190
386192
386206
386217
386225
386235
386239
386240
386245
386246
386258
386259
386268
386273
386280
386287
386292
386295
386297
386319
386322
386324
386327
386327
386332
386338
386339
386356
386359
386359
386361
386366
386374
386378
386380
386381
386383
386386
386389
386390
386391
386392
386393
386395
386397
386398
386400
386403
386411
386413
386417
386425
386426
386426
386439
386441
386459
386470
386470
386481
386493
386495
386502
386506
386512
386517
386527
386529
386534
386538
386559
386566
386576
386590
386592
386594
386601
386623
386626
386634
386635
386646
386648
386651
386652
386653
386656
386656
386659
386668
386671
386679
386699
386701
386705
386705
386712
386718
386721
386723
386725
386731
386743
386749
386753
386764
386764
386769
386769
386794
386806
386807
386811
386813
386815
386821
386825
386839
386839
386846
386853
386855
386857
386857
386866
386868
386872
386875
386877
386882
386895
386897
386917
386925
386931
386934
386934
386939
386941
386947
386948
386962
386966
386972
386977
386978
386987
386994
386996
387002
387003
387010
387014
387024
387024
387029
387032
387038
387039
387040
387043
387045
387053
387053
387056
387058
387062
387063
387079
387086
387096
387098
387101
387104
387114
387120
387122
387128
387131
387137
387137
387156
387163
387170
387179
387182
387182
387188
387192
387192
387197
387208
387210
387213
387215
387224
387224
387226
387234
387237
387243
387246
387258
387268
387268
387273
387275
387295
387303
387303
387303
387306
387307
387307
387313
387313
387313
387314
387318
387320
387321
387324
387328
387328
387334
387334
387343
387345
387352
387355
387358
387368
387372
387375
387378
387385
387393
387394
387398
387400
387402
387408
387411
387413
387419
387422
387423
387426
387434
387440
387448
387453
387454
387456
387461
387462
387463
387477
387478
387484
387484
387490
387493
387497
387498
387529
387532
387539
387540
387542
387543
387543
387555
387566
387566
387568
387572
387584
387589
387595
387598
387603
387606
387607
387609
387613
387625
387626
387647
387654
387656
387664
387680
387682
387684
387684
387694
387699
387701
387703
387708
387717
387718
387721
387725
387725
387730
387735
387738
387742
387771
387773
387774
387787
387791
387793
387796
387800
387800
387802
387818
387823
387824
387825
387828
387833
387839
387841
387842
387846
387853
387855
387866
387871
387873
387875
387881
387893
387895
387896
387911
387920
387923
387923
387935
387935
387939
387944
387948
387955
387968
387970
387972
387982
387983
387983
387984
387989
387998
388003
388010
388016
388016
388018
388021
388025
388030
388030
388038
388041
388042
388047
388063
388073
388080
388089
388091
388095
388100
388108
388112
388119
388123
388128
388130
388130
388140
388144
388151
388157
388165
388167
388172
388177
388177
388180
388190
388192
388194
388195
388200
388206
388208
388212
388214
388221
388238
388246
388247
388248
388266
388267
388275
388277
388283
388307
388307
388313
388318
388319
388324
388334
388336
388341
388349
388350
388361
388372
388375
388376
388382
388400
388401
388407
388410
388425
388426
388427
388438
388439
388441
388442
388449
388456
388462
388472
388476
388477
388484
388502
388504
388518
388533
388538
388541
388543
388543
388544
388553
388563
388568
388570
388572
388573
388575
388578
388583
388583
388585
388589
388600
388606
388608
388608
388610
388611
388621
388623
388631
388632
388634
388642
388660
388664
388664
388665
388681
388681
388687
388691
388695
388698
388709
388709
388728
388729
388737
388741
388749
388761
388761
388764
388774
388785
388788
388791
388791
388794
388800
388814
388816
388829
388831
388832
388832
388835
388838
388842
388849
388849
388859
388861
388864
388887
388896
388898
388901
388901
388902
388916
388924
388928
388929
388933
388933
388934
388935
388937
388946
388946
388953
388958
388958
388960
388960
388967
388974
388976
388978
388982
388990
388991
389002
389003
389004
389006
389007
389011
389015
389020
389020
389022
389023
389024
389026
389033
389035
389037
389038
389054
389055
389055
389060
389069
389076
389078
389090
389092
389094
389097
389098
389106
389114
389115
389116
389117
389120
389128
389132
389136
389144
389151
389151
389157
389158
389161
389163
389177
389181
389185
389186
389189
389189
389191
389194
389196
389199
389204
389208
389215
389233
389239
389246
389255
389264
389266
389269
389270
389271
389279
389281
389286
389287
389288
389288
389289
389293
389298
389300
389305
389308
389309
389316
389318
389328
389335
389335
389338
389341
389341
389351
389360
389360
389360
389361
389361
389364
389370
389378
389385
389387
389392
389393
389398
389402
389402
389412
389415
389416
389418
389419
389423
389439
389441
389447
389449
389456
389464
389464
389471
389475
389477
389481
389483
389484
389489
389490
389496
389499
389500
389504
389525
389526
389528
389542
389543
389548
389552
389571
389572
389575
389590
389594
389600
389602
389608
389612
389613
389613
389620
389631
389633
389633
389640
389644
389645
389646
389646
389655
389655
389656
389675
389678
389678
389679
389681
389682
389687
389688
389691
389698
389699
389700
389700
389718
389720
389720
389721
389730
389735
389736
389744
389748
389749
389753
389756
389758
389761
389767
389768
389775
389781
389784
389785
389788
389790
389790
389798
389798
389799
389804
389808
389812
389823
389833
389840
389841
389846
389847
389850
389850
389859
389860
389861
389875
389883
389886
389889
389890
389899
389903
389916
389917
389918
389922
389928
389953
389953
389966
389967
389993
389993
389994
389998
390015
390016
390021
390021
390021
390031
390038
390038
390043
390047
390053
390058
390059
390064
390070
390075
390076
390085
390091
390112
390117
390127
390136
390139
390152
390160
390172
390176
390181
390189
390193
390193
390200
390203
390204
390207
390209
390213
390227
390229
390231
390236
390239
390250
390253
390254
390270
390280
390285
390290
390292
390313
390320
390322
390322
390327
390333
390334
390341
390360
390365
390370
390372
390380
390383
390386
390390
390390
390410
390411
390425
390431
390447
390448
390448
390450
390450
390457
390461
390465
390474
390479
390482
390486
390488
390491
390493
390516
390518
390521
390525
390528
390528
390549
390550
390552
390553
390558
390561
390575
390577
390588
390588
390596
390604
390606
390617
390625
390626
390636
390642
390642
390643
390652
390652
390657
390661
390663
390670
390675
390678
390678
390678
390687
390694
390695
390697
390699
390705
390708
390709
390712
390716
390716
390724
390730
390731
390750
390754
390759
390764
390765
390768
390770
390770
390775
390776
390776
390777
390781
390796
390800
390804
390808
390818
390840
390846
390849
390859
390859
390862
390871
390874
390875
390875
390875
390877
390878
390881
390896
390897
390917
390922
390924
390931
390934
390943
390947
390952
390973
390981
390985
390986
390990
390992
390995
390998
391000
391004
391005
391012
391018
391019
391029
391034
391039
391039
391041
391041
391043
391047
391047
391054
391067
391067
391079
391083
391088
391120
391120
391130
391131
391132
391135
391142
391143
391152
391154
391160
391166
391169
391174
391175
391177
391183
391195
391201
391202
391203
391205
391208
391219
391222
391223
391224
391225
391228
391233
391234
391237
391238
391241
391241
391250
391250
391262
391266
391268
391270
391286
391288
391292
391296
391312
391318
391332
391335
391344
391346
391347
391355
391365
391367
391372
391374
391382
391384
391388
391404
391405
391407
391418
391421
391426
391431
391434
391444
391446
391446
391446
391451
391462
391463
391466
391473
391479
391483
391490
391491
391497
391499
391503
391506
391514
391514
391514
391517
391523
391524
391532
391534
391539
391539
391542
391543
391545
391548
391549
391552
391562
391565
391567
391571
391586
391591
391600
391603
391604
391614
391620
391623
391624
391631
391636
391647
391650
391654
391656
391660
391672
391681
391685
391699
391700
391710
391717
391717
391722
391723
391723
391724
391727
391728
391731
391731
391731
391732
391734
391744
391750
391755
391758
391758
391760
391778
391787
391804
391811
391819
391819
391824
391825
391826
391835
391837
391846
391848
391851
391851
391853
391854
391864
391864
391865
391869
391869
391871
391877
391890
391894
391896
391905
391907
391908
391920
391922
391945
391945
391948
391957
391959
391962
391962
391966
391967
391973
391984
391989
391997
392002
392005
392010
392017
392022
392024
392043
392044
392046
392065
392068
392076
392079
392090
392093
392094
392096
392101
392101
392105
392107
392108
392113
392114
392120
392126
392134
392139
392141
392142
392147
392151
392163
392163
392175
392178
392180
392181
392182
392187
392194
392196
392197
392198
392200
392202
392203
392205
392221
392234
392250
392251
392252
392264
392264
392269
392269
392271
392272
392273
392286
392298
392308
392315
392317
392331
392333
392342
392345
392350
392352
392355
392363
392380
392382
392393
392401
392405
392406
392419
392429
392430
392436
392442
392447
392448
392453
392461
392462
392465
392475
392478
392500
392506
392508
392516
392521
392522
392526
392548
392556
392563
392565
392570
392571
392580
392583
392584
392588
392604
392608
392612
392620
392628
392629
392637
392638
392640
392645
392653
392672
392680
392683
392689
392690
392691
392692
392694
392694
392694
392705
392706
392708
392710
392711
392717
392718
392718
392732
392741
392743
392743
392749
392750
392778
392784
392785
392786
392796
392798
392798
392816
392819
392819
392819
392836
392837
392841
392842
392854
392858
392859
392860
392869
392872
392875
392880
392891
392892
392893
392895
392897
392910
392910
392912
392915
392916
392933
392939
392939
392946
392947
392972
392974
392981
392997
393002
393016
393019
393020
393020
393022
393027
393027
393027
393027
393034
393037
393043
393044
393046
393046
393047
393051
393052
393055
393061
393062
393068
393068
393070
393078
393079
393083
393085
393088
393090
393110
393113
393116
393122
393128
393134
393144
393144
393147
393156
393163
393171
393173
393175
393177
393181
393182
393182
393183
393186
393191
393192
393195
393222
393226
393230
393231
393252
393253
393256
393264
393265
393272
393273
393283
393283
393284
393289
393292
393303
393305
393307
393308
393318
393318
393320
393327
393328
393331
393340
393344
393349
393358
393362
393369
393369
393382
393387
393387
393387
393388
393389
393399
393400
393403
393405
393406
393408
393415
393417
393426
393433
393434
393441
393442
393443
393450
393452
393456
393467
393472
393474
393478
393482
393486
393488
393492
393493
393495
393499
393501
393519
393537
393538
393541
393550
393550
393561
393572
393583
393585
393589
393594
393604
393610
393613
393620
393622
393629
393631
393637
393649
393654
393655
393659
393670
393679
393685
393687
393689
393690
393691
393692
393696
393697
393701
393701
393705
393711
393715
393723
393730
393733
393734
393736
393741
393741
393743
393747
393749
393750
393757
393767
393775
393778
393779
393786
393786
393800
393805
393805
393807
393808
393810
393814
393816
393823
393825
393832
393837
393840
393843
393844
393848
393852
393862
393874
393875
393880
393882
393885
393888
393899
393900
393900
393900
393902
393906
393921
393929
393946
393949
393949
393950
393953
393954
393955
393958
393975
393980
393992
393992
393994
393999
394000
394002
394004
394008
394009
394024
394026
394034
394034
394035
394036
394039
394043
394048
394051
394062
394065
394066
394067
394067
394069
394070
394080
394081
394083
394089
394093
394104
394118
394122
394123
394124
394125
394126
394137
394169
394174
394195
394225
394229
394234
394234
394240
394241
394241
394248
394250
394281
394281
394282
394287
394295
394297
394297
394299
394301
394312
394316
394322
394326
394328
394328
394336
394367
394368
394378
394386
394391
394392
394393
394398
394415
394418
394419
394423
394429
394441
394443
394444
394452
394455
394456
394458
394459
394466
394468
394472
394479
394501
394505
394506
394508
394512
394512
394520
394529
394534
394543
394547
394550
394556
394558
394561
394574
394582
394592
394594
394594
394596
394599
394601
394604
394606
394611
394618
394621
394627
394635
394642
394653
394672
394675
394678
394686
394693
394699
394709
394710
394716
394722
394729
394731
394734
394747
394762
394763
394773
394773
394775
394780
394795
394798
394801
394803
394805
394807
394813
394814
394819
394823
394824
394826
394827
394835
394835
394845
394847
394848
394851
394851
394852
394854
394855
394856
394867
394869
394876
394878
394891
394893
394897
394900
394911
394919
394922
394925
394927
394932
394934
394940
394949
394951
394958
394960
394969
394975
394979
394986
394991
394993
394998
394998
395003
395022
395035
395052
395065
395067
395072
395073
395094
395096
395105
395114
395119
395119
395123
395124
395125
395129
395137
395148
395149
395175
395177
395184
395190
395192
395202
395210
395224
395227
395232
395234
395236
395237
395239
395239
395250
395252
395253
395254
395269
395271
395275
395279
395282
395282
395283
395284
395290
395292
395295
395296
395299
395316
395316
395322
395324
395326
395330
395331
395342
395350
395362
395364
395367
395367
395371
395388
395390
395394
395409
395416
395421
395426
395441
395448
395453
395461
395466
395468
395475
395480
395481
395482
395486
395491
395495
395501
395502
395504
395505
395506
395509
395509
395510
395514
395518
395518
395518
395521
395522
395536
395538
395539
395544
395545
395546
395547
395548
395557
395566
395567
395567
395574
395574
395576
395576
395592
395593
395599
395601
395603
395606
395623
395626
395632
395635
395636
395646
395648
395665
395676
395695
395705
395715
395719
395730
395732
395735
395739
395740
395740
395766
395771
395771
395780
395781
395786
395790
395792
395797
395799
395801
395802
395802
395818
395820
395822
395841
395847
395852
395852
395859
395884
395891
395895
395896
395906
395906
395909
395912
395921
395928
395929
395936
395951
395955
395956
395957
395958
395960
395973
395978
395978
395980
395980
395991
395995
396012
396015
396023
396027
396028
396028
396028
396043
396050
396059
396066
396069
396074
396079
396082
396085
396085
396091
396091
396092
396095
396096
396096
396097
396098
396104
396107
396112
396134
396138
396141
396144
396146
396147
396150
396164
396177
396179
396184
396197
396199
396214
396217
396219
396219
396220
396222
396228
396230
396237
396240
396241
396242
396243
396247
396248
396251
396253
396256
396265
396265
396268
396271
396274
396283
396289
396290
396294
396295
396306
396312
396312
396319
396338
396339
396342
396348
396369
396376
396377
396391
396392
396400
396401
396401
396402
396404
396416
396420
396456
396458
396461
396461
396462
396467
396472
396475
396484
396500
396506
396510
396530
396531
396532
396540
396548
396554
396560
396566
396566
396567
396569
396570
396571
396574
396592
396597
396598
396607
396608
396615
396615
396624
396633
396643
396644
396651
396659
396668
396670
396675
396683
396683
396689
396692
396696
396697
396698
396701
396701
396705
396718
396722
396723
396725
396725
396732
396738
396752
396756
396759
396760
396780
396783
396788
396792
396797
396808
396809
396809
396810
396813
396824
396840
396850
396850
396851
396853
396855
396862
396870
396873
396877
396889
396895
396900
396900
396902
396909
396924
396943
396948
396959
396961
396963
396971
396976
396984
396990
396991
396993
396999
396999
397003
397004
397009
397010
397013
397026
397030
397030
397033
397037
397058
397063
397078
397080
397081
397085
397090
397091
397092
397098
397103
397104
397108
397115
397118
397121
397123
397130
397137
397144
397144
397155
397158
397178
397182
397192
397196
397198
397202
397205
397210
397213
397218
397222
397231
397233
397233
397235
397242
397249
397253
397265
397272
397293
397297
397303
397305
397307
397309
397314
397317
397327
397340
397343
397345
397349
397353
397356
397357
397361
397363
397374
397396
397400
397405
397406
397409
397414
397420
397422
397424
397435
397436
397441
397460
397469
397470
397472
397473
397479
397487
397490
397499
397503
397504
397506
397509
397511
397528
397544
397554
397556
397565
397565
397566
397567
397574
397586
397588
397602
397602
397606
397608
397609
397614
397624
397624
397627
397630
397632
397634
397637
397641
397643
397644
397672
397677
397678
397680
397684
397686
397688
397690
397695
397720
397721
397729
397733
397743
397744
397744
397745
397747
397749
397753
397758
397762
397764
397766
397780
397781
397787
397788
397791
397805
397808
397809
397810
397821
397823
397836
397837
397838
397841
397849
397852
397855
397857
397862
397865
397866
397868
397873
397881
397882
397889
397892
397895
397903
397905
397908
397909
397919
397923
397924
397925
397934
397936
397936
397941
397942
397960
397967
397969
397970
397978
397982
397982
397990
397992
397995
397995
398000
398002
398002
398008
398013
398019
398025
398029
398035
398046
398048
398053
398058
398061
398065
398069
398085
398088
398098
398100
398103
398104
398111
398111
398113
398114
398119
398124
398131
398135
398137
398141
398144
398152
398162
398163
398166
398168
398198
398203
398207
398212
398216
398222
398223
398240
398246
398246
398265
398266
398268
398272
398282
398294
398303
398304
398309
398310
398312
398315
398320
398334
398340
398342
398345
398356
398364
398371
398384
398385
398386
398396
398396
398396
398398
398404
398408
398420
398424
398425
398445
398445
398448
398452
398454
398472
398473
398485
398486
398491
398491
398498
398501
398502
398503
398511
398519
398521
398526
398528
398530
398540
398540
398543
398551
398562
398566
398566
398574
398586
398591
398593
398595
398595
398597
398597
398603
398603
398605
398606
398613
398622
398628
398628
398632
398641
398644
398649
398656
398657
398668
398674
398675
398684
398700
398703
398720
398729
398735
398740
398742
398745
398747
398749
398753
398761
398765
398765
398765
398777
398784
398795
398796
398800
398808
398813
398816
398823
398828
398837
398837
398839
398842
398847
398848
398852
398853
398856
398858
398860
398868
398869
398869
398869
398871
398875
398878
398893
398893
398894
398895
398915
398923
398926
398928
398928
398928
398928
398933
398939
398942
398944
398946
398947
398953
398959
398959
398964
398979
398984
398987
398999
399009
399013
399020
399035
399038
399051
399052
399060
399061
399063
399069
399077
399080
399087
399093
399093
399095
399097
399103
399112
399113
399119
399121
399124
399126
399126
399133
399135
399136
399139
399143
399147
399147
399151
399157
399158
399162
399162
399164
399175
399178
399202
399202
399210
399214
399234
399238
399240
399241
399264
399265
399272
399282
399284
399286
399288
399288
399290
399294
399297
399298
399310
399313
399314
399317
399325
399328
399330
399344
399346
399347
399361
399375
399377
399380
399384
399389
399389
399399
399401
399402
399411
399436
399441
399449
399458
399468
399473
399479
399481
399482
399484
399497
399507
399508
399513
399515
399534
399538
399546
399551
399556
399565
399565
399568
399572
399579
399584
399585
399595
399596
399596
399600
399604
399616
399616
399618
399623
399624
399632
399646
399648
399648
399651
399658
399669
399670
399671
399689
399695
399697
399703
399712
399716
399717
399722
399724
399725
399725
399727
399729
399729
399735
399738
399742
399763
399772
399774
399774
399775
399777
399782
399786
399795
399797
399802
399810
399834
399837
399843
399846
399848
399857
399857
399867
399873
399877
399910
399915
399923
399923
399926
399927
399932
399939
399944
399953
399958
399961
399963
399966
399973
399978
399982
399982
399988
399992
399998
400009
400010
400013
400020
400022
400040
400048
400051
400066
400069
400075
400078
400079
400082
400084
400086
400087
400089
400092
400100
400111
400120
400130
400135
400141
400143
400146
400149
400155
400163
400165
400167
400184
400187
400187
400187
400191
400193
400205
400206
400210
400212
400212
400215
400218
400219
400230
400232
400259
400265
400268
400273
400280
400280
400286
400290
400293
400294
400305
400306
400310
400315
400318
400327
400335
400335
400338
400352
400354
400355
400360
400366
400369
400376
400380
400398
400398
400404
400431
400449
400451
400452
400453
400459
400460
400461
400464
400465
400471
400472
400480
400483
400484
400486
400489
400497
400498
400498
400499
400509
400514
400526
400526
400532
400537
400541
400541
400542
400545
400547
400549
400550
400553
400555
400568
400573
400575
400580
400582
400586
400589
400591
400592
400593
400596
400598
400601
400610
400610
400616
400616
400643
400668
400669
400673
400678
400685
400687
400692
400694
400698
400699
400703
400704
400708
400712
400715
400727
400731
400734
400735
400739
400747
400762
400766
400771
400776
400780
400797
400806
400809
400827
400828
400831
400849
400851
400853
400868
400868
400873
400876
400883
400883
400887
400891
400892
400894
400895
400908
400916
400924
400952
400953
400954
400959
400972
400975
400983
400989
400990
400992
400993
400994
400999
401006
401007
401010
401010
401013
401025
401031
401038
401039
401050
401057
401064
401066
401076
401096
401102
401105
401119
401120
401120
401129
401133
401135
401136
401137
401137
401143
401145
401154
401161
401171
401177
401181
401185
401188
401191
401198
401213
401216
401223
401225
401228
401231
401231
401232
401234
401236
401243
401247
401250
401267
401277
401279
401280
401283
401283
401288
401292
401293
401315
401344
401345
401349
401354
401356
401374
401387
401392
401403
401410
401418
401419
401421
401424
401430
401435
401441
401448
401452
401454
401455
401455
401465
401468
401468
401470
401476
401480
401482
401485
401488
401499
401510
401511
401512
401513
401528
401535
401537
401540
401547
401548
401550
401551
401552
401552
401570
401570
401577
401577
401595
401604
401609
401614
401618
401620
401620
401624
401627
401638
401647
401649
401654
401661
401662
401670
401677
401682
401693
401694
401694
401698
401699
401702
401708
401712
401720
401721
401729
401736
401743
401744
401748
401751
401755
401776
401782
401790
401799
401801
401808
401820
401831
401837
401839
401840
401862
401863
401864
401864
401869
401875
401878
401893
401909
401925
401926
401928
401933
401935
401940
401942
401942
401945
401947
401948
401952
401957
401959
401960
401960
401963
401969
401983
402001
402007
402014
402017
402020
402024
402026
402026
402036
402036
402040
402052
402053
402058
402060
402065
402066
402070
402077
402090
402094
402096
402100
402102
402111
402120
402131
402139
402145
402145
402149
402153
402156
402171
402174
402176
402179
402185
402185
402195
402198
402202
402210
402216
402230
402240
402245
402245
402249
402251
402259
402260
402263
402264
402267
402272
402275
402281
402284
402286
402287
402287
402302
402302
402304
402309
402318
402321
402327
402333
402337
402342
402345
402346
402352
402371
402376
402378
402381
402383
402383
402384
402386
402387
402388
402388
402390
402401
402412
402419
402420
402421
402423
402432
402436
402436
402438
402441
402442
402445
402447
402453
402457
402466
402483
402484
402485
402493
402506
402506
402507
402516
402517
402523
402535
402554
402561
402564
402572
402575
402575
402577
402580
402591
402593
402603
402605
402606
402620
402622
402625
402629
402633
402634
402641
402643
402644
402649
402652
402659
402663
402669
402675
402682
402686
402687
402687
402699
402717
402720
402738
402743
402744
402746
402747
402748
402752
402758
402759
402760
402764
402772
402772
402782
402786
402790
402794
402795
402797
402798
402812
402817
402818
402834
402841
402848
402850
402856
402856
402865
402873
402884
402890
402910
402912
402913
402917
402921
402923
402924
402926
402938
402950
402953
402967
402973
402981
402984
402986
402994
403000
403003
403009
403018
403024
403025
403025
403032
403033
403039
403042
403044
403047
403048
403053
403056
403062
403062
403063
403064
403065
403069
403071
403079
403091
403098
403099
403125
403125
403129
403130
403132
403146
403149
403160
403161
403165
403170
403173
403175
403177
403178
403182
403185
403190
403191
403198
403205
403206
403207
403207
403223
403233
403237
403241
403256
403257
403258
403259
403265
403266
403266
403268
403277
403284
403302
403303
403303
403306
403308
403314
403315
403318
403323
403329
403330
403330
403331
403336
403337
403341
403341
403342
403352
403353
403360
403360
403369
403369
403370
403373
403374
403374
403377
403378
403379
403379
403390
403393
403406
403413
403414
403422
403431
403432
403432
403435
403439
403456
403459
403459
403462
403473
403474
403487
403497
403513
403527
403535
403536
403538
403544
403546
403546
403559
403564
403565
403574
403576
403576
403581
403585
403587
403587
403607
403610
403624
403628
403652
403654
403655
403665
403678
403683
403685
403693
403698
403702
403703
403726
403735
403736
403737
403739
403739
403740
403755
403756
403758
403761
403766
403767
403775
403775
403777
403783
403801
403813
403814
403814
403824
403832
403833
403834
403845
403852
403853
403859
403861
403866
403876
403878
403884
403904
403904
403909
403913
403918
403919
403922
403926
403935
403941
403944
403949
403955
403956
403962
403963
403972
403977
403983
403985
403985
403998
404010
404012
404017
404018
404037
404047
404051
404055
404065
404066
404070
404071
404077
404077
404080
404094
404095
404099
404102
404119
404123
404125
404137
404145
404147
404149
404163
404170
404171
404177
404179
404181
404184
404189
404197
404201
404201
404202
404203
404211
404212
404218
404246
404249
404261
404263
404271
404283
404286
404288
404291
404291
404297
404298
404302
404315
404317
404319
404321
404321
404322
404327
404329
404330
404333
404339
404348
404350
404353
404355
404363
404364
404364
404364
404369
404379
404389
404393
404397
404401
404402
404409
404410
404411
404416
404421
404434
404436
404437
404443
404446
404446
404450
404452
404452
404455
404460
404465
404472
404478
404479
404484
404486
404487
404489
404491
404493
404497
404508
404515
404521
404524
404527
404528
404529
404531
404534
404536
404542
404543
404558
404568
404577
404581
404584
404591
404594
404598
404598
404604
404607
404609
404610
404613
404614
404615
404621
404626
404630
404630
404634
404637
404638
404644
404650
404656
404663
404671
404672
404672
404673
404679
404681
404685
404687
404697
404699
404702
404719
404724
404732
404746
404750
404753
404757
404759
404762
404762
404763
404764
404770
404773
404796
404797
404804
404807
404816
404819
404825
404830
404845
404846
404854
404855
404865
404869
404870
404875
404894
404898
404899
404900
404900
404901
404903
404908
404921
404925
404933
404933
404942
404942
404947
404949
404951
404952
404959
404968
404969
404994
404995
405003
405011
405013
405015
405024
405025
405041
405042
405043
405048
405053
405056
405058
405063
405064
405066
405067
405069
405070
405075
405084
405089
405092
405093
405103
405103
405116
405117
405117
405121
405131
405132
405135
405135
405135
405140
405141
405141
405141
405145
405151
405169
405177
405178
405200
405205
405208
405209
405213
405224
405226
405230
405231
405232
405235
405237
405238
405247
405256
405258
405258
405266
405269
405283
405292
405293
405297
405302
405304
405308
405311
405311
405314
405318
405318
405320
405320
405322
405323
405332
405335
405336
405339
405343
405346
405348
405349
405351
405356
405359
405359
405360
405362
405363
405371
405372
405374
405377
405387
405392
405396
405399
405403
405405
405407
405409
405414
405417
405433
405446
405459
405483
405489
405490
405491
405498
405507
405507
405508
405515
405517
405522
405533
405553
405565
405565
405568
405582
405594
405594
405606
405619
405623
405625
405629
405631
405635
405647
405654
405654
405674
405684
405693
405699
405702
405706
405711
405719
405720
405722
405722
405724
405730
405734
405742
405746
405757
405757
405761
405782
405784
405788
405791
405797
405814
405818
405835
405838
405838
405844
405853
405864
405867
405869
405878
405881
405886
405886
405890
405894
405902
405904
405906
405907
405913
405918
405918
405924
405932
405934
405934
405936
405945
405948
405951
405959
405964
405967
405980
405982
405983
405988
405997
405999
406000
406010
406018
406025
406028
406031
406032
406038
406040
406045
406050
406053
406055
406057
406058
406067
406069
406071
406073
406082
406086
406086
406095
406097
406097
406105
406115
406123
406129
406133
406141
406150
406151
406179
406184
406189
406195
406195
406199
406210
406214
406220
406226
406231
406233
406235
406244
406247
406247
406254
406257
406258
406259
406261
406274
406275
406276
406278
406290
406292
406304
406316
406320
406323
406323
406326
406330
406357
406362
406366
406376
406387
406390
406391
406397
406424
406427
406431
406433
406440
406441
406447
406456
406463
406463
406464
406465
406468
406471
406472
406472
406476
406477
406490
406503
406514
406521
406524
406530
406532
406538
406543
406551
406552
406555
406562
406570
406573
406575
406583
406585
406596
406602
406603
406604
406610
406618
406619
406622
406623
406627
406631
406637
406638
406645
406650
406652
406655
406656
406657
406659
406662
406667
406667
406668
406671
406674
406683
406686
406688
406698
406700
406704
406705
406712
406714
406716
406719
406725
406731
406731
406733
406739
406748
406752
406755
406760
406761
406761
406762
406762
406763
406770
406779
406780
406782
406785
406785
406791
406811
406821
406822
406824
406824
406825
406832
406836
406838
406841
406847
406851
406868
406876
406884
406885
406888
406889
406894
406898
406904
406907
406915
406915
406916
406917
406919
406922
406933
406945
406945
406946
406948
406950
406956
406967
406977
406978
406980
406983
406984
406987
407005
407013
407016
407016
407020
407027
407036
407037
407056
407058
407059
407068
407070
407082
407087
407087
407089
407091
407092
407101
407106
407106
407107
407108
407110
407124
407124
407126
407130
407131
407135
407136
407151
407154
407157
407174
407188
407190
407199
407207
407208
407209
407210
407216
407221
407230
407242
407242
407246
407261
407265
407267
407267
407281
407286
407291
407295
407317
407318
407320
407323
407327
407327
407332
407333
407341
407355
407363
407371
407376
407376
407380
407381
407385
407389
407393
407394
407403
407405
407408
407420
407425
407428
407434
407438
407455
407455
407457
407460
407461
407464
407468
407471
407483
407487
407494
407497
407498
407513
407518
407532
407538
407546
407550
407556
407560
407577
407581
407582
407587
407589
407594
407594
407598
407601
407607
407612
407624
407625
407625
407633
407640
407644
407648
407651
407663
407664
407667
407685
407688
407699
407700
407702
407705
407715
407719
407721
407724
407729
407742
407750
407751
407755
407755
407768
407774
407774
407775
407776
407777
407785
407794
407802
407818
407822
407823
407834
407837
407842
407844
407855
407861
407873
407878
407886
407897
407910
407911
407919
407922
407927
407933
407939
407940
407941
407942
407944
407947
407950
407966
407968
407981
407984
407996
407996
407999
408001
408002
408008
408013
408020
408026
408038
408042
408044
408045
408049
408051
408052
408059
408062
408066
408080
408081
408088
408089
408095
408103
408105
408105
408107
408116
408119
408123
408128
408135
408141
408143
408159
408160
408169
408174
408181
408190
408192
408193
408193
408212
408213
408217
408235
408236
408241
408248
408257
408257
408260
408263
408265
408265
408267
408269
408275
408278
408281
408281
408288
408288
408292
408299
408302
408302
408311
408313
408316
408320
408327
408330
408339
408341
408342
408342
408346
408352
408368
408368
408370
408373
408376
408376
408378
408380
408383
408384
408393
408394
408401
408401
408402
408407
408413
408415
408426
408435
408442
408443
408446
408448
408465
408467
408467
408470
408474
408475
408477
408479
408482
408488
408504
408505
408506
408515
408527
408529
408531
408537
408552
408558
408561
408564
408565
408572
408579
408585
408598
408607
408614
408616
408619
408628
408630
408633
408633
408640
408649
408652
408653
408654
408661
408662
408672
408681
408686
408688
408689
408693
408703
408707
408707
408709
408714
408715
408720
408722
408726
408735
408761
408764
408766
408775
408775
408776
408776
408777
408777
408779
408781
408786
408795
408798
408801
408805
408808
408810
408811
408811
408821
408825
408826
408829
408829
408850
408862
408863
408877
408877
408877
408879
408883
408890
408893
408899
408903
408905
408917
408923
408924
408924
408938
408940
408942
408944
408947
408961
408976
408996
409004
409008
409008
409014
409017
409021
409024
409039
409039
409042
409072
409074
409102
409102
409103
409115
409122
409127
409127
409134
409136
409142
409143
409147
409154
409154
409154
409155
409155
409155
409180
409180
409186
409200
409201
409219
409226
409231
409232
409240
409241
409247
409248
409250
409256
409269
409274
409276
409285
409293
409300
409305
409306
409310
409310
409315
409317
409342
409347
409357
409358
409364
409368
409377
409378
409391
409400
409406
409412
409418
409420
409430
409432
409440
409441
409450
409451
409457
409458
409464
409467
409480
409481
409484
409489
409506
409511
409512
409517
409517
409521
409526
409531
409532
409534
409535
409536
409537
409555
409556
409556
409558
409573
409575
409599
409615
409625
409625
409629
409640
409641
409642
409643
409647
409653
409656
409657
409662
409665
409666
409670
409678
409685
409701
409714
409717
409722
409735
409738
409747
409748
409749
409752
409754
409762
409766
409769
409770
409771
409772
409779
409779
409779
409784
409784
409788
409798
409800
409816
409826
409828
409833
409835
409852
409855
409855
409858
409859
409861
409863
409866
409872
409897
409898
409922
409927
409927
409928
409931
409941
409955
409959
409959
409966
409967
409972
409974
409985
409995
410001
410012
410014
410017
410021
410029
410042
410053
410053
410054
410057
410059
410060
410064
410064
410069
410073
410074
410101
410103
410105
410105
410106
410109
410109
410110
410116
410118
410123
410133
410141
410144
410149
410156
410157
410159
410170
410172
410173
410176
410195
410199
410202
410203
410213
410216
410220
410224
410225
410227
410234
410235
410239
410244
410252
410252
410256
410260
410280
410299
410300
410302
410304
410304
410308
410310
410319
410323
410328
410329
410333
410336
410336
410340
410343
410351
410357
410358
410358
410359
410361
410376
410404
410407
410410
410411
410416
410422
410423
410430
410452
410454
410458
410471
410471
410474
410474
410477
410480
410488
410490
410501
410509
410515
410522
410532
410536
410536
410544
410549
410555
410557
410568
410575
410575
410592
410593
410595
410595
410596
410599
410602
410606
410609
410610
410612
410614
410619
410644
410649
410658
410682
410684
410685
410692
410701
410707
410716
410723
410725
410726
410731
410732
410735
410739
410743
410747
410756
410760
410761
410764
410764
410768
410772
410775
410776
410776
410780
410783
410784
410797
410797
410797
410814
410823
410843
410844
410854
410861
410865
410868
410880
410881
410883
410884
410897
410898
410909
410923
410923
410929
410931
410936
410953
410954
410957
410961
410970
410975
410980
410988
410988
410991
410998
411007
411015
411027
411030
411033
411036
411036
411047
411054
411054
411057
411058
411059
411059
411061
411062
411078
411083
411084
411090
411111
411115
411116
411119
411126
411127
411131
411141
411150
411155
411161
411163
411172
411187
411190
411207
411214
411220
411222
411223
411225
411226
411235
411236
411236
411241
411248
411248
411252
411253
411256
411257
411282
411282
411296
411298
411299
411299
411305
411309
411310
411325
411331
411333
411343
411344
411346
411350
411350
411351
411354
411363
411369
411378
411379
411395
411400
411401
411405
411412
411424
411426
411430
411434
411449
411450
411452
411453
411454
411461
411463
411463
411474
411482
411490
411496
411497
411509
411510
411513
411514
411517
411523
411530
411532
411532
411533
411544
411549
411563
411571
411573
411589
411601
411603
411606
411616
411620
411626
411636
411639
411640
411654
411658
411659
411675
411686
411709
411711
411712
411714
411721
411722
411725
411725
411728
411729
411735
411736
411742
411745
411746
411748
411748
411751
411757
411758
411760
411766
411766
411789
411797
411799
411802
411808
411814
411819
411826
411834
411843
411845
411847
411850
411853
411860
411861
411862
411863
411870
411871
411877
411878
411878
411879
411879
411894
411906
411910
411922
411923
411923
411932
411934
411935
411943
411952
411952
411952
411953
411956
411959
411967
411976
411985
411986
412004
412007
412014
412020
412026
412026
412028
412031
412035
412035
412044
412050
412056
412059
412069
412069
412076
412090
412093
412094
412096
412096
412105
412121
412121
412122
412126
412132
412132
412133
412140
412141
412149
412155
412159
412162
412164
412168
412168
412171
412186
412186
412189
412190
412194
412200
412219
412219
412220
412238
412242
412255
412258
412261
412272
412272
412274
412282
412305
412306
412307
412309
412317
412317
412319
412331
412338
412355
412359
412360
412361
412361
412368
412371
412380
412380
412392
412397
412399
412399
412406
412415
412416
412419
412421
412425
412429
412433
412455
412457
412459
412466
412467
412478
412484
412488
412503
412505
412505
412523
412523
412524
412532
412535
412545
412546
412549
412550
412553
412558
412565
412569
412570
412577
412578
412580
412583
412583
412590
412590
412598
412599
412610
412612
412615
412618
412619
412620
412627
412632
412636
412638
412639
412642
412644
412649
412651
412653
412657
412662
412667
412669
412670
412684
412700
412708
412717
412724
412725
412726
412727
412729
412737
412748
412769
412770
412777
412783
412784
412785
412786
412787
412788
412795
412797
412803
412808
412812
412814
412815
412823
412823
412827
412837
412841
412841
412844
412850
412852
412861
412862
412865
412868
412871
412875
412875
412875
412885
412885
412903
412905
412908
412911
412913
412926
412929
412931
412935
412935
412939
412940
412940
412945
412949
412972
412981
412990
412994
413015
413016
413016
413024
413028
413032
413033
413033
413035
413036
413036
413036
413052
413058
413060
413074
413076
413081
413085
413090
413092
413098
413104
413109
413112
413113
413114
413119
413124
413125
413126
413135
413136
413137
413137
413138
413139
413140
413173
413174
413179
413184
413194
413195
413199
413199
413200
413211
413215
413219
413223
413227
413243
413255
413260
413260
413261
413262
413264
413268
413273
413282
413284
413285
413297
413310
413313
413313
413313
413314
413314
413318
413323
413328
413332
413341
413350
413353
413357
413359
413359
413360
413378
413388
413391
413401
413401
413412
413412
413415
413419
413431
413432
413441
413453
413455
413467
413472
413480
413488
413500
413501
413505
413505
413514
413531
413532
413539
413540
413542
413542
413542
413546
413548
413548
413559
413565
413565
413570
413573
413592
413593
413604
413607
413611
413626
413642
413644
413661
413665
413665
413670
413682
413684
413687
413688
413694
413702
413703
413709
413709
413712
413717
413719
413723
413733
413749
413753
413754
413759
413760
413765
413775
413778
413778
413788
413790
413798
413808
413817
413824
413828
413839
413847
413850
413851
413858
413867
413872
413873
413874
413874
413875
413890
413892
413892
413910
413910
413929
413931
413932
413937
413938
413943
413943
413944
413945
413946
413951
413954
413956
413962
413965
413967
413974
413977
413978
413978
413991
413999
414006
414006
414007
414008
414014
414020
414023
414033
414034
414035
414038
414052
414054
414075
414085
414095
414096
414101
414102
414108
414108
414110
414120
414121
414122
414126
414131
414133
414142
414146
414155
414158
414161
414167
414180
414184
414185
414188
414209
414212
414218
414220
414223
414224
414257
414264
414266
414279
414287
414302
414325
414332
414334
414343
414344
414344
414347
414348
414351
414353
414355
414358
414360
414364
414367
414379
414388
414392
414411
414416
414423
414423
414432
414435
414439
414439
414441
414444
414449
414449
414453
414453
414455
414465
414469
414471
414474
414474
414485
414487
414488
414494
414498
414503
414516
414518
414520
414521
414522
414525
414535
414538
414543
414545
414548
414549
414553
414554
414572
414579
414583
414585
414585
414590
414591
414596
414596
414601
414603
414610
414610
414625
414628
414629
414635
414652
414657
414657
414663
414671
414675
414675
414678
414678
414683
414683
414690
414697
414711
414712
414715
414721
414723
414733
414736
414740
414740
414740
414746
414759
414760
414766
414773
414776
414777
414782
414784
414786
414787
414792
414796
414797
414803
414804
414805
414809
414811
414813
414817
414828
414833
414837
414844
414854
414855
414861
414868
414869
414872
414885
414897
414905
414907
414913
414918
414919
414929
414947
414953
414965
414968
414970
414992
415001
415006
415013
415031
415031
415033
415050
415053
415054
415055
415056
415056
415069
415078
415078
415082
415082
415083
415086
415087
415094
415101
415111
415117
415119
415125
415126
415129
415131
415134
415136
415136
415137
415146
415154
415158
415162
415166
415166
415175
415183
415184
415187
415188
415191
415225
415225
415226
415233
415233
415247
415250
415250
415255
415260
415261
415293
415298
415322
415342
415346
415349
415355
415361
415368
415384
415388
415389
415390
415391
415393
415398
415402
415407
415413
415414
415417
415422
415424
415425
415429
415429
415431
415442
415460
415474
415478
415478
415480
415484
415486
415503
415504
415509
415514
415521
415529
415530
415545
415550
415557
415557
415568
415572
415572
415588
415593
415596
415598
415603
415608
415610
415610
415614
415622
415624
415625
415628
415628
415634
415637
415641
415641
415650
415659
415659
415660
415675
415675
415676
415676
415687
415713
415714
415722
415735
415737
415743
415743
415751
415753
415755
415755
415756
415770
415771
415772
415776
415777
415778
415779
415787
415799
415805
415824
415824
415827
415835
415849
415850
415858
415863
415864
415865
415867
415872
415874
415874
415875
415885
415886
415886
415889
415898
415900
415902
415902
415916
415922
415923
415928
415928
415930
415930
415933
415934
415935
415936
415941
415943
415945
415957
415958
415962
415962
415973
415974
415976
415978
415981
415984
415986
415993
415996
415997
415998
416029
416033
416037
416041
416044
416049
416052
416055
416060
416068
416077
416078
416088
416092
416093
416095
416097
416108
416112
416116
416119
416121
416125
416135
416150
416165
416166
416169
416170
416172
416175
416183
416184
416194
416198
416199
416201
416202
416205
416211
416227
416232
416232
416236
416239
416258
416259
416263
416263
416273
416273
416277
416278
416291
416291
416293
416308
416313
416313
416321
416332
416333
416334
416337
416353
416399
416400
416402
416404
416424
416429
416439
416446
416449
416454
416460
416466
416470
416483
416487
416501
416503
416513
416515
416540
416543
416543
416561
416573
416597
416602
416604
416609
416613
416615
416619
416637
416654
416674
416676
416676
416676
416680
416684
416689
416706
416717
416722
416723
416725
416726
416736
416745
416750
416755
416757
416760
416763
416765
416771
416777
416781
416790
416790
416802
416807
416822
416824
416833
416833
416834
416837
416838
416850
416851
416856
416866
416866
416871
416874
416876
416877
416883
416889
416898
416900
416902
416905
416913
416917
416924
416925
416935
416939
416956
416958
416970
416976
416979
416981
416982
416986
416993
416993
417000
417004
417006
417009
417009
417010
417017
417026
417028
417033
417038
417041
417042
417060
417066
417070
417075
417076
417078
417079
417081
417092
417093
417098
417099
417106
417110
417115
417118
417129
417130
417131
417132
417140
417144
417150
417157
417165
417166
417168
417173
417176
417177
417178
417182
417191
417197
417202
417203
417211
417214
417224
417228
417250
417251
417252
417267
417274
417277
417281
417292
417293
417309
417315
417318
417321
417334
417355
417355
417355
417357
417363
417363
417375
417378
417388
417394
417395
417397
417411
417419
417424
417426
417430
417430
417434
417436
417436
417440
417443
417455
417459
417463
417464
417464
417467
417469
417470
417472
417485
417485
417490
417495
417498
417514
417517
417523
417534
417539
417540
417541
417556
417557
417563
417567
417572
417575
417576
417581
417583
417586
417587
417587
417591
417599
417606
417617
417623
417636
417637
417640
417640
417642
417651
417654
417662
417666
417673
417676
417684
417692
417700
417704
417708
417708
417715
417718
417748
417749
417750
417754
417772
417778
417784
417787
417795
417806
417807
417810
417813
417815
417816
417817
417820
417821
417829
417829
417838
417840
417842
417844
417845
417859
417872
417876
417882
417887
417900
417903
417906
417914
417914
417918
417920
417930
417935
417944
417963
417979
417980
417990
417990
417991
417999
418003
418011
418017
418017
418025
418037
418042
418044
418046
418052
418057
418064
418065
418066
418073
418078
418082
418085
418089
418095
418096
418106
418109
418116
418121
418123
418137
418148
418151
418153
418155
418155
418156
418157
418178
418193
418197
418199
418199
418199
418210
418215
418215
418218
418223
418225
418229
418232
418242
418242
418247
418248
418249
418249
418255
418260
418263
418265
418266
418266
418267
418268
418270
418283
418284
418284
418288
418291
418296
418304
418305
418312
418313
418315
418321
418330
418336
418336
418337
418346
418363
418399
418400
418401
418403
418409
418426
418434
418435
418436
418439
418447
418461
418467
418471
418472
418476
418486
418492
418495
418496
418501
418510
418518
418522
418524
418525
418543
418545
418545
418545
418545
418549
418550
418556
418560
418564
418566
418575
418576
418577
418577
418580
418591
418596
418607
418608
418617
418621
418622
418624
418627
418632
418640
418644
418644
418656
418659
418664
418676
418677
418681
418689
418707
418708
418713
418714
418721
418722
418722
418727
418727
418730
418733
418734
418737
418737
418738
418746
418746
418749
418749
418751
418751
418765
418773
418776
418782
418783
418787
418791
418805
418818
418818
418819
418820
418821
418827
418844
418860
418867
418867
418869
418869
418869
418873
418874
418882
418887
418897
418900
418908
418910
418912
418917
418920
418927
418929
418930
418939
418947
418955
418955
418965
418972
418972
418978
418979
418981
418986
419003
419014
419023
419025
419036
419042
419047
419061
419064
419065
419065
419081
419083
419085
419097
419098
419100
419102
419103
419108
419108
419110
419142
419162
419179
419190
419191
419194
419194
419198
419199
419200
419202
419214
419224
419231
419235
419255
419257
419257
419261
419265
419267
419269
419269
419270
419272
419294
419296
419297
419304
419312
419313
419327
419328
419332
419340
419347
419351
419357
419357
419364
419364
419372
419375
419379
419383
419396
419400
419422
419423
419431
419435
419436
419440
419453
419458
419459
419460
419464
419466
419472
419476
419489
419494
419503
419504
419506
419509
419511
419514
419515
419517
419519
419528
419530
419533
419536
419542
419548
419549
419552
419553
419559
419561
419563
419565
419566
419570
419576
419581
419583
419584
419589
419592
419600
419600
419608
419610
419611
419611
419622
419623
419631
419636
419639
419640
419642
419651
419656
419657
419657
419663
419663
419668
419673
419680
419683
419684
419693
419704
419713
419715
419715
419722
419722
419738
419738
419746
419756
419763
419767
419770
419775
419790
419803
419812
419817
419820
419821
419829
419840
419841
419842
419844
419844
419844
419852
419856
419858
419862
419868
419869
419871
419872
419881
419881
419882
419884
419893
419895
419901
419902
419905
419909
419910
419931
419940
419942
419949
419957
419960
419964
419969
419982
419996
420001
420005
420032
420040
420046
420046
420050
420054
420055
420078
420082
420088
420090
420094
420100
420100
420113
420116
420132
420137
420141
420144
420146
420149
420151
420151
420154
420154
420156
420159
420161
420162
420168
420168
420172
420175
420175
420179
420190
420197
420203
420208
420219
420233
420244
420253
420254
420261
420277
420277
420278
420287
420289
420297
420303
420309
420317
420327
420332
420335
420350
420361
420368
420370
420395
420401
420406
420410
420414
420418
420421
420425
420434
420435
420440
420461
420461
420466
420467
420487
420503
420504
420508
420508
420509
420513
420515
420528
420530
420533
420533
420536
420540
420540
420545
420546
420554
420554
420559
420564
420569
420569
420573
420573
420583
420586
420592
420593
420595
420601
420605
420630
420632
420638
420639
420642
420653
420654
420657
420663
420664
420665
420671
420674
420682
420692
420694
420704
420712
420720
420730
420735
420737
420747
420753
420754
420763
420763
420768
420769
420771
420774
420784
420813
420816
420821
420825
420835
420846
420850
420855
420855
420857
420860
420861
420865
420868
420882
420890
420895
420905
420913
420920
420937
420949
420950
420951
420954
420957
420958
420962
420972
420975
420981
420994
421008
421019
421019
421024
421028
421028
421032
421044
421055
421060
421061
421062
421076
421078
421081
421084
421086
421093
421097
421102
421102
421103
421108
421116
421118
421121
421122
421127
421130
421136
421140
421141
421144
421147
421150
421159
421159
421167
421170
421194
421201
421201
421208
421210
421219
421222
421226
421227
421231
421235
421238
421246
421256
421260
421266
421277
421290
421304
421307
421310
421322
421330
421330
421331
421340
421341
421342
421344
421351
421358
421398
421400
421403
421410
421411
421412
421413
421416
421418
421418
421422
421424
421442
421465
421468
421470
421470
421480
421500
421502
421510
421527
421530
421530
421536
421543
421546
421554
421556
421561
421566
421570
421578
421581
421581
421585
421587
421592
421599
421602
421616
421619
421633
421640
421642
421666
421667
421670
421671
421676
421677
421678
421678
421680
421682
421683
421685
421691
421693
421695
421697
421704
421705
421707
421711
421714
421714
421722
421726
421727
421734
421753
421753
421758
421762
421770
421772
421774
421777
421788
421799
421800
421800
421808
421814
421818
421824
421825
421833
421836
421848
421848
421850
421855
421861
421865
421869
421872
421877
421881
421885
421886
421894
421900
421903
421906
421910
421917
421918
421919
421919
421931
421931
421935
421942
421945
421949
421955
421956
421958
421966
421979
421980
421988
422002
422005
422009
422016
422017
422020
422025
422027
422029
422041
422045
422045
422047
422047
422050
422058
422059
422070
422077
422084
422087
422090
422091
422091
422099
422105
422106
422108
422110
422112
422118
422120
422124
422138
422141
422142
422147
422159
422159
422172
422173
422175
422178
422181
422182
422187
422205
422206
422208
422209
422215
422216
422217
422219
422220
422234
422252
422253
422254
422258
422259
422263
422270
422275
422280
422282
422289
422291
422293
422296
422299
422302
422304
422306
422314
422318
422320
422320
422324
422328
422339
422343
422351
422353
422354
422360
422366
422369
422393
422403
422406
422417
422418
422437
422439
422442
422449
422457
422463
422468
422469
422469
422473
422481
422489
422494
422498
422509
422509
422510
422519
422523
422525
422525
422527
422528
422533
422533
422535
422537
422538
422550
422552
422555
422559
422570
422573
422573
422578
422578
422587
422594
422604
422609
422610
422613
422622
422627
422630
422634
422636
422638
422643
422644
422651
422654
422655
422657
422663
422674
422676
422678
422678
422679
422680
422695
422700
422710
422715
422715
422716
422719
422729
422732
422748
422749
422759
422760
422764
422775
422776
422780
422783
422784
422786
422794
422799
422800
422801
422804
422814
422815
422824
422842
422843
422850
422851
422864
422865
422865
422875
422879
422884
422905
422905
422908
422915
422916
422919
422923
422925
422931
422932
422934
422934
422936
422941
422947
422949
422949
422954
422959
422962
422964
422971
422976
423019
423022
423022
423024
423024
423026
423028
423041
423043
423049
423052
423064
423065
423069
423073
423073
423084
423093
423095
423105
423105
423108
423109
423116
423130
423132
423134
423136
423141
423144
423147
423147
423148
423161
423164
423165
423170
423171
423174
423176
423179
423181
423189
423189
423190
423201
423205
423232
423237
423240
423241
423241
423246
423247
423249
423252
423253
423265
423266
423268
423274
423277
423277
423280
423286
423294
423298
423306
423322
423324
423325
423331
423338
423338
423344
423348
423349
423350
423364
423365
423366
423373
423390
423397
423402
423403
423405
423405
423420
423425
423426
423429
423438
423442
423443
423455
423456
423461
423461
423467
423471
423475
423478
423499
423501
423503
423505
423508
423508
423509
423513
423518
423526
423527
423527
423528
423530
423531
423533
423534
423535
423540
423546
423547
423551
423568
423580
423586
423587
423598
423599
423616
423619
423620
423640
423654
423658
423666
423668
423672
423675
423680
423685
423689
423695
423696
423705
423708
423710
423712
423716
423720
423734
423736
423740
423742
423747
423752
423754
423756
423756
423758
423762
423764
423769
423776
423781
423787
423789
423793
423795
423795
423796
423800
423804
423805
423808
423812
423817
423819
423821
423823
423826
423826
423828
423828
423831
423835
423838
423840
423842
423849
423865
423866
423869
423875
423878
423885
423886
423893
423898
423906
423906
423907
423921
423930
423945
423945
423950
423953
423954
423961
423964
423964
423965
423978
423978
423979
423991
423995
424000
424000
424013
424015
424016
424017
424017
424023
424026
424029
424037
424038
424040
424044
424053
424065
424075
424083
424084
424087
424093
424094
424095
424100
424107
424109
424115
424118
424122
424132
424138
424140
424141
424143
424146
424146
424149
424150
424150
424151
424174
424175
424178
424191
424200
424211
424213
424214
424226
424228
424234
424239
424240
424241
424247
424250
424266
424273
424273
424274
424281
424298
424302
424310
424329
424331
424335
424355
424357
424368
424375
424378
424381
424388
424400
424402
424408
424408
424413
424422
424423
424424
424437
424439
424451
424458
424465
424465
424470
424471
424474
424478
424483
424486
424496
424507
424521
424522
424524
424537
424539
424543
424545
424549
424552
424556
424568
424569
424574
424582
424583
424584
424584
424588
424590
424592
424595
424611
424615
424625
424631
424639
424649
424657
424658
424663
424668
424672
424674
424677
424679
424680
424695
424705
424705
424706
424708
424719
424729
424730
424730
424736
424738
424741
424750
424770
424794
424796
424799
424822
424824
424827
424839
424844
424846
424851
424854
424863
424868
424872
424874
424875
424876
424876
424878
424880
424882
424888
424899
424911
424913
424915
424930
424933
424935
424956
424962
424963
424980
424980
424991
424998
425005
425005
425007
425009
425010
425012
425019
425022
425040
425043
425044
425049
425052
425055
425057
425058
425064
425077
425078
425080
425082
425100
425104
425107
425108
425110
425112
425115
425117
425119
425120
425124
425132
425133
425138
425139
425150
425151
425152
425155
425162
425188
425193
425199
425200
425202
425205
425223
425232
425249
425250
425274
425275
425286
425293
425299
425302
425306
425318
425318
425322
425327
425327
425329
425330
425334
425344
425349
425357
425360
425364
425372
425374
425378
425385
425387
425390
425393
425397
425413
425418
425419
425428
425441
425444
425446
425457
425461
425465
425471
425474
425483
425484
425487
425489
425490
425496
425497
425502
425506
425511
425517
425517
425519
425526
425535
425538
425539
425548
425555
425567
425567
425573
425582
425588
425588
425590
425594
425610
425622
425628
425633
425635
425641
425646
425646
425653
425657
425659
425663
425669
425674
425678
425684
425687
425690
425693
425695
425698
425702
425705
425715
425724
425728
425729
425733
425736
425752
425753
425760
425761
425761
425772
425773
425776
425777
425785
425787
425789
425790
425792
425793
425794
425798
425811
425812
425814
425814
425821
425826
425827
425837
425838
425846
425863
425863
425867
425868
425871
425873
425874
425876
425882
425885
425885
425886
425888
425894
425897
425897
425902
425907
425916
425919
425922
425922
425929
425934
425936
425940
425948
425953
425954
425955
425957
425957
425968
425974
425990
425999
425999
426008
426022
426022
426039
426039
426056
426059
426068
426070
426076
426077
426078
426078
426078
426080
426088
426095
426102
426111
426111
426115
426119
426122
426124
426140
426157
426161
426166
426171
426172
426174
426175
426182
426183
426195
426201
426206
426210
426211
426214
426215
426218
426222
426223
426230
426234
426237
426241
426253
426272
426277
426283
426289
426290
426293
426303
426314
426323
426326
426342
426351
426351
426360
426363
426368
426379
426379
426383
426388
426393
426409
426423
426429
426436
426447
426450
426451
426459
426464
426470
426473
426482
426483
426488
426492
426494
426495
426499
426505
426507
426510
426521
426536
426536
426538
426543
426553
426556
426556
426579
426579
426583
426592
426599
426611
426613
426620
426621
426627
426635
426649
426653
426657
426665
426667
426679
426680
426684
426687
426690
426691
426699
426704
426713
426722
426731
426736
426740
426745
426747
426751
426756
426756
426758
426761
426761
426762
426769
426770
426771
426789
426799
426802
426817
426823
426830
426834
426840
426841
426846
426846
426855
426856
426860
426864
426873
426880
426880
426883
426886
426890
426894
426895
426898
426907
426908
426914
426923
426938
426941
426946
426952
426953
426961
426969
426974
426977
426979
426981
426984
426992
426999
427003
427021
427021
427029
427031
427034
427038
427038
427045
427047
427057
427064
427066
427067
427068
427075
427111
427115
427116
427117
427119
427126
427126
427128
427139
427143
427144
427150
427154
427164
427165
427170
427184
427184
427185
427185
427192
427194
427197
427207
427209
427210
427212
427216
427223
427223
427225
427228
427229
427231
427236
427238
427238
427239
427247
427254
427255
427256
427261
427265
427267
427269
427272
427274
427279
427293
427296
427296
427297
427324
427325
427326
427331
427333
427338
427354
427357
427366
427373
427376
427379
427383
427383
427384
427384
427385
427390
427392
427393
427397
427401
427402
427406
427412
427429
427435
427437
427442
427443
427446
427459
427469
427474
427478
427483
427483
427487
427493
427496
427506
427516
427516
427518
427522
427529
427535
427544
427545
427552
427564
427566
427574
427575
427589
427596
427596
427599
427601
427603
427603
427606
427606
427609
427622
427628
427630
427655
427660
427668
427674
427675
427680
427681
427681
427683
427686
427692
427697
427697
427705
427711
427713
427714
427716
427725
427726
427727
427731
427741
427742
427742
427747
427761
427770
427775
427778
427779
427784
427785
427793
427796
427801
427803
427808
427808
427814
427814
427816
427821
427822
427835
427841
427848
427850
427855
427859
427870
427878
427880
427881
427885
427890
427892
427898
427900
427904
427905
427907
427910
427911
427913
427913
427923
427924
427927
427928
427928
427930
427935
427944
427945
427947
427953
427953
427954
427961
427968
427978
427979
427985
427989
428000
428003
428008
428011
428011
428016
428017
428024
428025
428031
428031
428034
428044
428045
428062
428072
428095
428098
428103
428107
428113
428114
428117
428119
428125
428130
428133
428133
428151
428154
428156
428158
428159
428159
428163
428175
428177
428179
428180
428194
428197
428200
428201
428201
428203
428208
428221
428226
428232
428235
428236
428239
428245
428246
428251
428254
428265
428270
428280
428285
428292
428297
428298
428303
428307
428312
428316
428316
428316
428317
428318
428334
428337
428341
428352
428354
428362
428364
428366
428367
428368
428373
428376
428401
428403
428407
428420
428426
428434
428444
428447
428451
428454
428470
428474
428482
428486
428491
428493
428506
428507
428514
428520
428524
428525
428530
428541
428542
428548
428553
428560
428563
428566
428567
428569
428569
428574
428581
428595
428597
428608
428614
428617
428629
428643
428645
428649
428656
428657
428661
428664
428666
428669
428669
428676
428676
428677
428680
428682
428695
428696
428722
428724
428730
428731
428737
428740
428749
428758
428761
428764
428766
428769
428783
428783
428784
428787
428797
428801
428802
428814
428818
428822
428830
428831
428834
428835
428864
428864
428869
428888
428892
428917
428931
428945
428945
428950
428960
428962
428964
428976
428987
428990
428998
429010
429011
429027
429029
429032
429040
429045
429046
429049
429050
429053
429057
429057
429064
429066
429077
429079
429081
429082
429084
429085
429087
429098
429098
429121
429130
429132
429142
429142
429155
429159
429169
429175
429179
429179
429181
429184
429188
429191
429204
429215
429221
429222
429229
429232
429237
429241
429248
429251
429256
429257
429262
429267
429269
429270
429271
429284
429289
429291
429300
429303
429305
429313
429318
429319
429348
429350
429362
429369
429369
429373
429385
429390
429391
429410
429419
429433
429433
429437
429445
429450
429451
429457
429459
429476
429487
429493
429496
429496
429499
429500
429500
429502
429503
429506
429512
429512
429513
429514
429514
429525
429530
429534
429540
429554
429555
429559
429560
429565
429566
429567
429571
429576
429577
429581
429582
429584
429596
429599
429599
429608
429609
429611
429613
429628
429628
429629
429629
429633
429640
429642
429654
429664
429668
429677
429682
429690
429693
429696
429696
429698
429699
429699
429699
429703
429706
429708
429733
429736
429742
429743
429743
429746
429748
429751
429755
429759
429779
429780
429792
429797
429800
429803
429805
429808
429818
429829
429830
429832
429835
429840
429843
429844
429851
429852
429855
429861
429862
429864
429864
429887
429891
429894
429894
429901
429903
429916
429917
429920
429925
429935
429948
429948
429950
429954
429956
429957
429959
429960
429962
429963
429984
429990
430006
430014
430017
430019
430029
430031
430032
430036
430038
430040
430041
430046
430048
430049
430050
430061
430062
430064
430068
430069
430070
430078
430090
430099
430100
430105
430115
430119
430126
430136
430146
430147
430148
430156
430166
430168
430171
430173
430174
430177
430178
430180
430180
430180
430187
430188
430188
430189
430194
430194
430200
430204
430205
430212
430218
430220
430227
430235
430236
430237
430249
430252
430254
430257
430258
430259
430261
430262
430262
430267
430267
430267
430268
430270
430273
430277
430284
430286
430293
430298
430299
430306
430307
430315
430315
430316
430325
430328
430333
430347
430353
430365
430367
430367
430369
430376
430382
430383
430389
430392
430394
430395
430399
430404
430415
430430
430443
430450
430460
430464
430468
430470
430479
430481
430486
430490
430491
430492
430494
430504
430510
430525
430527
430527
430530
430535
430542
430551
430556
430557
430558
430561
430563
430564
430565
430567
430568
430572
430576
430576
430579
430581
430588
430596
430604
430606
430610
430619
430628
430628
430629
430633
430634
430635
430637
430639
430643
430657
430664
430664
430669
430671
430675
430675
430678
430687
430687
430688
430695
430699
430701
430703
430709
430744
430745
430749
430752
430753
430763
430768
430768
430774
430781
430786
430789
430791
430793
430794
430796
430797
430805
430806
430808
430810
430816
430817
430821
430823
430823
430830
430832
430843
430852
430853
430855
430856
430859
430886
430889
430899
430910
430921
430924
430925
430927
430929
430930
430937
430941
430964
430965
430975
430983
430988
430989
430993
430993
430997
431001
431004
431012
431013
431014
431044
431045
431046
431049
431050
431052
431060
431068
431072
431074
431087
431089
431094
431096
431105
431108
431109
431117
431122
431134
431137
431137
431145
431151
431151
431158
431170
431188
431190
431193
431196
431197
431198
431204
431206
431209
431223
431224
431225
431226
431226
431231
431242
431243
431250
431255
431258
431259
431271
431274
431278
431286
431287
431300
431300
431305
431307
431309
431317
431318
431318
431326
431328
431340
431341
431347
431356
431357
431358
431358
431359
431360
431362
431382
431398
431399
431406
431416
431418
431419
431422
431426
431440
431444
431445
431460
431460
431465
431472
431474
431475
431481
431487
431490
431495
431509
431511
431512
431512
431513
431514
431519
431523
431530
431536
431543
431547
431554
431560
431570
431571
431573
431576
431578
431582
431590
431592
431594
431596
431604
431608
431613
431620
431629
431629
431630
431631
431631
431639
431653
431664
431665
431670
431673
431687
431696
431700
431701
431709
431712
431715
431716
431716
431717
431717
431728
431733
431740
431748
431748
431754
431758
431765
431772
431780
431783
431785
431793
431796
431797
431798
431803
431806
431807
431821
431825
431827
431831
431842
431849
431860
431864
431871
431872
431890
431892
431901
431901
431911
431920
431920
431920
431929
431933
431944
431945
431952
431964
431967
431973
431976
432005
432011
432022
432024
432028
432034
432037
432039
432041
432051
432062
432067
432068
432071
432081
432081
432086
432088
432098
432099
432102
432106
432114
432129
432129
432130
432133
432133
432138
432145
432150
432153
432156
432157
432161
432165
432170
432174
432181
432186
432190
432197
432198
432202
432203
432210
432211
432212
432213
432220
432222
432223
432229
432229
432231
432237
432243
432246
432251
432255
432257
432263
432265
432266
432266
432288
432298
432304
432309
432312
432314
432322
432324
432324
432325
432331
432340
432352
432358
432359
432370
432371
432378
432380
432391
432397
432399
432404
432406
432408
432414
432418
432421
432431
432432
432433
432433
432436
432438
432442
432445
432447
432455
432466
432470
432476
432478
432486
432489
432500
432502
432508
432515
432515
432516
432517
432519
432538
432539
432545
432550
432557
432562
432577
432578
432583
432585
432585
432586
432589
432598
432602
432607
432611
432612
432614
432620
432623
432627
432644
432646
432650
432654
432655
432668
432679
432691
432697
432702
432731
432738
432748
432750
432758
432760
432777
432780
432782
432782
432793
432810
432814
432818
432819
432838
432843
432846
432852
432855
432871
432872
432872
432873
432877
432883
432884
432885
432890
432891
432894
432896
432900
432909
432915
432917
432927
432929
432933
432936
432944
432945
432949
432950
432953
432953
432955
432957
432967
432974
432980
432984
432985
432987
432991
432991
432997
432997
432998
433002
433003
433005
433007
433008
433010
433011
433012
433015
433016
433016
433019
433021
433022
433022
433024
433024
433025
433027
433028
433033
433039
433043
433049
433051
433051
433053
433056
433060
433061
433074
433081
433084
433085
433087
433087
433114
433114
433116
433118
433133
433133
433137
433144
433158
433173
433175
433179
433189
433193
433206
433208
433221
433222
433229
433233
433241
433242
433249
433256
433259
433266
433276
433290
433297
433298
433308
433319
433320
433322
433329
433331
433334
433335
433337
433348
433362
433371
433372
433372
433374
433381
433388
433395
433399
433402
433405
433408
433408
433408
433412
433418
433421
433429
433429
433433
433436
433439
433441
433451
433452
433468
433471
433474
433479
433483
433488
433490
433491
433491
433499
433502
433506
433510
433513
433514
433524
433533
433543
433544
433553
433556
433557
433562
433571
433575
433578
433578
433580
433583
433594
433595
433607
433608
433610
433626
433631
433646
433650
433661
433662
433663
433664
433670
433671
433675
433677
433689
433704
433711
433719
433724
433731
433737
433740
433745
433766
433768
433771
433777
433779
433791
433792
433795
433810
433820
433823
433832
433838
433844
433846
433846
433849
433863
433868
433877
433880
433884
433889
433892
433893
433897
433897
433906
433924
433926
433940
433973
433984
433985
433986
433988
433989
433989
433989
433994
433995
434002
434007
434007
434009
434012
434013
434025
434025
434026
434028
434033
434036
434038
434043
434053
434054
434063
434074
434075
434080
434087
434093
434098
434099
434102
434110
434120
434122
434123
434126
434129
434130
434139
434143
434156
434157
434158
434159
434167
434167
434169
434180
434181
434186
434188
434189
434194
434199
434200
434201
434203
434207
434212
434244
434254
434261
434267
434268
434300
434303
434312
434314
434314
434320
434320
434329
434338
434343
434346
434346
434347
434352
434359
434360
434361
434362
434366
434371
434374
434391
434393
434402
434406
434422
434422
434424
434424
434426
434430
434430
434443
434445
434448
434451
434464
434476
434482
434496
434497
434500
434502
434514
434522
434530
434535
434538
434542
434550
434553
434557
434561
434562
434565
434566
434574
434576
434582
434584
434590
434590
434593
434596
434596
434597
434609
434615
434620
434621
434647
434651
434653
434653
434656
434663
434683
434690
434695
434701
434702
434704
434708
434713
434714
434725
434739
434743
434744
434748
434751
434754
434756
434769
434775
434779
434781
434786
434786
434788
434791
434792
434793
434794
434797
434799
434800
434804
434814
434826
434827
434828
434831
434832
434839
434847
434855
434856
434856
434864
434877
434922
434923
434934
434935
434946
434949
434952
434955
434962
434970
434971
434976
434977
434981
434981
434983
434983
434985
435002
435012
435015
435022
435025
435029
435050
435051
435053
435064
435074
435079
435080
435084
435085
435089
435100
435106
435124
435144
435144
435150
435150
435157
435178
435178
435178
435181
435183
435184
435184
435185
435187
435195
435202
435203
435207
435212
435219
435227
435230
435241
435246
435263
435264
435267
435273
435283
435293
435302
435304
435311
435323
435330
435337
435344
435352
435358
435365
435368
435375
435382
435383
435386
435389
435395
435396
435402
435405
435408
435412
435415
435415
435416
435417
435420
435423
435426
435426
435431
435433
435444
435447
435452
435458
435462
435462
435465
435467
435467
435469
435481
435484
435484
435488
435493
435498
435501
435509
435509
435511
435512
435514
435517
435538
435538
435545
435546
435551
435552
435553
435553
435556
435557
435561
435568
435572
435577
435593
435593
435593
435599
435616
435628
435635
435642
435650
435651
435657
435661
435663
435668
435673
435681
435682
435685
435687
435691
435694
435697
435708
435714
435714
435714
435715
435722
435725
435728
435749
435751
435752
435766
435777
435784
435796
435799
435800
435802
435803
435806
435807
435807
435817
435817
435826
435834
435836
435846
435847
435855
435857
435866
435878
435880
435890
435894
435897
435902
435902
435904
435912
435917
435918
435923
435924
435928
435936
435943
435943
435947
435954
435956
435969
435969
435976
435976
435977
435978
435978
435982
435985
435992
435993
435994
436001
436003
436009
436016
436017
436020
436022
436030
436031
436032
436041
436056
436063
436066
436067
436073
436087
436088
436090
436095
436114
436123
436125
436129
436131
436136
436140
436141
436144
436144
436152
436155
436162
436170
436172
436179
436187
436194
436195
436210
436218
436227
436236
436241
436245
436250
436254
436255
436257
436257
436269
436287
436292
436292
436294
436302
436315
436318
436325
436326
436331
436344
436346
436360
436365
436366
436383
436385
436386
436392
436395
436398
436410
436419
436428
436428
436429
436431
436433
436434
436435
436454
436456
436456
436458
436465
436480
436483
436488
436488
436504
436510
436517
436529
436532
436535
436542
436544
436549
436552
436555
436564
436566
436569
436570
436571
436581
436583
436583
436595
436597
436600
436602
436606
436617
436618
436641
436646
436655
436663
436668
436670
436670
436671
436673
436675
436676
436684
436685
436685
436687
436688
436711
436714
436714
436723
436723
436735
436737
436738
436743
436744
436757
436759
436760
436764
436765
436770
436771
436772
436783
436784
436786
436787
436793
436793
436794
436795
436798
436802
436805
436807
436808
436811
436813
436828
436830
436841
436855
436856
436862
436865
436868
436873
436873
436877
436879
436884
436893
436905
436922
436922
436925
436925
436929
436937
436937
436942
436943
436956
436967
436974
436976
436978
436985
436991
436996
437000
437009
437016
437022
437024
437029
437035
437037
437041
437041
437052
437068
437071
437083
437087
437098
437099
437100
437106
437111
437113
437159
437161
437171
437179
437185
437192
437194
437196
437200
437207
437225
437231
437250
437254
437258
437263
437265
437268
437269
437279
437285
437294
437298
437298
437303
437313
437314
437317
437328
437332
437335
437335
437336
437355
437358
437364
437366
437368
437377
437377
437388
437402
437408
437422
437423
437425
437434
437437
437438
437439
437444
437449
437450
437451
437453
437456
437459
437460
437473
437474
437475
437479
437480
437482
437486
437486
437487
437493
437504
437512
437519
437527
437530
437531
437540
437546
437552
437561
437567
437590
437592
437593
437596
437599
437607
437609
437610
437611
437633
437639
437640
437642
437642
437643
437646
437649
437650
437661
437669
437673
437676
437678
437680
437686
437689
437701
437704
437706
437708
437716
437720
437722
437726
437736
437739
437744
437771
437785
437787
437788
437789
437801
437802
437808
437811
437814
437819
437827
437841
437841
437857
437861
437870
437876
437879
437887
437887
437893
437899
437907
437910
437921
437926
437929
437930
437930
437940
437940
437942
437946
437949
437966
437981
437982
437990
437997
438000
438009
438012
438013
438017
438020
438028
438039
438040
438041
438049
438051
438061
438072
438079
438081
438088
438089
438094
438097
438099
438101
438102
438110
438110
438113
438116
438118
438128
438129
438134
438158
438161
438161
438163
438163
438168
438173
438174
438175
438189
438191
438192
438193
438193
438195
438213
438214
438215
438220
438245
438255
438267
438278
438281
438282
438282
438287
438289
438291
438314
438318
438319
438323
438324
438327
438332
438333
438334
438340
438348
438350
438352
438358
438360
438368
438374
438379
438379
438384
438393
438395
438396
438396
438396
438398
438416
438419
438423
438425
438426
438426
438429
438430
438430
438433
438437
438447
438448
438451
438451
438454
438456
438457
438461
438462
438469
438475
438481
438484
438490
438492
438493
438500
438518
438525
438528
438534
438535
438536
438546
438547
438550
438554
438558
438565
438586
438589
438589
438591
438609
438614
438615
438618
438632
438632
438634
438635
438638
438659
438669
438669
438671
438673
438675
438687
438688
438689
438689
438691
438699
438704
438715
438720
438722
438731
438736
438743
438754
438755
438756
438756
438757
438758
438764
438768
438772
438778
438781
438781
438792
438806
438811
438815
438816
438817
438819
438828
438832
438846
438851
438853
438855
438860
438862
438864
438880
438887
438887
438887
438893
438897
438899
438908
438915
438919
438921
438924
438927
438931
438941
438943
438975
438986
438990
439000
439006
439008
439009
439022
439028
439031
439035
439036
439036
439039
439048
439051
439053
439057
439057
439057
439062
439063
439071
439076
439083
439090
439094
439102
439102
439103
439112
439112
439115
439116
439132
439135
439135
439136
439137
439141
439147
439152
439157
439164
439174
439174
439174
439177
439179
439188
439196
439204
439204
439205
439208
439212
439213
439213
439215
439227
439228
439236
439239
439245
439247
439255
439259
439259
439264
439270
439275
439277
439289
439294
439300
439300
439307
439317
439325
439341
439347
439347
439350
439353
439356
439356
439357
439361
439368
439371
439374
439379
439380
439395
439404
439407
439412
439416
439417
439431
439434
439434
439438
439439
439444
439447
439451
439451
439458
439464
439466
439473
439475
439511
439511
439520
439527
439538
439540
439542
439552
439555
439555
439555
439556
439562
439562
439567
439571
439573
439576
439578
439585
439590
439592
439594
439595
439595
439602
439602
439606
439611
439612
439629
439632
439633
439635
439641
439645
439647
439650
439658
439665
439666
439675
439697
439714
439724
439728
439752
439753
439753
439761
439769
439770
439778
439781
439783
439800
439801
439820
439823
439825
439829
439830
439831
439836
439838
439841
439842
439850
439850
439853
439854
439865
439866
439879
439892
439896
439899
439900
439902
439902
439903
439915
439919
439922
439926
439933
439935
439938
439940
439952
439960
439963
439969
439974
439975
439984
439998
440000
440003
440004
440005
440009
440023
440023
440025
440027
440028
440028
440029
440044
440048
440050
440060
440064
440067
440071
440079
440084
440085
440090
440092
440099
440106
440112
440121
440121
440122
440129
440134
440143
440151
440160
440167
440169
440170
440177
440185
440189
440211
440212
440214
440227
440234
440241
440248
440249
440256
440258
440261
440265
440273
440281
440283
440288
440291
440299
440304
440306
440310
440320
440321
440322
440322
440329
440336
440351
440368
440374
440376
440378
440383
440386
440387
440391
440392
440393
440398
440399
440401
440405
440412
440421
440429
440432
440434
440448
440451
440456
440456
440457
440463
440468
440472
440494
440507
440509
440513
440516
440518
440523
440535
440536
440536
440545
440551
440552
440552
440553
440554
440557
440560
440563
440565
440583
440584
440587
440598
440599
440603
440622
440628
440631
440640
440640
440641
440650
440652
440659
440672
440673
440676
440680
440681
440687
440706
440710
440714
440719
440722
440734
440736
440742
440743
440747
440749
440752
440771
440771
440776
440783
440785
440788
440788
440791
440792
440796
440797
440799
440806
440809
440809
440810
440812
440815
440818
440819
440819
440832
440834
440843
440853
440854
440876
440881
440883
440893
440905
440906
440908
440908
440917
440921
440922
440925
440930
440935
440938
440943
440945
440957
440958
440964
440964
440973
440973
440974
440982
441000
441006
441014
441018
441022
441022
441025
441027
441060
441062
441080
441083
441085
441086
441096
441100
441101
441102
441102
441110
441113
441119
441128
441130
441135
441135
441135
441135
441155
441156
441160
441162
441169
441171
441177
441182
441182
441184
441186
441188
441200
441208
441208
441208
441214
441216
441224
441226
441243
441250
441252
441257
441261
441265
441270
441270
441272
441275
441276
441281
441288
441290
441290
441292
441296
441309
441309
441313
441313
441314
441315
441326
441331
441332
441336
441340
441341
441343
441346
441346
441348
441355
441357
441364
441366
441366
441368
441382
441383
441385
441386
441393
441396
441397
441410
441415
441424
441426
441430
441435
441444
441446
441452
441453
441456
441456
441457
441458
441458
441469
441474
441475
441488
441491
441494
441499
441518
441521
441534
441539
441562
441566
441571
441580
441583
441584
441587
441587
441590
441595
441601
441606
441608
441617
441622
441630
441630
441634
441635
441636
441639
441639
441640
441653
441657
441660
441671
441678
441678
441688
441701
441701
441701
441702
441705
441713
441716
441717
441720
441720
441728
441736
441737
441738
441745
441754
441754
441756
441767
441780
441785
441789
441794
441796
441815
441819
441823
441835
441837
441841
441850
441854
441860
441878
441882
441882
441889
441891
441907
441908
441912
441917
441918
441937
441941
441944
441946
441950
441952
441955
441956
441960
441963
441971
441971
441975
441981
441981
441992
441995
441998
441998
442015
442016
442016
442019
442030
442036
442038
442045
442048
442049
442049
442067
442074
442075
442087
442089
442103
442108
442113
442113
442115
442121
442122
442124
442130
442135
442137
442139
442146
442146
442150
442151
442156
442160
442165
442167
442180
442182
442187
442191
442192
442194
442207
442211
442222
442225
442225
442228
442238
442244
442244
442247
442248
442248
442250
442257
442258
442258
442270
442270
442282
442285
442285
442314
442319
442320
442320
442322
442322
442339
442344
442345
442350
442353
442355
442360
442361
442366
442368
442371
442373
442378
442381
442381
442381
442386
442389
442390
442390
442394
442398
442415
442417
442422
442423
442423
442428
442429
442429
442429
442436
442443
442450
442454
442455
442458
442466
442476
442481
442482
442488
442497
442497
442502
442504
442505
442512
442512
442513
442518
442520
442526
442527
442528
442543
442549
442550
442553
442555
442559
442560
442564
442564
442569
442582
442586
442592
442598
442599
442607
442613
442620
442621
442632
442634
442648
442649
442652
442652
442654
442666
442668
442671
442675
442679
442682
442686
442686
442694
442700
442701
442707
442712
442712
442717
442722
442724
442727
442740
442751
442753
442765
442765
442781
442786
442807
442809
442810
442810
442811
442812
442816
442819
442821
442838
442840
442844
442845
442845
442860
442863
442869
442884
442885
442897
442905
442908
442916
442917
442918
442934
442935
442938
442956
442957
442958
442959
442971
442981
442988
442996
443000
443005
443006
443016
443019
443025
443032
443033
443034
443036
443037
443041
443047
443047
443055
443075
443083
443090
443092
443093
443096
443096
443100
443104
443105
443105
443110
443111
443111
443117
443122
443123
443126
443131
443135
443138
443143
443150
443151
443155
443155
443157
443157
443170
443171
443179
443182
443199
443206
443208
443209
443209
443218
443219
443220
443220
443224
443225
443229
443233
443240
443246
443259
443260
443289
443292
443297
443301
443302
443312
443316
443324
443326
443336
443342
443352
443363
443364
443365
443369
443384
443388
443399
443399
443400
443401
443408
443415
443425
443425
443427
443428
443430
443438
443439
443439
443441
443445
443448
443452
443455
443458
443460
443462
443462
443467
443479
443479
443481
443486
443488
443498
443503
443504
443518
443523
443523
443525
443528
443532
443534
443536
443538
443540
443543
443550
443553
443560
443565
443569
443579
443589
443592
443593
443596
443599
443616
443618
443620
443627
443628
443632
443634
443644
443647
443660
443661
443663
443666
443673
443679
443685
443689
443693
443696
443697
443704
443714
443715
443722
443730
443731
443734
443747
443750
443751
443759
443761
443766
443781
443784
443804
443811
443814
443820
443824
443824
443830
443835
443836
443843
443849
443853
443857
443858
443863
443864
443877
443877
443878
443894
443898
443898
443900
443900
443907
443916
443928
443929
443929
443932
443950
443957
443960
443967
443970
443972
443973
443974
443985
443994
443997
444001
444001
444004
444005
444024
444030
444034
444038
444041
444042
444044
444052
444057
444059
444064
444073
444077
444080
444080
444081
444087
444092
444094
444109
444115
444120
444124
444139
444147
444150
444156
444157
444164
444169
444194
444204
444206
444211
444220
444223
444224
444243
444245
444253
444254
444256
444267
444269
444280
444280
444283
444286
444288
444289
444299
444306
444306
444308
444320
444322
444329
444334
444334
444336
444341
444353
444354
444357
444357
444358
444362
444367
444381
444385
444386
444396
444398
444401
444411
444416
444419
444420
444426
444428
444429
444430
444436
444441
444442
444445
444448
444449
444456
444468
444473
444482
444487
444493
444501
444504
444508
444513
444514
444514
444522
444522
444523
444526
444528
444531
444533
444535
444550
444564
444565
444572
444573
444584
444587
444599
444606
444618
444622
444625
444626
444631
444637
444639
444641
444647
444652
444653
444671
444677
444679
444680
444691
444695
444703
444722
444735
444737
444745
444748
444748
444749
444753
444754
444755
444755
444765
444772
444780
444780
444782
444790
444790
444798
444798
444805
444807
444812
444820
444822
444822
444825
444826
444826
444840
444848
444855
444861
444865
444867
444868
444870
444876
444881
444882
444893
444896
444910
444924
444928
444934
444937
444940
444952
444955
444968
444975
444975
444984
444989
444996
445000
445000
445008
445014
445018
445018
445019
445022
445023
445028
445037
445038
445044
445045
445046
445050
445052
445060
445062
445063
445065
445069
445079
445083
445086
445089
445100
445104
445106
445106
445107
445111
445113
445114
445118
445119
445126
445129
445129
445135
445154
445164
445193
445194
445200
445207
445211
445224
445243
445245
445245
445257
445258
445259
445262
445265
445270
445276
445278
445281
445282
445282
445290
445292
445293
445293
445300
445300
445304
445313
445321
445327
445331
445341
445347
445356
445358
445368
445369
445369
445376
445392
445400
445407
445407
445409
445410
445412
445420
445421
445423
445423
445440
445457
445465
445470
445471
445483
445487
445489
445516
445516
445527
445531
445532
445532
445536
445543
445550
445556
445569
445570
445570
445579
445583
445590
445594
445594
445599
445605
445610
445616
445617
445643
445649
445650
445659
445659
445663
445664
445668
445668
445674
445680
445700
445701
445704
445704
445704
445708
445718
445726
445727
445730
445745
445745
445749
445751
445751
445755
445761
445762
445768
445775
445782
445784
445786
445791
445794
445796
445798
445799
445801
445839
445851
445852
445853
445856
445870
445872
445875
445878
445884
445888
445899
445915
445915
445920
445927
445936
445941
445946
445950
445959
445962
445964
445972
445978
445981
445986
445997
446007
446008
446008
446009
446015
446015
446018
446023
446026
446029
446030
446042
446044
446051
446058
446065
446068
446072
446075
446078
446078
446086
446086
446091
446095
446095
446102
446117
446124
446129
446135
446137
446138
446146
446152
446169
446174
446196
446197
446204
446218
446219
446229
446232
446235
446237
446238
446256
446264
446271
446273
446278
446294
446307
446308
446310
446311
446316
446326
446334
446336
446345
446345
446348
446349
446353
446358
446367
446368
446371
446374
446374
446376
446384
446385
446389
446389
446392
446409
446415
446423
446430
446441
446446
446455
446456
446475
446479
446480
446487
446497
446503
446505
446508
446510
446512
446515
446521
446537
446540
446550
446555
446556
446557
446558
446561
446564
446564
446571
446575
446590
446594
446601
446608
446612
446612
446620
446630
446631
446635
446639
446640
446641
446645
446652
446656
446658
446658
446659
446661
446680
446692
446693
446696
446703
446704
446710
446716
446724
446731
446733
446739
446745
446753
446762
446774
446781
446786
446798
446798
446802
446804
446815
446823
446827
446834
446843
446849
446862
446863
446865
446875
446877
446878
446891
446896
446900
446906
446912
446920
446936
446940
446952
446959
446967
446969
446981
446982
446984
446986
446994
446996
446998
447003
447006
447014
447016
447017
447020
447026
447034
447038
447039
447040
447044
447056
447067
447078
447079
447090
447092
447095
447097
447104
447107
447107
447110
447111
447112
447122
447141
447152
447163
447169
447177
447179
447183
447188
447192
447193
447194
447198
447214
447216
447220
447223
447227
447229
447231
447238
447256
447257
447260
447266
447273
447282
447305
447317
447318
447322
447331
447334
447337
447352
447357
447363
447366
447367
447376
447380
447380
447384
447395
447411
447417
447418
447422
447423
447432
447434
447441
447443
447444
447463
447469
447476
447476
447477
447484
447488
447497
447511
447512
447514
447516
447519
447527
447530
447530
447531
447532
447554
447563
447575
447581
447583
447587
447589
447599
447608
447618
447619
447620
447621
447633
447642
447655
447669
447670
447671
447675
447675
447678
447680
447686
447693
447698
447698
447699
447699
447700
447706
447707
447716
447717
447718
447731
447738
447747
447766
447768
447780
447782
447803
447804
447805
447809
447820
447829
447831
447837
447848
447852
447853
447856
447861
447867
447875
447876
447876
447876
447879
447891
447893
447896
447898
447918
447918
447921
447924
447924
447940
447941
447942
447946
447974
447974
447980
447980
447982
447992
448000
448002
448003
448004
448010
448011
448020
448027
448044
448050
448051
448053
448056
448059
448064
448064
448079
448087
448088
448106
448107
448113
448117
448121
448121
448133
448135
448141
448144
448149
448153
448161
448164
448167
448177
448195
448196
448197
448199
448204
448214
448221
448230
448232
448239
448239
448240
448244
448245
448257
448267
448272
448277
448278
448280
448295
448313
448318
448319
448321
448328
448331
448334
448338
448354
448362
448363
448369
448372
448377
448384
448393
448400
448407
448408
448409
448410
448412
448412
448417
448419
448426
448430
448431
448448
448455
448461
448462
448464
448465
448468
448470
448477
448483
448484
448502
448509
448511
448515
448522
448524
448535
448537
448540
448551
448565
448567
448569
448569
448572
448573
448575
448576
448577
448578
448578
448580
448583
448585
448586
448589
448591
448601
448614
448616
448619
448622
448623
448624
448637
448638
448648
448652
448659
448661
448669
448674
448677
448678
448681
448682
448684
448689
448697
448700
448701
448710
448719
448725
448725
448726
448728
448738
448739
448740
448741
448742
448743
448746
448747
448753
448768
448769
448771
448782
448786
448799
448800
448801
448804
448813
448838
448841
448846
448857
448878
448880
448881
448883
448887
448888
448895
448901
448909
448914
448918
448920
448931
448931
448933
448940
448943
448945
448948
448949
448958
448959
448963
448964
448965
448971
448978
448982
448985
448987
448998
449000
449004
449013
449023
449027
449039
449041
449046
449047
449053
449063
449066
449075
449077
449082
449084
449085
449100
449104
449108
449112
449112
449113
449114
449114
449119
449127
449128
449134
449137
449137
449138
449140
449159
449167
449167
449180
449186
449190
449194
449194
449195
449197
449199
449205
449206
449208
449210
449212
449225
449229
449244
449250
449258
449271
449272
449273
449273
449278
449280
449282
449284
449286
449288
449294
449306
449308
449308
449310
449315
449316
449320
449321
449321
449323
449325
449328
449331
449333
449333
449339
449341
449341
449341
449348
449348
449355
449355
449357
449359
449365
449370
449392
449399
449401
449402
449412
449423
449424
449425
449431
449440
449449
449452
449469
449472
449474
449475
449478
449495
449497
449507
449518
449520
449521
449523
449537
449540
449551
449553
449568
449582
449592
449593
449595
449612
449614
449615
449617
449623
449628
449639
449642
449643
449644
449650
449658
449664
449667
449669
449670
449671
449681
449685
449693
449705
449705
449712
449714
449714
449722
449728
449738
449750
449758
449764
449764
449768
449768
449772
449782
449783
449791
449794
449794
449798
449800
449812
449824
449826
449839
449844
449848
449854
449855
449856
449857
449863
449865
449867
449881
449884
449885
449891
449898
449903
449912
449916
449922
449924
449926
449933
449935
449935
449940
449940
449943
449948
449949
449953
449957
449958
449973
449975
449975
449976
449977
449992
450008
450014
450016
450016
450022
450035
450037
450037
450040
450041
450051
450054
450054
450056
450056
450066
450067
450078
450080
450081
450082
450086
450090
450093
450097
450101
450110
450116
450117
450121
450125
450135
450136
450145
450147
450164
450175
450185
450190
450191
450195
450197
450197
450198
450200
450206
450219
450221
450225
450227
450227
450236
450241
450242
450257
450262
450263
450267
450268
450268
450269
450273
450273
450274
450276
450278
450280
450332
450334
450339
450345
450345
450349
450352
450352
450357
450363
450367
450370
450374
450374
450380
450389
450389
450403
450404
450405
450408
450418
450418
450419
450421
450422
450423
450425
450442
450451
450456
450460
450463
450463
450476
450477
450478
450478
450485
450485
450504
450514
450542
450544
450544
450549
450553
450560
450563
450563
450568
450569
450570
450578
450579
450584
450586
450591
450605
450611
450614
450616
450621
450631
450635
450636
450641
450642
450643
450648
450649
450668
450670
450690
450697
450700
450712
450715
450722
450725
450728
450747
450751
450764
450770
450774
450776
450791
450803
450804
450806
450806
450822
450824
450831
450834
450838
450849
450851
450854
450863
450868
450869
450871
450875
450885
450887
450889
450895
450897
450904
450908
450915
450918
450919
450922
450923
450926
450927
450928
450932
450940
450946
450948
450954
450955
450963
450963
450964
450965
450966
450971
450974
450989
450989
451002
451005
451010
451035
451044
451044
451056
451056
451069
451072
451074
451086
451087
451088
451098
451099
451107
451107
451112
451121
451123
451127
451129
451131
451142
451144
451145
451146
451147
451157
451176
451180
451183
451187
451188
451194
451196
451207
451210
451216
451221
451232
451233
451235
451237
451238
451239
451243
451246
451248
451254
451259
451259
451261
451263
451267
451268
451271
451290
451291
451291
451294
451296
451298
451317
451321
451330
451333
451340
451347
451348
451356
451376
451379
451380
451401
451411
451414
451417
451421
451431
451431
451432
451434
451436
451439
451443
451444
451448
451459
451460
451470
451475
451482
451488
451490
451495
451495
451496
451499
451507
451509
451518
451519
451525
451525
451528
451530
451542
451545
451554
451565
451567
451568
451569
451574
451586
451586
451594
451595
451596
451599
451600
451601
451603
451605
451618
451620
451629
451630
451636
451646
451658
451660
451661
451661
451661
451668
451669
451673
451674
451675
451681
451687
451694
451706
451715
451722
451723
451724
451727
451728
451729
451729
451734
451739
451740
451745
451749
451750
451750
451750
451762
451766
451770
451773
451779
451780
451788
451789
451789
451799
451801
451806
451812
451816
451817
451825
451825
451828
451829
451833
451840
451845
451846
451846
451855
451877
451879
451885
451887
451889
451890
451895
451907
451920
451941
451941
451956
451965
451977
451978
451979
451982
451987
451990
451991
451999
452015
452018
452026
452027
452030
452031
452033
452033
452036
452038
452038
452040
452041
452041
452042
452043
452045
452051
452051
452053
452066
452066
452076
452084
452090
452094
452095
452101
452127
452133
452138
452139
452140
452150
452153
452155
452157
452160
452164
452170
452174
452176
452179
452188
452189
452199
452208
452223
452235
452243
452248
452252
452272
452276
452282
452284
452285
452287
452288
452289
452295
452306
452308
452309
452311
452314
452317
452326
452339
452341
452353
452357
452362
452375
452379
452384
452401
452414
452416
452416
452417
452418
452424
452424
452430
452432
452442
452449
452449
452453
452464
452466
452466
452475
452475
452478
452482
452499
452505
452515
452526
452526
452530
452530
452530
452533
452533
452535
452537
452542
452543
452555
452559
452562
452563
452572
452573
452577
452577
452578
452586
452598
452605
452610
452634
452638
452640
452640
452645
452645
452647
452658
452665
452665
452675
452681
452686
452687
452687
452692
452692
452704
452708
452709
452716
452737
452750
452751
452760
452765
452767
452770
452777
452787
452790
452810
452819
452820
452826
452831
452831
452837
452839
452851
452852
452859
452865
452869
452888
452897
452897
452903
452904
452907
452913
452914
452921
452933
452938
452946
452950
452951
452952
452955
452956
452960
452965
452967
452969
452978
452978
452978
452979
452980
452994
452996
452998
452998
452999
453005
453011
453015
453028
453033
453038
453038
453042
453048
453060
453061
453063
453065
453066
453071
453080
453080
453088
453090
453104
453105
453110
453119
453120
453123
453133
453133
453141
453153
453160
453164
453171
453171
453172
453179
453179
453184
453186
453192
453192
453192
453196
453201
453206
453209
453210
453213
453215
453218
453226
453232
453233
453234
453243
453249
453255
453260
453265
453268
453271
453273
453282
453282
453295
453306
453308
453310
453315
453324
453329
453345
453352
453352
453364
453367
453376
453379
453380
453385
453399
453400
453401
453404
453406
453425
453426
453430
453446
453460
453463
453470
453473
453480
453486
453495
453498
453503
453513
453527
453529
453539
453539
453546
453546
453549
453551
453552
453555
453557
453562
453573
453575
453583
453585
453600
453607
453608
453608
453620
453624
453636
453640
453646
453648
453660
453663
453664
453672
453677
453678
453680
453687
453690
453703
453714
453717
453719
453728
453737
453747
453761
453764
453770
453775
453777
453785
453795
453804
453818
453821
453822
453828
453837
453838
453841
453841
453841
453848
453854
453858
453862
453866
453868
453869
453883
453886
453890
453905
453912
453923
453923
453928
453931
453932
453942
453944
453969
453973
453980
453980
453984
453988
453988
453996
454000
454008
454011
454019
454019
454023
454024
454025
454026
454026
454027
454028
454044
454045
454047
454049
454078
454078
454105
454114
454129
454137
454139
454141
454146
454146
454148
454154
454158
454160
454165
454166
454189
454191
454219
454220
454221
454226
454241
454244
454248
454248
454250
454252
454255
454263
454265
454272
454272
454274
454290
454299
454300
454301
454304
454312
454313
454329
454333
454340
454344
454354
454358
454364
454365
454366
454367
454372
454376
454380
454383
454398
454398
454402
454405
454423
454425
454426
454446
454451
454455
454458
454462
454478
454503
454509
454517
454520
454522
454529
454533
454540
454544
454551
454553
454567
454569
454569
454579
454581
454585
454587
454593
454596
454600
454601
454603
454612
454616
454618
454623
454638
454643
454650
454658
454661
454670
454671
454674
454676
454690
454697
454697
454707
454708
454712
454718
454719
454730
454733
454737
454753
454755
454756
454761
454764
454782
454786
454797
454810
454812
454813
454829
454831
454834
454839
454846
454850
454850
454854
454864
454864
454865
454865
454867
454872
454875
454895
454898
454899
454905
454913
454927
454928
454942
454945
454948
454949
454952
454953
454960
454963
454965
454968
454969
454975
454979
454982
454987
454988
454991
454992
454996
455001
455005
455008
455017
455020
455026
455029
455034
455035
455035
455035
455040
455045
455045
455047
455048
455052
455062
455066
455070
455073
455079
455079
455085
455085
455096
455097
455103
455107
455109
455114
455119
455139
455144
455151
455151
455151
455152
455158
455165
455168
455177
455178
455178
455178
455183
455185
455196
455197
455199
455204
455205
455208
455216
455218
455219
455225
455239
455242
455244
455249
455254
455254
455269
455271
455288
455291
455302
455302
455325
455332
455341
455343
455358
455361
455371
455374
455384
455389
455395
455399
455406
455415
455417
455417
455420
455421
455423
455423
455423
455424
455436
455438
455438
455457
455465
455468
455471
455471
455475
455477
455477
455478
455481
455482
455489
455497
455501
455503
455505
455513
455515
455517
455517
455522
455526
455528
455532
455533
455534
455539
455548
455553
455558
455565
455568
455576
455583
455591
455593
455597
455606
455607
455608
455614
455616
455618
455620
455625
455628
455659
455668
455669
455671
455680
455682
455682
455685
455688
455690
455694
455731
455732
455736
455739
455741
455747
455749
455750
455762
455765
455769
455771
455777
455777
455778
455779
455780
455788
455788
455789
455798
455808
455808
455812
455814
455833
455836
455842
455844
455850
455852
455859
455892
455896
455896
455900
455917
455917
455923
455933
455934
455941
455944
455957
455960
455960
455964
455968
455968
455978
455982
455996
455999
456004
456008
456012
456013
456018
456024
456049
456050
456050
456054
456063
456066
456082
456088
456116
456118
456124
456133
456135
456145
456148
456151
456161
456184
456185
456191
456200
456201
456209
456209
456210
456212
456214
456218
456229
456233
456234
456238
456238
456243
456247
456248
456249
456252
456258
456265
456267
456270
456276
456278
456280
456282
456282
456283
456293
456293
456295
456298
456298
456308
456309
456313
456316
456322
456322
456325
456328
456332
456333
456335
456335
456336
456340
456342
456344
456358
456370
456374
456376
456378
456395
456407
456407
456418
456420
456424
456432
456442
456450
456452
456458
456467
456476
456485
456485
456486
456487
456497
456499
456501
456515
456515
456520
456528
456528
456529
456541
456545
456545
456551
456556
456558
456564
456566
456573
456578
456578
456579
456579
456589
456591
456593
456593
456594
456594
456606
456607
456612
456621
456622
456625
456638
456642
456649
456660
456663
456665
456666
456673
456673
456676
456679
456680
456694
456697
456698
456702
456708
456739
456764
456765
456770
456770
456771
456772
456774
456777
456780
456780
456783
456793
456796
456801
456802
456807
456827
456833
456839
456848
456854
456865
456868
456870
456871
456872
456875
456881
456886
456887
456890
456891
456896
456896
456907
456911
456924
456933
456944
456955
456957
456957
456959
456959
456967
456968
456973
456983
456983
456993
456995
457001
457001
457008
457012
457018
457025
457025
457025
457031
457034
457035
457037
457037
457052
457058
457062
457065
457065
457068
457071
457078
457084
457097
457100
457100
457101
457102
457107
457109
457119
457121
457135
457138
457141
457141
457144
457148
457157
457178
457184
457185
457190
457195
457197
457198
457203
457205
457209
457211
457214
457217
457224
457237
457245
457250
457252
457260
457262
457262
457267
457274
457282
457285
457292
457296
457306
457318
457318
457328
457332
457333
457335
457341
457342
457344
457350
457353
457356
457358
457359
457359
457363
457371
457377
457381
457383
457391
457392
457393
457394
457395
457400
457400
457408
457416
457419
457422
457423
457426
457428
457437
457438
457441
457444
457448
457450
457452
457459
457460
457462
457480
457488
457490
457493
457493
457495
457495
457499
457502
457510
457515
457516
457517
457520
457530
457532
457535
457539
457540
457543
457548
457548
457550
457554
457562
457566
457572
457572
457577
457585
457591
457593
457597
457598
457599
457609
457621
457622
457632
457634
457635
457645
457652
457654
457659
457661
457663
457666
457682
457685
457686
457687
457697
457703
457708
457709
457714
457715
457726
457739
457744
457754
457766
457770
457770
457778
457786
457792
457793
457800
457802
457802
457802
457803
457812
457821
457821
457825
457841
457842
457843
457843
457856
457864
457865
457886
457886
457887
457902
457911
457915
457934
457936
457941
457947
457954
457955
457961
457962
457965
457968
457968
457970
457973
457975
457984
457993
457997
458002
458005
458008
458008
458009
458010
458012
458015
458038
458041
458042
458049
458052
458060
458063
458070
458074
458074
458090
458092
458099
458110
458112
458114
458122
458127
458138
458145
458147
458152
458156
458160
458164
458169
458170
458171
458173
458175
458176
458177
458184
458184
458188
458189
458192
458204
458210
458229
458241
458256
458259
458264
458267
458268
458271
458285
458288
458301
458303
458303
458308
458316
458316
458324
458329
458329
458330
458332
458336
458341
458342
458342
458349
458350
458351
458356
458360
458360
458372
458376
458383
458383
458383
458393
458394
458395
458403
458410
458412
458434
458437
458441
458444
458447
458448
458453
458455
458455
458482
458490
458503
458508
458514
458514
458517
458525
458529
458532
458543
458560
458561
458564
458564
458565
458568
458588
458602
458611
458616
458620
458622
458623
458637
458639
458653
458664
458673
458679
458693
458698
458701
458702
458704
458706
458708
458709
458709
458729
458738
458751
458753
458754
458756
458761
458763
458782
458782
458789
458790
458798
458800
458803
458811
458817
458824
458834
458867
458876
458884
458889
458900
458905
458910
458913
458919
458920
458925
458926
458928
458928
458929
458932
458940
458945
458958
458965
458967
458973
458979
458980
458983
458983
458995
458999
459002
459003
459007
459013
459015
459030
459037
459037
459038
459043
459046
459051
459053
459053
459062
459065
459078
459081
459082
459083
459084
459087
459087
459094
459094
459096
459103
459109
459115
459117
459131
459139
459145
459153
459154
459156
459174
459176
459176
459185
459196
459198
459203
459214
459216
459220
459239
459248
459253
459253
459256
459262
459269
459272
459272
459277
459281
459288
459293
459301
459302
459307
459310
459311
459314
459316
459318
459319
459321
459321
459322
459325
459330
459333
459334
459354
459359
459370
459374
459374
459378
459378
459381
459382
459385
459386
459387
459388
459389
459390
459390
459391
459394
459399
459403
459406
459420
459436
459437
459441
459442
459445
459448
459462
459466
459481
459487
459498
459499
459500
459511
459512
459515
459521
459531
459539
459540
459545
459547
459547
459557
459563
459570
459576
459576
459579
459589
459592
459594
459594
459595
459604
459604
459614
459615
459627
459629
459633
459641
459642
459656
459657
459659
459663
459680
459684
459690
459690
459699
459701
459705
459713
459713
459719
459725
459728
459729
459731
459734
459737
459742
459751
459751
459751
459755
459757
459759
459760
459767
459769
459780
459783
459793
459794
459800
459800
459801
459801
459804
459805
459811
459814
459817
459818
459819
459821
459823
459829
459838
459841
459851
459857
459864
459864
459865
459867
459875
459878
459885
459890
459894
459895
459899
459899
459902
459908
459923
459924
459925
459925
459931
459932
459966
459968
459970
459973
459974
459976
459977
459993
459995
459999
460003
460009
460012
460018
460033
460035
460036
460039
460044
460045
460049
460050
460058
460066
460072
460072
460073
460074
460086
460089
460102
460113
460117
460122
460123
460129
460130
460132
460135
460152
460152
460153
460153
460175
460177
460182
460187
460190
460191
460197
460205
460206
460211
460215
460216
460219
460225
460230
460240
460241
460242
460243
460244
460248
460248
460250
460264
460267
460268
460273
460274
460281
460307
460309
460314
460317
460319
460330
460333
460336
460337
460337
460337
460340
460345
460346
460349
460354
460359
460363
460363
460364
460365
460367
460375
460383
460387
460391
460398
460399
460412
460413
460425
460431
460443
460450
460465
460479
460483
460494
460494
460495
460497
460498
460499
460499
460499
460501
460502
460505
460512
460518
460521
460534
460536
460541
460547
460555
460559
460562
460564
460565
460570
460589
460606
460615
460616
460622
460626
460629
460639
460640
460641
460644
460646
460648
460649
460656
460659
460659
460660
460662
460666
460705
460706
460707
460711
460719
460726
460734
460736
460741
460747
460748
460750
460754
460757
460762
460767
460768
460769
460771
460772
460788
460797
460801
460808
460809
460817
460823
460823
460827
460831
460849
460853
460857
460857
460863
460867
460869
460869
460873
460876
460877
460878
460882
460884
460886
460886
460887
460888
460893
460893
460894
460900
460900
460903
460908
460911
460915
460922
460928
460933
460936
460946
460946
460949
460950
460953
460959
460966
460967
460968
460968
460981
460993
460999
461018
461025
461028
461030
461036
461038
461044
461045
461046
461053
461063
461068
461072
461074
461083
461083
461086
461089
461089
461101
461103
461105
461113
461122
461127
461130
461131
461133
461135
461143
461144
461145
461147
461150
461151
461160
461176
461178
461183
461196
461198
461199
461203
461203
461204
461210
461210
461210
461221
461236
461239
461248
461257
461259
461260
461266
461276
461277
461279
461279
461286
461290
461298
461298
461305
461307
461310
461316
461322
461326
461335
461337
461338
461342
461345
461349
461350
461354
461355
461359
461361
461362
461369
461381
461383
461384
461384
461389
461389
461390
461407
461422
461426
461430
461455
461457
461475
461478
461480
461484
461487
461487
461489
461491
461492
461495
461495
461506
461522
461522
461525
461526
461528
461541
461544
461547
461547
461548
461548
461558
461563
461566
461581
461587
461590
461592
461593
461600
461603
461605
461606
461611
461612
461612
461615
461615
461617
461619
461620
461630
461633
461638
461657
461657
461663
461664
461664
461667
461667
461671
461680
461685
461696
461697
461701
461703
461707
461709
461719
461720
461720
461720
461732
461734
461737
461745
461749
461753
461765
461770
461772
461773
461777
461791
461795
461804
461806
461808
461809
461816
461822
461833
461835
461836
461839
461840
461849
461858
461862
461865
461866
461866
461881
461892
461899
461904
461909
461910
461917
461933
461937
461940
461947
461947
461973
461977
461980
461983
461994
462006
462008
462030
462033
462044
462047
462048
462052
462055
462060
462065
462067
462074
462077
462081
462103
462107
462107
462109
462110
462115
462116
462117
462120
462133
462136
462145
462146
462150
462150
462176
462179
462180
462181
462191
462191
462196
462198
462207
462208
462208
462209
462211
462215
462215
462218
462222
462228
462233
462233
462235
462240
462248
462254
462256
462256
462262
462273
462279
462286
462288
462288
462294
462303
462306
462312
462313
462315
462316
462326
462332
462346
462347
462349
462352
462357
462357
462358
462368
462370
462380
462383
462383
462384
462386
462390
462396
462396
462401
462403
462404
462406
462412
462415
462416
462417
462424
462426
462434
462438
462444
462447
462447
462462
462462
462470
462471
462477
462478
462479
462480
462484
462495
462496
462497
462503
462504
462504
462508
462508
462512
462512
462513
462514
462515
462516
462525
462526
462533
462540
462550
462553
462553
462560
462560
462562
462566
462571
462579
462588
462596
462598
462599
462599
462604
462615
462621
462630
462635
462644
462647
462648
462649
462652
462652
462655
462655
462656
462662
462664
462677
462685
462689
462697
462697
462697
462705
462710
462714
462720
462723
462726
462726
462728
462730
462734
462739
462739
462739
462741
462743
462744
462759
462759
462767
462771
462773
462777
462788
462792
462794
462800
462811
462816
462819
462830
462830
462848
462850
462856
462857
462861
462868
462871
462881
462888
462889
462890
462892
462908
462917
462928
462937
462943
462964
462969
462972
462977
462981
462982
462984
462984
462988
462995
462996
463009
463012
463012
463013
463013
463014
463017
463029
463047
463055
463062
463078
463081
463083
463088
463101
463119
463122
463146
463149
463150
463152
463158
463159
463177
463179
463182
463191
463196
463210
463215
463220
463227
463228
463243
463251
463254
463255
463255
463270
463274
463276
463281
463282
463285
463314
463314
463315
463342
463351
463352
463360
463372
463373
463373
463375
463378
463388
463402
463414
463418
463420
463421
463428
463433
463439
463446
463446
463451
463454
463462
463469
463472
463473
463480
463482
463501
463506
463513
463514
463517
463521
463521
463525
463525
463526
463529
463534
463538
463540
463542
463543
463543
463546
463549
463555
463555
463557
463564
463567
463570
463582
463587
463590
463591
463603
463611
463613
463624
463626
463629
463638
463650
463650
463653
463658
463673
463681
463688
463691
463692
463699
463701
463702
463708
463711
463714
463715
463723
463724
463725
463731
463735
463740
463744
463744
463744
463782
463787
463789
463799
463805
463809
463810
463812
463830
463844
463848
463850
463851
463863
463871
463876
463883
463889
463892
463908
463915
463917
463922
463926
463941
463941
463949
463950
463951
463952
463954
463956
463960
463973
463976
463976
463980
463983
463983
463994
464008
464009
464010
464020
464036
464037
464040
464040
464044
464069
464070
464086
464095
464096
464116
464116
464137
464139
464150
464151
464170
464178
464183
464190
464218
464222
464222
464233
464241
464267
464270
464282
464294
464294
464303
464309
464313
464316
464317
464319
464322
464325
464325
464326
464329
464333
464341
464342
464352
464355
464357
464372
464373
464374
464377
464380
464401
464404
464423
464430
464447
464448
464453
464455
464489
464492
464497
464499
464511
464514
464516
464526
464533
464536
464537
464541
464545
464547
464548
464549
464555
464556
464557
464558
464561
464566
464569
464577
464581
464581
464581
464586
464589
464591
464597
464604
464616
464618
464620
464622
464627
464632
464637
464640
464642
464643
464654
464661
464666
464670
464673
464673
464674
464676
464682
464687
464694
464705
464707
464717
464725
464727
464728
464729
464738
464751
464757
464759
464761
464765
464772
464775
464781
464801
464808
464817
464818
464818
464823
464824
464842
464844
464846
464851
464859
464860
464874
464875
464884
464892
464896
464909
464910
464912
464932
464935
464937
464937
464947
464954
464957
464959
464967
464971
464978
464989
465003
465004
465007
465009
465010
465014
465024
465033
465049
465049
465063
465065
465079
465080
465086
465090
465096
465098
465102
465103
465106
465115
465119
465126
465132
465132
465133
465140
465156
465157
465160
465165
465165
465172
465177
465178
465204
465206
465218
465236
465240
465242
465263
465277
465279
465302
465307
465309
465312
465313
465315
465319
465329
465331
465345
465347
465353
465359
465364
465369
465370
465375
465379
465384
465384
465388
465391
465392
465403
465407
465409
465411
465419
465425
465427
465429
465439
465446
465449
465462
465464
465465
465468
465470
465473
465476
465476
465477
465480
465488
465489
465500
465504
465505
465508
465508
465526
465529
465530
465536
465541
465542
465572
465578
465582
465586
465587
465588
465591
465594
465596
465599
465612
465612
465616
465630
465630
465632
465642
465645
465651
465655
465661
465669
465669
465676
465679
465681
465684
465687
465697
465708
465716
465716
465717
465733
465745
465759
465767
465772
465777
465789
465791
465794
465799
465808
465843
465846
465846
465851
465851
465858
465862
465873
465891
465893
465903
465904
465909
465910
465923
465925
465928
465936
465950
465952
465976
465983
465988
465992
466014
466018
466018
466022
466023
466024
466029
466035
466037
466045
466051
466053
466063
466063
466065
466070
466071
466074
466078
466079
466084
466089
466094
466106
466106
466110
466115
466126
466129
466145
466147
466149
466152
466160
466165
466172
466174
466180
466194
466194
466204
466204
466209
466213
466219
466220
466222
466226
466227
466228
466242
466251
466254
466255
466260
466260
466261
466265
466270
466272
466278
466288
466298
466311
466336
466337
466341
466353
466356
466356
466361
466361
466364
466369
466369
466371
466386
466386
466387
466390
466404
466422
466430
466430
466437
466438
466439
466443
466447
466451
466454
466459
466464
466465
466469
466470
466471
466480
466490
466496
466499
466503
466506
466527
466533
466536
466536
466538
466539
466540
466540
466542
466542
466542
466552
466554
466559
466562
466568
466571
466578
466580
466581
466582
466591
466596
466599
466604
466610
466614
466616
466623
466629
466636
466649
466659
466670
466680
466688
466692
466701
466708
466712
466714
466715
466716
466724
466725
466726
466737
466742
466742
466750
466750
466757
466757
466774
466780
466784
466786
466786
466791
466803
466806
466808
466813
466814
466816
466822
466822
466825
466825
466833
466837
466841
466848
466861
466864
466867
466869
466870
466875
466877
466882
466885
466888
466893
466917
466921
466927
466929
466947
466948
466953
466958
466959
466967
466968
466969
466972
466974
466988
466990
466992
466995
466995
467007
467007
467011
467013
467017
467018
467019
467021
467028
467028
467030
467031
467035
467043
467046
467046
467047
467059
467061
467067
467080
467082
467088
467090
467091
467092
467092
467095
467113
467115
467122
467123
467136
467144
467151
467152
467163
467167
467168
467182
467185
467185
467186
467186
467186
467196
467202
467205
467206
467211
467214
467219
467222
467224
467224
467226
467233
467234
467234
467243
467250
467254
467255
467262
467265
467269
467272
467280
467280
467293
467297
467297
467300
467305
467308
467324
467324
467325
467327
467328
467329
467331
467339
467344
467347
467354
467359
467366
467372
467392
467393
467394
467408
467410
467414
467420
467427
467439
467440
467444
467460
467466
467473
467479
467482
467485
467486
467491
467494
467498
467505
467514
467517
467517
467543
467550
467567
467572
467579
467583
467584
467587
467589
467592
467597
467600
467605
467607
467614
467618
467619
467625
467627
467630
467630
467647
467648
467648
467650
467650
467654
467654
467673
467681
467685
467689
467691
467695
467696
467697
467701
467704
467707
467736
467742
467746
467747
467748
467751
467754
467756
467758
467766
467766
467774
467774
467780
467789
467803
467808
467813
467821
467825
467828
467832
467837
467841
467843
467850
467857
467869
467881
467885
467888
467888
467891
467897
467903
467906
467908
467908
467911
467917
467920
467923
467926
467927
467928
467930
467936
467937
467943
467954
467955
467957
467959
467967
467968
467974
467975
467975
467988
467990
468002
468007
468014
468024
468030
468031
468033
468037
468045
468052
468052
468057
468058
468060
468063
468064
468067
468071
468087
468091
468093
468098
468110
468110
468118
468119
468125
468129
468144
468145
468147
468153
468157
468158
468159
468172
468176
468179
468182
468189
468191
468198
468212
468222
468225
468234
468234
468236
468237
468239
468242
468246
468247
468248
468252
468260
468265
468267
468277
468281
468285
468299
468308
468310
468322
468322
468341
468349
468352
468359
468360
468362
468394
468401
468409
468410
468411
468413
468414
468417
468417
468420
468422
468423
468428
468432
468432
468450
468454
468458
468463
468464
468464
468470
468474
468478
468478
468480
468481
468481
468488
468493
468502
468509
468519
468527
468529
468546
468552
468562
468569
468574
468575
468583
468583
468590
468608
468609
468617
468629
468631
468634
468635
468648
468659
468669
468670
468671
468672
468673
468673
468676
468680
468685
468690
468691
468694
468703
468710
468711
468713
468716
468722
468727
468736
468750
468755
468755
468767
468772
468773
468778
468779
468781
468798
468804
468806
468807
468808
468816
468817
468823
468825
468828
468836
468842
468844
468849
468850
468862
468864
468866
468871
468877
468880
468881
468903
468906
468912
468923
468925
468932
468941
468945
468946
468950
468958
468960
468966
468969
468973
468978
468987
468999
469000
469000
469003
469005
469012
469022
469028
469029
469039
469039
469045
469046
469062
469067
469067
469076
469078
469081
469088
469095
469103
469111
469122
469149
469149
469161
469162
469167
469169
469169
469170
469177
469178
469185
469187
469194
469202
469203
469209
469213
469226
469228
469231
469235
469239
469252
469256
469259
469275
469295
469296
469296
469301
469303
469316
469323
469327
469333
469333
469336
469337
469339
469343
469352
469353
469356
469363
469365
469368
469382
469391
469391
469392
469398
469402
469403
469406
469406
469406
469415
469415
469420
469423
469437
469438
469441
469444
469446
469447
469450
469452
469452
469472
469472
469480
469481
469491
469508
469509
469512
469518
469519
469519
469522
469524
469534
469537
469537
469539
469547
469550
469555
469558
469561
469565
469572
469589
469590
469592
469597
469599
469599
469599
469601
469603
469615
469620
469631
469639
469647
469650
469652
469656
469663
469663
469665
469668
469674
469676
469677
469682
469685
469686
469695
469730
469736
469741
469743
469744
469748
469750
469750
469751
469753
469756
469762
469763
469781
469783
469790
469793
469799
469802
469802
469813
469816
469819
469823
469827
469830
469831
469832
469835
469837
469838
469843
469844
469845
469845
469850
469858
469861
469863
469872
469872
469875
469876
469884
469892
469900
469902
469902
469909
469912
469914
469921
469921
469922
469931
469933
469936
469943
469945
469961
469973
469976
469977
469984
469984
469991
469997
469998
469998
470004
470013
470027
470028
470035
470037
470041
470052
470055
470057
470064
470080
470084
470086
470089
470090
470092
470104
470107
470112
470117
470120
470139
470143
470146
470149
470151
470151
470153
470155
470157
470166
470168
470169
470171
470177
470180
470197
470198
470203
470206
470212
470213
470224
470229
470232
470236
470243
470249
470250
470252
470255
470268
470277
470284
470288
470293
470300
470303
470305
470307
470310
470317
470325
470349
470349
470350
470380
470387
470391
470400
470401
470406
470406
470409
470417
470418
470418
470418
470419
470421
470436
470442
470448
470449
470450
470451
470461
470468
470468
470471
470473
470473
470474
470477
470479
470482
470485
470487
470488
470491
470493
470497
470499
470499
470513
470519
470519
470523
470524
470525
470527
470541
470541
470543
470548
470551
470555
470558
470561
470566
470566
470578
470586
470588
470592
470593
470596
470603
470611
470611
470612
470613
470613
470613
470643
470647
470652
470657
470668
470671
470687
470689
470693
470699
470703
470703
470705
470713
470721
470723
470723
470727
470733
470741
470751
470751
470760
470761
470768
470780
470785
470789
470792
470802
470806
470807
470831
470831
470841
470882
470883
470893
470900
470909
470909
470912
470917
470926
470933
470937
470939
470939
470944
470947
470949
470949
470951
470951
470957
470958
470974
470980
470987
470997
471009
471021
471023
471025
471028
471030
471036
471037
471043
471047
471051
471052
471085
471086
471089
471095
471098
471121
471123
471124
471146
471154
471157
471159
471163
471167
471168
471183
471185
471186
471192
471210
471213
471216
471221
471229
471235
471237
471246
471249
471255
471257
471261
471262
471271
471276
471278
471280
471298
471303
471316
471318
471321
471327
471328
471332
471334
471340
471343
471348
471350
471362
471368
471368
471370
471371
471394
471402
471403
471408
471418
471418
471419
471432
471436
471437
471439
471440
471443
471448
471449
471451
471463
471463
471466
471471
471475
471476
471480
471481
471481
471484
471486
471488
471490
471496
471498
471503
471506
471507
471523
471535
471542
471551
471554
471563
471575
471582
471584
471585
471589
471598
471603
471619
471624
471626
471627
471633
471641
471662
471664
471669
471670
471674
471685
471695
471698
471701
471706
471708
471708
471709
471709
471711
471713
471717
471720
471722
471730
471739
471744
471746
471751
471754
471768
471770
471771
471777
471783
471783
471786
471788
471805
471808
471811
471812
471813
471817
471817
471821
471822
471830
471833
471833
471838
471841
471841
471846
471847
471865
471874
471877
471878
471878
471879
471894
471897
471898
471899
471901
471906
471909
471910
471911
471912
471922
471922
471925
471930
471932
471933
471940
471942
471945
471950
471960
471962
471992
471995
471996
472006
472008
472011
472020
472021
472023
472023
472027
472035
472059
472059
472065
472066
472069
472081
472084
472103
472112
472123
472125
472126
472130
472137
472148
472149
472152
472158
472158
472162
472175
472176
472188
472188
472190
472191
472193
472206
472219
472237
472253
472254
472262
472262
472265
472283
472288
472291
472295
472297
472297
472301
472301
472302
472309
472317
472317
472333
472342
472343
472352
472361
472361
472370
472371
472372
472375
472380
472384
472389
472390
472390
472399
472401
472407
472409
472411
472420
472421
472430
472433
472434
472438
472443
472449
472450
472459
472461
472464
472464
472477
472487
472500
472517
472519
472523
472524
472525
472532
472532
472533
472536
472544
472546
472558
472587
472589
472598
472613
472621
472629
472635
472637
472639
472647
472647
472648
472648
472651
472653
472656
472658
472658
472659
472660
472662
472663
472669
472671
472672
472678
472678
472685
472690
472692
472697
472701
472704
472708
472711
472719
472719
472723
472724
472740
472746
472747
472748
472764
472764
472772
472772
472773
472773
472774
472786
472787
472796
472817
472825
472827
472827
472836
472839
472842
472845
472855
472860
472870
472895
472899
472901
472907
472908
472913
472915
472917
472924
472937
472941
472941
472944
472951
472951
472954
472958
472992
472995
473002
473004
473009
473014
473017
473020
473023
473034
473047
473048
473051
473055
473060
473070
473089
473093
473105
473109
473120
473132
473142
473142
473142
473146
473162
473166
473171
473175
473176
473185
473186
473186
473189
473190
473199
473201
473204
473207
473210
473213
473232
473233
473238
473238
473240
473242
473245
473258
473259
473263
473263
473264
473268
473277
473282
473285
473287
473293
473305
473317
473324
473335
473335
473341
473348
473349
473354
473358
473368
473374
473376
473380
473382
473395
473401
473403
473405
473413
473413
473416
473428
473435
473435
473436
473449
473453
473456
473462
473468
473468
473470
473477
473477
473477
473481
473487
473498
473502
473504
473504
473505
473512
473513
473514
473518
473521
473524
473524
473531
473533
473536
473536
473537
473542
473549
473553
473561
473562
473574
473575
473575
473576
473576
473577
473580
473587
473597
473615
473623
473643
473644
473645
473648
473650
473667
473668
473670
473670
473673
473676
473683
473694
473695
473711
473717
473728
473745
473749
473750
473750
473754
473756
473761
473777
473778
473800
473802
473802
473815
473820
473836
473843
473853
473865
473868
473873
473874
473880
473881
473883
473886
473895
473898
473900
473904
473906
473907
473908
473910
473911
473914
473915
473931
473949
473957
473957
473957
473958
473963
473968
473977
473982
473985
473993
474000
474002
474003
474006
474011
474013
474020
474020
474027
474030
474033
474033
474042
474050
474051
474056
474065
474066
474080
474085
474085
474094
474096
474105
474106
474109
474113
474115
474127
474136
474139
474142
474145
474149
474155
474155
474162
474167
474169
474178
474185
474189
474195
474197
474197
474198
474204
474209
474210
474214
474215
474215
474219
474223
474224
474249
474251
474253
474254
474257
474258
474267
474279
474279
474280
474283
474287
474291
474293
474296
474300
474301
474314
474315
474315
474316
474327
474328
474335
474335
474336
474336
474342
474346
474361
474361
474366
474370
474388
474390
474413
474414
474418
474418
474421
474424
474427
474444
474452
474465
474468
474468
474472
474474
474474
474479
474482
474487
474487
474489
474494
474499
474506
474513
474516
474518
474520
474521
474523
474525
474525
474527
474534
474535
474537
474546
474546
474557
474559
474560
474562
474579
474580
474582
474583
474584
474590
474595
474601
474602
474604
474611
474612
474615
474617
474620
474626
474630
474641
474645
474648
474648
474662
474675
474675
474691
474706
474709
474709
474712
474720
474720
474726
474731
474752
474754
474755
474757
474757
474766
474772
474772
474772
474787
474789
474794
474799
474804
474811
474825
474831
474831
474844
474849
474849
474854
474854
474876
474878
474878
474878
474884
474884
474887
474890
474945
474948
474953
474957
474965
474970
474979
474979
474983
474992
474994
475007
475015
475022
475029
475038
475039
475051
475054
475060
475062
475064
475069
475082
475084
475088
475092
475094
475094
475099
475102
475108
475111
475120
475140
475141
475141
475143
475144
475146
475147
475148
475153
475156
475158
475177
475178
475186
475189
475190
475192
475193
475193
475212
475217
475218
475220
475223
475227
475230
475230
475234
475261
475261
475264
475278
475289
475292
475303
475305
475313
475313
475319
475326
475328
475331
475338
475340
475347
475365
475366
475369
475378
475378
475387
475388
475393
475394
475400
475407
475408
475410
475415
475423
475429
475435
475436
475444
475450
475453
475458
475464
475469
475502
475505
475513
475514
475520
475522
475524
475525
475528
475534
475556
475562
475564
475577
475577
475579
475582
475582
475584
475590
475592
475604
475606
475610
475618
475622
475628
475644
475648
475652
475656
475659
475669
475670
475680
475682
475684
475686
475692
475692
475714
475716
475720
475723
475737
475744
475745
475751
475751
475757
475765
475766
475769
475778
475782
475783
475785
475794
475794
475801
475803
475803
475810
475811
475812
475815
475817
475819
475828
475832
475836
475836
475841
475844
475847
475849
475855
475864
475864
475871
475875
475885
475889
475894
475906
475908
475913
475916
475919
475925
475931
475936
475951
475954
475957
475961
475961
475963
475966
475985
475986
475990
475993
475994
476015
476034
476042
476043
476046
476048
476054
476060
476071
476077
476078
476081
476082
476083
476099
476099
476099
476102
476116
476125
476133
476136
476145
476152
476153
476154
476157
476160
476164
476166
476171
476171
476174
476177
476181
476182
476187
476189
476191
476195
476201
476214
476220
476242
476248
476253
476253
476256
476262
476263
476269
476290
476301
476313
476321
476330
476334
476338
476349
476351
476358
476359
476359
476364
476372
476372
476374
476379
476379
476380
476384
476388
476394
476405
476406
476407
476420
476422
476423
476436
476442
476443
476460
476462
476467
476473
476495
476498
476503
476521
476521
476530
476532
476532
476540
476544
476545
476547
476559
476574
476577
476585
476589
476590
476595
476598
476604
476606
476612
476617
476621
476623
476628
476633
476648
476651
476653
476654
476658
476660
476661
476664
476683
476686
476703
476714
476728
476731
476755
476755
476762
476766
476775
476778
476800
476806
476808
476814
476822
476825
476826
476826
476832
476837
476842
476859
476859
476869
476880
476880
476881
476883
476896
476899
476911
476913
476915
476919
476926
476932
476934
476936
476939
476947
476947
476950
476957
476961
476961
476962
476963
476964
476968
476972
476974
476978
476981
476984
476994
477004
477009
477015
477015
477041
477043
477047
477052
477053
477057
477060
477076
477077
477082
477086
477095
477103
477112
477118
477122
477130
477132
477136
477150
477163
477173
477174
477175
477176
477188
477190
477203
477204
477207
477211
477215
477222
477227
477231
477237
477243
477246
477255
477265
477265
477268
477269
477281
477285
477291
477301
477303
477303
477305
477309
477319
477322
477324
477338
477355
477369
477370
477387
477397
477399
477406
477410
477414
477417
477429
477430
477430
477434
477443
477444
477465
477467
477468
477470
477475
477476
477480
477484
477511
477511
477512
477519
477519
477539
477541
477556
477562
477563
477564
477564
477566
477573
477576
477582
477587
477592
477597
477603
477604
477607
477626
477630
477630
477640
477648
477660
477667
477667
477671
477674
477677
477678
477684
477688
477695
477696
477698
477702
477703
477713
477714
477717
477717
477720
477731
477738
477743
477750
477753
477755
477760
477764
477770
477771
477773
477773
477774
477775
477780
477793
477795
477796
477807
477813
477817
477820
477821
477823
477834
477835
477843
477848
477850
477858
477859
477859
477861
477862
477877
477878
477886
477887
477900
477906
477908
477910
477917
477919
477928
477938
477938
477942
477947
477949
477961
477970
477971
477971
477972
477980
477995
478008
478014
478018
478018
478034
478034
478042
478048
478048
478049
478069
478073
478073
478090
478090
478099
478101
478104
478106
478109
478109
478121
478127
478127
478138
478138
478142
478145
478146
478148
478149
478150
478155
478170
478172
478175
478193
478199
478199
478211
478218
478223
478226
478227
478230
478241
478243
478243
478247
478263
478264
478266
478267
478271
478271
478272
478274
478279
478296
478314
478315
478319
478321
478339
478343
478351
478354
478357
478372
478375
478377
478397
478401
478404
478413
478416
478419
478421
478425
478426
478427
478429
478436
478459
478461
478462
478464
478475
478484
478489
478491
478492
478493
478505
478517
478521
478521
478523
478531
478531
478538
478543
478549
478551
478555
478575
478576
478587
478588
478590
478593
478595
478595
478597
478604
478607
478617
478620
478621
478624
478629
478631
478643
478650
478651
478661
478676
478696
478697
478707
478711
478716
478728
478732
478732
478734
478737
478754
478755
478757
478758
478759
478765
478766
478768
478785
478788
478790
478791
478799
478803
478804
478807
478811
478812
478816
478816
478818
478830
478831
478834
478836
478842
478846
478849
478856
478856
478868
478868
478868
478869
478873
478874
478879
478889
478893
478901
478901
478908
478913
478917
478918
478918
478921
478925
478930
478931
478936
478946
478952
478954
478955
478956
478959
478967
478969
478972
478980
478981
478981
478987
478990
478991
478996
478999
479003
479010
479015
479019
479023
479030
479034
479037
479040
479049
479054
479056
479061
479063
479071
479073
479076
479085
479088
479090
479096
479102
479107
479114
479124
479126
479136
479146
479159
479159
479163
479164
479176
479179
479187
479197
479198
479200
479207
479208
479216
479216
479224
479232
479233
479236
479240
479246
479252
479252
479253
479258
479272
479278
479282
479287
479291
479293
479294
479294
479302
479304
479316
479318
479318
479318
479327
479331
479332
479344
479352
479353
479355
479361
479362
479368
479380
479383
479384
479393
479399
479403
479404
479411
479413
479425
479434
479436
479440
479440
479440
479445
479448
479450
479455
479457
479457
479474
479482
479492
479500
479506
479509
479515
479515
479517
479520
479525
479528
479541
479545
479552
479557
479558
479574
479577
479580
479588
479590
479590
479591
479595
479598
479600
479606
479608
479612
479613
479620
479624
479627
479629
479638
479643
479646
479654
479656
479659
479663
479665
479668
479679
479688
479692
479693
479704
479707
479709
479717
479721
479721
479729
479738
479745
479756
479756
479760
479763
479768
479774
479776
479776
479777
479784
479785
479788
479788
479796
479805
479805
479806
479807
479813
479815
479835
479841
479842
479843
479851
479851
479858
479861
479867
479887
479890
479892
479893
479895
479904
479907
479915
479918
479919
479925
479925
479925
479932
479945
479952
479961
479963
479975
479979
479986
479996
479999
480012
480029
480031
480044
480050
480051
480053
480063
480075
480077
480079
480079
480085
480088
480089
480090
480091
480091
480094
480095
480095
480098
480103
480121
480125
480131
480147
480164
480166
480170
480176
480177
480180
480180
480184
480187
480193
480225
480235
480248
480250
480258
480259
480260
480265
480267
480270
480272
480276
480285
480286
480297
480314
480314
480321
480338
480343
480346
480355
480363
480366
480371
480378
480394
480397
480400
480403
480404
480405
480418
480419
480422
480427
480430
480432
480434
480434
480434
480440
480459
480473
480475
480477
480481
480489
480496
480513
480516
480525
480527
480532
480536
480538
480544
480554
480557
480558
480558
480560
480564
480585
480588
480594
480597
480599
480610
480612
480633
480656
480668
480668
480677
480678
480682
480691
480692
480697
480704
480704
480704
480707
480710
480711
480714
480715
480716
480730
480732
480733
480739
480745
480759
480762
480762
480763
480771
480773
480775
480789
480792
480793
480797
480797
480803
480803
480804
480807
480810
480820
480827
480829
480833
480847
480852
480857
480863
480869
480875
480877
480878
480892
480901
480903
480907
480908
480913
480915
480916
480916
480923
480943
480945
480946
480948
480957
480961
480964
480977
480980
480981
480987
480990
480999
481000
481004
481009
481010
481017
481017
481021
481023
481024
481035
481037
481039
481041
481048
481048
481054
481076
481086
481088
481090
481090
481097
481101
481105
481116
481118
481118
481120
481128
481129
481131
481135
481142
481146
481150
481150
481152
481156
481160
481164
481165
481166
481170
481171
481176
481181
481184
481193
481198
481219
481223
481223
481225
481230
481236
481237
481241
481243
481270
481281
481282
481283
481291
481292
481294
481311
481312
481316
481321
481325
481334
481344
481346
481349
481355
481359
481360
481360
481386
481393
481396
481397
481403
481410
481410
481412
481422
481428
481432
481445
481447
481449
481454
481455
481457
481463
481463
481471
481472
481477
481483
481496
481499
481500
481501
481508
481509
481510
481512
481517
481540
481542
481544
481552
481563
481570
481572
481572
481574
481579
481584
481586
481594
481596
481597
481608
481608
481625
481628
481631
481633
481633
481634
481636
481645
481651
481651
481654
481655
481658
481659
481659
481666
481674
481678
481679
481682
481683
481684
481693
481705
481706
481719
481719
481728
481732
481732
481734
481746
481747
481757
481775
481777
481779
481780
481781
481792
481803
481805
481806
481807
481814
481820
481821
481824
481828
481831
481834
481835
481836
481837
481838
481839
481840
481852
481855
481858
481863
481865
481866
481869
481874
481877
481881
481882
481884
481886
481888
481889
481893
481903
481908
481908
481910
481915
481917
481920
481920
481930
481936
481937
481941
481947
481954
481956
481956
481959
481966
481970
481971
481978
481990
481992
481998
482000
482003
482006
482007
482013
482026
482034
482041
482043
482051
482053
482061
482061
482066
482067
482070
482076
482076
482080
482090
482093
482098
482107
482108
482112
482114
482126
482127
482130
482137
482145
482146
482152
482164
482165
482166
482175
482184
482186
482191
482195
482200
482203
482204
482205
482206
482210
482215
482224
482227
482235
482252
482257
482259
482265
482266
482266
482267
482269
482270
482292
482295
482300
482311
482318
482323
482336
482337
482342
482348
482349
482357
482357
482362
482367
482368
482368
482368
482373
482377
482380
482382
482382
482383
482394
482404
482406
482417
482422
482426
482431
482443
482443
482443
482447
482450
482451
482461
482475
482475
482478
482481
482485
482490
482491
482499
482499
482504
482506
482507
482515
482518
482520
482532
482534
482543
482562
482564
482572
482574
482579
482580
482582
482584
482601
482610
482626
482629
482633
482636
482637
482639
482640
482642
482663
482667
482668
482671
482677
482678
482684
482694
482700
482705
482718
482731
482734
482746
482754
482763
482763
482768
482779
482780
482780
482787
482804
482829
482863
482864
482872
482882
482885
482891
482900
482902
482903
482904
482906
482917
482919
482920
482927
482930
482940
482941
482951
482969
482972
482978
483012
483014
483014
483014
483016
483019
483025
483025
483032
483036
483036
483037
483043
483045
483046
483047
483050
483052
483055
483056
483058
483058
483059
483059
483068
483071
483075
483089
483089
483093
483095
483096
483107
483107
483110
483111
483126
483138
483141
483149
483158
483159
483160
483162
483167
483167
483173
483175
483176
483183
483185
483193
483194
483217
483226
483232
483237
483238
483238
483239
483246
483254
483259
483264
483264
483267
483267
483270
483271
483271
483273
483275
483281
483282
483283
483288
483292
483295
483304
483311
483315
483318
483319
483328
483332
483336
483338
483341
483350
483352
483354
483366
483379
483379
483381
483382
483401
483402
483402
483408
483414
483423
483428
483428
483430
483439
483446
483446
483460
483470
483470
483474
483478
483486
483488
483495
483498
483499
483505
483505
483514
483518
483530
483531
483532
483542
483542
483546
483547
483548
483550
483550
483560
483563
483571
483576
483577
483583
483583
483592
483602
483609
483616
483619
483624
483627
483629
483632
483632
483639
483645
483651
483665
483666
483674
483676
483699
483709
483711
483712
483712
483713
483716
483721
483727
483729
483731
483732
483733
483738
483748
483750
483753
483772
483779
483779
483783
483790
483797
483799
483805
483816
483821
483822
483829
483835
483837
483864
483868
483874
483878
483883
483886
483893
483903
483905
483915
483918
483920
483922
483922
483925
483930
483938
483940
483961
483965
483969
483971
483972
483979
483980
483980
483983
483983
483987
483994
483994
484001
484002
484005
484007
484011
484012
484015
484021
484032
484032
484036
484047
484057
484066
484067
484068
484068
484070
484073
484077
484084
484100
484108
484111
484115
484135
484138
484143
484144
484154
484163
484173
484174
484181
484184
484190
484201
484210
484214
484217
484223
484223
484225
484225
484232
484239
484245
484246
484247
484250
484251
484251
484265
484266
484273
484283
484284
484285
484295
484305
484307
484313
484313
484318
484320
484333
484334
484334
484346
484355
484361
484362
484395
484397
484400
484410
484421
484421
484426
484427
484429
484430
484430
484433
484435
484436
484438
484445
484465
484475
484476
484485
484497
484502
484502
484506
484519
484523
484527
484532
484533
484548
484559
484576
484584
484594
484601
484607
484613
484622
484624
484624
484628
484633
484639
484648
484654
484658
484658
484659
484668
484669
484671
484671
484677
484679
484683
484685
484687
484695
484697
484698
484711
484714
484715
484720
484735
484737
484739
484749
484762
484763
484765
484778
484789
484796
484797
484800
484805
484807
484809
484812
484818
484819
484820
484828
484831
484839
484842
484847
484851
484855
484858
484862
484865
484873
484880
484881
484883
484885
484887
484887
484898
484899
484901
484906
484914
484918
484919
484922
484923
484930
484934
484946
484948
484953
484959
484965
484968
484970
484980
484982
484986
484987
484990
484996
485005
485006
485009
485012
485025
485030
485032
485035
485041
485043
485044
485047
485053
485057
485059
485071
485079
485096
485106
485111
485112
485122
485123
485128
485131
485133
485138
485141
485146
485148
485149
485155
485157
485160
485161
485165
485173
485175
485193
485206
485210
485216
485224
485229
485232
485237
485238
485241
485243
485262
485272
485279
485281
485285
485286
485286
485295
485297
485298
485301
485304
485304
485306
485311
485312
485318
485319
485319
485321
485323
485324
485326
485329
485332
485338
485340
485342
485363
485375
485379
485387
485389
485409
485414
485416
485420
485433
485435
485439
485451
485456
485457
485458
485459
485473
485474
485480
485489
485493
485499
485511
485516
485517
485518
485522
485523
485535
485546
485555
485569
485571
485574
485574
485580
485581
485585
485586
485595
485599
485605
485619
485627
485633
485639
485657
485660
485674
485677
485678
485679
485685
485694
485697
485699
485710
485717
485717
485718
485719
485722
485729
485735
485737
485739
485743
485746
485754
485757
485766
485779
485780
485790
485796
485796
485812
485825
485827
485827
485830
485831
485831
485832
485837
485840
485861
485863
485869
485873
485882
485889
485905
485908
485916
485918
485929
485936
485938
485943
485944
485945
485947
485952
485960
485961
485961
485964
485971
485972
485973
485978
485984
485986
486003
486004
486006
486012
486013
486013
486015
486017
486023
486025
486025
486026
486031
486046
486047
486049
486052
486059
486060
486061
486063
486065
486075
486088
486089
486090
486111
486118
486122
486130
486139
486139
486139
486142
486142
486143
486146
486147
486159
486161
486165
486167
486170
486172
486175
486178
486183
486185
486189
486190
486191
486198
486199
486200
486201
486210
486216
486222
486227
486255
486259
486265
486268
486270
486273
486280
486281
486284
486287
486288
486296
486297
486303
486309
486314
486320
486324
486332
486334
486334
486337
486357
486360
486361
486369
486370
486372
486379
486380
486382
486388
486399
486399
486401
486406
486408
486414
486415
486419
486421
486432
486436
486439
486442
486447
486455
486472
486473
486475
486483
486489
486491
486491
486495
486509
486514
486517
486535
486544
486544
486545
486556
486562
486571
486574
486579
486597
486607
486610
486625
486627
486638
486645
486650
486653
486655
486659
486661
486670
486672
486672
486675
486676
486678
486684
486686
486689
486717
486717
486728
486741
486742
486746
486755
486760
486763
486765
486768
486773
486790
486797
486798
486805
486828
486832
486835
486840
486844
486847
486853
486860
486863
486865
486870
486877
486878
486881
486882
486884
486894
486895
486905
486907
486911
486916
486921
486925
486926
486930
486931
486938
486941
486943
486945
486947
486948
486960
486965
486966
486973
486985
486986
486990
486995
486996
486998
487017
487024
487025
487026
487028
487036
487038
487040
487044
487054
487062
487069
487070
487078
487086
487087
487093
487099
487101
487104
487105
487107
487109
487120
487141
487152
487152
487158
487186
487188
487188
487195
487204
487208
487213
487213
487217
487218
487221
487225
487230
487248
487248
487256
487259
487262
487271
487276
487276
487276
487282
487282
487284
487296
487300
487301
487301
487309
487326
487337
487341
487349
487362
487365
487371
487378
487390
487390
487406
487420
487426
487429
487441
487442
487445
487448
487449
487451
487456
487475
487481
487483
487483
487488
487499
487505
487505
487509
487509
487516
487519
487523
487527
487527
487533
487541
487544
487551
487554
487556
487560
487561
487570
487570
487572
487577
487583
487587
487587
487588
487590
487611
487620
487621
487627
487630
487642
487646
487655
487656
487657
487659
487666
487667
487668
487673
487680
487683
487686
487692
487693
487697
487703
487705
487710
487713
487715
487733
487733
487734
487735
487749
487757
487758
487766
487773
487789
487804
487807
487809
487809
487810
487813
487823
487823
487834
487834
487835
487838
487841
487841
487855
487858
487865
487882
487889
487896
487906
487911
487925
487928
487937
487948
487951
487957
487960
487967
487975
487991
487993
488001
488002
488009
488011
488012
488029
488031
488035
488036
488053
488063
488082
488082
488084
488095
488099
488108
488109
488121
488122
488125
488129
488131
488137
488137
488139
488141
488142
488147
488148
488149
488151
488158
488169
488178
488178
488180
488182
488182
488186
488193
488204
488210
488214
488215
488220
488227
488231
488237
488237
488242
488248
488256
488257
488261
488265
488270
488272
488284
488284
488291
488292
488293
488299
488303
488327
488337
488339
488347
488353
488353
488363
488374
488375
488377
488379
488392
488395
488396
488396
488401
488421
488423
488423
488431
488431
488432
488432
488442
488454
488456
488461
488463
488470
488477
488482
488490
488496
488506
488522
488525
488527
488540
488544
488547
488551
488562
488562
488570
488571
488575
488578
488578
488583
488584
488585
488587
488590
488591
488594
488606
488610
488612
488612
488614
488615
488616
488618
488637
488638
488655
488667
488673
488677
488680
488682
488700
488701
488702
488702
488709
488713
488719
488731
488732
488733
488745
488747
488753
488761
488781
488802
488803
488816
488817
488823
488825
488826
488829
488832
488832
488840
488856
488871
488875
488877
488887
488890
488893
488902
488907
488908
488919
488922
488925
488929
488929
488929
488933
488938
488945
488951
488951
488955
488956
488963
488971
488981
488983
488985
488990
489009
489028
489037
489039
489046
489050
489052
489055
489060
489064
489068
489069
489070
489073
489076
489099
489101
489104
489105
489110
489114
489116
489120
489123
489132
489133
489137
489142
489148
489156
489165
489168
489191
489192
489198
489211
489217
489223
489228
489231
489233
489233
489236
489255
489264
489264
489266
489276
489280
489281
489282
489284
489293
489297
489304
489310
489312
489318
489318
489336
489339
489343
489360
489375
489383
489386
489387
489390
489396
489397
489399
489399
489401
489402
489403
489404
489419
489430
489433
489436
489448
489451
489451
489456
489457
489465
489466
489468
489471
489473
489485
489489
489507
489517
489518
489519
489523
489524
489535
489535
489537
489539
489550
489554
489556
489560
489573
489575
489576
489580
489584
489595
489596
489605
489605
489609
489622
489629
489636
489636
489642
489642
489642
489647
489651
489662
489669
489676
489677
489678
489685
489690
489691
489698
489703
489704
489704
489706
489720
489728
489733
489737
489749
489756
489756
489757
489758
489762
489777
489778
489780
489798
489805
489807
489809
489812
489812
489817
489820
489822
489835
489840
489850
489852
489853
489869
489879
489890
489892
489892
489894
489897
489911
489923
489931
489935
489938
489943
489947
489949
489950
489953
489953
489962
489965
489969
489969
489971
489973
489978
489980
489981
489998
490008
490012
490014
490028
490031
490037
490054
490055
490055
490064
490064
490067
490069
490069
490069
490074
490081
490094
490096
490104
490104
490106
490112
490115
490116
490127
490141
490145
490151
490159
490160
490160
490164
490167
490167
490170
490170
490174
490185
490190
490198
490205
490222
490226
490229
490230
490244
490247
490249
490258
490260
490269
490270
490276
490284
490286
490288
490289
490292
490299
490303
490305
490309
490317
490318
490319
490323
490328
490329
490347
490349
490351
490355
490356
490360
490365
490373
490376
490397
490402
490404
490404
490405
490406
490407
490413
490414
490415
490418
490422
490425
490428
490431
490431
490433
490438
490453
490455
490461
490469
490470
490475
490476
490483
490490
490494
490499
490500
490508
490508
490509
490516
490534
490541
490559
490562
490567
490571
490586
490594
490605
490607
490609
490614
490615
490622
490631
490634
490635
490637
490639
490645
490659
490663
490679
490688
490690
490694
490696
490704
490705
490718
490719
490723
490725
490736
490746
490752
490757
490759
490766
490766
490767
490775
490778
490780
490781
490793
490804
490804
490809
490818
490832
490842
490844
490849
490856
490860
490862
490863
490870
490873
490888
490888
490889
490893
490897
490899
490902
490915
490923
490924
490933
490937
490944
490952
490952
490955
490957
490959
490964
490966
490979
490981
490981
490986
490988
490993
491003
491010
491010
491026
491029
491032
491038
491040
491049
491053
491070
491072
491082
491084
491091
491105
491109
491115
491130
491140
491141
491142
491146
491156
491157
491161
491167
491174
491177
491188
491188
491189
491190
491192
491195
491196
491208
491214
491215
491217
491229
491232
491236
491246
491249
491250
491250
491251
491256
491262
491266
491273
491274
491274
491281
491281
491282
491283
491296
491298
491299
491308
491309
491318
491319
491320
491322
491339
491342
491343
491347
491352
491364
491373
491373
491375
491380
491382
491408
491408
491408
491418
491423
491425
491433
491438
491452
491453
491459
491468
491473
491480
491482
491482
491486
491488
491493
491497
491519
491524
491526
491529
491531
491540
491543
491543
491549
491558
491565
491567
491579
491579
491585
491586
491589
491592
491602
491613
491616
491616
491617
491619
491623
491636
491637
491652
491652
491663
491664
491665
491676
491684
491689
491691
491691
491692
491694
491697
491706
491719
491720
491720
491725
491726
491740
491745
491755
491763
491764
491764
491772
491774
491774
491777
491781
491785
491786
491788
491796
491809
491814
491818
491823
491836
491837
491837
491838
491839
491848
491854
491864
491864
491867
491867
491868
491882
491891
491894
491895
491914
491917
491920
491921
491930
491935
491939
491943
491951
491960
491961
491965
491965
491966
491972
491977
491982
491983
491983
491986
491988
491990
491999
492000
492005
492006
492008
492011
492014
492026
492031
492036
492044
492049
492056
492059
492063
492068
492076
492092
492107
492113
492117
492132
492132
492136
492137
492144
492147
492156
492164
492165
492177
492181
492192
492194
492195
492196
492198
492200
492201
492202
492209
492214
492214
492219
492227
492227
492230
492230
492233
492242
492252
492252
492256
492256
492259
492261
492272
492282
492285
492287
492287
492297
492302
492303
492314
492326
492330
492332
492351
492355
492356
492357
492362
492369
492371
492372
492390
492392
492394
492396
492400
492402
492402
492402
492409
492424
492426
492434
492460
492462
492463
492465
492468
492472
492477
492482
492484
492490
492490
492495
492500
492529
492532
492533
492535
492547
492547
492549
492549
492555
492559
492562
492570
492571
492576
492584
492586
492591
492595
492596
492598
492601
492602
492605
492614
492620
492624
492624
492625
492627
492643
492662
492671
492671
492685
492685
492686
492692
492696
492700
492710
492712
492716
492720
492724
492725
492739
492743
492747
492752
492754
492755
492770
492771
492772
492772
492777
492786
492786
492793
492795
492796
492799
492809
492810
492813
492817
492819
492820
492821
492826
492826
492831
492850
492858
492871
492871
492873
492879
492881
492884
492884
492887
492895
492901
492905
492909
492920
492925
492929
492935
492943
492950
492950
492956
492965
492974
492975
492978
492982
492989
492997
493000
493005
493006
493016
493018
493019
493023
493028
493036
493037
493042
493049
493054
493055
493063
493067
493073
493074
493080
493082
493082
493084
493085
493090
493098
493100
493104
493109
493109
493114
493114
493116
493117
493120
493128
493140
493147
493149
493150
493150
493152
493158
493167
493169
493175
493177
493178
493184
493188
493195
493214
493226
493226
493227
493228
493239
493244
493292
493310
493311
493313
493320
493332
493339
493352
493361
493373
493382
493385
493392
493393
493393
493402
493403
493406
493412
493413
493423
493435
493456
493473
493475
493490
493496
493500
493502
493507
493508
493511
493513
493521
493527
493534
493538
493543
493546
493554
493555
493558
493566
493578
493580
493582
493589
493592
493598
493610
493612
493619
493619
493624
493634
493635
493637
493649
493658
493664
493665
493669
493673
493674
493676
493680
493687
493708
493711
493723
493728
493735
493738
493739
493757
493764
493771
493779
493781
493787
493787
493787
493801
493805
493807
493812
493818
493823
493844
493848
493854
493871
493873
493879
493887
493888
493893
493901
493919
493919
493921
493931
493939
493940
493942
493951
493970
493972
493980
493982
493990
493992
493997
494003
494016
494032
494033
494039
494045
494046
494049
494060
494065
494066
494070
494075
494087
494096
494099
494110
494114
494115
494128
494131
494134
494143
494143
494151
494156
494161
494167
494169
494180
494184
494188
494188
494189
494192
494195
494201
494207
494209
494217
494223
494224
494225
494227
494234
494237
494238
494242
494246
494248
494257
494264
494265
494265
494269
494274
494278
494286
494289
494293
494293
494302
494309
494315
494316
494317
494330
494331
494336
494339
494340
494343
494349
494355
494371
494389
494393
494399
494405
494405
494414
494415
494436
494441
494446
494449
494450
494450
494450
494451
494458
494475
494475
494480
494491
494491
494492
494501
494504
494509
494516
494526
494530
494535
494537
494543
494546
494546
494558
494565
494578
494580
494582
494590
494592
494592
494595
494608
494608
494609
494614
494615
494618
494619
494629
494629
494633
494635
494636
494637
494640
494646
494650
494664
494669
494677
494683
494689
494695
494699
494703
494704
494706
494710
494714
494715
494721
494738
494752
494753
494756
494758
494759
494767
494768
494783
494784
494788
494794
494797
494804
494806
494806
494813
494813
494819
494821
494822
494823
494824
494828
494835
494840
494841
494843
494850
494862
494873
494880
494884
494892
494895
494906
494907
494918
494922
494929
494931
494936
494940
494940
494945
494947
494960
494987
494990
494995
494997
495002
495005
495013
495014
495020
495023
495026
495026
495032
495046
495050
495054
495059
495060
495061
495065
495067
495072
495073
495079
495080
495083
495085
495085
495087
495090
495098
495104
495106
495108
495110
495110
495112
495113
495118
495121
495129
495131
495154
495172
495182
495187
495189
495192
495198
495203
495205
495213
495213
495216
495221
495223
495226
495231
495235
495242
495243
495246
495248
495252
495256
495261
495262
495268
495271
495272
495273
495287
495294
495296
495300
495301
495304
495308
495314
495318
495323
495324
495326
495328
495333
495334
495335
495339
495342
495349
495362
495363
495367
495369
495387
495391
495395
495403
495410
495412
495417
495424
495427
495439
495451
495456
495474
495475
495476
495478
495501
495501
495513
495515
495516
495527
495529
495542
495543
495549
495550
495565
495577
495583
495606
495611
495614
495617
495624
495629
495631
495636
495637
495639
495648
495663
495663
495664
495666
495675
495677
495679
495682
495691
495693
495695
495695
495697
495697
495698
495704
495705
495706
495707
495712
495720
495720
495724
495730
495730
495732
495735
495744
495745
495770
495771
495778
495779
495784
495791
495815
495817
495832
495833
495834
495837
495854
495861
495861
495862
495866
495885
495892
495894
495907
495914
495919
495920
495924
495929
495932
495937
495947
495952
495957
495960
495961
495962
495962
495968
495978
495980
495982
495994
495997
495997
495997
495999
496005
496006
496011
496011
496016
496022
496023
496028
496031
496031
496036
496051
496056
496057
496061
496065
496069
496071
496075
496077
496079
496080
496084
496084
496084
496085
496086
496088
496100
496102
496104
496108
496121
496128
496137
496140
496143
496154
496157
496159
496163
496164
496169
496178
496180
496191
496212
496215
496217
496219
496222
496223
496224
496227
496228
496230
496232
496232
496233
496236
496237
496249
496251
496259
496259
496263
496266
496274
496283
496286
496287
496291
496296
496297
496297
496301
496303
496303
496304
496308
496311
496317
496324
496324
496327
496328
496328
496329
496338
496339
496347
496355
496357
496358
496365
496375
496379
496379
496403
496405
496405
496409
496413
496419
496420
496423
496431
496437
496438
496452
496453
496453
496458
496470
496478
496479
496480
496489
496503
496506
496510
496517
496525
496530
496540
496543
496557
496567
496569
496572
496581
496590
496601
496602
496602
496611
496614
496617
496623
496623
496632
496632
496640
496641
496643
496647
496648
496675
496676
496677
496683
496685
496697
496701
496709
496713
496715
496729
496731
496738
496740
496745
496745
496754
496758
496763
496769
496771
496772
496782
496790
496792
496792
496793
496793
496809
496815
496816
496819
496827
496829
496832
496835
496838
496839
496849
496856
496857
496857
496862
496869
496869
496880
496885
496899
496914
496918
496924
496935
496936
496941
496955
496958
496959
496961
496963
496965
496965
496972
496976
496982
496983
496997
497001
497017
497020
497039
497040
497040
497052
497055
497060
497064
497070
497077
497081
497094
497099
497106
497109
497112
497112
497114
497121
497127
497127
497130
497144
497146
497146
497150
497157
497163
497175
497177
497180
497182
497185
497187
497195
497199
497202
497205
497206
497222
497234
497234
497235
497236
497240
497244
497248
497249
497251
497256
497261
497262
497274
497275
497276
497283
497294
497299
497302
497305
497314
497324
497330
497330
497331
497333
497333
497338
497341
497342
497351
497356
497356
497357
497358
497362
497363
497373
497374
497375
497378
497381
497387
497400
497401
497402
497411
497418
497421
497430
497436
497437
497437
497442
497462
497462
497462
497468
497480
497483
497486
497493
497493
497495
497507
497514
497519
497519
497524
497524
497526
497528
497531
497535
497541
497545
497552
497557
497561
497562
497573
497581
497604
497605
497613
497614
497622
497623
497628
497628
497631
497633
497636
497640
497652
497653
497654
497666
497673
497676
497676
497687
497689
497692
497695
497696
497705
497707
497707
497707
497721
497723
497727
497729
497729
497736
497742
497751
497761
497767
497771
497776
497790
497795
497796
497800
497803
497808
497811
497813
497818
497821
497822
497835
497836
497841
497841
497848
497856
497859
497859
497885
497886
497890
497894
497895
497907
497909
497922
497928
497931
497939
497959
497959
497970
497972
497982
497988
497989
497989
497990
497991
497992
497995
498013
498021
498022
498028
498036
498049
498050
498057
498057
498063
498064
498064
498064
498070
498073
498076
498077
498079
498080
498082
498082
498091
498093
498096
498102
498108
498112
498116
498122
498126
498129
498130
498133
498136
498140
498149
498156
498161
498165
498178
498181
498187
498197
498199
498199
498208
498211
498212
498214
498230
498234
498235
498247
498248
498249
498254
498254
498259
498263
498264
498272
498273
498276
498279
498285
498289
498290
498290
498304
498305
498312
498316
498320
498322
498337
498337
498338
498348
498351
498352
498355
498355
498361
498363
498366
498367
498377
498378
498384
498384
498391
498392
498397
498399
498404
498410
498410
498411
498413
498417
498428
498432
498434
498435
498445
498450
498457
498459
498466
498472
498479
498486
498487
498487
498494
498497
498507
498510
498513
498514
498515
498518
498527
498531
498533
498534
498537
498540
498541
498541
498544
498544
498548
498553
498564
498577
498582
498582
498597
498609
498623
498625
498626
498638
498638
498643
498648
498661
498666
498680
498685
498693
498703
498709
498713
498728
498730
498737
498743
498746
498746
498751
498754
498755
498765
498778
498786
498786
498792
498794
498797
498797
498801
498808
498808
498810
498816
498829
498832
498838
498842
498866
498872
498877
498879
498882
498882
498882
498890
498893
498908
498921
498923
498931
498935
498939
498944
498949
498951
498954
498956
498957
498957
498957
498958
498962
498967
498967
498970
498974
498990
498991
498995
499003
499014
499020
499024
499027
499027
499031
499039
499043
499044
499047
499048
499050
499055
499061
499063
499071
499094
499095
499096
499097
499112
499113
499115
499119
499125
499127
499140
499144
499148
499149
499160
499168
499174
499182
499184
499190
499193
499209
499209
499212
499216
499223
499225
499227
499229
499235
499235
499240
499243
499244
499246
499247
499247
499249
499253
499261
499267
499269
499271
499280
499281
499281
499284
499290
499294
499295
499297
499297
499298
499299
499299
499299
499311
499313
499320
499332
499334
499335
499337
499348
499351
499364
499370
499377
499380
499390
499395
499398
499399
499408
499418
499420
499421
499422
499425
499426
499427
499428
499429
499436
499438
499438
499440
499448
499452
499452
499455
499456
499458
499459
499461
499461
499465
499468
499474
499495
499496
499499
499502
499504
499513
499514
499518
499521
499524
499527
499530
499536
499551
499553
499554
499561
499565
499568
499574
499590
499595
499601
499619
499620
499638
499642
499643
499651
499662
499663
499663
499667
499670
499672
499673
499679
499684
499685
499685
499687
499687
499691
499695
499696
499697
499704
499706
499708
499709
499713
499716
499722
499725
499725
499733
499742
499745
499748
499749
499752
499756
499760
499776
499776
499778
499779
499786
499792
499792
499798
499805
499812
499814
499818
499819
499819
499826
499827
499829
499830
499835
499854
499855
499859
499860
499865
499869
499869
499886
499889
499894
499904
499904
499905
499905
499916
499924
499929
499939
499943
499946
499961
499961
499961
499961
499971
499984
499996
499999
499999
